[0.006s] Invoking command in '/home/j/colcon_ws/build/orbslam3': CMAKE_PREFIX_PATH=${CMAKE_PREFIX_PATH}:/opt/ros/humble /usr/bin/cmake /home/j/colcon_ws/src/orbslam3_ros2 -DCMAKE_BUILD_TYPE=Release -DAMENT_CMAKE_SYMLINK_INSTALL=1 -DCMAKE_INSTALL_PREFIX=/home/j/colcon_ws/install/orbslam3
[0.020s] -- Found ament_cmake: 1.3.14 (/opt/ros/humble/share/ament_cmake/cmake)
[0.102s] -- Override CMake install command with custom implementation using symlinks instead of copying resources
[0.111s] -- Found rclcpp: 16.0.19 (/opt/ros/humble/share/rclcpp/cmake)
[0.133s] -- Found rosidl_generator_c: 3.1.8 (/opt/ros/humble/share/rosidl_generator_c/cmake)
[0.135s] -- Found rosidl_adapter: 3.1.8 (/opt/ros/humble/share/rosidl_adapter/cmake)
[0.139s] -- Found rosidl_generator_cpp: 3.1.8 (/opt/ros/humble/share/rosidl_generator_cpp/cmake)
[0.148s] -- Using all available rosidl_typesupport_c: rosidl_typesupport_fastrtps_c;rosidl_typesupport_introspection_c
[0.156s] -- Using all available rosidl_typesupport_cpp: rosidl_typesupport_fastrtps_cpp;rosidl_typesupport_introspection_cpp
[0.180s] -- Found rmw_implementation_cmake: 6.1.2 (/opt/ros/humble/share/rmw_implementation_cmake/cmake)
[0.181s] -- Found rmw_fastrtps_cpp: 6.2.10 (/opt/ros/humble/share/rmw_fastrtps_cpp/cmake)
[0.254s] -- Using RMW implementation 'rmw_fastrtps_cpp' as default
[0.291s] -- Found sensor_msgs: 4.9.1 (/opt/ros/humble/share/sensor_msgs/cmake)
[0.308s] -- Found cv_bridge: 3.2.1 (/opt/ros/humble/share/cv_bridge/cmake)
[0.314s] -- Found message_filters: 4.3.16 (/opt/ros/humble/share/message_filters/cmake)
[0.361s] -- Configuring done
[0.381s] -- Generating done
[0.386s] -- Build files have been written to: /home/j/colcon_ws/build/orbslam3
[60.064s] Invoked command in '/home/j/colcon_ws/build/orbslam3' returned '0': CMAKE_PREFIX_PATH=${CMAKE_PREFIX_PATH}:/opt/ros/humble /usr/bin/cmake /home/j/colcon_ws/src/orbslam3_ros2 -DCMAKE_BUILD_TYPE=Release -DAMENT_CMAKE_SYMLINK_INSTALL=1 -DCMAKE_INSTALL_PREFIX=/home/j/colcon_ws/install/orbslam3
[60.066s] Invoking command in '/home/j/colcon_ws/build/orbslam3': CMAKE_PREFIX_PATH=${CMAKE_PREFIX_PATH}:/opt/ros/humble /usr/bin/cmake --build /home/j/colcon_ws/build/orbslam3
[60.130s] [  8%] [32mBuilding CXX object CMakeFiles/mono.dir/src/monocular/mono.cpp.o[0m
[60.130s] [ 16%] [32mBuilding CXX object CMakeFiles/rgbd.dir/src/rgbd/rgbd.cpp.o[0m
[62.633s] In file included from /home/j/colcon_ws/ORB_SLAM3/include/Frame.h:30,
[62.633s]                  from /home/j/colcon_ws/ORB_SLAM3/include/KeyFrame.h:28,
[62.633s]                  from /home/j/colcon_ws/ORB_SLAM3/include/MapPoint.h:23,
[62.633s]                  from /home/j/colcon_ws/ORB_SLAM3/include/FrameDrawer.h:24,
[62.633s]                  from /home/j/colcon_ws/ORB_SLAM3/include/Viewer.h:23,
[62.633s]                  from /home/j/colcon_ws/ORB_SLAM3/include/Tracking.h:26,
[62.633s]                  from /home/j/colcon_ws/ORB_SLAM3/include/System.h:31,
[62.633s]                  from /home/j/colcon_ws/src/orbslam3_ros2/src/monocular/monocular-slam-node.hpp:9,
[62.633s]                  from /home/j/colcon_ws/src/orbslam3_ros2/src/monocular/mono.cpp:7:
[62.633s] /home/j/colcon_ws/ORB_SLAM3/include/ImuTypes.h: In member function ‘void ORB_SLAM3::IMU::Preintegrated::printMeasurements() const’:
[62.633s] /home/j/colcon_ws/ORB_SLAM3/include/ImuTypes.h:204:23: warning: comparison of integer expressions of different signedness: ‘int’ and ‘std::vector<ORB_SLAM3::IMU::Preintegrated::integrable>::size_type’ {aka ‘long unsigned int’} [-Wsign-compare]
[62.633s]   204 |         for(int i=0; i<mvMeasurements.size(); i++){
[62.633s]       |                      ~^~~~~~~~~~~~~~~~~~~~~~
[62.650s] In file included from /home/j/colcon_ws/ORB_SLAM3/include/Frame.h:30,
[62.650s]                  from /home/j/colcon_ws/ORB_SLAM3/include/KeyFrame.h:28,
[62.650s]                  from /home/j/colcon_ws/ORB_SLAM3/include/MapPoint.h:23,
[62.650s]                  from /home/j/colcon_ws/ORB_SLAM3/include/FrameDrawer.h:24,
[62.650s]                  from /home/j/colcon_ws/ORB_SLAM3/include/Viewer.h:23,
[62.650s]                  from /home/j/colcon_ws/ORB_SLAM3/include/Tracking.h:26,
[62.650s]                  from /home/j/colcon_ws/ORB_SLAM3/include/System.h:31,
[62.650s]                  from /home/j/colcon_ws/src/orbslam3_ros2/src/rgbd/rgbd-slam-node.hpp:18,
[62.650s]                  from /home/j/colcon_ws/src/orbslam3_ros2/src/rgbd/rgbd.cpp:7:
[62.650s] /home/j/colcon_ws/ORB_SLAM3/include/ImuTypes.h: In member function ‘void ORB_SLAM3::IMU::Preintegrated::printMeasurements() const’:
[62.650s] /home/j/colcon_ws/ORB_SLAM3/include/ImuTypes.h:204:23: warning: comparison of integer expressions of different signedness: ‘int’ and ‘std::vector<ORB_SLAM3::IMU::Preintegrated::integrable>::size_type’ {aka ‘long unsigned int’} [-Wsign-compare]
[62.650s]   204 |         for(int i=0; i<mvMeasurements.size(); i++){
[62.650s]       |                      ~^~~~~~~~~~~~~~~~~~~~~~
[62.676s] In file included from /home/j/colcon_ws/ORB_SLAM3/Thirdparty/g2o/g2o/types/types_six_dof_expmap.h:37,
[62.676s]                  from /home/j/colcon_ws/ORB_SLAM3/include/Converter.h:26,
[62.676s]                  from /home/j/colcon_ws/ORB_SLAM3/include/Frame.h:33,
[62.677s]                  from /home/j/colcon_ws/ORB_SLAM3/include/KeyFrame.h:28,
[62.677s]                  from /home/j/colcon_ws/ORB_SLAM3/include/MapPoint.h:23,
[62.677s]                  from /home/j/colcon_ws/ORB_SLAM3/include/FrameDrawer.h:24,
[62.677s]                  from /home/j/colcon_ws/ORB_SLAM3/include/Viewer.h:23,
[62.677s]                  from /home/j/colcon_ws/ORB_SLAM3/include/Tracking.h:26,
[62.677s]                  from /home/j/colcon_ws/ORB_SLAM3/include/System.h:31,
[62.677s]                  from /home/j/colcon_ws/src/orbslam3_ros2/src/monocular/monocular-slam-node.hpp:9,
[62.677s]                  from /home/j/colcon_ws/src/orbslam3_ros2/src/monocular/mono.cpp:7:
[62.677s] /home/j/colcon_ws/ORB_SLAM3/Thirdparty/g2o/g2o/types/../core/base_vertex.h: At global scope:
[62.677s] /home/j/colcon_ws/ORB_SLAM3/Thirdparty/g2o/g2o/types/../core/base_vertex.h:62:74: warning: ‘Eigen::AlignedBit’ is deprecated [-Wdeprecated-declarations]
[62.677s]    62 | igen::Map<Matrix<double, D, D>, Matrix<double,D,D>::Flags & AlignedBit ? Aligned : Unaligned >  HessianBlockType;
[62.677s]       |                                                             ^~~~~~~~~~
[62.677s] 
[62.677s] In file included from /usr/include/eigen3/Eigen/Core:161,
[62.677s]                  from /usr/include/eigen3/Eigen/LU:11,
[62.677s]                  from /home/j/colcon_ws/ORB_SLAM3/Thirdparty/Sophus/sophus/so2.hpp:12,
[62.677s]                  from /home/j/colcon_ws/ORB_SLAM3/Thirdparty/Sophus/sophus/se2.hpp:7,
[62.677s]                  from /home/j/colcon_ws/ORB_SLAM3/Thirdparty/Sophus/sophus/geometry.hpp:7,
[62.677s]                  from /home/j/colcon_ws/ORB_SLAM3/include/Frame.h:28,
[62.678s]                  from /home/j/colcon_ws/ORB_SLAM3/include/KeyFrame.h:28,
[62.678s]                  from /home/j/colcon_ws/ORB_SLAM3/include/MapPoint.h:23,
[62.678s]                  from /home/j/colcon_ws/ORB_SLAM3/include/FrameDrawer.h:24,
[62.678s]                  from /home/j/colcon_ws/ORB_SLAM3/include/Viewer.h:23,
[62.678s]                  from /home/j/colcon_ws/ORB_SLAM3/include/Tracking.h:26,
[62.678s]                  from /home/j/colcon_ws/ORB_SLAM3/include/System.h:31,
[62.678s]                  from /home/j/colcon_ws/src/orbslam3_ros2/src/monocular/monocular-slam-node.hpp:9,
[62.678s]                  from /home/j/colcon_ws/src/orbslam3_ros2/src/monocular/mono.cpp:7:
[62.678s] /usr/include/eigen3/Eigen/src/Core/util/Constants.h:167:37: note: declared here
[62.678s]   167 | EIGEN_DEPRECATED const unsigned int AlignedBit = 0x80;
[62.678s]       |                                     ^~~~~~~~~~
[62.687s] In file included from /home/j/colcon_ws/ORB_SLAM3/Thirdparty/g2o/g2o/types/types_six_dof_expmap.h:38,
[62.687s]                  from /home/j/colcon_ws/ORB_SLAM3/include/Converter.h:26,
[62.688s]                  from /home/j/colcon_ws/ORB_SLAM3/include/Frame.h:33,
[62.688s]                  from /home/j/colcon_ws/ORB_SLAM3/include/KeyFrame.h:28,
[62.688s]                  from /home/j/colcon_ws/ORB_SLAM3/include/MapPoint.h:23,
[62.688s]                  from /home/j/colcon_ws/ORB_SLAM3/include/FrameDrawer.h:24,
[62.688s]                  from /home/j/colcon_ws/ORB_SLAM3/include/Viewer.h:23,
[62.688s]                  from /home/j/colcon_ws/ORB_SLAM3/include/Tracking.h:26,
[62.688s]                  from /home/j/colcon_ws/ORB_SLAM3/include/System.h:31,
[62.688s]                  from /home/j/colcon_ws/src/orbslam3_ros2/src/monocular/monocular-slam-node.hpp:9,
[62.688s]                  from /home/j/colcon_ws/src/orbslam3_ros2/src/monocular/mono.cpp:7:
[62.688s] /home/j/colcon_ws/ORB_SLAM3/Thirdparty/g2o/g2o/types/../core/base_binary_edge.h:59:82: warning: ‘Eigen::AlignedBit’ is deprecated [-Wdeprecated-declarations]
[62.688s]    59 | Map<Matrix<double, Di, Dj>, Matrix<double, Di, Dj>::Flags & AlignedBit ? Aligned : Unaligned > HessianBlockType;
[62.688s]       |                                                             ^~~~~~~~~~
[62.688s] 
[62.688s] In file included from /usr/include/eigen3/Eigen/Core:161,
[62.688s]                  from /usr/include/eigen3/Eigen/LU:11,
[62.688s]                  from /home/j/colcon_ws/ORB_SLAM3/Thirdparty/Sophus/sophus/so2.hpp:12,
[62.688s]                  from /home/j/colcon_ws/ORB_SLAM3/Thirdparty/Sophus/sophus/se2.hpp:7,
[62.688s]                  from /home/j/colcon_ws/ORB_SLAM3/Thirdparty/Sophus/sophus/geometry.hpp:7,
[62.688s]                  from /home/j/colcon_ws/ORB_SLAM3/include/Frame.h:28,
[62.689s]                  from /home/j/colcon_ws/ORB_SLAM3/include/KeyFrame.h:28,
[62.689s]                  from /home/j/colcon_ws/ORB_SLAM3/include/MapPoint.h:23,
[62.689s]                  from /home/j/colcon_ws/ORB_SLAM3/include/FrameDrawer.h:24,
[62.689s]                  from /home/j/colcon_ws/ORB_SLAM3/include/Viewer.h:23,
[62.689s]                  from /home/j/colcon_ws/ORB_SLAM3/include/Tracking.h:26,
[62.689s]                  from /home/j/colcon_ws/ORB_SLAM3/include/System.h:31,
[62.689s]                  from /home/j/colcon_ws/src/orbslam3_ros2/src/monocular/monocular-slam-node.hpp:9,
[62.689s]                  from /home/j/colcon_ws/src/orbslam3_ros2/src/monocular/mono.cpp:7:
[62.689s] /usr/include/eigen3/Eigen/src/Core/util/Constants.h:167:37: note: declared here
[62.689s]   167 | EIGEN_DEPRECATED const unsigned int AlignedBit = 0x80;
[62.689s]       |                                     ^~~~~~~~~~
[62.689s] In file included from /home/j/colcon_ws/ORB_SLAM3/Thirdparty/g2o/g2o/types/types_six_dof_expmap.h:38,
[62.689s]                  from /home/j/colcon_ws/ORB_SLAM3/include/Converter.h:26,
[62.689s]                  from /home/j/colcon_ws/ORB_SLAM3/include/Frame.h:33,
[62.689s]                  from /home/j/colcon_ws/ORB_SLAM3/include/KeyFrame.h:28,
[62.689s]                  from /home/j/colcon_ws/ORB_SLAM3/include/MapPoint.h:23,
[62.689s]                  from /home/j/colcon_ws/ORB_SLAM3/include/FrameDrawer.h:24,
[62.689s]                  from /home/j/colcon_ws/ORB_SLAM3/include/Viewer.h:23,
[62.689s]                  from /home/j/colcon_ws/ORB_SLAM3/include/Tracking.h:26,
[62.690s]                  from /home/j/colcon_ws/ORB_SLAM3/include/System.h:31,
[62.690s]                  from /home/j/colcon_ws/src/orbslam3_ros2/src/monocular/monocular-slam-node.hpp:9,
[62.690s]                  from /home/j/colcon_ws/src/orbslam3_ros2/src/monocular/mono.cpp:7:
[62.690s] /home/j/colcon_ws/ORB_SLAM3/Thirdparty/g2o/g2o/types/../core/base_binary_edge.h:60:82: warning: ‘Eigen::AlignedBit’ is deprecated [-Wdeprecated-declarations]
[62.690s]    60 | Map<Matrix<double, Dj, Di>, Matrix<double, Dj, Di>::Flags & AlignedBit ? Aligned : Unaligned > HessianBlockTransposedType;
[62.690s]       |                                                             ^~~~~~~~~~
[62.690s] 
[62.690s] In file included from /usr/include/eigen3/Eigen/Core:161,
[62.690s]                  from /usr/include/eigen3/Eigen/LU:11,
[62.690s]                  from /home/j/colcon_ws/ORB_SLAM3/Thirdparty/Sophus/sophus/so2.hpp:12,
[62.690s]                  from /home/j/colcon_ws/ORB_SLAM3/Thirdparty/Sophus/sophus/se2.hpp:7,
[62.690s]                  from /home/j/colcon_ws/ORB_SLAM3/Thirdparty/Sophus/sophus/geometry.hpp:7,
[62.690s]                  from /home/j/colcon_ws/ORB_SLAM3/include/Frame.h:28,
[62.690s]                  from /home/j/colcon_ws/ORB_SLAM3/include/KeyFrame.h:28,
[62.690s]                  from /home/j/colcon_ws/ORB_SLAM3/include/MapPoint.h:23,
[62.690s]                  from /home/j/colcon_ws/ORB_SLAM3/include/FrameDrawer.h:24,
[62.690s]                  from /home/j/colcon_ws/ORB_SLAM3/include/Viewer.h:23,
[62.690s]                  from /home/j/colcon_ws/ORB_SLAM3/include/Tracking.h:26,
[62.690s]                  from /home/j/colcon_ws/ORB_SLAM3/include/System.h:31,
[62.691s]                  from /home/j/colcon_ws/src/orbslam3_ros2/src/monocular/monocular-slam-node.hpp:9,
[62.691s]                  from /home/j/colcon_ws/src/orbslam3_ros2/src/monocular/mono.cpp:7:
[62.691s] /usr/include/eigen3/Eigen/src/Core/util/Constants.h:167:37: note: declared here
[62.691s]   167 | EIGEN_DEPRECATED const unsigned int AlignedBit = 0x80;
[62.691s]       |                                     ^~~~~~~~~~
[62.693s] In file included from /home/j/colcon_ws/ORB_SLAM3/Thirdparty/g2o/g2o/types/types_six_dof_expmap.h:37,
[62.693s]                  from /home/j/colcon_ws/ORB_SLAM3/include/Converter.h:26,
[62.693s]                  from /home/j/colcon_ws/ORB_SLAM3/include/Frame.h:33,
[62.693s]                  from /home/j/colcon_ws/ORB_SLAM3/include/KeyFrame.h:28,
[62.693s]                  from /home/j/colcon_ws/ORB_SLAM3/include/MapPoint.h:23,
[62.693s]                  from /home/j/colcon_ws/ORB_SLAM3/include/FrameDrawer.h:24,
[62.693s]                  from /home/j/colcon_ws/ORB_SLAM3/include/Viewer.h:23,
[62.693s]                  from /home/j/colcon_ws/ORB_SLAM3/include/Tracking.h:26,
[62.693s]                  from /home/j/colcon_ws/ORB_SLAM3/include/System.h:31,
[62.693s]                  from /home/j/colcon_ws/src/orbslam3_ros2/src/rgbd/rgbd-slam-node.hpp:18,
[62.693s]                  from /home/j/colcon_ws/src/orbslam3_ros2/src/rgbd/rgbd.cpp:7:
[62.693s] /home/j/colcon_ws/ORB_SLAM3/Thirdparty/g2o/g2o/types/../core/base_vertex.h: At global scope:
[62.693s] /home/j/colcon_ws/ORB_SLAM3/Thirdparty/g2o/g2o/types/../core/base_vertex.h:62:74: warning: ‘Eigen::AlignedBit’ is deprecated [-Wdeprecated-declarations]
[62.694s]    62 |     typedef Eigen::Map<Matrix<double, D, D>, Matrix<double,D,D>::Flags & AlignedBit ? Aligned : Unaligned >  HessianBlockType;
[62.694s]       |                                                                          ^~~~~~~~~~
[62.694s] In file included from /usr/include/eigen3/Eigen/Core:161,
[62.694s]                  from /usr/include/eigen3/Eigen/LU:11,
[62.694s]                  from /home/j/colcon_ws/ORB_SLAM3/Thirdparty/Sophus/sophus/so2.hpp:12,
[62.694s]                  from /home/j/colcon_ws/ORB_SLAM3/Thirdparty/Sophus/sophus/se2.hpp:7,
[62.694s]                  from /home/j/colcon_ws/ORB_SLAM3/Thirdparty/Sophus/sophus/geometry.hpp:7,
[62.694s]                  from /home/j/colcon_ws/ORB_SLAM3/include/Frame.h:28,
[62.694s]                  from /home/j/colcon_ws/ORB_SLAM3/include/KeyFrame.h:28,
[62.694s]                  from /home/j/colcon_ws/ORB_SLAM3/include/MapPoint.h:23,
[62.694s]                  from /home/j/colcon_ws/ORB_SLAM3/include/FrameDrawer.h:24,
[62.694s]                  from /home/j/colcon_ws/ORB_SLAM3/include/Viewer.h:23,
[62.694s]                  from /home/j/colcon_ws/ORB_SLAM3/include/Tracking.h:26,
[62.694s]                  from /home/j/colcon_ws/ORB_SLAM3/include/System.h:31,
[62.694s]                  from /home/j/colcon_ws/src/orbslam3_ros2/src/rgbd/rgbd-slam-node.hpp:18,
[62.694s]                  from /home/j/colcon_ws/src/orbslam3_ros2/src/rgbd/rgbd.cpp:7:
[62.694s] /usr/include/eigen3/Eigen/src/Core/util/Constants.h:167:37: note: declared here
[62.694s]   167 | EIGEN_DEPRECATED const unsigned int AlignedBit = 0x80;
[62.695s]       |                                     ^~~~~~~~~~
[62.704s] In file included from /home/j/colcon_ws/ORB_SLAM3/Thirdparty/g2o/g2o/types/types_six_dof_expmap.h:38,
[62.704s]                  from /home/j/colcon_ws/ORB_SLAM3/include/Converter.h:26,
[62.704s]                  from /home/j/colcon_ws/ORB_SLAM3/include/Frame.h:33,
[62.704s]                  from /home/j/colcon_ws/ORB_SLAM3/include/KeyFrame.h:28,
[62.704s]                  from /home/j/colcon_ws/ORB_SLAM3/include/MapPoint.h:23,
[62.704s]                  from /home/j/colcon_ws/ORB_SLAM3/include/FrameDrawer.h:24,
[62.704s]                  from /home/j/colcon_ws/ORB_SLAM3/include/Viewer.h:23,
[62.705s]                  from /home/j/colcon_ws/ORB_SLAM3/include/Tracking.h:26,
[62.705s]                  from /home/j/colcon_ws/ORB_SLAM3/include/System.h:31,
[62.705s]                  from /home/j/colcon_ws/src/orbslam3_ros2/src/rgbd/rgbd-slam-node.hpp:18,
[62.705s]                  from /home/j/colcon_ws/src/orbslam3_ros2/src/rgbd/rgbd.cpp:7:
[62.705s] /home/j/colcon_ws/ORB_SLAM3/Thirdparty/g2o/g2o/types/../core/base_binary_edge.h:59:82: warning: ‘Eigen::AlignedBit’ is deprecated [-Wdeprecated-declarations]
[62.705s]    59 |       typedef Eigen::Map<Matrix<double, Di, Dj>, Matrix<double, Di, Dj>::Flags & AlignedBit ? Aligned : Unaligned > HessianBlockType;
[62.705s]       |                                                                                  ^~~~~~~~~~
[62.705s] In file included from /usr/include/eigen3/Eigen/Core:161,
[62.705s]                  from /usr/include/eigen3/Eigen/LU:11,
[62.705s]                  from /home/j/colcon_ws/ORB_SLAM3/Thirdparty/Sophus/sophus/so2.hpp:12,
[62.705s]                  from /home/j/colcon_ws/ORB_SLAM3/Thirdparty/Sophus/sophus/se2.hpp:7,
[62.705s]                  from /home/j/colcon_ws/ORB_SLAM3/Thirdparty/Sophus/sophus/geometry.hpp:7,
[62.705s]                  from /home/j/colcon_ws/ORB_SLAM3/include/Frame.h:28,
[62.705s]                  from /home/j/colcon_ws/ORB_SLAM3/include/KeyFrame.h:28,
[62.705s]                  from /home/j/colcon_ws/ORB_SLAM3/include/MapPoint.h:23,
[62.705s]                  from /home/j/colcon_ws/ORB_SLAM3/include/FrameDrawer.h:24,
[62.705s]                  from /home/j/colcon_ws/ORB_SLAM3/include/Viewer.h:23,
[62.705s]                  from /home/j/colcon_ws/ORB_SLAM3/include/Tracking.h:26,
[62.705s]                  from /home/j/colcon_ws/ORB_SLAM3/include/System.h:31,
[62.706s]                  from /home/j/colcon_ws/src/orbslam3_ros2/src/rgbd/rgbd-slam-node.hpp:18,
[62.706s]                  from /home/j/colcon_ws/src/orbslam3_ros2/src/rgbd/rgbd.cpp:7:
[62.706s] /usr/include/eigen3/Eigen/src/Core/util/Constants.h:167:37: note: declared here
[62.706s]   167 | EIGEN_DEPRECATED const unsigned int AlignedBit = 0x80;
[62.706s]       |                                     ^~~~~~~~~~
[62.706s] In file included from /home/j/colcon_ws/ORB_SLAM3/Thirdparty/g2o/g2o/types/types_six_dof_expmap.h:38,
[62.706s]                  from /home/j/colcon_ws/ORB_SLAM3/include/Converter.h:26,
[62.706s]                  from /home/j/colcon_ws/ORB_SLAM3/include/Frame.h:33,
[62.706s]                  from /home/j/colcon_ws/ORB_SLAM3/include/KeyFrame.h:28,
[62.706s]                  from /home/j/colcon_ws/ORB_SLAM3/include/MapPoint.h:23,
[62.706s]                  from /home/j/colcon_ws/ORB_SLAM3/include/FrameDrawer.h:24,
[62.706s]                  from /home/j/colcon_ws/ORB_SLAM3/include/Viewer.h:23,
[62.706s]                  from /home/j/colcon_ws/ORB_SLAM3/include/Tracking.h:26,
[62.706s]                  from /home/j/colcon_ws/ORB_SLAM3/include/System.h:31,
[62.706s]                  from /home/j/colcon_ws/src/orbslam3_ros2/src/rgbd/rgbd-slam-node.hpp:18,
[62.706s]                  from /home/j/colcon_ws/src/orbslam3_ros2/src/rgbd/rgbd.cpp:7:
[62.706s] /home/j/colcon_ws/ORB_SLAM3/Thirdparty/g2o/g2o/types/../core/base_binary_edge.h:60:82: warning: ‘Eigen::AlignedBit’ is deprecated [-Wdeprecated-declarations]
[62.706s]    60 |       typedef Eigen::Map<Matrix<double, Dj, Di>, Matrix<double, Dj, Di>::Flags & AlignedBit ? Aligned : Unaligned > HessianBlockTransposedType;
[62.706s]       |                                                                                  ^~~~~~~~~~
[62.707s] In file included from /usr/include/eigen3/Eigen/Core:161,
[62.707s]                  from /usr/include/eigen3/Eigen/LU:11,
[62.707s]                  from /home/j/colcon_ws/ORB_SLAM3/Thirdparty/Sophus/sophus/so2.hpp:12,
[62.707s]                  from /home/j/colcon_ws/ORB_SLAM3/Thirdparty/Sophus/sophus/se2.hpp:7,
[62.707s]                  from /home/j/colcon_ws/ORB_SLAM3/Thirdparty/Sophus/sophus/geometry.hpp:7,
[62.707s]                  from /home/j/colcon_ws/ORB_SLAM3/include/Frame.h:28,
[62.707s]                  from /home/j/colcon_ws/ORB_SLAM3/include/KeyFrame.h:28,
[62.707s]                  from /home/j/colcon_ws/ORB_SLAM3/include/MapPoint.h:23,
[62.707s]                  from /home/j/colcon_ws/ORB_SLAM3/include/FrameDrawer.h:24,
[62.707s]                  from /home/j/colcon_ws/ORB_SLAM3/include/Viewer.h:23,
[62.707s]                  from /home/j/colcon_ws/ORB_SLAM3/include/Tracking.h:26,
[62.707s]                  from /home/j/colcon_ws/ORB_SLAM3/include/System.h:31,
[62.707s]                  from /home/j/colcon_ws/src/orbslam3_ros2/src/rgbd/rgbd-slam-node.hpp:18,
[62.707s]                  from /home/j/colcon_ws/src/orbslam3_ros2/src/rgbd/rgbd.cpp:7:
[62.707s] /usr/include/eigen3/Eigen/src/Core/util/Constants.h:167:37: note: declared here
[62.707s]   167 | EIGEN_DEPRECATED const unsigned int AlignedBit = 0x80;
[62.707s]       |                                     ^~~~~~~~~~
[62.710s] In file included from /home/j/colcon_ws/ORB_SLAM3/Thirdparty/g2o/g2o/types/types_six_dof_expmap.h:41,
[62.710s]                  from /home/j/colcon_ws/ORB_SLAM3/include/Converter.h:26,
[62.710s]                  from /home/j/colcon_ws/ORB_SLAM3/include/Frame.h:33,
[62.710s]                  from /home/j/colcon_ws/ORB_SLAM3/include/KeyFrame.h:28,
[62.710s]                  from /home/j/colcon_ws/ORB_SLAM3/include/MapPoint.h:23,
[62.710s]                  from /home/j/colcon_ws/ORB_SLAM3/include/FrameDrawer.h:24,
[62.710s]                  from /home/j/colcon_ws/ORB_SLAM3/include/Viewer.h:23,
[62.711s]                  from /home/j/colcon_ws/ORB_SLAM3/include/Tracking.h:26,
[62.711s]                  from /home/j/colcon_ws/ORB_SLAM3/include/System.h:31,
[62.711s]                  from /home/j/colcon_ws/src/orbslam3_ros2/src/monocular/monocular-slam-node.hpp:9,
[62.711s]                  from /home/j/colcon_ws/src/orbslam3_ros2/src/monocular/mono.cpp:7:
[62.711s] /home/j/colcon_ws/ORB_SLAM3/Thirdparty/g2o/g2o/types/se3quat.h:43:38: warning: extra ‘;’ [-Wpedantic]
[62.711s]    43 |       EIGEN_MAKE_ALIGNED_OPERATOR_NEW;
[62.711s]       |                                      ^
[62.711s]       |                                      -
[62.727s] In file included from /home/j/colcon_ws/ORB_SLAM3/Thirdparty/g2o/g2o/types/types_six_dof_expmap.h:41,
[62.727s]                  from /home/j/colcon_ws/ORB_SLAM3/include/Converter.h:26,
[62.727s]                  from /home/j/colcon_ws/ORB_SLAM3/include/Frame.h:33,
[62.727s]                  from /home/j/colcon_ws/ORB_SLAM3/include/KeyFrame.h:28,
[62.727s]                  from /home/j/colcon_ws/ORB_SLAM3/include/MapPoint.h:23,
[62.727s]                  from /home/j/colcon_ws/ORB_SLAM3/include/FrameDrawer.h:24,
[62.727s]                  from /home/j/colcon_ws/ORB_SLAM3/include/Viewer.h:23,
[62.727s]                  from /home/j/colcon_ws/ORB_SLAM3/include/Tracking.h:26,
[62.727s]                  from /home/j/colcon_ws/ORB_SLAM3/include/System.h:31,
[62.727s]                  from /home/j/colcon_ws/src/orbslam3_ros2/src/rgbd/rgbd-slam-node.hpp:18,
[62.727s]                  from /home/j/colcon_ws/src/orbslam3_ros2/src/rgbd/rgbd.cpp:7:
[62.727s] /home/j/colcon_ws/ORB_SLAM3/Thirdparty/g2o/g2o/types/se3quat.h:43:38: warning: extra ‘;’ [-Wpedantic]
[62.727s]    43 |       EIGEN_MAKE_ALIGNED_OPERATOR_NEW;
[62.727s]       |                                      ^
[62.727s]       |                                      -
[62.890s] In file included from /home/j/colcon_ws/ORB_SLAM3/Thirdparty/g2o/g2o/types/types_six_dof_expmap.h:37,
[62.890s]                  from /home/j/colcon_ws/ORB_SLAM3/include/Converter.h:26,
[62.890s]                  from /home/j/colcon_ws/ORB_SLAM3/include/Frame.h:33,
[62.890s]                  from /home/j/colcon_ws/ORB_SLAM3/include/KeyFrame.h:28,
[62.890s]                  from /home/j/colcon_ws/ORB_SLAM3/include/MapPoint.h:23,
[62.890s]                  from /home/j/colcon_ws/ORB_SLAM3/include/FrameDrawer.h:24,
[62.890s]                  from /home/j/colcon_ws/ORB_SLAM3/include/Viewer.h:23,
[62.890s]                  from /home/j/colcon_ws/ORB_SLAM3/include/Tracking.h:26,
[62.890s]                  from /home/j/colcon_ws/ORB_SLAM3/include/System.h:31,
[62.890s]                  from /home/j/colcon_ws/src/orbslam3_ros2/src/monocular/monocular-slam-node.hpp:9,
[62.890s]                  from /home/j/colcon_ws/src/orbslam3_ros2/src/monocular/mono.cpp:7:
[62.891s] /home/j/colcon_ws/ORB_SLAM3/Thirdparty/g2o/g2o/types/../core/base_vertex.h: In instantiation of ‘class g2o::BaseVertex<3, Eigen::Matrix<double, 3, 1> >’:
[62.891s] /home/j/colcon_ws/ORB_SLAM3/Thirdparty/g2o/g2o/types/types_sba.h:40:35:   required from here
[62.891s] /home/j/colcon_ws/ORB_SLAM3/Thirdparty/g2o/g2o/types/../core/base_vertex.h:62:72: warning: ‘Eigen::AlignedBit’ is deprecated [-Wdeprecated-declarations]
[62.891s]    62 |  Eigen::Map<Matrix<double, D, D>, Matrix<double,D,D>::Flags & AlignedBit ? Aligned : Unaligned >  HessianBlockType;
[62.891s]       |                                                       ~~~~~~^~~~~~~~~~~~
[62.891s] 
[62.891s] In file included from /usr/include/eigen3/Eigen/Core:161,
[62.891s]                  from /usr/include/eigen3/Eigen/LU:11,
[62.891s]                  from /home/j/colcon_ws/ORB_SLAM3/Thirdparty/Sophus/sophus/so2.hpp:12,
[62.891s]                  from /home/j/colcon_ws/ORB_SLAM3/Thirdparty/Sophus/sophus/se2.hpp:7,
[62.891s]                  from /home/j/colcon_ws/ORB_SLAM3/Thirdparty/Sophus/sophus/geometry.hpp:7,
[62.891s]                  from /home/j/colcon_ws/ORB_SLAM3/include/Frame.h:28,
[62.891s]                  from /home/j/colcon_ws/ORB_SLAM3/include/KeyFrame.h:28,
[62.891s]                  from /home/j/colcon_ws/ORB_SLAM3/include/MapPoint.h:23,
[62.891s]                  from /home/j/colcon_ws/ORB_SLAM3/include/FrameDrawer.h:24,
[62.891s]                  from /home/j/colcon_ws/ORB_SLAM3/include/Viewer.h:23,
[62.891s]                  from /home/j/colcon_ws/ORB_SLAM3/include/Tracking.h:26,
[62.891s]                  from /home/j/colcon_ws/ORB_SLAM3/include/System.h:31,
[62.891s]                  from /home/j/colcon_ws/src/orbslam3_ros2/src/monocular/monocular-slam-node.hpp:9,
[62.892s]                  from /home/j/colcon_ws/src/orbslam3_ros2/src/monocular/mono.cpp:7:
[62.892s] /usr/include/eigen3/Eigen/src/Core/util/Constants.h:167:37: note: declared here
[62.892s]   167 | EIGEN_DEPRECATED const unsigned int AlignedBit = 0x80;
[62.892s]       |                                     ^~~~~~~~~~
[62.905s] In file included from /home/j/colcon_ws/ORB_SLAM3/Thirdparty/g2o/g2o/types/types_six_dof_expmap.h:37,
[62.905s]                  from /home/j/colcon_ws/ORB_SLAM3/include/Converter.h:26,
[62.905s]                  from /home/j/colcon_ws/ORB_SLAM3/include/Frame.h:33,
[62.905s]                  from /home/j/colcon_ws/ORB_SLAM3/include/KeyFrame.h:28,
[62.905s]                  from /home/j/colcon_ws/ORB_SLAM3/include/MapPoint.h:23,
[62.905s]                  from /home/j/colcon_ws/ORB_SLAM3/include/FrameDrawer.h:24,
[62.906s]                  from /home/j/colcon_ws/ORB_SLAM3/include/Viewer.h:23,
[62.906s]                  from /home/j/colcon_ws/ORB_SLAM3/include/Tracking.h:26,
[62.906s]                  from /home/j/colcon_ws/ORB_SLAM3/include/System.h:31,
[62.906s]                  from /home/j/colcon_ws/src/orbslam3_ros2/src/monocular/monocular-slam-node.hpp:9,
[62.906s]                  from /home/j/colcon_ws/src/orbslam3_ros2/src/monocular/mono.cpp:7:
[62.906s] /home/j/colcon_ws/ORB_SLAM3/Thirdparty/g2o/g2o/types/../core/base_vertex.h: In instantiation of ‘class g2o::BaseVertex<6, g2o::SE3Quat>’:
[62.906s] /home/j/colcon_ws/ORB_SLAM3/Thirdparty/g2o/g2o/types/types_six_dof_expmap.h:59:33:   required from here
[62.906s] /home/j/colcon_ws/ORB_SLAM3/Thirdparty/g2o/g2o/types/../core/base_vertex.h:62:72: warning: ‘Eigen::AlignedBit’ is deprecated [-Wdeprecated-declarations]
[62.906s]    62 |  Eigen::Map<Matrix<double, D, D>, Matrix<double,D,D>::Flags & AlignedBit ? Aligned : Unaligned >  HessianBlockType;
[62.906s]       |                                                       ~~~~~~^~~~~~~~~~~~
[62.906s] 
[62.906s] In file included from /usr/include/eigen3/Eigen/Core:161,
[62.906s]                  from /usr/include/eigen3/Eigen/LU:11,
[62.906s]                  from /home/j/colcon_ws/ORB_SLAM3/Thirdparty/Sophus/sophus/so2.hpp:12,
[62.906s]                  from /home/j/colcon_ws/ORB_SLAM3/Thirdparty/Sophus/sophus/se2.hpp:7,
[62.906s]                  from /home/j/colcon_ws/ORB_SLAM3/Thirdparty/Sophus/sophus/geometry.hpp:7,
[62.906s]                  from /home/j/colcon_ws/ORB_SLAM3/include/Frame.h:28,
[62.906s]                  from /home/j/colcon_ws/ORB_SLAM3/include/KeyFrame.h:28,
[62.907s]                  from /home/j/colcon_ws/ORB_SLAM3/include/MapPoint.h:23,
[62.907s]                  from /home/j/colcon_ws/ORB_SLAM3/include/FrameDrawer.h:24,
[62.907s]                  from /home/j/colcon_ws/ORB_SLAM3/include/Viewer.h:23,
[62.907s]                  from /home/j/colcon_ws/ORB_SLAM3/include/Tracking.h:26,
[62.907s]                  from /home/j/colcon_ws/ORB_SLAM3/include/System.h:31,
[62.907s]                  from /home/j/colcon_ws/src/orbslam3_ros2/src/monocular/monocular-slam-node.hpp:9,
[62.907s]                  from /home/j/colcon_ws/src/orbslam3_ros2/src/monocular/mono.cpp:7:
[62.907s] /usr/include/eigen3/Eigen/src/Core/util/Constants.h:167:37: note: declared here
[62.907s]   167 | EIGEN_DEPRECATED const unsigned int AlignedBit = 0x80;
[62.907s]       |                                     ^~~~~~~~~~
[62.909s] In file included from /home/j/colcon_ws/ORB_SLAM3/Thirdparty/g2o/g2o/types/types_six_dof_expmap.h:37,
[62.909s]                  from /home/j/colcon_ws/ORB_SLAM3/include/Converter.h:26,
[62.909s]                  from /home/j/colcon_ws/ORB_SLAM3/include/Frame.h:33,
[62.910s]                  from /home/j/colcon_ws/ORB_SLAM3/include/KeyFrame.h:28,
[62.910s]                  from /home/j/colcon_ws/ORB_SLAM3/include/MapPoint.h:23,
[62.910s]                  from /home/j/colcon_ws/ORB_SLAM3/include/FrameDrawer.h:24,
[62.910s]                  from /home/j/colcon_ws/ORB_SLAM3/include/Viewer.h:23,
[62.910s]                  from /home/j/colcon_ws/ORB_SLAM3/include/Tracking.h:26,
[62.910s]                  from /home/j/colcon_ws/ORB_SLAM3/include/System.h:31,
[62.910s]                  from /home/j/colcon_ws/src/orbslam3_ros2/src/rgbd/rgbd-slam-node.hpp:18,
[62.910s]                  from /home/j/colcon_ws/src/orbslam3_ros2/src/rgbd/rgbd.cpp:7:
[62.910s] /home/j/colcon_ws/ORB_SLAM3/Thirdparty/g2o/g2o/types/../core/base_vertex.h: In instantiation of ‘class g2o::BaseVertex<3, Eigen::Matrix<double, 3, 1> >’:
[62.910s] /home/j/colcon_ws/ORB_SLAM3/Thirdparty/g2o/g2o/types/types_sba.h:40:35:   required from here
[62.910s] /home/j/colcon_ws/ORB_SLAM3/Thirdparty/g2o/g2o/types/../core/base_vertex.h:62:72: warning: ‘Eigen::AlignedBit’ is deprecated [-Wdeprecated-declarations]
[62.910s]    62 |     typedef Eigen::Map<Matrix<double, D, D>, Matrix<double,D,D>::Flags & AlignedBit ? Aligned : Unaligned >  HessianBlockType;
[62.910s]       |                                                                  ~~~~~~^~~~~~~~~~~~
[62.910s] In file included from /usr/include/eigen3/Eigen/Core:161,
[62.910s]                  from /usr/include/eigen3/Eigen/LU:11,
[62.910s]                  from /home/j/colcon_ws/ORB_SLAM3/Thirdparty/Sophus/sophus/so2.hpp:12,
[62.910s]                  from /home/j/colcon_ws/ORB_SLAM3/Thirdparty/Sophus/sophus/se2.hpp:7,
[62.910s]                  from /home/j/colcon_ws/ORB_SLAM3/Thirdparty/Sophus/sophus/geometry.hpp:7,
[62.911s]                  from /home/j/colcon_ws/ORB_SLAM3/include/Frame.h:28,
[62.911s]                  from /home/j/colcon_ws/ORB_SLAM3/include/KeyFrame.h:28,
[62.911s]                  from /home/j/colcon_ws/ORB_SLAM3/include/MapPoint.h:23,
[62.911s]                  from /home/j/colcon_ws/ORB_SLAM3/include/FrameDrawer.h:24,
[62.911s]                  from /home/j/colcon_ws/ORB_SLAM3/include/Viewer.h:23,
[62.911s]                  from /home/j/colcon_ws/ORB_SLAM3/include/Tracking.h:26,
[62.911s]                  from /home/j/colcon_ws/ORB_SLAM3/include/System.h:31,
[62.911s]                  from /home/j/colcon_ws/src/orbslam3_ros2/src/rgbd/rgbd-slam-node.hpp:18,
[62.911s]                  from /home/j/colcon_ws/src/orbslam3_ros2/src/rgbd/rgbd.cpp:7:
[62.911s] /usr/include/eigen3/Eigen/src/Core/util/Constants.h:167:37: note: declared here
[62.911s]   167 | EIGEN_DEPRECATED const unsigned int AlignedBit = 0x80;
[62.911s]       |                                     ^~~~~~~~~~
[62.920s] In file included from /home/j/colcon_ws/ORB_SLAM3/Thirdparty/g2o/g2o/types/types_six_dof_expmap.h:38,
[62.920s]                  from /home/j/colcon_ws/ORB_SLAM3/include/Converter.h:26,
[62.920s]                  from /home/j/colcon_ws/ORB_SLAM3/include/Frame.h:33,
[62.920s]                  from /home/j/colcon_ws/ORB_SLAM3/include/KeyFrame.h:28,
[62.920s]                  from /home/j/colcon_ws/ORB_SLAM3/include/MapPoint.h:23,
[62.920s]                  from /home/j/colcon_ws/ORB_SLAM3/include/FrameDrawer.h:24,
[62.920s]                  from /home/j/colcon_ws/ORB_SLAM3/include/Viewer.h:23,
[62.920s]                  from /home/j/colcon_ws/ORB_SLAM3/include/Tracking.h:26,
[62.920s]                  from /home/j/colcon_ws/ORB_SLAM3/include/System.h:31,
[62.920s]                  from /home/j/colcon_ws/src/orbslam3_ros2/src/monocular/monocular-slam-node.hpp:9,
[62.920s]                  from /home/j/colcon_ws/src/orbslam3_ros2/src/monocular/mono.cpp:7:
[62.920s] /home/j/colcon_ws/ORB_SLAM3/Thirdparty/g2o/g2o/types/../core/base_binary_edge.h: In instantiation of ‘class g2o::BaseBinaryEdge<6, g2o::SE3Quat, g2o::VertexSE3Expmap, g2o::VertexSE3Expmap>’:
[62.921s] /home/j/colcon_ws/ORB_SLAM3/Thirdparty/g2o/g2o/types/types_six_dof_expmap.h:83:24:   required from here
[62.921s] /home/j/colcon_ws/ORB_SLAM3/Thirdparty/g2o/g2o/types/../core/base_binary_edge.h:59:80: warning: ‘Eigen::AlignedBit’ is deprecated [-Wdeprecated-declarations]
[62.921s]    59 | ::Map<Matrix<double, Di, Dj>, Matrix<double, Di, Dj>::Flags & AlignedBit ? Aligned : Unaligned > HessianBlockType;
[62.921s]       |                                                       ~~~~~~^~~~~~~~~~~~
[62.921s] 
[62.921s] In file included from /usr/include/eigen3/Eigen/Core:161,
[62.921s]                  from /usr/include/eigen3/Eigen/LU:11,
[62.921s]                  from /home/j/colcon_ws/ORB_SLAM3/Thirdparty/Sophus/sophus/so2.hpp:12,
[62.921s]                  from /home/j/colcon_ws/ORB_SLAM3/Thirdparty/Sophus/sophus/se2.hpp:7,
[62.921s]                  from /home/j/colcon_ws/ORB_SLAM3/Thirdparty/Sophus/sophus/geometry.hpp:7,
[62.921s]                  from /home/j/colcon_ws/ORB_SLAM3/include/Frame.h:28,
[62.921s]                  from /home/j/colcon_ws/ORB_SLAM3/include/KeyFrame.h:28,
[62.921s]                  from /home/j/colcon_ws/ORB_SLAM3/include/MapPoint.h:23,
[62.921s]                  from /home/j/colcon_ws/ORB_SLAM3/include/FrameDrawer.h:24,
[62.921s]                  from /home/j/colcon_ws/ORB_SLAM3/include/Viewer.h:23,
[62.921s]                  from /home/j/colcon_ws/ORB_SLAM3/include/Tracking.h:26,
[62.921s]                  from /home/j/colcon_ws/ORB_SLAM3/include/System.h:31,
[62.921s]                  from /home/j/colcon_ws/src/orbslam3_ros2/src/monocular/monocular-slam-node.hpp:9,
[62.921s]                  from /home/j/colcon_ws/src/orbslam3_ros2/src/monocular/mono.cpp:7:
[62.921s] /usr/include/eigen3/Eigen/src/Core/util/Constants.h:167:37: note: declared here
[62.921s]   167 | EIGEN_DEPRECATED const unsigned int AlignedBit = 0x80;
[62.921s]       |                                     ^~~~~~~~~~
[62.921s] In file included from /home/j/colcon_ws/ORB_SLAM3/Thirdparty/g2o/g2o/types/types_six_dof_expmap.h:38,
[62.921s]                  from /home/j/colcon_ws/ORB_SLAM3/include/Converter.h:26,
[62.921s]                  from /home/j/colcon_ws/ORB_SLAM3/include/Frame.h:33,
[62.921s]                  from /home/j/colcon_ws/ORB_SLAM3/include/KeyFrame.h:28,
[62.921s]                  from /home/j/colcon_ws/ORB_SLAM3/include/MapPoint.h:23,
[62.921s]                  from /home/j/colcon_ws/ORB_SLAM3/include/FrameDrawer.h:24,
[62.921s]                  from /home/j/colcon_ws/ORB_SLAM3/include/Viewer.h:23,
[62.921s]                  from /home/j/colcon_ws/ORB_SLAM3/include/Tracking.h:26,
[62.921s]                  from /home/j/colcon_ws/ORB_SLAM3/include/System.h:31,
[62.921s]                  from /home/j/colcon_ws/src/orbslam3_ros2/src/monocular/monocular-slam-node.hpp:9,
[62.921s]                  from /home/j/colcon_ws/src/orbslam3_ros2/src/monocular/mono.cpp:7:
[62.921s] /home/j/colcon_ws/ORB_SLAM3/Thirdparty/g2o/g2o/types/../core/base_binary_edge.h:60:80: warning: ‘Eigen::AlignedBit’ is deprecated [-Wdeprecated-declarations]
[62.921s]    60 | ::Map<Matrix<double, Dj, Di>, Matrix<double, Dj, Di>::Flags & AlignedBit ? Aligned : Unaligned > HessianBlockTransposedType;
[62.921s]       |                                                       ~~~~~~^~~~~~~~~~~~
[62.921s] 
[62.921s] In file included from /usr/include/eigen3/Eigen/Core:161,
[62.921s]                  from /usr/include/eigen3/Eigen/LU:11,
[62.921s]                  from /home/j/colcon_ws/ORB_SLAM3/Thirdparty/Sophus/sophus/so2.hpp:12,
[62.921s]                  from /home/j/colcon_ws/ORB_SLAM3/Thirdparty/Sophus/sophus/se2.hpp:7,
[62.921s]                  from /home/j/colcon_ws/ORB_SLAM3/Thirdparty/Sophus/sophus/geometry.hpp:7,
[62.921s]                  from /home/j/colcon_ws/ORB_SLAM3/include/Frame.h:28,
[62.921s]                  from /home/j/colcon_ws/ORB_SLAM3/include/KeyFrame.h:28,
[62.921s]                  from /home/j/colcon_ws/ORB_SLAM3/include/MapPoint.h:23,
[62.921s]                  from /home/j/colcon_ws/ORB_SLAM3/include/FrameDrawer.h:24,
[62.921s]                  from /home/j/colcon_ws/ORB_SLAM3/include/Viewer.h:23,
[62.922s]                  from /home/j/colcon_ws/ORB_SLAM3/include/Tracking.h:26,
[62.922s]                  from /home/j/colcon_ws/ORB_SLAM3/include/System.h:31,
[62.922s]                  from /home/j/colcon_ws/src/orbslam3_ros2/src/monocular/monocular-slam-node.hpp:9,
[62.922s]                  from /home/j/colcon_ws/src/orbslam3_ros2/src/monocular/mono.cpp:7:
[62.922s] /usr/include/eigen3/Eigen/src/Core/util/Constants.h:167:37: note: declared here
[62.922s]   167 | EIGEN_DEPRECATED const unsigned int AlignedBit = 0x80;
[62.922s]       |                                     ^~~~~~~~~~
[62.924s] In file included from /home/j/colcon_ws/ORB_SLAM3/Thirdparty/g2o/g2o/types/types_six_dof_expmap.h:37,
[62.924s]                  from /home/j/colcon_ws/ORB_SLAM3/include/Converter.h:26,
[62.924s]                  from /home/j/colcon_ws/ORB_SLAM3/include/Frame.h:33,
[62.924s]                  from /home/j/colcon_ws/ORB_SLAM3/include/KeyFrame.h:28,
[62.924s]                  from /home/j/colcon_ws/ORB_SLAM3/include/MapPoint.h:23,
[62.924s]                  from /home/j/colcon_ws/ORB_SLAM3/include/FrameDrawer.h:24,
[62.924s]                  from /home/j/colcon_ws/ORB_SLAM3/include/Viewer.h:23,
[62.924s]                  from /home/j/colcon_ws/ORB_SLAM3/include/Tracking.h:26,
[62.924s]                  from /home/j/colcon_ws/ORB_SLAM3/include/System.h:31,
[62.924s]                  from /home/j/colcon_ws/src/orbslam3_ros2/src/rgbd/rgbd-slam-node.hpp:18,
[62.924s]                  from /home/j/colcon_ws/src/orbslam3_ros2/src/rgbd/rgbd.cpp:7:
[62.924s] /home/j/colcon_ws/ORB_SLAM3/Thirdparty/g2o/g2o/types/../core/base_vertex.h: In instantiation of ‘class g2o::BaseVertex<6, g2o::SE3Quat>’:
[62.924s] /home/j/colcon_ws/ORB_SLAM3/Thirdparty/g2o/g2o/types/types_six_dof_expmap.h:59:33:   required from here
[62.924s] /home/j/colcon_ws/ORB_SLAM3/Thirdparty/g2o/g2o/types/../core/base_vertex.h:62:72: warning: ‘Eigen::AlignedBit’ is deprecated [-Wdeprecated-declarations]
[62.924s]    62 |     typedef Eigen::Map<Matrix<double, D, D>, Matrix<double,D,D>::Flags & AlignedBit ? Aligned : Unaligned >  HessianBlockType;
[62.924s]       |                                                                  ~~~~~~^~~~~~~~~~~~
[62.924s] In file included from /usr/include/eigen3/Eigen/Core:161,
[62.924s]                  from /usr/include/eigen3/Eigen/LU:11,
[62.924s]                  from /home/j/colcon_ws/ORB_SLAM3/Thirdparty/Sophus/sophus/so2.hpp:12,
[62.924s]                  from /home/j/colcon_ws/ORB_SLAM3/Thirdparty/Sophus/sophus/se2.hpp:7,
[62.924s]                  from /home/j/colcon_ws/ORB_SLAM3/Thirdparty/Sophus/sophus/geometry.hpp:7,
[62.924s]                  from /home/j/colcon_ws/ORB_SLAM3/include/Frame.h:28,
[62.924s]                  from /home/j/colcon_ws/ORB_SLAM3/include/KeyFrame.h:28,
[62.924s]                  from /home/j/colcon_ws/ORB_SLAM3/include/MapPoint.h:23,
[62.924s]                  from /home/j/colcon_ws/ORB_SLAM3/include/FrameDrawer.h:24,
[62.924s]                  from /home/j/colcon_ws/ORB_SLAM3/include/Viewer.h:23,
[62.924s]                  from /home/j/colcon_ws/ORB_SLAM3/include/Tracking.h:26,
[62.924s]                  from /home/j/colcon_ws/ORB_SLAM3/include/System.h:31,
[62.924s]                  from /home/j/colcon_ws/src/orbslam3_ros2/src/rgbd/rgbd-slam-node.hpp:18,
[62.924s]                  from /home/j/colcon_ws/src/orbslam3_ros2/src/rgbd/rgbd.cpp:7:
[62.924s] /usr/include/eigen3/Eigen/src/Core/util/Constants.h:167:37: note: declared here
[62.924s]   167 | EIGEN_DEPRECATED const unsigned int AlignedBit = 0x80;
[62.924s]       |                                     ^~~~~~~~~~
[62.939s] In file included from /home/j/colcon_ws/ORB_SLAM3/Thirdparty/g2o/g2o/types/types_six_dof_expmap.h:38,
[62.939s]                  from /home/j/colcon_ws/ORB_SLAM3/include/Converter.h:26,
[62.939s]                  from /home/j/colcon_ws/ORB_SLAM3/include/Frame.h:33,
[62.939s]                  from /home/j/colcon_ws/ORB_SLAM3/include/KeyFrame.h:28,
[62.939s]                  from /home/j/colcon_ws/ORB_SLAM3/include/MapPoint.h:23,
[62.939s]                  from /home/j/colcon_ws/ORB_SLAM3/include/FrameDrawer.h:24,
[62.939s]                  from /home/j/colcon_ws/ORB_SLAM3/include/Viewer.h:23,
[62.939s]                  from /home/j/colcon_ws/ORB_SLAM3/include/Tracking.h:26,
[62.939s]                  from /home/j/colcon_ws/ORB_SLAM3/include/System.h:31,
[62.939s]                  from /home/j/colcon_ws/src/orbslam3_ros2/src/rgbd/rgbd-slam-node.hpp:18,
[62.939s]                  from /home/j/colcon_ws/src/orbslam3_ros2/src/rgbd/rgbd.cpp:7:
[62.939s] /home/j/colcon_ws/ORB_SLAM3/Thirdparty/g2o/g2o/types/../core/base_binary_edge.h: In instantiation of ‘class g2o::BaseBinaryEdge<6, g2o::SE3Quat, g2o::VertexSE3Expmap, g2o::VertexSE3Expmap>’:
[62.939s] /home/j/colcon_ws/ORB_SLAM3/Thirdparty/g2o/g2o/types/types_six_dof_expmap.h:83:24:   required from here
[62.939s] /home/j/colcon_ws/ORB_SLAM3/Thirdparty/g2o/g2o/types/../core/base_binary_edge.h:59:80: warning: ‘Eigen::AlignedBit’ is deprecated [-Wdeprecated-declarations]
[62.939s]    59 |       typedef Eigen::Map<Matrix<double, Di, Dj>, Matrix<double, Di, Dj>::Flags & AlignedBit ? Aligned : Unaligned > HessianBlockType;
[62.939s]       |                                                                          ~~~~~~^~~~~~~~~~~~
[62.939s] In file included from /usr/include/eigen3/Eigen/Core:161,
[62.939s]                  from /usr/include/eigen3/Eigen/LU:11,
[62.939s]                  from /home/j/colcon_ws/ORB_SLAM3/Thirdparty/Sophus/sophus/so2.hpp:12,
[62.939s]                  from /home/j/colcon_ws/ORB_SLAM3/Thirdparty/Sophus/sophus/se2.hpp:7,
[62.939s]                  from /home/j/colcon_ws/ORB_SLAM3/Thirdparty/Sophus/sophus/geometry.hpp:7,
[62.939s]                  from /home/j/colcon_ws/ORB_SLAM3/include/Frame.h:28,
[62.940s]                  from /home/j/colcon_ws/ORB_SLAM3/include/KeyFrame.h:28,
[62.940s]                  from /home/j/colcon_ws/ORB_SLAM3/include/MapPoint.h:23,
[62.940s]                  from /home/j/colcon_ws/ORB_SLAM3/include/FrameDrawer.h:24,
[62.940s]                  from /home/j/colcon_ws/ORB_SLAM3/include/Viewer.h:23,
[62.940s]                  from /home/j/colcon_ws/ORB_SLAM3/include/Tracking.h:26,
[62.940s]                  from /home/j/colcon_ws/ORB_SLAM3/include/System.h:31,
[62.940s]                  from /home/j/colcon_ws/src/orbslam3_ros2/src/rgbd/rgbd-slam-node.hpp:18,
[62.940s]                  from /home/j/colcon_ws/src/orbslam3_ros2/src/rgbd/rgbd.cpp:7:
[62.940s] /usr/include/eigen3/Eigen/src/Core/util/Constants.h:167:37: note: declared here
[62.940s]   167 | EIGEN_DEPRECATED const unsigned int AlignedBit = 0x80;
[62.940s]       |                                     ^~~~~~~~~~
[62.940s] In file included from /home/j/colcon_ws/ORB_SLAM3/Thirdparty/g2o/g2o/types/types_six_dof_expmap.h:38,
[62.940s]                  from /home/j/colcon_ws/ORB_SLAM3/include/Converter.h:26,
[62.940s]                  from /home/j/colcon_ws/ORB_SLAM3/include/Frame.h:33,
[62.940s]                  from /home/j/colcon_ws/ORB_SLAM3/include/KeyFrame.h:28,
[62.940s]                  from /home/j/colcon_ws/ORB_SLAM3/include/MapPoint.h:23,
[62.940s]                  from /home/j/colcon_ws/ORB_SLAM3/include/FrameDrawer.h:24,
[62.940s]                  from /home/j/colcon_ws/ORB_SLAM3/include/Viewer.h:23,
[62.940s]                  from /home/j/colcon_ws/ORB_SLAM3/include/Tracking.h:26,
[62.940s]                  from /home/j/colcon_ws/ORB_SLAM3/include/System.h:31,
[62.940s]                  from /home/j/colcon_ws/src/orbslam3_ros2/src/rgbd/rgbd-slam-node.hpp:18,
[62.940s]                  from /home/j/colcon_ws/src/orbslam3_ros2/src/rgbd/rgbd.cpp:7:
[62.940s] /home/j/colcon_ws/ORB_SLAM3/Thirdparty/g2o/g2o/types/../core/base_binary_edge.h:60:80: warning: ‘Eigen::AlignedBit’ is deprecated [-Wdeprecated-declarations]
[62.940s]    60 |       typedef Eigen::Map<Matrix<double, Dj, Di>, Matrix<double, Dj, Di>::Flags & AlignedBit ? Aligned : Unaligned > HessianBlockTransposedType;
[62.940s]       |                                                                          ~~~~~~^~~~~~~~~~~~
[62.940s] In file included from /usr/include/eigen3/Eigen/Core:161,
[62.940s]                  from /usr/include/eigen3/Eigen/LU:11,
[62.940s]                  from /home/j/colcon_ws/ORB_SLAM3/Thirdparty/Sophus/sophus/so2.hpp:12,
[62.940s]                  from /home/j/colcon_ws/ORB_SLAM3/Thirdparty/Sophus/sophus/se2.hpp:7,
[62.940s]                  from /home/j/colcon_ws/ORB_SLAM3/Thirdparty/Sophus/sophus/geometry.hpp:7,
[62.940s]                  from /home/j/colcon_ws/ORB_SLAM3/include/Frame.h:28,
[62.940s]                  from /home/j/colcon_ws/ORB_SLAM3/include/KeyFrame.h:28,
[62.940s]                  from /home/j/colcon_ws/ORB_SLAM3/include/MapPoint.h:23,
[62.940s]                  from /home/j/colcon_ws/ORB_SLAM3/include/FrameDrawer.h:24,
[62.940s]                  from /home/j/colcon_ws/ORB_SLAM3/include/Viewer.h:23,
[62.940s]                  from /home/j/colcon_ws/ORB_SLAM3/include/Tracking.h:26,
[62.940s]                  from /home/j/colcon_ws/ORB_SLAM3/include/System.h:31,
[62.940s]                  from /home/j/colcon_ws/src/orbslam3_ros2/src/rgbd/rgbd-slam-node.hpp:18,
[62.940s]                  from /home/j/colcon_ws/src/orbslam3_ros2/src/rgbd/rgbd.cpp:7:
[62.940s] /usr/include/eigen3/Eigen/src/Core/util/Constants.h:167:37: note: declared here
[62.940s]   167 | EIGEN_DEPRECATED const unsigned int AlignedBit = 0x80;
[62.940s]       |                                     ^~~~~~~~~~
[62.955s] In file included from /home/j/colcon_ws/ORB_SLAM3/Thirdparty/g2o/g2o/types/types_six_dof_expmap.h:38,
[62.955s]                  from /home/j/colcon_ws/ORB_SLAM3/include/Converter.h:26,
[62.955s]                  from /home/j/colcon_ws/ORB_SLAM3/include/Frame.h:33,
[62.955s]                  from /home/j/colcon_ws/ORB_SLAM3/include/KeyFrame.h:28,
[62.955s]                  from /home/j/colcon_ws/ORB_SLAM3/include/MapPoint.h:23,
[62.955s]                  from /home/j/colcon_ws/ORB_SLAM3/include/FrameDrawer.h:24,
[62.955s]                  from /home/j/colcon_ws/ORB_SLAM3/include/Viewer.h:23,
[62.955s]                  from /home/j/colcon_ws/ORB_SLAM3/include/Tracking.h:26,
[62.955s]                  from /home/j/colcon_ws/ORB_SLAM3/include/System.h:31,
[62.955s]                  from /home/j/colcon_ws/src/orbslam3_ros2/src/monocular/monocular-slam-node.hpp:9,
[62.955s]                  from /home/j/colcon_ws/src/orbslam3_ros2/src/monocular/mono.cpp:7:
[62.955s] /home/j/colcon_ws/ORB_SLAM3/Thirdparty/g2o/g2o/types/../core/base_binary_edge.h: In instantiation of ‘class g2o::BaseBinaryEdge<2, Eigen::Matrix<double, 2, 1>, g2o::VertexSBAPointXYZ, g2o::VertexSE3Expmap>’:
[62.955s] /home/j/colcon_ws/ORB_SLAM3/Thirdparty/g2o/g2o/types/types_six_dof_expmap.h:114:35:   required from here
[62.955s] /home/j/colcon_ws/ORB_SLAM3/Thirdparty/g2o/g2o/types/../core/base_binary_edge.h:59:80: warning: ‘Eigen::AlignedBit’ is deprecated [-Wdeprecated-declarations]
[62.955s]    59 | ::Map<Matrix<double, Di, Dj>, Matrix<double, Di, Dj>::Flags & AlignedBit ? Aligned : Unaligned > HessianBlockType;
[62.955s]       |                                                       ~~~~~~^~~~~~~~~~~~
[62.955s] 
[62.955s] In file included from /usr/include/eigen3/Eigen/Core:161,
[62.955s]                  from /usr/include/eigen3/Eigen/LU:11,
[62.955s]                  from /home/j/colcon_ws/ORB_SLAM3/Thirdparty/Sophus/sophus/so2.hpp:12,
[62.955s]                  from /home/j/colcon_ws/ORB_SLAM3/Thirdparty/Sophus/sophus/se2.hpp:7,
[62.955s]                  from /home/j/colcon_ws/ORB_SLAM3/Thirdparty/Sophus/sophus/geometry.hpp:7,
[62.955s]                  from /home/j/colcon_ws/ORB_SLAM3/include/Frame.h:28,
[62.955s]                  from /home/j/colcon_ws/ORB_SLAM3/include/KeyFrame.h:28,
[62.955s]                  from /home/j/colcon_ws/ORB_SLAM3/include/MapPoint.h:23,
[62.955s]                  from /home/j/colcon_ws/ORB_SLAM3/include/FrameDrawer.h:24,
[62.955s]                  from /home/j/colcon_ws/ORB_SLAM3/include/Viewer.h:23,
[62.955s]                  from /home/j/colcon_ws/ORB_SLAM3/include/Tracking.h:26,
[62.955s]                  from /home/j/colcon_ws/ORB_SLAM3/include/System.h:31,
[62.955s]                  from /home/j/colcon_ws/src/orbslam3_ros2/src/monocular/monocular-slam-node.hpp:9,
[62.955s]                  from /home/j/colcon_ws/src/orbslam3_ros2/src/monocular/mono.cpp:7:
[62.955s] /usr/include/eigen3/Eigen/src/Core/util/Constants.h:167:37: note: declared here
[62.955s]   167 | EIGEN_DEPRECATED const unsigned int AlignedBit = 0x80;
[62.955s]       |                                     ^~~~~~~~~~
[62.961s] In file included from /home/j/colcon_ws/ORB_SLAM3/Thirdparty/g2o/g2o/types/types_six_dof_expmap.h:38,
[62.961s]                  from /home/j/colcon_ws/ORB_SLAM3/include/Converter.h:26,
[62.962s]                  from /home/j/colcon_ws/ORB_SLAM3/include/Frame.h:33,
[62.962s]                  from /home/j/colcon_ws/ORB_SLAM3/include/KeyFrame.h:28,
[62.962s]                  from /home/j/colcon_ws/ORB_SLAM3/include/MapPoint.h:23,
[62.962s]                  from /home/j/colcon_ws/ORB_SLAM3/include/FrameDrawer.h:24,
[62.962s]                  from /home/j/colcon_ws/ORB_SLAM3/include/Viewer.h:23,
[62.962s]                  from /home/j/colcon_ws/ORB_SLAM3/include/Tracking.h:26,
[62.962s]                  from /home/j/colcon_ws/ORB_SLAM3/include/System.h:31,
[62.962s]                  from /home/j/colcon_ws/src/orbslam3_ros2/src/monocular/monocular-slam-node.hpp:9,
[62.962s]                  from /home/j/colcon_ws/src/orbslam3_ros2/src/monocular/mono.cpp:7:
[62.962s] /home/j/colcon_ws/ORB_SLAM3/Thirdparty/g2o/g2o/types/../core/base_binary_edge.h:60:80: warning: ‘Eigen::AlignedBit’ is deprecated [-Wdeprecated-declarations]
[62.962s]    60 | ::Map<Matrix<double, Dj, Di>, Matrix<double, Dj, Di>::Flags & AlignedBit ? Aligned : Unaligned > HessianBlockTransposedType;
[62.962s]       |                                                       ~~~~~~^~~~~~~~~~~~
[62.962s] 
[62.962s] In file included from /usr/include/eigen3/Eigen/Core:161,
[62.962s]                  from /usr/include/eigen3/Eigen/LU:11,
[62.962s]                  from /home/j/colcon_ws/ORB_SLAM3/Thirdparty/Sophus/sophus/so2.hpp:12,
[62.962s]                  from /home/j/colcon_ws/ORB_SLAM3/Thirdparty/Sophus/sophus/se2.hpp:7,
[62.962s]                  from /home/j/colcon_ws/ORB_SLAM3/Thirdparty/Sophus/sophus/geometry.hpp:7,
[62.962s]                  from /home/j/colcon_ws/ORB_SLAM3/include/Frame.h:28,
[62.962s]                  from /home/j/colcon_ws/ORB_SLAM3/include/KeyFrame.h:28,
[62.962s]                  from /home/j/colcon_ws/ORB_SLAM3/include/MapPoint.h:23,
[62.962s]                  from /home/j/colcon_ws/ORB_SLAM3/include/FrameDrawer.h:24,
[62.962s]                  from /home/j/colcon_ws/ORB_SLAM3/include/Viewer.h:23,
[62.962s]                  from /home/j/colcon_ws/ORB_SLAM3/include/Tracking.h:26,
[62.962s]                  from /home/j/colcon_ws/ORB_SLAM3/include/System.h:31,
[62.962s]                  from /home/j/colcon_ws/src/orbslam3_ros2/src/monocular/monocular-slam-node.hpp:9,
[62.962s]                  from /home/j/colcon_ws/src/orbslam3_ros2/src/monocular/mono.cpp:7:
[62.962s] /usr/include/eigen3/Eigen/src/Core/util/Constants.h:167:37: note: declared here
[62.962s]   167 | EIGEN_DEPRECATED const unsigned int AlignedBit = 0x80;
[62.962s]       |                                     ^~~~~~~~~~
[62.973s] In file included from /home/j/colcon_ws/ORB_SLAM3/Thirdparty/g2o/g2o/types/types_six_dof_expmap.h:38,
[62.973s]                  from /home/j/colcon_ws/ORB_SLAM3/include/Converter.h:26,
[62.973s]                  from /home/j/colcon_ws/ORB_SLAM3/include/Frame.h:33,
[62.973s]                  from /home/j/colcon_ws/ORB_SLAM3/include/KeyFrame.h:28,
[62.973s]                  from /home/j/colcon_ws/ORB_SLAM3/include/MapPoint.h:23,
[62.973s]                  from /home/j/colcon_ws/ORB_SLAM3/include/FrameDrawer.h:24,
[62.973s]                  from /home/j/colcon_ws/ORB_SLAM3/include/Viewer.h:23,
[62.973s]                  from /home/j/colcon_ws/ORB_SLAM3/include/Tracking.h:26,
[62.973s]                  from /home/j/colcon_ws/ORB_SLAM3/include/System.h:31,
[62.973s]                  from /home/j/colcon_ws/src/orbslam3_ros2/src/rgbd/rgbd-slam-node.hpp:18,
[62.973s]                  from /home/j/colcon_ws/src/orbslam3_ros2/src/rgbd/rgbd.cpp:7:
[62.973s] /home/j/colcon_ws/ORB_SLAM3/Thirdparty/g2o/g2o/types/../core/base_binary_edge.h: In instantiation of ‘class g2o::BaseBinaryEdge<2, Eigen::Matrix<double, 2, 1>, g2o::VertexSBAPointXYZ, g2o::VertexSE3Expmap>’:
[62.973s] /home/j/colcon_ws/ORB_SLAM3/Thirdparty/g2o/g2o/types/types_six_dof_expmap.h:114:35:   required from here
[62.973s] /home/j/colcon_ws/ORB_SLAM3/Thirdparty/g2o/g2o/types/../core/base_binary_edge.h:59:80: warning: ‘Eigen::AlignedBit’ is deprecated [-Wdeprecated-declarations]
[62.973s]    59 |       typedef Eigen::Map<Matrix<double, Di, Dj>, Matrix<double, Di, Dj>::Flags & AlignedBit ? Aligned : Unaligned > HessianBlockType;
[62.973s]       |                                                                          ~~~~~~^~~~~~~~~~~~
[62.973s] In file included from /usr/include/eigen3/Eigen/Core:161,
[62.973s]                  from /usr/include/eigen3/Eigen/LU:11,
[62.973s]                  from /home/j/colcon_ws/ORB_SLAM3/Thirdparty/Sophus/sophus/so2.hpp:12,
[62.973s]                  from /home/j/colcon_ws/ORB_SLAM3/Thirdparty/Sophus/sophus/se2.hpp:7,
[62.974s]                  from /home/j/colcon_ws/ORB_SLAM3/Thirdparty/Sophus/sophus/geometry.hpp:7,
[62.974s]                  from /home/j/colcon_ws/ORB_SLAM3/include/Frame.h:28,
[62.974s]                  from /home/j/colcon_ws/ORB_SLAM3/include/KeyFrame.h:28,
[62.974s]                  from /home/j/colcon_ws/ORB_SLAM3/include/MapPoint.h:23,
[62.974s]                  from /home/j/colcon_ws/ORB_SLAM3/include/FrameDrawer.h:24,
[62.974s]                  from /home/j/colcon_ws/ORB_SLAM3/include/Viewer.h:23,
[62.974s]                  from /home/j/colcon_ws/ORB_SLAM3/include/Tracking.h:26,
[62.974s]                  from /home/j/colcon_ws/ORB_SLAM3/include/System.h:31,
[62.974s]                  from /home/j/colcon_ws/src/orbslam3_ros2/src/rgbd/rgbd-slam-node.hpp:18,
[62.974s]                  from /home/j/colcon_ws/src/orbslam3_ros2/src/rgbd/rgbd.cpp:7:
[62.974s] /usr/include/eigen3/Eigen/src/Core/util/Constants.h:167:37: note: declared here
[62.974s]   167 | EIGEN_DEPRECATED const unsigned int AlignedBit = 0x80;
[62.974s]       |                                     ^~~~~~~~~~
[62.980s] In file included from /home/j/colcon_ws/ORB_SLAM3/Thirdparty/g2o/g2o/types/types_six_dof_expmap.h:38,
[62.980s]                  from /home/j/colcon_ws/ORB_SLAM3/include/Converter.h:26,
[62.980s]                  from /home/j/colcon_ws/ORB_SLAM3/include/Frame.h:33,
[62.980s]                  from /home/j/colcon_ws/ORB_SLAM3/include/KeyFrame.h:28,
[62.980s]                  from /home/j/colcon_ws/ORB_SLAM3/include/MapPoint.h:23,
[62.980s]                  from /home/j/colcon_ws/ORB_SLAM3/include/FrameDrawer.h:24,
[62.980s]                  from /home/j/colcon_ws/ORB_SLAM3/include/Viewer.h:23,
[62.980s]                  from /home/j/colcon_ws/ORB_SLAM3/include/Tracking.h:26,
[62.980s]                  from /home/j/colcon_ws/ORB_SLAM3/include/System.h:31,
[62.980s]                  from /home/j/colcon_ws/src/orbslam3_ros2/src/rgbd/rgbd-slam-node.hpp:18,
[62.980s]                  from /home/j/colcon_ws/src/orbslam3_ros2/src/rgbd/rgbd.cpp:7:
[62.980s] /home/j/colcon_ws/ORB_SLAM3/Thirdparty/g2o/g2o/types/../core/base_binary_edge.h:60:80: warning: ‘Eigen::AlignedBit’ is deprecated [-Wdeprecated-declarations]
[62.980s]    60 |       typedef Eigen::Map<Matrix<double, Dj, Di>, Matrix<double, Dj, Di>::Flags & AlignedBit ? Aligned : Unaligned > HessianBlockTransposedType;
[62.980s]       |                                                                          ~~~~~~^~~~~~~~~~~~
[62.980s] In file included from /usr/include/eigen3/Eigen/Core:161,
[62.981s]                  from /usr/include/eigen3/Eigen/LU:11,
[62.981s]                  from /home/j/colcon_ws/ORB_SLAM3/Thirdparty/Sophus/sophus/so2.hpp:12,
[62.981s]                  from /home/j/colcon_ws/ORB_SLAM3/Thirdparty/Sophus/sophus/se2.hpp:7,
[62.981s]                  from /home/j/colcon_ws/ORB_SLAM3/Thirdparty/Sophus/sophus/geometry.hpp:7,
[62.981s]                  from /home/j/colcon_ws/ORB_SLAM3/include/Frame.h:28,
[62.981s]                  from /home/j/colcon_ws/ORB_SLAM3/include/KeyFrame.h:28,
[62.981s]                  from /home/j/colcon_ws/ORB_SLAM3/include/MapPoint.h:23,
[62.981s]                  from /home/j/colcon_ws/ORB_SLAM3/include/FrameDrawer.h:24,
[62.981s]                  from /home/j/colcon_ws/ORB_SLAM3/include/Viewer.h:23,
[62.981s]                  from /home/j/colcon_ws/ORB_SLAM3/include/Tracking.h:26,
[62.981s]                  from /home/j/colcon_ws/ORB_SLAM3/include/System.h:31,
[62.981s]                  from /home/j/colcon_ws/src/orbslam3_ros2/src/rgbd/rgbd-slam-node.hpp:18,
[62.981s]                  from /home/j/colcon_ws/src/orbslam3_ros2/src/rgbd/rgbd.cpp:7:
[62.981s] /usr/include/eigen3/Eigen/src/Core/util/Constants.h:167:37: note: declared here
[62.981s]   167 | EIGEN_DEPRECATED const unsigned int AlignedBit = 0x80;
[62.981s]       |                                     ^~~~~~~~~~
[62.990s] In file included from /home/j/colcon_ws/ORB_SLAM3/Thirdparty/g2o/g2o/types/types_six_dof_expmap.h:38,
[62.990s]                  from /home/j/colcon_ws/ORB_SLAM3/include/Converter.h:26,
[62.990s]                  from /home/j/colcon_ws/ORB_SLAM3/include/Frame.h:33,
[62.990s]                  from /home/j/colcon_ws/ORB_SLAM3/include/KeyFrame.h:28,
[62.991s]                  from /home/j/colcon_ws/ORB_SLAM3/include/MapPoint.h:23,
[62.991s]                  from /home/j/colcon_ws/ORB_SLAM3/include/FrameDrawer.h:24,
[62.991s]                  from /home/j/colcon_ws/ORB_SLAM3/include/Viewer.h:23,
[62.991s]                  from /home/j/colcon_ws/ORB_SLAM3/include/Tracking.h:26,
[62.991s]                  from /home/j/colcon_ws/ORB_SLAM3/include/System.h:31,
[62.991s]                  from /home/j/colcon_ws/src/orbslam3_ros2/src/monocular/monocular-slam-node.hpp:9,
[62.991s]                  from /home/j/colcon_ws/src/orbslam3_ros2/src/monocular/mono.cpp:7:
[62.991s] /home/j/colcon_ws/ORB_SLAM3/Thirdparty/g2o/g2o/types/../core/base_binary_edge.h: In instantiation of ‘class g2o::BaseBinaryEdge<3, Eigen::Matrix<double, 3, 1>, g2o::VertexSBAPointXYZ, g2o::VertexSE3Expmap>’:
[62.991s] /home/j/colcon_ws/ORB_SLAM3/Thirdparty/g2o/g2o/types/types_six_dof_expmap.h:146:41:   required from here
[62.991s] /home/j/colcon_ws/ORB_SLAM3/Thirdparty/g2o/g2o/types/../core/base_binary_edge.h:59:80: warning: ‘Eigen::AlignedBit’ is deprecated [-Wdeprecated-declarations]
[62.991s]    59 | ::Map<Matrix<double, Di, Dj>, Matrix<double, Di, Dj>::Flags & AlignedBit ? Aligned : Unaligned > HessianBlockType;
[62.991s]       |                                                       ~~~~~~^~~~~~~~~~~~
[62.991s] 
[62.991s] In file included from /usr/include/eigen3/Eigen/Core:161,
[62.991s]                  from /usr/include/eigen3/Eigen/LU:11,
[62.991s]                  from /home/j/colcon_ws/ORB_SLAM3/Thirdparty/Sophus/sophus/so2.hpp:12,
[62.991s]                  from /home/j/colcon_ws/ORB_SLAM3/Thirdparty/Sophus/sophus/se2.hpp:7,
[62.991s]                  from /home/j/colcon_ws/ORB_SLAM3/Thirdparty/Sophus/sophus/geometry.hpp:7,
[62.991s]                  from /home/j/colcon_ws/ORB_SLAM3/include/Frame.h:28,
[62.991s]                  from /home/j/colcon_ws/ORB_SLAM3/include/KeyFrame.h:28,
[62.991s]                  from /home/j/colcon_ws/ORB_SLAM3/include/MapPoint.h:23,
[62.991s]                  from /home/j/colcon_ws/ORB_SLAM3/include/FrameDrawer.h:24,
[62.991s]                  from /home/j/colcon_ws/ORB_SLAM3/include/Viewer.h:23,
[62.991s]                  from /home/j/colcon_ws/ORB_SLAM3/include/Tracking.h:26,
[62.991s]                  from /home/j/colcon_ws/ORB_SLAM3/include/System.h:31,
[62.991s]                  from /home/j/colcon_ws/src/orbslam3_ros2/src/monocular/monocular-slam-node.hpp:9,
[62.991s]                  from /home/j/colcon_ws/src/orbslam3_ros2/src/monocular/mono.cpp:7:
[62.991s] /usr/include/eigen3/Eigen/src/Core/util/Constants.h:167:37: note: declared here
[62.991s]   167 | EIGEN_DEPRECATED const unsigned int AlignedBit = 0x80;
[62.991s]       |                                     ^~~~~~~~~~
[62.991s] In file included from /home/j/colcon_ws/ORB_SLAM3/Thirdparty/g2o/g2o/types/types_six_dof_expmap.h:38,
[62.991s]                  from /home/j/colcon_ws/ORB_SLAM3/include/Converter.h:26,
[62.991s]                  from /home/j/colcon_ws/ORB_SLAM3/include/Frame.h:33,
[62.991s]                  from /home/j/colcon_ws/ORB_SLAM3/include/KeyFrame.h:28,
[62.991s]                  from /home/j/colcon_ws/ORB_SLAM3/include/MapPoint.h:23,
[62.991s]                  from /home/j/colcon_ws/ORB_SLAM3/include/FrameDrawer.h:24,
[62.991s]                  from /home/j/colcon_ws/ORB_SLAM3/include/Viewer.h:23,
[62.991s]                  from /home/j/colcon_ws/ORB_SLAM3/include/Tracking.h:26,
[62.991s]                  from /home/j/colcon_ws/ORB_SLAM3/include/System.h:31,
[62.991s]                  from /home/j/colcon_ws/src/orbslam3_ros2/src/monocular/monocular-slam-node.hpp:9,
[62.991s]                  from /home/j/colcon_ws/src/orbslam3_ros2/src/monocular/mono.cpp:7:
[62.991s] /home/j/colcon_ws/ORB_SLAM3/Thirdparty/g2o/g2o/types/../core/base_binary_edge.h:60:80: warning: ‘Eigen::AlignedBit’ is deprecated [-Wdeprecated-declarations]
[62.991s]    60 | ::Map<Matrix<double, Dj, Di>, Matrix<double, Dj, Di>::Flags & AlignedBit ? Aligned : Unaligned > HessianBlockTransposedType;
[62.991s]       |                                                       ~~~~~~^~~~~~~~~~~~
[62.991s] 
[62.991s] In file included from /usr/include/eigen3/Eigen/Core:161,
[62.991s]                  from /usr/include/eigen3/Eigen/LU:11,
[62.991s]                  from /home/j/colcon_ws/ORB_SLAM3/Thirdparty/Sophus/sophus/so2.hpp:12,
[62.992s]                  from /home/j/colcon_ws/ORB_SLAM3/Thirdparty/Sophus/sophus/se2.hpp:7,
[62.992s]                  from /home/j/colcon_ws/ORB_SLAM3/Thirdparty/Sophus/sophus/geometry.hpp:7,
[62.992s]                  from /home/j/colcon_ws/ORB_SLAM3/include/Frame.h:28,
[62.992s]                  from /home/j/colcon_ws/ORB_SLAM3/include/KeyFrame.h:28,
[62.992s]                  from /home/j/colcon_ws/ORB_SLAM3/include/MapPoint.h:23,
[62.992s]                  from /home/j/colcon_ws/ORB_SLAM3/include/FrameDrawer.h:24,
[62.992s]                  from /home/j/colcon_ws/ORB_SLAM3/include/Viewer.h:23,
[62.992s]                  from /home/j/colcon_ws/ORB_SLAM3/include/Tracking.h:26,
[62.992s]                  from /home/j/colcon_ws/ORB_SLAM3/include/System.h:31,
[62.992s]                  from /home/j/colcon_ws/src/orbslam3_ros2/src/monocular/monocular-slam-node.hpp:9,
[62.992s]                  from /home/j/colcon_ws/src/orbslam3_ros2/src/monocular/mono.cpp:7:
[62.992s] /usr/include/eigen3/Eigen/src/Core/util/Constants.h:167:37: note: declared here
[62.992s]   167 | EIGEN_DEPRECATED const unsigned int AlignedBit = 0x80;
[62.992s]       |                                     ^~~~~~~~~~
[63.008s] In file included from /home/j/colcon_ws/ORB_SLAM3/Thirdparty/g2o/g2o/types/types_six_dof_expmap.h:38,
[63.009s]                  from /home/j/colcon_ws/ORB_SLAM3/include/Converter.h:26,
[63.009s]                  from /home/j/colcon_ws/ORB_SLAM3/include/Frame.h:33,
[63.009s]                  from /home/j/colcon_ws/ORB_SLAM3/include/KeyFrame.h:28,
[63.009s]                  from /home/j/colcon_ws/ORB_SLAM3/include/MapPoint.h:23,
[63.009s]                  from /home/j/colcon_ws/ORB_SLAM3/include/FrameDrawer.h:24,
[63.009s]                  from /home/j/colcon_ws/ORB_SLAM3/include/Viewer.h:23,
[63.009s]                  from /home/j/colcon_ws/ORB_SLAM3/include/Tracking.h:26,
[63.009s]                  from /home/j/colcon_ws/ORB_SLAM3/include/System.h:31,
[63.009s]                  from /home/j/colcon_ws/src/orbslam3_ros2/src/rgbd/rgbd-slam-node.hpp:18,
[63.009s]                  from /home/j/colcon_ws/src/orbslam3_ros2/src/rgbd/rgbd.cpp:7:
[63.009s] /home/j/colcon_ws/ORB_SLAM3/Thirdparty/g2o/g2o/types/../core/base_binary_edge.h: In instantiation of ‘class g2o::BaseBinaryEdge<3, Eigen::Matrix<double, 3, 1>, g2o::VertexSBAPointXYZ, g2o::VertexSE3Expmap>’:
[63.009s] /home/j/colcon_ws/ORB_SLAM3/Thirdparty/g2o/g2o/types/types_six_dof_expmap.h:146:41:   required from here
[63.009s] /home/j/colcon_ws/ORB_SLAM3/Thirdparty/g2o/g2o/types/../core/base_binary_edge.h:59:80: warning: ‘Eigen::AlignedBit’ is deprecated [-Wdeprecated-declarations]
[63.009s]    59 |       typedef Eigen::Map<Matrix<double, Di, Dj>, Matrix<double, Di, Dj>::Flags & AlignedBit ? Aligned : Unaligned > HessianBlockType;
[63.009s]       |                                                                          ~~~~~~^~~~~~~~~~~~
[63.009s] In file included from /usr/include/eigen3/Eigen/Core:161,
[63.009s]                  from /usr/include/eigen3/Eigen/LU:11,
[63.009s]                  from /home/j/colcon_ws/ORB_SLAM3/Thirdparty/Sophus/sophus/so2.hpp:12,
[63.009s]                  from /home/j/colcon_ws/ORB_SLAM3/Thirdparty/Sophus/sophus/se2.hpp:7,
[63.009s]                  from /home/j/colcon_ws/ORB_SLAM3/Thirdparty/Sophus/sophus/geometry.hpp:7,
[63.009s]                  from /home/j/colcon_ws/ORB_SLAM3/include/Frame.h:28,
[63.009s]                  from /home/j/colcon_ws/ORB_SLAM3/include/KeyFrame.h:28,
[63.009s]                  from /home/j/colcon_ws/ORB_SLAM3/include/MapPoint.h:23,
[63.009s]                  from /home/j/colcon_ws/ORB_SLAM3/include/FrameDrawer.h:24,
[63.009s]                  from /home/j/colcon_ws/ORB_SLAM3/include/Viewer.h:23,
[63.009s]                  from /home/j/colcon_ws/ORB_SLAM3/include/Tracking.h:26,
[63.009s]                  from /home/j/colcon_ws/ORB_SLAM3/include/System.h:31,
[63.009s]                  from /home/j/colcon_ws/src/orbslam3_ros2/src/rgbd/rgbd-slam-node.hpp:18,
[63.009s]                  from /home/j/colcon_ws/src/orbslam3_ros2/src/rgbd/rgbd.cpp:7:
[63.009s] /usr/include/eigen3/Eigen/src/Core/util/Constants.h:167:37: note: declared here
[63.009s]   167 | EIGEN_DEPRECATED const unsigned int AlignedBit = 0x80;
[63.009s]       |                                     ^~~~~~~~~~
[63.009s] In file included from /home/j/colcon_ws/ORB_SLAM3/Thirdparty/g2o/g2o/types/types_six_dof_expmap.h:38,
[63.009s]                  from /home/j/colcon_ws/ORB_SLAM3/include/Converter.h:26,
[63.009s]                  from /home/j/colcon_ws/ORB_SLAM3/include/Frame.h:33,
[63.009s]                  from /home/j/colcon_ws/ORB_SLAM3/include/KeyFrame.h:28,
[63.009s]                  from /home/j/colcon_ws/ORB_SLAM3/include/MapPoint.h:23,
[63.009s]                  from /home/j/colcon_ws/ORB_SLAM3/include/FrameDrawer.h:24,
[63.009s]                  from /home/j/colcon_ws/ORB_SLAM3/include/Viewer.h:23,
[63.009s]                  from /home/j/colcon_ws/ORB_SLAM3/include/Tracking.h:26,
[63.009s]                  from /home/j/colcon_ws/ORB_SLAM3/include/System.h:31,
[63.009s]                  from /home/j/colcon_ws/src/orbslam3_ros2/src/rgbd/rgbd-slam-node.hpp:18,
[63.009s]                  from /home/j/colcon_ws/src/orbslam3_ros2/src/rgbd/rgbd.cpp:7:
[63.009s] /home/j/colcon_ws/ORB_SLAM3/Thirdparty/g2o/g2o/types/../core/base_binary_edge.h:60:80: warning: ‘Eigen::AlignedBit’ is deprecated [-Wdeprecated-declarations]
[63.009s]    60 |       typedef Eigen::Map<Matrix<double, Dj, Di>, Matrix<double, Dj, Di>::Flags & AlignedBit ? Aligned : Unaligned > HessianBlockTransposedType;
[63.009s]       |                                                                          ~~~~~~^~~~~~~~~~~~
[63.009s] In file included from /usr/include/eigen3/Eigen/Core:161,
[63.010s]                  from /usr/include/eigen3/Eigen/LU:11,
[63.010s]                  from /home/j/colcon_ws/ORB_SLAM3/Thirdparty/Sophus/sophus/so2.hpp:12,
[63.010s]                  from /home/j/colcon_ws/ORB_SLAM3/Thirdparty/Sophus/sophus/se2.hpp:7,
[63.010s]                  from /home/j/colcon_ws/ORB_SLAM3/Thirdparty/Sophus/sophus/geometry.hpp:7,
[63.010s]                  from /home/j/colcon_ws/ORB_SLAM3/include/Frame.h:28,
[63.010s]                  from /home/j/colcon_ws/ORB_SLAM3/include/KeyFrame.h:28,
[63.010s]                  from /home/j/colcon_ws/ORB_SLAM3/include/MapPoint.h:23,
[63.010s]                  from /home/j/colcon_ws/ORB_SLAM3/include/FrameDrawer.h:24,
[63.010s]                  from /home/j/colcon_ws/ORB_SLAM3/include/Viewer.h:23,
[63.010s]                  from /home/j/colcon_ws/ORB_SLAM3/include/Tracking.h:26,
[63.010s]                  from /home/j/colcon_ws/ORB_SLAM3/include/System.h:31,
[63.010s]                  from /home/j/colcon_ws/src/orbslam3_ros2/src/rgbd/rgbd-slam-node.hpp:18,
[63.010s]                  from /home/j/colcon_ws/src/orbslam3_ros2/src/rgbd/rgbd.cpp:7:
[63.010s] /usr/include/eigen3/Eigen/src/Core/util/Constants.h:167:37: note: declared here
[63.010s]   167 | EIGEN_DEPRECATED const unsigned int AlignedBit = 0x80;
[63.010s]       |                                     ^~~~~~~~~~
[63.093s] In file included from /home/j/colcon_ws/ORB_SLAM3/Thirdparty/g2o/g2o/types/types_six_dof_expmap.h:37,
[63.093s]                  from /home/j/colcon_ws/ORB_SLAM3/include/Converter.h:26,
[63.093s]                  from /home/j/colcon_ws/ORB_SLAM3/include/Frame.h:33,
[63.093s]                  from /home/j/colcon_ws/ORB_SLAM3/include/KeyFrame.h:28,
[63.093s]                  from /home/j/colcon_ws/ORB_SLAM3/include/MapPoint.h:23,
[63.093s]                  from /home/j/colcon_ws/ORB_SLAM3/include/FrameDrawer.h:24,
[63.093s]                  from /home/j/colcon_ws/ORB_SLAM3/include/Viewer.h:23,
[63.093s]                  from /home/j/colcon_ws/ORB_SLAM3/include/Tracking.h:26,
[63.093s]                  from /home/j/colcon_ws/ORB_SLAM3/include/System.h:31,
[63.093s]                  from /home/j/colcon_ws/src/orbslam3_ros2/src/monocular/monocular-slam-node.hpp:9,
[63.093s]                  from /home/j/colcon_ws/src/orbslam3_ros2/src/monocular/mono.cpp:7:
[63.093s] /home/j/colcon_ws/ORB_SLAM3/Thirdparty/g2o/g2o/types/../core/base_vertex.h: In instantiation of ‘class g2o::BaseVertex<7, g2o::Sim3>’:
[63.093s] /home/j/colcon_ws/ORB_SLAM3/Thirdparty/g2o/g2o/types/types_seven_dof_expmap.h:48:35:   required from here
[63.093s] /home/j/colcon_ws/ORB_SLAM3/Thirdparty/g2o/g2o/types/../core/base_vertex.h:62:72: warning: ‘Eigen::AlignedBit’ is deprecated [-Wdeprecated-declarations]
[63.093s]    62 |  Eigen::Map<Matrix<double, D, D>, Matrix<double,D,D>::Flags & AlignedBit ? Aligned : Unaligned >  HessianBlockType;
[63.093s]       |                                                       ~~~~~~^~~~~~~~~~~~
[63.093s] 
[63.093s] In file included from /usr/include/eigen3/Eigen/Core:161,
[63.094s]                  from /usr/include/eigen3/Eigen/LU:11,
[63.094s]                  from /home/j/colcon_ws/ORB_SLAM3/Thirdparty/Sophus/sophus/so2.hpp:12,
[63.094s]                  from /home/j/colcon_ws/ORB_SLAM3/Thirdparty/Sophus/sophus/se2.hpp:7,
[63.094s]                  from /home/j/colcon_ws/ORB_SLAM3/Thirdparty/Sophus/sophus/geometry.hpp:7,
[63.094s]                  from /home/j/colcon_ws/ORB_SLAM3/include/Frame.h:28,
[63.094s]                  from /home/j/colcon_ws/ORB_SLAM3/include/KeyFrame.h:28,
[63.094s]                  from /home/j/colcon_ws/ORB_SLAM3/include/MapPoint.h:23,
[63.094s]                  from /home/j/colcon_ws/ORB_SLAM3/include/FrameDrawer.h:24,
[63.094s]                  from /home/j/colcon_ws/ORB_SLAM3/include/Viewer.h:23,
[63.094s]                  from /home/j/colcon_ws/ORB_SLAM3/include/Tracking.h:26,
[63.094s]                  from /home/j/colcon_ws/ORB_SLAM3/include/System.h:31,
[63.094s]                  from /home/j/colcon_ws/src/orbslam3_ros2/src/monocular/monocular-slam-node.hpp:9,
[63.094s]                  from /home/j/colcon_ws/src/orbslam3_ros2/src/monocular/mono.cpp:7:
[63.094s] /usr/include/eigen3/Eigen/src/Core/util/Constants.h:167:37: note: declared here
[63.094s]   167 | EIGEN_DEPRECATED const unsigned int AlignedBit = 0x80;
[63.094s]       |                                     ^~~~~~~~~~
[63.109s] In file included from /home/j/colcon_ws/ORB_SLAM3/Thirdparty/g2o/g2o/types/types_six_dof_expmap.h:38,
[63.109s]                  from /home/j/colcon_ws/ORB_SLAM3/include/Converter.h:26,
[63.109s]                  from /home/j/colcon_ws/ORB_SLAM3/include/Frame.h:33,
[63.109s]                  from /home/j/colcon_ws/ORB_SLAM3/include/KeyFrame.h:28,
[63.109s]                  from /home/j/colcon_ws/ORB_SLAM3/include/MapPoint.h:23,
[63.109s]                  from /home/j/colcon_ws/ORB_SLAM3/include/FrameDrawer.h:24,
[63.109s]                  from /home/j/colcon_ws/ORB_SLAM3/include/Viewer.h:23,
[63.109s]                  from /home/j/colcon_ws/ORB_SLAM3/include/Tracking.h:26,
[63.109s]                  from /home/j/colcon_ws/ORB_SLAM3/include/System.h:31,
[63.109s]                  from /home/j/colcon_ws/src/orbslam3_ros2/src/monocular/monocular-slam-node.hpp:9,
[63.109s]                  from /home/j/colcon_ws/src/orbslam3_ros2/src/monocular/mono.cpp:7:
[63.109s] /home/j/colcon_ws/ORB_SLAM3/Thirdparty/g2o/g2o/types/../core/base_binary_edge.h: In instantiation of ‘class g2o::BaseBinaryEdge<7, g2o::Sim3, g2o::VertexSim3Expmap, g2o::VertexSim3Expmap>’:
[63.109s] /home/j/colcon_ws/ORB_SLAM3/Thirdparty/g2o/g2o/types/types_seven_dof_expmap.h:99:27:   required from here
[63.109s] /home/j/colcon_ws/ORB_SLAM3/Thirdparty/g2o/g2o/types/../core/base_binary_edge.h:59:80: warning: ‘Eigen::AlignedBit’ is deprecated [-Wdeprecated-declarations]
[63.109s]    59 | ::Map<Matrix<double, Di, Dj>, Matrix<double, Di, Dj>::Flags & AlignedBit ? Aligned : Unaligned > HessianBlockType;
[63.110s]       |                                                       ~~~~~~^~~~~~~~~~~~
[63.110s] 
[63.110s] In file included from /usr/include/eigen3/Eigen/Core:161,
[63.110s]                  from /usr/include/eigen3/Eigen/LU:11,
[63.110s]                  from /home/j/colcon_ws/ORB_SLAM3/Thirdparty/Sophus/sophus/so2.hpp:12,
[63.110s]                  from /home/j/colcon_ws/ORB_SLAM3/Thirdparty/Sophus/sophus/se2.hpp:7,
[63.110s]                  from /home/j/colcon_ws/ORB_SLAM3/Thirdparty/Sophus/sophus/geometry.hpp:7,
[63.110s]                  from /home/j/colcon_ws/ORB_SLAM3/include/Frame.h:28,
[63.110s]                  from /home/j/colcon_ws/ORB_SLAM3/include/KeyFrame.h:28,
[63.110s]                  from /home/j/colcon_ws/ORB_SLAM3/include/MapPoint.h:23,
[63.110s]                  from /home/j/colcon_ws/ORB_SLAM3/include/FrameDrawer.h:24,
[63.110s]                  from /home/j/colcon_ws/ORB_SLAM3/include/Viewer.h:23,
[63.110s]                  from /home/j/colcon_ws/ORB_SLAM3/include/Tracking.h:26,
[63.110s]                  from /home/j/colcon_ws/ORB_SLAM3/include/System.h:31,
[63.110s]                  from /home/j/colcon_ws/src/orbslam3_ros2/src/monocular/monocular-slam-node.hpp:9,
[63.110s]                  from /home/j/colcon_ws/src/orbslam3_ros2/src/monocular/mono.cpp:7:
[63.110s] /usr/include/eigen3/Eigen/src/Core/util/Constants.h:167:37: note: declared here
[63.110s]   167 | EIGEN_DEPRECATED const unsigned int AlignedBit = 0x80;
[63.110s]       |                                     ^~~~~~~~~~
[63.110s] In file included from /home/j/colcon_ws/ORB_SLAM3/Thirdparty/g2o/g2o/types/types_six_dof_expmap.h:38,
[63.110s]                  from /home/j/colcon_ws/ORB_SLAM3/include/Converter.h:26,
[63.110s]                  from /home/j/colcon_ws/ORB_SLAM3/include/Frame.h:33,
[63.110s]                  from /home/j/colcon_ws/ORB_SLAM3/include/KeyFrame.h:28,
[63.110s]                  from /home/j/colcon_ws/ORB_SLAM3/include/MapPoint.h:23,
[63.110s]                  from /home/j/colcon_ws/ORB_SLAM3/include/FrameDrawer.h:24,
[63.110s]                  from /home/j/colcon_ws/ORB_SLAM3/include/Viewer.h:23,
[63.110s]                  from /home/j/colcon_ws/ORB_SLAM3/include/Tracking.h:26,
[63.110s]                  from /home/j/colcon_ws/ORB_SLAM3/include/System.h:31,
[63.110s]                  from /home/j/colcon_ws/src/orbslam3_ros2/src/monocular/monocular-slam-node.hpp:9,
[63.110s]                  from /home/j/colcon_ws/src/orbslam3_ros2/src/monocular/mono.cpp:7:
[63.110s] /home/j/colcon_ws/ORB_SLAM3/Thirdparty/g2o/g2o/types/../core/base_binary_edge.h:60:80: warning: ‘Eigen::AlignedBit’ is deprecated [-Wdeprecated-declarations]
[63.110s]    60 | ::Map<Matrix<double, Dj, Di>, Matrix<double, Dj, Di>::Flags & AlignedBit ? Aligned : Unaligned > HessianBlockTransposedType;
[63.110s]       |                                                       ~~~~~~^~~~~~~~~~~~
[63.110s] 
[63.110s] In file included from /usr/include/eigen3/Eigen/Core:161,
[63.110s]                  from /usr/include/eigen3/Eigen/LU:11,
[63.110s]                  from /home/j/colcon_ws/ORB_SLAM3/Thirdparty/Sophus/sophus/so2.hpp:12,
[63.110s]                  from /home/j/colcon_ws/ORB_SLAM3/Thirdparty/Sophus/sophus/se2.hpp:7,
[63.110s]                  from /home/j/colcon_ws/ORB_SLAM3/Thirdparty/Sophus/sophus/geometry.hpp:7,
[63.110s]                  from /home/j/colcon_ws/ORB_SLAM3/include/Frame.h:28,
[63.110s]                  from /home/j/colcon_ws/ORB_SLAM3/include/KeyFrame.h:28,
[63.110s]                  from /home/j/colcon_ws/ORB_SLAM3/include/MapPoint.h:23,
[63.110s]                  from /home/j/colcon_ws/ORB_SLAM3/include/FrameDrawer.h:24,
[63.110s]                  from /home/j/colcon_ws/ORB_SLAM3/include/Viewer.h:23,
[63.110s]                  from /home/j/colcon_ws/ORB_SLAM3/include/Tracking.h:26,
[63.110s]                  from /home/j/colcon_ws/ORB_SLAM3/include/System.h:31,
[63.110s]                  from /home/j/colcon_ws/src/orbslam3_ros2/src/monocular/monocular-slam-node.hpp:9,
[63.110s]                  from /home/j/colcon_ws/src/orbslam3_ros2/src/monocular/mono.cpp:7:
[63.110s] /usr/include/eigen3/Eigen/src/Core/util/Constants.h:167:37: note: declared here
[63.111s]   167 | EIGEN_DEPRECATED const unsigned int AlignedBit = 0x80;
[63.111s]       |                                     ^~~~~~~~~~
[63.114s] In file included from /home/j/colcon_ws/ORB_SLAM3/Thirdparty/g2o/g2o/types/types_six_dof_expmap.h:37,
[63.114s]                  from /home/j/colcon_ws/ORB_SLAM3/include/Converter.h:26,
[63.114s]                  from /home/j/colcon_ws/ORB_SLAM3/include/Frame.h:33,
[63.114s]                  from /home/j/colcon_ws/ORB_SLAM3/include/KeyFrame.h:28,
[63.114s]                  from /home/j/colcon_ws/ORB_SLAM3/include/MapPoint.h:23,
[63.114s]                  from /home/j/colcon_ws/ORB_SLAM3/include/FrameDrawer.h:24,
[63.114s]                  from /home/j/colcon_ws/ORB_SLAM3/include/Viewer.h:23,
[63.114s]                  from /home/j/colcon_ws/ORB_SLAM3/include/Tracking.h:26,
[63.114s]                  from /home/j/colcon_ws/ORB_SLAM3/include/System.h:31,
[63.114s]                  from /home/j/colcon_ws/src/orbslam3_ros2/src/rgbd/rgbd-slam-node.hpp:18,
[63.114s]                  from /home/j/colcon_ws/src/orbslam3_ros2/src/rgbd/rgbd.cpp:7:
[63.114s] /home/j/colcon_ws/ORB_SLAM3/Thirdparty/g2o/g2o/types/../core/base_vertex.h: In instantiation of ‘class g2o::BaseVertex<7, g2o::Sim3>’:
[63.114s] /home/j/colcon_ws/ORB_SLAM3/Thirdparty/g2o/g2o/types/types_seven_dof_expmap.h:48:35:   required from here
[63.114s] /home/j/colcon_ws/ORB_SLAM3/Thirdparty/g2o/g2o/types/../core/base_vertex.h:62:72: warning: ‘Eigen::AlignedBit’ is deprecated [-Wdeprecated-declarations]
[63.114s]    62 |     typedef Eigen::Map<Matrix<double, D, D>, Matrix<double,D,D>::Flags & AlignedBit ? Aligned : Unaligned >  HessianBlockType;
[63.114s]       |                                                                  ~~~~~~^~~~~~~~~~~~
[63.114s] In file included from /usr/include/eigen3/Eigen/Core:161,
[63.114s]                  from /usr/include/eigen3/Eigen/LU:11,
[63.114s]                  from /home/j/colcon_ws/ORB_SLAM3/Thirdparty/Sophus/sophus/so2.hpp:12,
[63.114s]                  from /home/j/colcon_ws/ORB_SLAM3/Thirdparty/Sophus/sophus/se2.hpp:7,
[63.114s]                  from /home/j/colcon_ws/ORB_SLAM3/Thirdparty/Sophus/sophus/geometry.hpp:7,
[63.114s]                  from /home/j/colcon_ws/ORB_SLAM3/include/Frame.h:28,
[63.114s]                  from /home/j/colcon_ws/ORB_SLAM3/include/KeyFrame.h:28,
[63.114s]                  from /home/j/colcon_ws/ORB_SLAM3/include/MapPoint.h:23,
[63.114s]                  from /home/j/colcon_ws/ORB_SLAM3/include/FrameDrawer.h:24,
[63.114s]                  from /home/j/colcon_ws/ORB_SLAM3/include/Viewer.h:23,
[63.114s]                  from /home/j/colcon_ws/ORB_SLAM3/include/Tracking.h:26,
[63.114s]                  from /home/j/colcon_ws/ORB_SLAM3/include/System.h:31,
[63.114s]                  from /home/j/colcon_ws/src/orbslam3_ros2/src/rgbd/rgbd-slam-node.hpp:18,
[63.114s]                  from /home/j/colcon_ws/src/orbslam3_ros2/src/rgbd/rgbd.cpp:7:
[63.114s] /usr/include/eigen3/Eigen/src/Core/util/Constants.h:167:37: note: declared here
[63.114s]   167 | EIGEN_DEPRECATED const unsigned int AlignedBit = 0x80;
[63.114s]       |                                     ^~~~~~~~~~
[63.130s] In file included from /home/j/colcon_ws/ORB_SLAM3/Thirdparty/g2o/g2o/types/types_six_dof_expmap.h:38,
[63.130s]                  from /home/j/colcon_ws/ORB_SLAM3/include/Converter.h:26,
[63.130s]                  from /home/j/colcon_ws/ORB_SLAM3/include/Frame.h:33,
[63.130s]                  from /home/j/colcon_ws/ORB_SLAM3/include/KeyFrame.h:28,
[63.130s]                  from /home/j/colcon_ws/ORB_SLAM3/include/MapPoint.h:23,
[63.130s]                  from /home/j/colcon_ws/ORB_SLAM3/include/FrameDrawer.h:24,
[63.130s]                  from /home/j/colcon_ws/ORB_SLAM3/include/Viewer.h:23,
[63.130s]                  from /home/j/colcon_ws/ORB_SLAM3/include/Tracking.h:26,
[63.130s]                  from /home/j/colcon_ws/ORB_SLAM3/include/System.h:31,
[63.130s]                  from /home/j/colcon_ws/src/orbslam3_ros2/src/rgbd/rgbd-slam-node.hpp:18,
[63.130s]                  from /home/j/colcon_ws/src/orbslam3_ros2/src/rgbd/rgbd.cpp:7:
[63.130s] /home/j/colcon_ws/ORB_SLAM3/Thirdparty/g2o/g2o/types/../core/base_binary_edge.h: In instantiation of ‘class g2o::BaseBinaryEdge<7, g2o::Sim3, g2o::VertexSim3Expmap, g2o::VertexSim3Expmap>’:
[63.130s] /home/j/colcon_ws/ORB_SLAM3/Thirdparty/g2o/g2o/types/types_seven_dof_expmap.h:99:27:   required from here
[63.130s] /home/j/colcon_ws/ORB_SLAM3/Thirdparty/g2o/g2o/types/../core/base_binary_edge.h:59:80: warning: ‘Eigen::AlignedBit’ is deprecated [-Wdeprecated-declarations]
[63.130s]    59 |       typedef Eigen::Map<Matrix<double, Di, Dj>, Matrix<double, Di, Dj>::Flags & AlignedBit ? Aligned : Unaligned > HessianBlockType;
[63.130s]       |                                                                          ~~~~~~^~~~~~~~~~~~
[63.130s] In file included from /usr/include/eigen3/Eigen/Core:161,
[63.130s]                  from /usr/include/eigen3/Eigen/LU:11,
[63.130s]                  from /home/j/colcon_ws/ORB_SLAM3/Thirdparty/Sophus/sophus/so2.hpp:12,
[63.130s]                  from /home/j/colcon_ws/ORB_SLAM3/Thirdparty/Sophus/sophus/se2.hpp:7,
[63.130s]                  from /home/j/colcon_ws/ORB_SLAM3/Thirdparty/Sophus/sophus/geometry.hpp:7,
[63.130s]                  from /home/j/colcon_ws/ORB_SLAM3/include/Frame.h:28,
[63.130s]                  from /home/j/colcon_ws/ORB_SLAM3/include/KeyFrame.h:28,
[63.130s]                  from /home/j/colcon_ws/ORB_SLAM3/include/MapPoint.h:23,
[63.130s]                  from /home/j/colcon_ws/ORB_SLAM3/include/FrameDrawer.h:24,
[63.131s]                  from /home/j/colcon_ws/ORB_SLAM3/include/Viewer.h:23,
[63.131s]                  from /home/j/colcon_ws/ORB_SLAM3/include/Tracking.h:26,
[63.131s]                  from /home/j/colcon_ws/ORB_SLAM3/include/System.h:31,
[63.131s]                  from /home/j/colcon_ws/src/orbslam3_ros2/src/rgbd/rgbd-slam-node.hpp:18,
[63.131s]                  from /home/j/colcon_ws/src/orbslam3_ros2/src/rgbd/rgbd.cpp:7:
[63.131s] /usr/include/eigen3/Eigen/src/Core/util/Constants.h:167:37: note: declared here
[63.131s]   167 | EIGEN_DEPRECATED const unsigned int AlignedBit = 0x80;
[63.131s]       |                                     ^~~~~~~~~~
[63.131s] In file included from /home/j/colcon_ws/ORB_SLAM3/Thirdparty/g2o/g2o/types/types_six_dof_expmap.h:38,
[63.131s]                  from /home/j/colcon_ws/ORB_SLAM3/include/Converter.h:26,
[63.131s]                  from /home/j/colcon_ws/ORB_SLAM3/include/Frame.h:33,
[63.131s]                  from /home/j/colcon_ws/ORB_SLAM3/include/KeyFrame.h:28,
[63.131s]                  from /home/j/colcon_ws/ORB_SLAM3/include/MapPoint.h:23,
[63.131s]                  from /home/j/colcon_ws/ORB_SLAM3/include/FrameDrawer.h:24,
[63.131s]                  from /home/j/colcon_ws/ORB_SLAM3/include/Viewer.h:23,
[63.131s]                  from /home/j/colcon_ws/ORB_SLAM3/include/Tracking.h:26,
[63.131s]                  from /home/j/colcon_ws/ORB_SLAM3/include/System.h:31,
[63.131s]                  from /home/j/colcon_ws/src/orbslam3_ros2/src/rgbd/rgbd-slam-node.hpp:18,
[63.131s]                  from /home/j/colcon_ws/src/orbslam3_ros2/src/rgbd/rgbd.cpp:7:
[63.131s] /home/j/colcon_ws/ORB_SLAM3/Thirdparty/g2o/g2o/types/../core/base_binary_edge.h:60:80: warning: ‘Eigen::AlignedBit’ is deprecated [-Wdeprecated-declarations]
[63.131s]    60 |       typedef Eigen::Map<Matrix<double, Dj, Di>, Matrix<double, Dj, Di>::Flags & AlignedBit ? Aligned : Unaligned > HessianBlockTransposedType;
[63.131s]       |                                                                          ~~~~~~^~~~~~~~~~~~
[63.131s] In file included from /usr/include/eigen3/Eigen/Core:161,
[63.131s]                  from /usr/include/eigen3/Eigen/LU:11,
[63.131s]                  from /home/j/colcon_ws/ORB_SLAM3/Thirdparty/Sophus/sophus/so2.hpp:12,
[63.131s]                  from /home/j/colcon_ws/ORB_SLAM3/Thirdparty/Sophus/sophus/se2.hpp:7,
[63.131s]                  from /home/j/colcon_ws/ORB_SLAM3/Thirdparty/Sophus/sophus/geometry.hpp:7,
[63.131s]                  from /home/j/colcon_ws/ORB_SLAM3/include/Frame.h:28,
[63.131s]                  from /home/j/colcon_ws/ORB_SLAM3/include/KeyFrame.h:28,
[63.131s]                  from /home/j/colcon_ws/ORB_SLAM3/include/MapPoint.h:23,
[63.131s]                  from /home/j/colcon_ws/ORB_SLAM3/include/FrameDrawer.h:24,
[63.131s]                  from /home/j/colcon_ws/ORB_SLAM3/include/Viewer.h:23,
[63.131s]                  from /home/j/colcon_ws/ORB_SLAM3/include/Tracking.h:26,
[63.131s]                  from /home/j/colcon_ws/ORB_SLAM3/include/System.h:31,
[63.131s]                  from /home/j/colcon_ws/src/orbslam3_ros2/src/rgbd/rgbd-slam-node.hpp:18,
[63.131s]                  from /home/j/colcon_ws/src/orbslam3_ros2/src/rgbd/rgbd.cpp:7:
[63.131s] /usr/include/eigen3/Eigen/src/Core/util/Constants.h:167:37: note: declared here
[63.131s]   167 | EIGEN_DEPRECATED const unsigned int AlignedBit = 0x80;
[63.131s]       |                                     ^~~~~~~~~~
[63.132s] In file included from /home/j/colcon_ws/ORB_SLAM3/Thirdparty/g2o/g2o/types/types_six_dof_expmap.h:38,
[63.132s]                  from /home/j/colcon_ws/ORB_SLAM3/include/Converter.h:26,
[63.132s]                  from /home/j/colcon_ws/ORB_SLAM3/include/Frame.h:33,
[63.132s]                  from /home/j/colcon_ws/ORB_SLAM3/include/KeyFrame.h:28,
[63.132s]                  from /home/j/colcon_ws/ORB_SLAM3/include/MapPoint.h:23,
[63.132s]                  from /home/j/colcon_ws/ORB_SLAM3/include/FrameDrawer.h:24,
[63.132s]                  from /home/j/colcon_ws/ORB_SLAM3/include/Viewer.h:23,
[63.132s]                  from /home/j/colcon_ws/ORB_SLAM3/include/Tracking.h:26,
[63.132s]                  from /home/j/colcon_ws/ORB_SLAM3/include/System.h:31,
[63.132s]                  from /home/j/colcon_ws/src/orbslam3_ros2/src/monocular/monocular-slam-node.hpp:9,
[63.132s]                  from /home/j/colcon_ws/src/orbslam3_ros2/src/monocular/mono.cpp:7:
[63.132s] /home/j/colcon_ws/ORB_SLAM3/Thirdparty/g2o/g2o/types/../core/base_binary_edge.h: In instantiation of ‘class g2o::BaseBinaryEdge<2, Eigen::Matrix<double, 2, 1>, g2o::VertexSBAPointXYZ, g2o::VertexSim3Expmap>’:
[63.132s] /home/j/colcon_ws/ORB_SLAM3/Thirdparty/g2o/g2o/types/types_seven_dof_expmap.h:130:36:   required from here
[63.132s] /home/j/colcon_ws/ORB_SLAM3/Thirdparty/g2o/g2o/types/../core/base_binary_edge.h:59:80: warning: ‘Eigen::AlignedBit’ is deprecated [-Wdeprecated-declarations]
[63.132s]    59 | ::Map<Matrix<double, Di, Dj>, Matrix<double, Di, Dj>::Flags & AlignedBit ? Aligned : Unaligned > HessianBlockType;
[63.132s]       |                                                       ~~~~~~^~~~~~~~~~~~
[63.132s] 
[63.132s] In file included from /usr/include/eigen3/Eigen/Core:161,
[63.132s]                  from /usr/include/eigen3/Eigen/LU:11,
[63.132s]                  from /home/j/colcon_ws/ORB_SLAM3/Thirdparty/Sophus/sophus/so2.hpp:12,
[63.132s]                  from /home/j/colcon_ws/ORB_SLAM3/Thirdparty/Sophus/sophus/se2.hpp:7,
[63.132s]                  from /home/j/colcon_ws/ORB_SLAM3/Thirdparty/Sophus/sophus/geometry.hpp:7,
[63.132s]                  from /home/j/colcon_ws/ORB_SLAM3/include/Frame.h:28,
[63.132s]                  from /home/j/colcon_ws/ORB_SLAM3/include/KeyFrame.h:28,
[63.132s]                  from /home/j/colcon_ws/ORB_SLAM3/include/MapPoint.h:23,
[63.132s]                  from /home/j/colcon_ws/ORB_SLAM3/include/FrameDrawer.h:24,
[63.132s]                  from /home/j/colcon_ws/ORB_SLAM3/include/Viewer.h:23,
[63.132s]                  from /home/j/colcon_ws/ORB_SLAM3/include/Tracking.h:26,
[63.132s]                  from /home/j/colcon_ws/ORB_SLAM3/include/System.h:31,
[63.132s]                  from /home/j/colcon_ws/src/orbslam3_ros2/src/monocular/monocular-slam-node.hpp:9,
[63.132s]                  from /home/j/colcon_ws/src/orbslam3_ros2/src/monocular/mono.cpp:7:
[63.132s] /usr/include/eigen3/Eigen/src/Core/util/Constants.h:167:37: note: declared here
[63.132s]   167 | EIGEN_DEPRECATED const unsigned int AlignedBit = 0x80;
[63.132s]       |                                     ^~~~~~~~~~
[63.139s] In file included from /home/j/colcon_ws/ORB_SLAM3/Thirdparty/g2o/g2o/types/types_six_dof_expmap.h:38,
[63.139s]                  from /home/j/colcon_ws/ORB_SLAM3/include/Converter.h:26,
[63.139s]                  from /home/j/colcon_ws/ORB_SLAM3/include/Frame.h:33,
[63.139s]                  from /home/j/colcon_ws/ORB_SLAM3/include/KeyFrame.h:28,
[63.139s]                  from /home/j/colcon_ws/ORB_SLAM3/include/MapPoint.h:23,
[63.139s]                  from /home/j/colcon_ws/ORB_SLAM3/include/FrameDrawer.h:24,
[63.139s]                  from /home/j/colcon_ws/ORB_SLAM3/include/Viewer.h:23,
[63.139s]                  from /home/j/colcon_ws/ORB_SLAM3/include/Tracking.h:26,
[63.139s]                  from /home/j/colcon_ws/ORB_SLAM3/include/System.h:31,
[63.139s]                  from /home/j/colcon_ws/src/orbslam3_ros2/src/monocular/monocular-slam-node.hpp:9,
[63.139s]                  from /home/j/colcon_ws/src/orbslam3_ros2/src/monocular/mono.cpp:7:
[63.139s] /home/j/colcon_ws/ORB_SLAM3/Thirdparty/g2o/g2o/types/../core/base_binary_edge.h:60:80: warning: ‘Eigen::AlignedBit’ is deprecated [-Wdeprecated-declarations]
[63.139s]    60 | ::Map<Matrix<double, Dj, Di>, Matrix<double, Dj, Di>::Flags & AlignedBit ? Aligned : Unaligned > HessianBlockTransposedType;
[63.139s]       |                                                       ~~~~~~^~~~~~~~~~~~
[63.139s] 
[63.139s] In file included from /usr/include/eigen3/Eigen/Core:161,
[63.139s]                  from /usr/include/eigen3/Eigen/LU:11,
[63.139s]                  from /home/j/colcon_ws/ORB_SLAM3/Thirdparty/Sophus/sophus/so2.hpp:12,
[63.139s]                  from /home/j/colcon_ws/ORB_SLAM3/Thirdparty/Sophus/sophus/se2.hpp:7,
[63.139s]                  from /home/j/colcon_ws/ORB_SLAM3/Thirdparty/Sophus/sophus/geometry.hpp:7,
[63.139s]                  from /home/j/colcon_ws/ORB_SLAM3/include/Frame.h:28,
[63.139s]                  from /home/j/colcon_ws/ORB_SLAM3/include/KeyFrame.h:28,
[63.139s]                  from /home/j/colcon_ws/ORB_SLAM3/include/MapPoint.h:23,
[63.139s]                  from /home/j/colcon_ws/ORB_SLAM3/include/FrameDrawer.h:24,
[63.139s]                  from /home/j/colcon_ws/ORB_SLAM3/include/Viewer.h:23,
[63.139s]                  from /home/j/colcon_ws/ORB_SLAM3/include/Tracking.h:26,
[63.139s]                  from /home/j/colcon_ws/ORB_SLAM3/include/System.h:31,
[63.139s]                  from /home/j/colcon_ws/src/orbslam3_ros2/src/monocular/monocular-slam-node.hpp:9,
[63.139s]                  from /home/j/colcon_ws/src/orbslam3_ros2/src/monocular/mono.cpp:7:
[63.139s] /usr/include/eigen3/Eigen/src/Core/util/Constants.h:167:37: note: declared here
[63.139s]   167 | EIGEN_DEPRECATED const unsigned int AlignedBit = 0x80;
[63.139s]       |                                     ^~~~~~~~~~
[63.152s] In file included from /home/j/colcon_ws/ORB_SLAM3/Thirdparty/g2o/g2o/types/types_six_dof_expmap.h:38,
[63.152s]                  from /home/j/colcon_ws/ORB_SLAM3/include/Converter.h:26,
[63.152s]                  from /home/j/colcon_ws/ORB_SLAM3/include/Frame.h:33,
[63.152s]                  from /home/j/colcon_ws/ORB_SLAM3/include/KeyFrame.h:28,
[63.152s]                  from /home/j/colcon_ws/ORB_SLAM3/include/MapPoint.h:23,
[63.152s]                  from /home/j/colcon_ws/ORB_SLAM3/include/FrameDrawer.h:24,
[63.152s]                  from /home/j/colcon_ws/ORB_SLAM3/include/Viewer.h:23,
[63.152s]                  from /home/j/colcon_ws/ORB_SLAM3/include/Tracking.h:26,
[63.152s]                  from /home/j/colcon_ws/ORB_SLAM3/include/System.h:31,
[63.152s]                  from /home/j/colcon_ws/src/orbslam3_ros2/src/rgbd/rgbd-slam-node.hpp:18,
[63.152s]                  from /home/j/colcon_ws/src/orbslam3_ros2/src/rgbd/rgbd.cpp:7:
[63.152s] /home/j/colcon_ws/ORB_SLAM3/Thirdparty/g2o/g2o/types/../core/base_binary_edge.h: In instantiation of ‘class g2o::BaseBinaryEdge<2, Eigen::Matrix<double, 2, 1>, g2o::VertexSBAPointXYZ, g2o::VertexSim3Expmap>’:
[63.152s] /home/j/colcon_ws/ORB_SLAM3/Thirdparty/g2o/g2o/types/types_seven_dof_expmap.h:130:36:   required from here
[63.152s] /home/j/colcon_ws/ORB_SLAM3/Thirdparty/g2o/g2o/types/../core/base_binary_edge.h:59:80: warning: ‘Eigen::AlignedBit’ is deprecated [-Wdeprecated-declarations]
[63.152s]    59 |       typedef Eigen::Map<Matrix<double, Di, Dj>, Matrix<double, Di, Dj>::Flags & AlignedBit ? Aligned : Unaligned > HessianBlockType;
[63.152s]       |                                                                          ~~~~~~^~~~~~~~~~~~
[63.152s] In file included from /usr/include/eigen3/Eigen/Core:161,
[63.152s]                  from /usr/include/eigen3/Eigen/LU:11,
[63.153s]                  from /home/j/colcon_ws/ORB_SLAM3/Thirdparty/Sophus/sophus/so2.hpp:12,
[63.153s]                  from /home/j/colcon_ws/ORB_SLAM3/Thirdparty/Sophus/sophus/se2.hpp:7,
[63.153s]                  from /home/j/colcon_ws/ORB_SLAM3/Thirdparty/Sophus/sophus/geometry.hpp:7,
[63.153s]                  from /home/j/colcon_ws/ORB_SLAM3/include/Frame.h:28,
[63.153s]                  from /home/j/colcon_ws/ORB_SLAM3/include/KeyFrame.h:28,
[63.153s]                  from /home/j/colcon_ws/ORB_SLAM3/include/MapPoint.h:23,
[63.153s]                  from /home/j/colcon_ws/ORB_SLAM3/include/FrameDrawer.h:24,
[63.153s]                  from /home/j/colcon_ws/ORB_SLAM3/include/Viewer.h:23,
[63.153s]                  from /home/j/colcon_ws/ORB_SLAM3/include/Tracking.h:26,
[63.153s]                  from /home/j/colcon_ws/ORB_SLAM3/include/System.h:31,
[63.153s]                  from /home/j/colcon_ws/src/orbslam3_ros2/src/rgbd/rgbd-slam-node.hpp:18,
[63.153s]                  from /home/j/colcon_ws/src/orbslam3_ros2/src/rgbd/rgbd.cpp:7:
[63.153s] /usr/include/eigen3/Eigen/src/Core/util/Constants.h:167:37: note: declared here
[63.153s]   167 | EIGEN_DEPRECATED const unsigned int AlignedBit = 0x80;
[63.153s]       |                                     ^~~~~~~~~~
[63.159s] In file included from /home/j/colcon_ws/ORB_SLAM3/Thirdparty/g2o/g2o/types/types_six_dof_expmap.h:38,
[63.159s]                  from /home/j/colcon_ws/ORB_SLAM3/include/Converter.h:26,
[63.159s]                  from /home/j/colcon_ws/ORB_SLAM3/include/Frame.h:33,
[63.159s]                  from /home/j/colcon_ws/ORB_SLAM3/include/KeyFrame.h:28,
[63.159s]                  from /home/j/colcon_ws/ORB_SLAM3/include/MapPoint.h:23,
[63.159s]                  from /home/j/colcon_ws/ORB_SLAM3/include/FrameDrawer.h:24,
[63.159s]                  from /home/j/colcon_ws/ORB_SLAM3/include/Viewer.h:23,
[63.159s]                  from /home/j/colcon_ws/ORB_SLAM3/include/Tracking.h:26,
[63.159s]                  from /home/j/colcon_ws/ORB_SLAM3/include/System.h:31,
[63.159s]                  from /home/j/colcon_ws/src/orbslam3_ros2/src/rgbd/rgbd-slam-node.hpp:18,
[63.159s]                  from /home/j/colcon_ws/src/orbslam3_ros2/src/rgbd/rgbd.cpp:7:
[63.159s] /home/j/colcon_ws/ORB_SLAM3/Thirdparty/g2o/g2o/types/../core/base_binary_edge.h:60:80: warning: ‘Eigen::AlignedBit’ is deprecated [-Wdeprecated-declarations]
[63.159s]    60 |       typedef Eigen::Map<Matrix<double, Dj, Di>, Matrix<double, Dj, Di>::Flags & AlignedBit ? Aligned : Unaligned > HessianBlockTransposedType;
[63.159s]       |                                                                          ~~~~~~^~~~~~~~~~~~
[63.159s] In file included from /usr/include/eigen3/Eigen/Core:161,
[63.160s]                  from /usr/include/eigen3/Eigen/LU:11,
[63.160s]                  from /home/j/colcon_ws/ORB_SLAM3/Thirdparty/Sophus/sophus/so2.hpp:12,
[63.160s]                  from /home/j/colcon_ws/ORB_SLAM3/Thirdparty/Sophus/sophus/se2.hpp:7,
[63.160s]                  from /home/j/colcon_ws/ORB_SLAM3/Thirdparty/Sophus/sophus/geometry.hpp:7,
[63.160s]                  from /home/j/colcon_ws/ORB_SLAM3/include/Frame.h:28,
[63.160s]                  from /home/j/colcon_ws/ORB_SLAM3/include/KeyFrame.h:28,
[63.160s]                  from /home/j/colcon_ws/ORB_SLAM3/include/MapPoint.h:23,
[63.160s]                  from /home/j/colcon_ws/ORB_SLAM3/include/FrameDrawer.h:24,
[63.160s]                  from /home/j/colcon_ws/ORB_SLAM3/include/Viewer.h:23,
[63.160s]                  from /home/j/colcon_ws/ORB_SLAM3/include/Tracking.h:26,
[63.160s]                  from /home/j/colcon_ws/ORB_SLAM3/include/System.h:31,
[63.160s]                  from /home/j/colcon_ws/src/orbslam3_ros2/src/rgbd/rgbd-slam-node.hpp:18,
[63.160s]                  from /home/j/colcon_ws/src/orbslam3_ros2/src/rgbd/rgbd.cpp:7:
[63.160s] /usr/include/eigen3/Eigen/src/Core/util/Constants.h:167:37: note: declared here
[63.160s]   167 | EIGEN_DEPRECATED const unsigned int AlignedBit = 0x80;
[63.160s]       |                                     ^~~~~~~~~~
[63.660s] In file included from /home/j/colcon_ws/ORB_SLAM3/include/Atlas.h:26,
[63.660s]                  from /home/j/colcon_ws/ORB_SLAM3/include/FrameDrawer.h:25,
[63.660s]                  from /home/j/colcon_ws/ORB_SLAM3/include/Viewer.h:23,
[63.660s]                  from /home/j/colcon_ws/ORB_SLAM3/include/Tracking.h:26,
[63.660s]                  from /home/j/colcon_ws/ORB_SLAM3/include/System.h:31,
[63.660s]                  from /home/j/colcon_ws/src/orbslam3_ros2/src/monocular/monocular-slam-node.hpp:9,
[63.660s]                  from /home/j/colcon_ws/src/orbslam3_ros2/src/monocular/mono.cpp:7:
[63.660s] /home/j/colcon_ws/ORB_SLAM3/include/CameraModels/Pinhole.h: In member function ‘virtual bool ORB_SLAM3::Pinhole::matchAndtriangulate(const cv::KeyPoint&, const cv::KeyPoint&, ORB_SLAM3::GeometricCamera*, Sophus::SE3f&, Sophus::SE3f&, float, float, Eigen::Vector3f&)’:
[63.660s] /home/j/colcon_ws/ORB_SLAM3/include/CameraModels/Pinhole.h:83:54: warning: unused parameter ‘kp1’ [-Wunused-parameter]
[63.660s]    83 |         bool matchAndtriangulate(const cv::KeyPoint& kp1, const cv::KeyPoint& kp2, GeometricCamera* pOther,
[63.660s]       |                                  ~~~~~~~~~~~~~~~~~~~~^~~
[63.660s] /home/j/colcon_ws/ORB_SLAM3/include/CameraModels/Pinhole.h:83:79: warning: unused parameter ‘kp2’ [-Wunused-parameter]
[63.660s]    83 | Andtriangulate(const cv::KeyPoint& kp1, const cv::KeyPoint& kp2, GeometricCamera* pOther,
[63.660s]       |                                         ~~~~~~~~~~~~~~~~~~~~^~~
[63.660s] 
[63.660s] /home/j/colcon_ws/ORB_SLAM3/include/CameraModels/Pinhole.h:83:101: warning: unused parameter ‘pOther’ [-Wunused-parameter]
[63.660s]    83 | st cv::KeyPoint& kp1, const cv::KeyPoint& kp2, GeometricCamera* pOther,
[63.660s]       |                                                ~~~~~~~~~~~~~~~~~^~~~~~
[63.660s] 
[63.660s] /home/j/colcon_ws/ORB_SLAM3/include/CameraModels/Pinhole.h:84:48: warning: unused parameter ‘Tcw1’ [-Wunused-parameter]
[63.660s]    84 |                                  Sophus::SE3f& Tcw1, Sophus::SE3f& Tcw2,
[63.660s]       |                                  ~~~~~~~~~~~~~~^~~~
[63.660s] /home/j/colcon_ws/ORB_SLAM3/include/CameraModels/Pinhole.h:84:68: warning: unused parameter ‘Tcw2’ [-Wunused-parameter]
[63.660s]    84 |                                 Sophus::SE3f& Tcw1, Sophus::SE3f& Tcw2,
[63.660s]       |                                                     ~~~~~~~~~~~~~~^~~~
[63.660s] 
[63.660s] /home/j/colcon_ws/ORB_SLAM3/include/CameraModels/Pinhole.h:85:46: warning: unused parameter ‘sigmaLevel1’ [-Wunused-parameter]
[63.660s]    85 |                                  const float sigmaLevel1, const float sigmaLevel2,
[63.661s]       |                                  ~~~~~~~~~~~~^~~~~~~~~~~
[63.661s] /home/j/colcon_ws/ORB_SLAM3/include/CameraModels/Pinhole.h:85:71: warning: unused parameter ‘sigmaLevel2’ [-Wunused-parameter]
[63.661s]    85 |                        const float sigmaLevel1, const float sigmaLevel2,
[63.661s]       |                                                 ~~~~~~~~~~~~^~~~~~~~~~~
[63.661s] 
[63.661s] /home/j/colcon_ws/ORB_SLAM3/include/CameraModels/Pinhole.h:86:51: warning: unused parameter ‘x3Dtriangulated’ [-Wunused-parameter]
[63.661s]    86 |                                  Eigen::Vector3f& x3Dtriangulated) { return false;}
[63.661s]       |                                  ~~~~~~~~~~~~~~~~~^~~~~~~~~~~~~~~
[63.661s] In file included from /home/j/colcon_ws/ORB_SLAM3/include/Atlas.h:27,
[63.661s]                  from /home/j/colcon_ws/ORB_SLAM3/include/FrameDrawer.h:25,
[63.661s]                  from /home/j/colcon_ws/ORB_SLAM3/include/Viewer.h:23,
[63.661s]                  from /home/j/colcon_ws/ORB_SLAM3/include/Tracking.h:26,
[63.661s]                  from /home/j/colcon_ws/ORB_SLAM3/include/System.h:31,
[63.661s]                  from /home/j/colcon_ws/src/orbslam3_ros2/src/monocular/monocular-slam-node.hpp:9,
[63.661s]                  from /home/j/colcon_ws/src/orbslam3_ros2/src/monocular/mono.cpp:7:
[63.661s] /home/j/colcon_ws/ORB_SLAM3/include/CameraModels/KannalaBrandt8.h: In constructor ‘ORB_SLAM3::KannalaBrandt8::KannalaBrandt8(std::vector<float>)’:
[63.661s] /home/j/colcon_ws/ORB_SLAM3/include/CameraModels/KannalaBrandt8.h:102:21: warning: ‘ORB_SLAM3::KannalaBrandt8::precision’ will be initialized after [-Wreorder]
[63.661s]   102 |         const float precision;
[63.661s]       |                     ^~~~~~~~~
[63.661s] /home/j/colcon_ws/ORB_SLAM3/include/CameraModels/KannalaBrandt8.h:88:26: warning:   ‘std::vector<int> ORB_SLAM3::KannalaBrandt8::mvLappingArea’ [-Wreorder]
[63.661s]    88 |         std::vector<int> mvLappingArea;
[63.661s]       |                          ^~~~~~~~~~~~~
[63.661s] In file included from /home/j/colcon_ws/ORB_SLAM3/include/Atlas.h:27,
[63.661s]                  from /home/j/colcon_ws/ORB_SLAM3/include/FrameDrawer.h:25,
[63.661s]                  from /home/j/colcon_ws/ORB_SLAM3/include/Viewer.h:23,
[63.661s]                  from /home/j/colcon_ws/ORB_SLAM3/include/Tracking.h:26,
[63.661s]                  from /home/j/colcon_ws/ORB_SLAM3/include/System.h:31,
[63.661s]                  from /home/j/colcon_ws/src/orbslam3_ros2/src/monocular/monocular-slam-node.hpp:9,
[63.661s]                  from /home/j/colcon_ws/src/orbslam3_ros2/src/monocular/mono.cpp:7:
[63.661s] /home/j/colcon_ws/ORB_SLAM3/include/CameraModels/KannalaBrandt8.h:47:9: warning:   when initialized here [-Wreorder]
[63.661s]    47 |         KannalaBrandt8(const std::vector<float> _vParameters) : GeometricCamera(_vParameters), precision(1e-6), mvLappingArea(2,0) ,tvr(nullptr) {
[63.661s]       |         ^~~~~~~~~~~~~~
[63.661s] In file included from /home/j/colcon_ws/ORB_SLAM3/include/Atlas.h:27,
[63.661s]                  from /home/j/colcon_ws/ORB_SLAM3/include/FrameDrawer.h:25,
[63.661s]                  from /home/j/colcon_ws/ORB_SLAM3/include/Viewer.h:23,
[63.661s]                  from /home/j/colcon_ws/ORB_SLAM3/include/Tracking.h:26,
[63.661s]                  from /home/j/colcon_ws/ORB_SLAM3/include/System.h:31,
[63.661s]                  from /home/j/colcon_ws/src/orbslam3_ros2/src/monocular/monocular-slam-node.hpp:9,
[63.661s]                  from /home/j/colcon_ws/src/orbslam3_ros2/src/monocular/mono.cpp:7:
[63.661s] /home/j/colcon_ws/ORB_SLAM3/include/CameraModels/KannalaBrandt8.h: In constructor ‘ORB_SLAM3::KannalaBrandt8::KannalaBrandt8(std::vector<float>, float)’:
[63.661s] /home/j/colcon_ws/ORB_SLAM3/include/CameraModels/KannalaBrandt8.h:102:21: warning: ‘ORB_SLAM3::KannalaBrandt8::precision’ will be initialized after [-Wreorder]
[63.661s]   102 |         const float precision;
[63.661s]       |                     ^~~~~~~~~
[63.661s] /home/j/colcon_ws/ORB_SLAM3/include/CameraModels/KannalaBrandt8.h:88:26: warning:   ‘std::vector<int> ORB_SLAM3::KannalaBrandt8::mvLappingArea’ [-Wreorder]
[63.661s]    88 |         std::vector<int> mvLappingArea;
[63.661s]       |                          ^~~~~~~~~~~~~
[63.661s] /home/j/colcon_ws/ORB_SLAM3/include/CameraModels/KannalaBrandt8.h:53:9: warning:   when initialized here [-Wreorder]
[63.661s]    53 |         KannalaBrandt8(const std::vector<float> _vParameters, const float _precision) : GeometricCamera(_vParameters),
[63.661s]       |         ^~~~~~~~~~~~~~
[63.661s] /home/j/colcon_ws/ORB_SLAM3/include/CameraModels/KannalaBrandt8.h: In constructor ‘ORB_SLAM3::KannalaBrandt8::KannalaBrandt8(ORB_SLAM3::KannalaBrandt8*)’:
[63.661s] /home/j/colcon_ws/ORB_SLAM3/include/CameraModels/KannalaBrandt8.h:102:21: warning: ‘ORB_SLAM3::KannalaBrandt8::precision’ will be initialized after [-Wreorder]
[63.662s]   102 |         const float precision;
[63.662s]       |                     ^~~~~~~~~
[63.662s] /home/j/colcon_ws/ORB_SLAM3/include/CameraModels/KannalaBrandt8.h:88:26: warning:   ‘std::vector<int> ORB_SLAM3::KannalaBrandt8::mvLappingArea’ [-Wreorder]
[63.662s]    88 |         std::vector<int> mvLappingArea;
[63.662s]       |                          ^~~~~~~~~~~~~
[63.662s] /home/j/colcon_ws/ORB_SLAM3/include/CameraModels/KannalaBrandt8.h:59:9: warning:   when initialized here [-Wreorder]
[63.662s]    59 |         KannalaBrandt8(KannalaBrandt8* pKannala) : GeometricCamera(pKannala->mvParameters), precision(pKannala->precision), mvLappingArea(2,0) ,tvr(nullptr) {
[63.662s]       |         ^~~~~~~~~~~~~~
[63.670s] In file included from /home/j/colcon_ws/ORB_SLAM3/include/Atlas.h:26,
[63.670s]                  from /home/j/colcon_ws/ORB_SLAM3/include/FrameDrawer.h:25,
[63.670s]                  from /home/j/colcon_ws/ORB_SLAM3/include/Viewer.h:23,
[63.670s]                  from /home/j/colcon_ws/ORB_SLAM3/include/Tracking.h:26,
[63.670s]                  from /home/j/colcon_ws/ORB_SLAM3/include/System.h:31,
[63.670s]                  from /home/j/colcon_ws/src/orbslam3_ros2/src/rgbd/rgbd-slam-node.hpp:18,
[63.670s]                  from /home/j/colcon_ws/src/orbslam3_ros2/src/rgbd/rgbd.cpp:7:
[63.670s] /home/j/colcon_ws/ORB_SLAM3/include/CameraModels/Pinhole.h: In member function ‘virtual bool ORB_SLAM3::Pinhole::matchAndtriangulate(const cv::KeyPoint&, const cv::KeyPoint&, ORB_SLAM3::GeometricCamera*, Sophus::SE3f&, Sophus::SE3f&, float, float, Eigen::Vector3f&)’:
[63.670s] /home/j/colcon_ws/ORB_SLAM3/include/CameraModels/Pinhole.h:83:54: warning: unused parameter ‘kp1’ [-Wunused-parameter]
[63.670s]    83 |         bool matchAndtriangulate(const cv::KeyPoint& kp1, const cv::KeyPoint& kp2, GeometricCamera* pOther,
[63.670s]       |                                  ~~~~~~~~~~~~~~~~~~~~^~~
[63.670s] /home/j/colcon_ws/ORB_SLAM3/include/CameraModels/Pinhole.h:83:79: warning: unused parameter ‘kp2’ [-Wunused-parameter]
[63.670s]    83 |         bool matchAndtriangulate(const cv::KeyPoint& kp1, const cv::KeyPoint& kp2, GeometricCamera* pOther,
[63.670s]       |                                                           ~~~~~~~~~~~~~~~~~~~~^~~
[63.670s] /home/j/colcon_ws/ORB_SLAM3/include/CameraModels/Pinhole.h:83:101: warning: unused parameter ‘pOther’ [-Wunused-parameter]
[63.670s]    83 |         bool matchAndtriangulate(const cv::KeyPoint& kp1, const cv::KeyPoint& kp2, GeometricCamera* pOther,
[63.670s]       |                                                                                    ~~~~~~~~~~~~~~~~~^~~~~~
[63.670s] /home/j/colcon_ws/ORB_SLAM3/include/CameraModels/Pinhole.h:84:48: warning: unused parameter ‘Tcw1’ [-Wunused-parameter]
[63.670s]    84 |                                  Sophus::SE3f& Tcw1, Sophus::SE3f& Tcw2,
[63.670s]       |                                  ~~~~~~~~~~~~~~^~~~
[63.670s] /home/j/colcon_ws/ORB_SLAM3/include/CameraModels/Pinhole.h:84:68: warning: unused parameter ‘Tcw2’ [-Wunused-parameter]
[63.670s]    84 |                                  Sophus::SE3f& Tcw1, Sophus::SE3f& Tcw2,
[63.670s]       |                                                      ~~~~~~~~~~~~~~^~~~
[63.670s] /home/j/colcon_ws/ORB_SLAM3/include/CameraModels/Pinhole.h:85:46: warning: unused parameter ‘sigmaLevel1’ [-Wunused-parameter]
[63.670s]    85 |                                  const float sigmaLevel1, const float sigmaLevel2,
[63.670s]       |                                  ~~~~~~~~~~~~^~~~~~~~~~~
[63.670s] /home/j/colcon_ws/ORB_SLAM3/include/CameraModels/Pinhole.h:85:71: warning: unused parameter ‘sigmaLevel2’ [-Wunused-parameter]
[63.670s]    85 |                                  const float sigmaLevel1, const float sigmaLevel2,
[63.670s]       |                                                           ~~~~~~~~~~~~^~~~~~~~~~~
[63.670s] /home/j/colcon_ws/ORB_SLAM3/include/CameraModels/Pinhole.h:86:51: warning: unused parameter ‘x3Dtriangulated’ [-Wunused-parameter]
[63.670s]    86 |                                  Eigen::Vector3f& x3Dtriangulated) { return false;}
[63.671s]       |                                  ~~~~~~~~~~~~~~~~~^~~~~~~~~~~~~~~
[63.671s] In file included from /home/j/colcon_ws/ORB_SLAM3/include/Atlas.h:27,
[63.671s]                  from /home/j/colcon_ws/ORB_SLAM3/include/FrameDrawer.h:25,
[63.671s]                  from /home/j/colcon_ws/ORB_SLAM3/include/Viewer.h:23,
[63.671s]                  from /home/j/colcon_ws/ORB_SLAM3/include/Tracking.h:26,
[63.671s]                  from /home/j/colcon_ws/ORB_SLAM3/include/System.h:31,
[63.671s]                  from /home/j/colcon_ws/src/orbslam3_ros2/src/rgbd/rgbd-slam-node.hpp:18,
[63.671s]                  from /home/j/colcon_ws/src/orbslam3_ros2/src/rgbd/rgbd.cpp:7:
[63.671s] /home/j/colcon_ws/ORB_SLAM3/include/CameraModels/KannalaBrandt8.h: In constructor ‘ORB_SLAM3::KannalaBrandt8::KannalaBrandt8(std::vector<float>)’:
[63.671s] /home/j/colcon_ws/ORB_SLAM3/include/CameraModels/KannalaBrandt8.h:102:21: warning: ‘ORB_SLAM3::KannalaBrandt8::precision’ will be initialized after [-Wreorder]
[63.671s]   102 |         const float precision;
[63.671s]       |                     ^~~~~~~~~
[63.671s] /home/j/colcon_ws/ORB_SLAM3/include/CameraModels/KannalaBrandt8.h:88:26: warning:   ‘std::vector<int> ORB_SLAM3::KannalaBrandt8::mvLappingArea’ [-Wreorder]
[63.671s]    88 |         std::vector<int> mvLappingArea;
[63.671s]       |                          ^~~~~~~~~~~~~
[63.671s] In file included from /home/j/colcon_ws/ORB_SLAM3/include/Atlas.h:27,
[63.671s]                  from /home/j/colcon_ws/ORB_SLAM3/include/FrameDrawer.h:25,
[63.671s]                  from /home/j/colcon_ws/ORB_SLAM3/include/Viewer.h:23,
[63.671s]                  from /home/j/colcon_ws/ORB_SLAM3/include/Tracking.h:26,
[63.671s]                  from /home/j/colcon_ws/ORB_SLAM3/include/System.h:31,
[63.671s]                  from /home/j/colcon_ws/src/orbslam3_ros2/src/rgbd/rgbd-slam-node.hpp:18,
[63.671s]                  from /home/j/colcon_ws/src/orbslam3_ros2/src/rgbd/rgbd.cpp:7:
[63.671s] /home/j/colcon_ws/ORB_SLAM3/include/CameraModels/KannalaBrandt8.h:47:9: warning:   when initialized here [-Wreorder]
[63.671s]    47 |         KannalaBrandt8(const std::vector<float> _vParameters) : GeometricCamera(_vParameters), precision(1e-6), mvLappingArea(2,0) ,tvr(nullptr) {
[63.671s]       |         ^~~~~~~~~~~~~~
[63.671s] In file included from /home/j/colcon_ws/ORB_SLAM3/include/Atlas.h:27,
[63.671s]                  from /home/j/colcon_ws/ORB_SLAM3/include/FrameDrawer.h:25,
[63.671s]                  from /home/j/colcon_ws/ORB_SLAM3/include/Viewer.h:23,
[63.671s]                  from /home/j/colcon_ws/ORB_SLAM3/include/Tracking.h:26,
[63.671s]                  from /home/j/colcon_ws/ORB_SLAM3/include/System.h:31,
[63.671s]                  from /home/j/colcon_ws/src/orbslam3_ros2/src/rgbd/rgbd-slam-node.hpp:18,
[63.671s]                  from /home/j/colcon_ws/src/orbslam3_ros2/src/rgbd/rgbd.cpp:7:
[63.671s] /home/j/colcon_ws/ORB_SLAM3/include/CameraModels/KannalaBrandt8.h: In constructor ‘ORB_SLAM3::KannalaBrandt8::KannalaBrandt8(std::vector<float>, float)’:
[63.671s] /home/j/colcon_ws/ORB_SLAM3/include/CameraModels/KannalaBrandt8.h:102:21: warning: ‘ORB_SLAM3::KannalaBrandt8::precision’ will be initialized after [-Wreorder]
[63.671s]   102 |         const float precision;
[63.671s]       |                     ^~~~~~~~~
[63.671s] /home/j/colcon_ws/ORB_SLAM3/include/CameraModels/KannalaBrandt8.h:88:26: warning:   ‘std::vector<int> ORB_SLAM3::KannalaBrandt8::mvLappingArea’ [-Wreorder]
[63.671s]    88 |         std::vector<int> mvLappingArea;
[63.671s]       |                          ^~~~~~~~~~~~~
[63.671s] /home/j/colcon_ws/ORB_SLAM3/include/CameraModels/KannalaBrandt8.h:53:9: warning:   when initialized here [-Wreorder]
[63.671s]    53 |         KannalaBrandt8(const std::vector<float> _vParameters, const float _precision) : GeometricCamera(_vParameters),
[63.671s]       |         ^~~~~~~~~~~~~~
[63.671s] /home/j/colcon_ws/ORB_SLAM3/include/CameraModels/KannalaBrandt8.h: In constructor ‘ORB_SLAM3::KannalaBrandt8::KannalaBrandt8(ORB_SLAM3::KannalaBrandt8*)’:
[63.671s] /home/j/colcon_ws/ORB_SLAM3/include/CameraModels/KannalaBrandt8.h:102:21: warning: ‘ORB_SLAM3::KannalaBrandt8::precision’ will be initialized after [-Wreorder]
[63.671s]   102 |         const float precision;
[63.671s]       |                     ^~~~~~~~~
[63.671s] /home/j/colcon_ws/ORB_SLAM3/include/CameraModels/KannalaBrandt8.h:88:26: warning:   ‘std::vector<int> ORB_SLAM3::KannalaBrandt8::mvLappingArea’ [-Wreorder]
[63.671s]    88 |         std::vector<int> mvLappingArea;
[63.671s]       |                          ^~~~~~~~~~~~~
[63.671s] /home/j/colcon_ws/ORB_SLAM3/include/CameraModels/KannalaBrandt8.h:59:9: warning:   when initialized here [-Wreorder]
[63.672s]    59 |         KannalaBrandt8(KannalaBrandt8* pKannala) : GeometricCamera(pKannala->mvParameters), precision(pKannala->precision), mvLappingArea(2,0) ,tvr(nullptr) {
[63.672s]       |         ^~~~~~~~~~~~~~
[66.405s] [ 25%] [32mBuilding CXX object CMakeFiles/rgbd.dir/src/rgbd/rgbd-slam-node.cpp.o[0m
[66.406s] [ 33%] [32mBuilding CXX object CMakeFiles/mono.dir/src/monocular/monocular-slam-node.cpp.o[0m
[68.726s] In file included from /home/j/colcon_ws/ORB_SLAM3/include/Frame.h:30,
[68.726s]                  from /home/j/colcon_ws/ORB_SLAM3/include/KeyFrame.h:28,
[68.726s]                  from /home/j/colcon_ws/ORB_SLAM3/include/MapPoint.h:23,
[68.726s]                  from /home/j/colcon_ws/ORB_SLAM3/include/FrameDrawer.h:24,
[68.726s]                  from /home/j/colcon_ws/ORB_SLAM3/include/Viewer.h:23,
[68.726s]                  from /home/j/colcon_ws/ORB_SLAM3/include/Tracking.h:26,
[68.726s]                  from /home/j/colcon_ws/ORB_SLAM3/include/System.h:31,
[68.726s]                  from /home/j/colcon_ws/src/orbslam3_ros2/src/monocular/monocular-slam-node.hpp:9,
[68.726s]                  from /home/j/colcon_ws/src/orbslam3_ros2/src/monocular/monocular-slam-node.cpp:1:
[68.726s] /home/j/colcon_ws/ORB_SLAM3/include/ImuTypes.h: In member function ‘void ORB_SLAM3::IMU::Preintegrated::printMeasurements() const’:
[68.726s] /home/j/colcon_ws/ORB_SLAM3/include/ImuTypes.h:204:23: warning: comparison of integer expressions of different signedness: ‘int’ and ‘std::vector<ORB_SLAM3::IMU::Preintegrated::integrable>::size_type’ {aka ‘long unsigned int’} [-Wsign-compare]
[68.726s]   204 |         for(int i=0; i<mvMeasurements.size(); i++){
[68.726s]       |                      ~^~~~~~~~~~~~~~~~~~~~~~
[68.729s] In file included from /home/j/colcon_ws/ORB_SLAM3/include/Frame.h:30,
[68.729s]                  from /home/j/colcon_ws/ORB_SLAM3/include/KeyFrame.h:28,
[68.729s]                  from /home/j/colcon_ws/ORB_SLAM3/include/MapPoint.h:23,
[68.729s]                  from /home/j/colcon_ws/ORB_SLAM3/include/FrameDrawer.h:24,
[68.729s]                  from /home/j/colcon_ws/ORB_SLAM3/include/Viewer.h:23,
[68.729s]                  from /home/j/colcon_ws/ORB_SLAM3/include/Tracking.h:26,
[68.729s]                  from /home/j/colcon_ws/ORB_SLAM3/include/System.h:31,
[68.729s]                  from /home/j/colcon_ws/src/orbslam3_ros2/src/rgbd/rgbd-slam-node.hpp:18,
[68.729s]                  from /home/j/colcon_ws/src/orbslam3_ros2/src/rgbd/rgbd-slam-node.cpp:1:
[68.729s] /home/j/colcon_ws/ORB_SLAM3/include/ImuTypes.h: In member function ‘void ORB_SLAM3::IMU::Preintegrated::printMeasurements() const’:
[68.729s] /home/j/colcon_ws/ORB_SLAM3/include/ImuTypes.h:204:23: warning: comparison of integer expressions of different signedness: ‘int’ and ‘std::vector<ORB_SLAM3::IMU::Preintegrated::integrable>::size_type’ {aka ‘long unsigned int’} [-Wsign-compare]
[68.729s]   204 |         for(int i=0; i<mvMeasurements.size(); i++){
[68.729s]       |                      ~^~~~~~~~~~~~~~~~~~~~~~
[68.770s] In file included from /home/j/colcon_ws/ORB_SLAM3/Thirdparty/g2o/g2o/types/types_six_dof_expmap.h:37,
[68.770s]                  from /home/j/colcon_ws/ORB_SLAM3/include/Converter.h:26,
[68.770s]                  from /home/j/colcon_ws/ORB_SLAM3/include/Frame.h:33,
[68.770s]                  from /home/j/colcon_ws/ORB_SLAM3/include/KeyFrame.h:28,
[68.770s]                  from /home/j/colcon_ws/ORB_SLAM3/include/MapPoint.h:23,
[68.770s]                  from /home/j/colcon_ws/ORB_SLAM3/include/FrameDrawer.h:24,
[68.770s]                  from /home/j/colcon_ws/ORB_SLAM3/include/Viewer.h:23,
[68.770s]                  from /home/j/colcon_ws/ORB_SLAM3/include/Tracking.h:26,
[68.771s]                  from /home/j/colcon_ws/ORB_SLAM3/include/System.h:31,
[68.771s]                  from /home/j/colcon_ws/src/orbslam3_ros2/src/monocular/monocular-slam-node.hpp:9,
[68.771s]                  from /home/j/colcon_ws/src/orbslam3_ros2/src/monocular/monocular-slam-node.cpp:1:
[68.771s] /home/j/colcon_ws/ORB_SLAM3/Thirdparty/g2o/g2o/types/../core/base_vertex.h: At global scope:
[68.771s] /home/j/colcon_ws/ORB_SLAM3/Thirdparty/g2o/g2o/types/../core/base_vertex.h:62:74: warning: ‘Eigen::AlignedBit’ is deprecated [-Wdeprecated-declarations]
[68.771s]    62 | igen::Map<Matrix<double, D, D>, Matrix<double,D,D>::Flags & AlignedBit ? Aligned : Unaligned >  HessianBlockType;
[68.771s]       |                                                             ^~~~~~~~~~
[68.771s] 
[68.771s] In file included from /usr/include/eigen3/Eigen/Core:161,
[68.771s]                  from /usr/include/eigen3/Eigen/LU:11,
[68.771s]                  from /home/j/colcon_ws/ORB_SLAM3/Thirdparty/Sophus/sophus/so2.hpp:12,
[68.771s]                  from /home/j/colcon_ws/ORB_SLAM3/Thirdparty/Sophus/sophus/se2.hpp:7,
[68.771s]                  from /home/j/colcon_ws/ORB_SLAM3/Thirdparty/Sophus/sophus/geometry.hpp:7,
[68.771s]                  from /home/j/colcon_ws/ORB_SLAM3/include/Frame.h:28,
[68.771s]                  from /home/j/colcon_ws/ORB_SLAM3/include/KeyFrame.h:28,
[68.771s]                  from /home/j/colcon_ws/ORB_SLAM3/include/MapPoint.h:23,
[68.771s]                  from /home/j/colcon_ws/ORB_SLAM3/include/FrameDrawer.h:24,
[68.771s]                  from /home/j/colcon_ws/ORB_SLAM3/include/Viewer.h:23,
[68.771s]                  from /home/j/colcon_ws/ORB_SLAM3/include/Tracking.h:26,
[68.771s]                  from /home/j/colcon_ws/ORB_SLAM3/include/System.h:31,
[68.771s]                  from /home/j/colcon_ws/src/orbslam3_ros2/src/monocular/monocular-slam-node.hpp:9,
[68.771s]                  from /home/j/colcon_ws/src/orbslam3_ros2/src/monocular/monocular-slam-node.cpp:1:
[68.771s] /usr/include/eigen3/Eigen/src/Core/util/Constants.h:167:37: note: declared here
[68.771s]   167 | EIGEN_DEPRECATED const unsigned int AlignedBit = 0x80;
[68.771s]       |                                     ^~~~~~~~~~
[68.772s] In file included from /home/j/colcon_ws/ORB_SLAM3/Thirdparty/g2o/g2o/types/types_six_dof_expmap.h:37,
[68.772s]                  from /home/j/colcon_ws/ORB_SLAM3/include/Converter.h:26,
[68.772s]                  from /home/j/colcon_ws/ORB_SLAM3/include/Frame.h:33,
[68.772s]                  from /home/j/colcon_ws/ORB_SLAM3/include/KeyFrame.h:28,
[68.772s]                  from /home/j/colcon_ws/ORB_SLAM3/include/MapPoint.h:23,
[68.772s]                  from /home/j/colcon_ws/ORB_SLAM3/include/FrameDrawer.h:24,
[68.772s]                  from /home/j/colcon_ws/ORB_SLAM3/include/Viewer.h:23,
[68.772s]                  from /home/j/colcon_ws/ORB_SLAM3/include/Tracking.h:26,
[68.772s]                  from /home/j/colcon_ws/ORB_SLAM3/include/System.h:31,
[68.772s]                  from /home/j/colcon_ws/src/orbslam3_ros2/src/rgbd/rgbd-slam-node.hpp:18,
[68.772s]                  from /home/j/colcon_ws/src/orbslam3_ros2/src/rgbd/rgbd-slam-node.cpp:1:
[68.772s] /home/j/colcon_ws/ORB_SLAM3/Thirdparty/g2o/g2o/types/../core/base_vertex.h: At global scope:
[68.772s] /home/j/colcon_ws/ORB_SLAM3/Thirdparty/g2o/g2o/types/../core/base_vertex.h:62:74: warning: ‘Eigen::AlignedBit’ is deprecated [-Wdeprecated-declarations]
[68.772s]    62 |     typedef Eigen::Map<Matrix<double, D, D>, Matrix<double,D,D>::Flags & AlignedBit ? Aligned : Unaligned >  HessianBlockType;
[68.772s]       |                                                                          ^~~~~~~~~~
[68.772s] In file included from /usr/include/eigen3/Eigen/Core:161,
[68.772s]                  from /usr/include/eigen3/Eigen/LU:11,
[68.772s]                  from /home/j/colcon_ws/ORB_SLAM3/Thirdparty/Sophus/sophus/so2.hpp:12,
[68.772s]                  from /home/j/colcon_ws/ORB_SLAM3/Thirdparty/Sophus/sophus/se2.hpp:7,
[68.772s]                  from /home/j/colcon_ws/ORB_SLAM3/Thirdparty/Sophus/sophus/geometry.hpp:7,
[68.772s]                  from /home/j/colcon_ws/ORB_SLAM3/include/Frame.h:28,
[68.772s]                  from /home/j/colcon_ws/ORB_SLAM3/include/KeyFrame.h:28,
[68.772s]                  from /home/j/colcon_ws/ORB_SLAM3/include/MapPoint.h:23,
[68.772s]                  from /home/j/colcon_ws/ORB_SLAM3/include/FrameDrawer.h:24,
[68.772s]                  from /home/j/colcon_ws/ORB_SLAM3/include/Viewer.h:23,
[68.772s]                  from /home/j/colcon_ws/ORB_SLAM3/include/Tracking.h:26,
[68.772s]                  from /home/j/colcon_ws/ORB_SLAM3/include/System.h:31,
[68.773s]                  from /home/j/colcon_ws/src/orbslam3_ros2/src/rgbd/rgbd-slam-node.hpp:18,
[68.773s]                  from /home/j/colcon_ws/src/orbslam3_ros2/src/rgbd/rgbd-slam-node.cpp:1:
[68.773s] /usr/include/eigen3/Eigen/src/Core/util/Constants.h:167:37: note: declared here
[68.773s]   167 | EIGEN_DEPRECATED const unsigned int AlignedBit = 0x80;
[68.773s]       |                                     ^~~~~~~~~~
[68.781s] In file included from /home/j/colcon_ws/ORB_SLAM3/Thirdparty/g2o/g2o/types/types_six_dof_expmap.h:38,
[68.781s]                  from /home/j/colcon_ws/ORB_SLAM3/include/Converter.h:26,
[68.781s]                  from /home/j/colcon_ws/ORB_SLAM3/include/Frame.h:33,
[68.781s]                  from /home/j/colcon_ws/ORB_SLAM3/include/KeyFrame.h:28,
[68.781s]                  from /home/j/colcon_ws/ORB_SLAM3/include/MapPoint.h:23,
[68.781s]                  from /home/j/colcon_ws/ORB_SLAM3/include/FrameDrawer.h:24,
[68.781s]                  from /home/j/colcon_ws/ORB_SLAM3/include/Viewer.h:23,
[68.781s]                  from /home/j/colcon_ws/ORB_SLAM3/include/Tracking.h:26,
[68.782s]                  from /home/j/colcon_ws/ORB_SLAM3/include/System.h:31,
[68.782s]                  from /home/j/colcon_ws/src/orbslam3_ros2/src/monocular/monocular-slam-node.hpp:9,
[68.782s]                  from /home/j/colcon_ws/src/orbslam3_ros2/src/monocular/monocular-slam-node.cpp:1:
[68.782s] /home/j/colcon_ws/ORB_SLAM3/Thirdparty/g2o/g2o/types/../core/base_binary_edge.h:59:82: warning: ‘Eigen::AlignedBit’ is deprecated [-Wdeprecated-declarations]
[68.782s]    59 | Map<Matrix<double, Di, Dj>, Matrix<double, Di, Dj>::Flags & AlignedBit ? Aligned : Unaligned > HessianBlockType;
[68.782s]       |                                                             ^~~~~~~~~~
[68.782s] 
[68.782s] In file included from /usr/include/eigen3/Eigen/Core:161,
[68.782s]                  from /usr/include/eigen3/Eigen/LU:11,
[68.782s]                  from /home/j/colcon_ws/ORB_SLAM3/Thirdparty/Sophus/sophus/so2.hpp:12,
[68.782s]                  from /home/j/colcon_ws/ORB_SLAM3/Thirdparty/Sophus/sophus/se2.hpp:7,
[68.782s]                  from /home/j/colcon_ws/ORB_SLAM3/Thirdparty/Sophus/sophus/geometry.hpp:7,
[68.782s]                  from /home/j/colcon_ws/ORB_SLAM3/include/Frame.h:28,
[68.782s]                  from /home/j/colcon_ws/ORB_SLAM3/include/KeyFrame.h:28,
[68.782s]                  from /home/j/colcon_ws/ORB_SLAM3/include/MapPoint.h:23,
[68.782s]                  from /home/j/colcon_ws/ORB_SLAM3/include/FrameDrawer.h:24,
[68.782s]                  from /home/j/colcon_ws/ORB_SLAM3/include/Viewer.h:23,
[68.782s]                  from /home/j/colcon_ws/ORB_SLAM3/include/Tracking.h:26,
[68.782s]                  from /home/j/colcon_ws/ORB_SLAM3/include/System.h:31,
[68.782s]                  from /home/j/colcon_ws/src/orbslam3_ros2/src/monocular/monocular-slam-node.hpp:9,
[68.782s]                  from /home/j/colcon_ws/src/orbslam3_ros2/src/monocular/monocular-slam-node.cpp:1:
[68.782s] /usr/include/eigen3/Eigen/src/Core/util/Constants.h:167:37: note: declared here
[68.782s]   167 | EIGEN_DEPRECATED const unsigned int AlignedBit = 0x80;
[68.782s]       |                                     ^~~~~~~~~~
[68.782s] In file included from /home/j/colcon_ws/ORB_SLAM3/Thirdparty/g2o/g2o/types/types_six_dof_expmap.h:38,
[68.782s]                  from /home/j/colcon_ws/ORB_SLAM3/include/Converter.h:26,
[68.782s]                  from /home/j/colcon_ws/ORB_SLAM3/include/Frame.h:33,
[68.782s]                  from /home/j/colcon_ws/ORB_SLAM3/include/KeyFrame.h:28,
[68.782s]                  from /home/j/colcon_ws/ORB_SLAM3/include/MapPoint.h:23,
[68.782s]                  from /home/j/colcon_ws/ORB_SLAM3/include/FrameDrawer.h:24,
[68.782s]                  from /home/j/colcon_ws/ORB_SLAM3/include/Viewer.h:23,
[68.782s]                  from /home/j/colcon_ws/ORB_SLAM3/include/Tracking.h:26,
[68.782s]                  from /home/j/colcon_ws/ORB_SLAM3/include/System.h:31,
[68.782s]                  from /home/j/colcon_ws/src/orbslam3_ros2/src/monocular/monocular-slam-node.hpp:9,
[68.782s]                  from /home/j/colcon_ws/src/orbslam3_ros2/src/monocular/monocular-slam-node.cpp:1:
[68.782s] /home/j/colcon_ws/ORB_SLAM3/Thirdparty/g2o/g2o/types/../core/base_binary_edge.h:60:82: warning: ‘Eigen::AlignedBit’ is deprecated [-Wdeprecated-declarations]
[68.782s]    60 | Map<Matrix<double, Dj, Di>, Matrix<double, Dj, Di>::Flags & AlignedBit ? Aligned : Unaligned > HessianBlockTransposedType;
[68.782s]       |                                                             ^~~~~~~~~~
[68.782s] 
[68.782s] In file included from /usr/include/eigen3/Eigen/Core:161,
[68.782s]                  from /usr/include/eigen3/Eigen/LU:11,
[68.782s]                  from /home/j/colcon_ws/ORB_SLAM3/Thirdparty/Sophus/sophus/so2.hpp:12,
[68.782s]                  from /home/j/colcon_ws/ORB_SLAM3/Thirdparty/Sophus/sophus/se2.hpp:7,
[68.782s]                  from /home/j/colcon_ws/ORB_SLAM3/Thirdparty/Sophus/sophus/geometry.hpp:7,
[68.782s]                  from /home/j/colcon_ws/ORB_SLAM3/include/Frame.h:28,
[68.782s]                  from /home/j/colcon_ws/ORB_SLAM3/include/KeyFrame.h:28,
[68.782s]                  from /home/j/colcon_ws/ORB_SLAM3/include/MapPoint.h:23,
[68.782s]                  from /home/j/colcon_ws/ORB_SLAM3/include/FrameDrawer.h:24,
[68.783s]                  from /home/j/colcon_ws/ORB_SLAM3/include/Viewer.h:23,
[68.783s]                  from /home/j/colcon_ws/ORB_SLAM3/include/Tracking.h:26,
[68.783s]                  from /home/j/colcon_ws/ORB_SLAM3/include/System.h:31,
[68.783s]                  from /home/j/colcon_ws/src/orbslam3_ros2/src/monocular/monocular-slam-node.hpp:9,
[68.783s]                  from /home/j/colcon_ws/src/orbslam3_ros2/src/monocular/monocular-slam-node.cpp:1:
[68.783s] /usr/include/eigen3/Eigen/src/Core/util/Constants.h:167:37: note: declared here
[68.783s]   167 | EIGEN_DEPRECATED const unsigned int AlignedBit = 0x80;
[68.783s]       |                                     ^~~~~~~~~~
[68.783s] In file included from /home/j/colcon_ws/ORB_SLAM3/Thirdparty/g2o/g2o/types/types_six_dof_expmap.h:38,
[68.783s]                  from /home/j/colcon_ws/ORB_SLAM3/include/Converter.h:26,
[68.783s]                  from /home/j/colcon_ws/ORB_SLAM3/include/Frame.h:33,
[68.783s]                  from /home/j/colcon_ws/ORB_SLAM3/include/KeyFrame.h:28,
[68.783s]                  from /home/j/colcon_ws/ORB_SLAM3/include/MapPoint.h:23,
[68.783s]                  from /home/j/colcon_ws/ORB_SLAM3/include/FrameDrawer.h:24,
[68.783s]                  from /home/j/colcon_ws/ORB_SLAM3/include/Viewer.h:23,
[68.783s]                  from /home/j/colcon_ws/ORB_SLAM3/include/Tracking.h:26,
[68.783s]                  from /home/j/colcon_ws/ORB_SLAM3/include/System.h:31,
[68.783s]                  from /home/j/colcon_ws/src/orbslam3_ros2/src/rgbd/rgbd-slam-node.hpp:18,
[68.783s]                  from /home/j/colcon_ws/src/orbslam3_ros2/src/rgbd/rgbd-slam-node.cpp:1:
[68.783s] /home/j/colcon_ws/ORB_SLAM3/Thirdparty/g2o/g2o/types/../core/base_binary_edge.h:59:82: warning: ‘Eigen::AlignedBit’ is deprecated [-Wdeprecated-declarations]
[68.783s]    59 |       typedef Eigen::Map<Matrix<double, Di, Dj>, Matrix<double, Di, Dj>::Flags & AlignedBit ? Aligned : Unaligned > HessianBlockType;
[68.783s]       |                                                                                  ^~~~~~~~~~
[68.783s] In file included from /usr/include/eigen3/Eigen/Core:161,
[68.783s]                  from /usr/include/eigen3/Eigen/LU:11,
[68.783s]                  from /home/j/colcon_ws/ORB_SLAM3/Thirdparty/Sophus/sophus/so2.hpp:12,
[68.783s]                  from /home/j/colcon_ws/ORB_SLAM3/Thirdparty/Sophus/sophus/se2.hpp:7,
[68.783s]                  from /home/j/colcon_ws/ORB_SLAM3/Thirdparty/Sophus/sophus/geometry.hpp:7,
[68.783s]                  from /home/j/colcon_ws/ORB_SLAM3/include/Frame.h:28,
[68.783s]                  from /home/j/colcon_ws/ORB_SLAM3/include/KeyFrame.h:28,
[68.783s]                  from /home/j/colcon_ws/ORB_SLAM3/include/MapPoint.h:23,
[68.783s]                  from /home/j/colcon_ws/ORB_SLAM3/include/FrameDrawer.h:24,
[68.783s]                  from /home/j/colcon_ws/ORB_SLAM3/include/Viewer.h:23,
[68.783s]                  from /home/j/colcon_ws/ORB_SLAM3/include/Tracking.h:26,
[68.783s]                  from /home/j/colcon_ws/ORB_SLAM3/include/System.h:31,
[68.783s]                  from /home/j/colcon_ws/src/orbslam3_ros2/src/rgbd/rgbd-slam-node.hpp:18,
[68.783s]                  from /home/j/colcon_ws/src/orbslam3_ros2/src/rgbd/rgbd-slam-node.cpp:1:
[68.783s] /usr/include/eigen3/Eigen/src/Core/util/Constants.h:167:37: note: declared here
[68.783s]   167 | EIGEN_DEPRECATED const unsigned int AlignedBit = 0x80;
[68.784s]       |                                     ^~~~~~~~~~
[68.784s] In file included from /home/j/colcon_ws/ORB_SLAM3/Thirdparty/g2o/g2o/types/types_six_dof_expmap.h:38,
[68.784s]                  from /home/j/colcon_ws/ORB_SLAM3/include/Converter.h:26,
[68.784s]                  from /home/j/colcon_ws/ORB_SLAM3/include/Frame.h:33,
[68.784s]                  from /home/j/colcon_ws/ORB_SLAM3/include/KeyFrame.h:28,
[68.784s]                  from /home/j/colcon_ws/ORB_SLAM3/include/MapPoint.h:23,
[68.784s]                  from /home/j/colcon_ws/ORB_SLAM3/include/FrameDrawer.h:24,
[68.784s]                  from /home/j/colcon_ws/ORB_SLAM3/include/Viewer.h:23,
[68.784s]                  from /home/j/colcon_ws/ORB_SLAM3/include/Tracking.h:26,
[68.784s]                  from /home/j/colcon_ws/ORB_SLAM3/include/System.h:31,
[68.784s]                  from /home/j/colcon_ws/src/orbslam3_ros2/src/rgbd/rgbd-slam-node.hpp:18,
[68.784s]                  from /home/j/colcon_ws/src/orbslam3_ros2/src/rgbd/rgbd-slam-node.cpp:1:
[68.784s] /home/j/colcon_ws/ORB_SLAM3/Thirdparty/g2o/g2o/types/../core/base_binary_edge.h:60:82: warning: ‘Eigen::AlignedBit’ is deprecated [-Wdeprecated-declarations]
[68.784s]    60 |       typedef Eigen::Map<Matrix<double, Dj, Di>, Matrix<double, Dj, Di>::Flags & AlignedBit ? Aligned : Unaligned > HessianBlockTransposedType;
[68.784s]       |                                                                                  ^~~~~~~~~~
[68.784s] In file included from /usr/include/eigen3/Eigen/Core:161,
[68.784s]                  from /usr/include/eigen3/Eigen/LU:11,
[68.784s]                  from /home/j/colcon_ws/ORB_SLAM3/Thirdparty/Sophus/sophus/so2.hpp:12,
[68.784s]                  from /home/j/colcon_ws/ORB_SLAM3/Thirdparty/Sophus/sophus/se2.hpp:7,
[68.784s]                  from /home/j/colcon_ws/ORB_SLAM3/Thirdparty/Sophus/sophus/geometry.hpp:7,
[68.784s]                  from /home/j/colcon_ws/ORB_SLAM3/include/Frame.h:28,
[68.784s]                  from /home/j/colcon_ws/ORB_SLAM3/include/KeyFrame.h:28,
[68.784s]                  from /home/j/colcon_ws/ORB_SLAM3/include/MapPoint.h:23,
[68.784s]                  from /home/j/colcon_ws/ORB_SLAM3/include/FrameDrawer.h:24,
[68.784s]                  from /home/j/colcon_ws/ORB_SLAM3/include/Viewer.h:23,
[68.784s]                  from /home/j/colcon_ws/ORB_SLAM3/include/Tracking.h:26,
[68.784s]                  from /home/j/colcon_ws/ORB_SLAM3/include/System.h:31,
[68.784s]                  from /home/j/colcon_ws/src/orbslam3_ros2/src/rgbd/rgbd-slam-node.hpp:18,
[68.784s]                  from /home/j/colcon_ws/src/orbslam3_ros2/src/rgbd/rgbd-slam-node.cpp:1:
[68.784s] /usr/include/eigen3/Eigen/src/Core/util/Constants.h:167:37: note: declared here
[68.784s]   167 | EIGEN_DEPRECATED const unsigned int AlignedBit = 0x80;
[68.784s]       |                                     ^~~~~~~~~~
[68.803s] In file included from /home/j/colcon_ws/ORB_SLAM3/Thirdparty/g2o/g2o/types/types_six_dof_expmap.h:41,
[68.803s]                  from /home/j/colcon_ws/ORB_SLAM3/include/Converter.h:26,
[68.803s]                  from /home/j/colcon_ws/ORB_SLAM3/include/Frame.h:33,
[68.803s]                  from /home/j/colcon_ws/ORB_SLAM3/include/KeyFrame.h:28,
[68.803s]                  from /home/j/colcon_ws/ORB_SLAM3/include/MapPoint.h:23,
[68.804s]                  from /home/j/colcon_ws/ORB_SLAM3/include/FrameDrawer.h:24,
[68.804s]                  from /home/j/colcon_ws/ORB_SLAM3/include/Viewer.h:23,
[68.804s]                  from /home/j/colcon_ws/ORB_SLAM3/include/Tracking.h:26,
[68.804s]                  from /home/j/colcon_ws/ORB_SLAM3/include/System.h:31,
[68.804s]                  from /home/j/colcon_ws/src/orbslam3_ros2/src/monocular/monocular-slam-node.hpp:9,
[68.804s]                  from /home/j/colcon_ws/src/orbslam3_ros2/src/monocular/monocular-slam-node.cpp:1:
[68.804s] /home/j/colcon_ws/ORB_SLAM3/Thirdparty/g2o/g2o/types/se3quat.h:43:38: warning: extra ‘;’ [-Wpedantic]
[68.804s]    43 |       EIGEN_MAKE_ALIGNED_OPERATOR_NEW;
[68.804s]       |                                      ^
[68.804s]       |                                      -
[68.805s] In file included from /home/j/colcon_ws/ORB_SLAM3/Thirdparty/g2o/g2o/types/types_six_dof_expmap.h:41,
[68.805s]                  from /home/j/colcon_ws/ORB_SLAM3/include/Converter.h:26,
[68.805s]                  from /home/j/colcon_ws/ORB_SLAM3/include/Frame.h:33,
[68.805s]                  from /home/j/colcon_ws/ORB_SLAM3/include/KeyFrame.h:28,
[68.805s]                  from /home/j/colcon_ws/ORB_SLAM3/include/MapPoint.h:23,
[68.805s]                  from /home/j/colcon_ws/ORB_SLAM3/include/FrameDrawer.h:24,
[68.805s]                  from /home/j/colcon_ws/ORB_SLAM3/include/Viewer.h:23,
[68.805s]                  from /home/j/colcon_ws/ORB_SLAM3/include/Tracking.h:26,
[68.805s]                  from /home/j/colcon_ws/ORB_SLAM3/include/System.h:31,
[68.805s]                  from /home/j/colcon_ws/src/orbslam3_ros2/src/rgbd/rgbd-slam-node.hpp:18,
[68.805s]                  from /home/j/colcon_ws/src/orbslam3_ros2/src/rgbd/rgbd-slam-node.cpp:1:
[68.805s] /home/j/colcon_ws/ORB_SLAM3/Thirdparty/g2o/g2o/types/se3quat.h:43:38: warning: extra ‘;’ [-Wpedantic]
[68.805s]    43 |       EIGEN_MAKE_ALIGNED_OPERATOR_NEW;
[68.805s]       |                                      ^
[68.805s]       |                                      -
[68.985s] In file included from /home/j/colcon_ws/ORB_SLAM3/Thirdparty/g2o/g2o/types/types_six_dof_expmap.h:37,
[68.985s]                  from /home/j/colcon_ws/ORB_SLAM3/include/Converter.h:26,
[68.985s]                  from /home/j/colcon_ws/ORB_SLAM3/include/Frame.h:33,
[68.985s]                  from /home/j/colcon_ws/ORB_SLAM3/include/KeyFrame.h:28,
[68.985s]                  from /home/j/colcon_ws/ORB_SLAM3/include/MapPoint.h:23,
[68.985s]                  from /home/j/colcon_ws/ORB_SLAM3/include/FrameDrawer.h:24,
[68.985s]                  from /home/j/colcon_ws/ORB_SLAM3/include/Viewer.h:23,
[68.985s]                  from /home/j/colcon_ws/ORB_SLAM3/include/Tracking.h:26,
[68.985s]                  from /home/j/colcon_ws/ORB_SLAM3/include/System.h:31,
[68.985s]                  from /home/j/colcon_ws/src/orbslam3_ros2/src/monocular/monocular-slam-node.hpp:9,
[68.985s]                  from /home/j/colcon_ws/src/orbslam3_ros2/src/monocular/monocular-slam-node.cpp:1:
[68.985s] /home/j/colcon_ws/ORB_SLAM3/Thirdparty/g2o/g2o/types/../core/base_vertex.h: In instantiation of ‘class g2o::BaseVertex<3, Eigen::Matrix<double, 3, 1> >’:
[68.985s] /home/j/colcon_ws/ORB_SLAM3/Thirdparty/g2o/g2o/types/types_sba.h:40:35:   required from here
[68.985s] /home/j/colcon_ws/ORB_SLAM3/Thirdparty/g2o/g2o/types/../core/base_vertex.h:62:72: warning: ‘Eigen::AlignedBit’ is deprecated [-Wdeprecated-declarations]
[68.985s]    62 |  Eigen::Map<Matrix<double, D, D>, Matrix<double,D,D>::Flags & AlignedBit ? Aligned : Unaligned >  HessianBlockType;
[68.985s]       |                                                       ~~~~~~^~~~~~~~~~~~
[68.985s] 
[68.985s] In file included from /usr/include/eigen3/Eigen/Core:161,
[68.985s]                  from /usr/include/eigen3/Eigen/LU:11,
[68.985s]                  from /home/j/colcon_ws/ORB_SLAM3/Thirdparty/Sophus/sophus/so2.hpp:12,
[68.985s]                  from /home/j/colcon_ws/ORB_SLAM3/Thirdparty/Sophus/sophus/se2.hpp:7,
[68.985s]                  from /home/j/colcon_ws/ORB_SLAM3/Thirdparty/Sophus/sophus/geometry.hpp:7,
[68.985s]                  from /home/j/colcon_ws/ORB_SLAM3/include/Frame.h:28,
[68.985s]                  from /home/j/colcon_ws/ORB_SLAM3/include/KeyFrame.h:28,
[68.985s]                  from /home/j/colcon_ws/ORB_SLAM3/include/MapPoint.h:23,
[68.986s]                  from /home/j/colcon_ws/ORB_SLAM3/include/FrameDrawer.h:24,
[68.986s]                  from /home/j/colcon_ws/ORB_SLAM3/include/Viewer.h:23,
[68.986s]                  from /home/j/colcon_ws/ORB_SLAM3/include/Tracking.h:26,
[68.986s]                  from /home/j/colcon_ws/ORB_SLAM3/include/System.h:31,
[68.986s]                  from /home/j/colcon_ws/src/orbslam3_ros2/src/monocular/monocular-slam-node.hpp:9,
[68.986s]                  from /home/j/colcon_ws/src/orbslam3_ros2/src/monocular/monocular-slam-node.cpp:1:
[68.986s] /usr/include/eigen3/Eigen/src/Core/util/Constants.h:167:37: note: declared here
[68.986s]   167 | EIGEN_DEPRECATED const unsigned int AlignedBit = 0x80;
[68.986s]       |                                     ^~~~~~~~~~
[68.987s] In file included from /home/j/colcon_ws/ORB_SLAM3/Thirdparty/g2o/g2o/types/types_six_dof_expmap.h:37,
[68.987s]                  from /home/j/colcon_ws/ORB_SLAM3/include/Converter.h:26,
[68.987s]                  from /home/j/colcon_ws/ORB_SLAM3/include/Frame.h:33,
[68.987s]                  from /home/j/colcon_ws/ORB_SLAM3/include/KeyFrame.h:28,
[68.987s]                  from /home/j/colcon_ws/ORB_SLAM3/include/MapPoint.h:23,
[68.987s]                  from /home/j/colcon_ws/ORB_SLAM3/include/FrameDrawer.h:24,
[68.987s]                  from /home/j/colcon_ws/ORB_SLAM3/include/Viewer.h:23,
[68.987s]                  from /home/j/colcon_ws/ORB_SLAM3/include/Tracking.h:26,
[68.987s]                  from /home/j/colcon_ws/ORB_SLAM3/include/System.h:31,
[68.987s]                  from /home/j/colcon_ws/src/orbslam3_ros2/src/rgbd/rgbd-slam-node.hpp:18,
[68.987s]                  from /home/j/colcon_ws/src/orbslam3_ros2/src/rgbd/rgbd-slam-node.cpp:1:
[68.987s] /home/j/colcon_ws/ORB_SLAM3/Thirdparty/g2o/g2o/types/../core/base_vertex.h: In instantiation of ‘class g2o::BaseVertex<3, Eigen::Matrix<double, 3, 1> >’:
[68.987s] /home/j/colcon_ws/ORB_SLAM3/Thirdparty/g2o/g2o/types/types_sba.h:40:35:   required from here
[68.987s] /home/j/colcon_ws/ORB_SLAM3/Thirdparty/g2o/g2o/types/../core/base_vertex.h:62:72: warning: ‘Eigen::AlignedBit’ is deprecated [-Wdeprecated-declarations]
[68.987s]    62 |     typedef Eigen::Map<Matrix<double, D, D>, Matrix<double,D,D>::Flags & AlignedBit ? Aligned : Unaligned >  HessianBlockType;
[68.987s]       |                                                                  ~~~~~~^~~~~~~~~~~~
[68.987s] In file included from /usr/include/eigen3/Eigen/Core:161,
[68.987s]                  from /usr/include/eigen3/Eigen/LU:11,
[68.988s]                  from /home/j/colcon_ws/ORB_SLAM3/Thirdparty/Sophus/sophus/so2.hpp:12,
[68.988s]                  from /home/j/colcon_ws/ORB_SLAM3/Thirdparty/Sophus/sophus/se2.hpp:7,
[68.988s]                  from /home/j/colcon_ws/ORB_SLAM3/Thirdparty/Sophus/sophus/geometry.hpp:7,
[68.988s]                  from /home/j/colcon_ws/ORB_SLAM3/include/Frame.h:28,
[68.988s]                  from /home/j/colcon_ws/ORB_SLAM3/include/KeyFrame.h:28,
[68.988s]                  from /home/j/colcon_ws/ORB_SLAM3/include/MapPoint.h:23,
[68.988s]                  from /home/j/colcon_ws/ORB_SLAM3/include/FrameDrawer.h:24,
[68.988s]                  from /home/j/colcon_ws/ORB_SLAM3/include/Viewer.h:23,
[68.988s]                  from /home/j/colcon_ws/ORB_SLAM3/include/Tracking.h:26,
[68.988s]                  from /home/j/colcon_ws/ORB_SLAM3/include/System.h:31,
[68.988s]                  from /home/j/colcon_ws/src/orbslam3_ros2/src/rgbd/rgbd-slam-node.hpp:18,
[68.988s]                  from /home/j/colcon_ws/src/orbslam3_ros2/src/rgbd/rgbd-slam-node.cpp:1:
[68.988s] /usr/include/eigen3/Eigen/src/Core/util/Constants.h:167:37: note: declared here
[68.988s]   167 | EIGEN_DEPRECATED const unsigned int AlignedBit = 0x80;
[68.988s]       |                                     ^~~~~~~~~~
[68.999s] In file included from /home/j/colcon_ws/ORB_SLAM3/Thirdparty/g2o/g2o/types/types_six_dof_expmap.h:37,
[68.999s]                  from /home/j/colcon_ws/ORB_SLAM3/include/Converter.h:26,
[68.999s]                  from /home/j/colcon_ws/ORB_SLAM3/include/Frame.h:33,
[68.999s]                  from /home/j/colcon_ws/ORB_SLAM3/include/KeyFrame.h:28,
[68.999s]                  from /home/j/colcon_ws/ORB_SLAM3/include/MapPoint.h:23,
[68.999s]                  from /home/j/colcon_ws/ORB_SLAM3/include/FrameDrawer.h:24,
[68.999s]                  from /home/j/colcon_ws/ORB_SLAM3/include/Viewer.h:23,
[68.999s]                  from /home/j/colcon_ws/ORB_SLAM3/include/Tracking.h:26,
[68.999s]                  from /home/j/colcon_ws/ORB_SLAM3/include/System.h:31,
[68.999s]                  from /home/j/colcon_ws/src/orbslam3_ros2/src/monocular/monocular-slam-node.hpp:9,
[68.999s]                  from /home/j/colcon_ws/src/orbslam3_ros2/src/monocular/monocular-slam-node.cpp:1:
[68.999s] /home/j/colcon_ws/ORB_SLAM3/Thirdparty/g2o/g2o/types/../core/base_vertex.h: In instantiation of ‘class g2o::BaseVertex<6, g2o::SE3Quat>’:
[68.999s] /home/j/colcon_ws/ORB_SLAM3/Thirdparty/g2o/g2o/types/types_six_dof_expmap.h:59:33:   required from here
[68.999s] /home/j/colcon_ws/ORB_SLAM3/Thirdparty/g2o/g2o/types/../core/base_vertex.h:62:72: warning: ‘Eigen::AlignedBit’ is deprecated [-Wdeprecated-declarations]
[68.999s]    62 |  Eigen::Map<Matrix<double, D, D>, Matrix<double,D,D>::Flags & AlignedBit ? Aligned : Unaligned >  HessianBlockType;
[68.999s]       |                                                       ~~~~~~^~~~~~~~~~~~
[68.999s] 
[68.999s] In file included from /usr/include/eigen3/Eigen/Core:161,
[68.999s]                  from /usr/include/eigen3/Eigen/LU:11,
[68.999s]                  from /home/j/colcon_ws/ORB_SLAM3/Thirdparty/Sophus/sophus/so2.hpp:12,
[68.999s]                  from /home/j/colcon_ws/ORB_SLAM3/Thirdparty/Sophus/sophus/se2.hpp:7,
[68.999s]                  from /home/j/colcon_ws/ORB_SLAM3/Thirdparty/Sophus/sophus/geometry.hpp:7,
[68.999s]                  from /home/j/colcon_ws/ORB_SLAM3/include/Frame.h:28,
[68.999s]                  from /home/j/colcon_ws/ORB_SLAM3/include/KeyFrame.h:28,
[68.999s]                  from /home/j/colcon_ws/ORB_SLAM3/include/MapPoint.h:23,
[68.999s]                  from /home/j/colcon_ws/ORB_SLAM3/include/FrameDrawer.h:24,
[68.999s]                  from /home/j/colcon_ws/ORB_SLAM3/include/Viewer.h:23,
[68.999s]                  from /home/j/colcon_ws/ORB_SLAM3/include/Tracking.h:26,
[68.999s]                  from /home/j/colcon_ws/ORB_SLAM3/include/System.h:31,
[68.999s]                  from /home/j/colcon_ws/src/orbslam3_ros2/src/monocular/monocular-slam-node.hpp:9,
[68.999s]                  from /home/j/colcon_ws/src/orbslam3_ros2/src/monocular/monocular-slam-node.cpp:1:
[68.999s] /usr/include/eigen3/Eigen/src/Core/util/Constants.h:167:37: note: declared here
[68.999s]   167 | EIGEN_DEPRECATED const unsigned int AlignedBit = 0x80;
[68.999s]       |                                     ^~~~~~~~~~
[69.001s] In file included from /home/j/colcon_ws/ORB_SLAM3/Thirdparty/g2o/g2o/types/types_six_dof_expmap.h:37,
[69.001s]                  from /home/j/colcon_ws/ORB_SLAM3/include/Converter.h:26,
[69.001s]                  from /home/j/colcon_ws/ORB_SLAM3/include/Frame.h:33,
[69.001s]                  from /home/j/colcon_ws/ORB_SLAM3/include/KeyFrame.h:28,
[69.001s]                  from /home/j/colcon_ws/ORB_SLAM3/include/MapPoint.h:23,
[69.001s]                  from /home/j/colcon_ws/ORB_SLAM3/include/FrameDrawer.h:24,
[69.001s]                  from /home/j/colcon_ws/ORB_SLAM3/include/Viewer.h:23,
[69.001s]                  from /home/j/colcon_ws/ORB_SLAM3/include/Tracking.h:26,
[69.001s]                  from /home/j/colcon_ws/ORB_SLAM3/include/System.h:31,
[69.001s]                  from /home/j/colcon_ws/src/orbslam3_ros2/src/rgbd/rgbd-slam-node.hpp:18,
[69.001s]                  from /home/j/colcon_ws/src/orbslam3_ros2/src/rgbd/rgbd-slam-node.cpp:1:
[69.001s] /home/j/colcon_ws/ORB_SLAM3/Thirdparty/g2o/g2o/types/../core/base_vertex.h: In instantiation of ‘class g2o::BaseVertex<6, g2o::SE3Quat>’:
[69.001s] /home/j/colcon_ws/ORB_SLAM3/Thirdparty/g2o/g2o/types/types_six_dof_expmap.h:59:33:   required from here
[69.001s] /home/j/colcon_ws/ORB_SLAM3/Thirdparty/g2o/g2o/types/../core/base_vertex.h:62:72: warning: ‘Eigen::AlignedBit’ is deprecated [-Wdeprecated-declarations]
[69.001s]    62 |     typedef Eigen::Map<Matrix<double, D, D>, Matrix<double,D,D>::Flags & AlignedBit ? Aligned : Unaligned >  HessianBlockType;
[69.001s]       |                                                                  ~~~~~~^~~~~~~~~~~~
[69.001s] In file included from /usr/include/eigen3/Eigen/Core:161,
[69.001s]                  from /usr/include/eigen3/Eigen/LU:11,
[69.001s]                  from /home/j/colcon_ws/ORB_SLAM3/Thirdparty/Sophus/sophus/so2.hpp:12,
[69.001s]                  from /home/j/colcon_ws/ORB_SLAM3/Thirdparty/Sophus/sophus/se2.hpp:7,
[69.001s]                  from /home/j/colcon_ws/ORB_SLAM3/Thirdparty/Sophus/sophus/geometry.hpp:7,
[69.001s]                  from /home/j/colcon_ws/ORB_SLAM3/include/Frame.h:28,
[69.001s]                  from /home/j/colcon_ws/ORB_SLAM3/include/KeyFrame.h:28,
[69.001s]                  from /home/j/colcon_ws/ORB_SLAM3/include/MapPoint.h:23,
[69.001s]                  from /home/j/colcon_ws/ORB_SLAM3/include/FrameDrawer.h:24,
[69.001s]                  from /home/j/colcon_ws/ORB_SLAM3/include/Viewer.h:23,
[69.002s]                  from /home/j/colcon_ws/ORB_SLAM3/include/Tracking.h:26,
[69.002s]                  from /home/j/colcon_ws/ORB_SLAM3/include/System.h:31,
[69.002s]                  from /home/j/colcon_ws/src/orbslam3_ros2/src/rgbd/rgbd-slam-node.hpp:18,
[69.002s]                  from /home/j/colcon_ws/src/orbslam3_ros2/src/rgbd/rgbd-slam-node.cpp:1:
[69.002s] /usr/include/eigen3/Eigen/src/Core/util/Constants.h:167:37: note: declared here
[69.002s]   167 | EIGEN_DEPRECATED const unsigned int AlignedBit = 0x80;
[69.002s]       |                                     ^~~~~~~~~~
[69.013s] In file included from /home/j/colcon_ws/ORB_SLAM3/Thirdparty/g2o/g2o/types/types_six_dof_expmap.h:38,
[69.013s]                  from /home/j/colcon_ws/ORB_SLAM3/include/Converter.h:26,
[69.013s]                  from /home/j/colcon_ws/ORB_SLAM3/include/Frame.h:33,
[69.013s]                  from /home/j/colcon_ws/ORB_SLAM3/include/KeyFrame.h:28,
[69.013s]                  from /home/j/colcon_ws/ORB_SLAM3/include/MapPoint.h:23,
[69.013s]                  from /home/j/colcon_ws/ORB_SLAM3/include/FrameDrawer.h:24,
[69.013s]                  from /home/j/colcon_ws/ORB_SLAM3/include/Viewer.h:23,
[69.013s]                  from /home/j/colcon_ws/ORB_SLAM3/include/Tracking.h:26,
[69.013s]                  from /home/j/colcon_ws/ORB_SLAM3/include/System.h:31,
[69.013s]                  from /home/j/colcon_ws/src/orbslam3_ros2/src/monocular/monocular-slam-node.hpp:9,
[69.013s]                  from /home/j/colcon_ws/src/orbslam3_ros2/src/monocular/monocular-slam-node.cpp:1:
[69.013s] /home/j/colcon_ws/ORB_SLAM3/Thirdparty/g2o/g2o/types/../core/base_binary_edge.h: In instantiation of ‘class g2o::BaseBinaryEdge<6, g2o::SE3Quat, g2o::VertexSE3Expmap, g2o::VertexSE3Expmap>’:
[69.013s] /home/j/colcon_ws/ORB_SLAM3/Thirdparty/g2o/g2o/types/types_six_dof_expmap.h:83:24:   required from here
[69.013s] /home/j/colcon_ws/ORB_SLAM3/Thirdparty/g2o/g2o/types/../core/base_binary_edge.h:59:80: warning: ‘Eigen::AlignedBit’ is deprecated [-Wdeprecated-declarations]
[69.013s]    59 | ::Map<Matrix<double, Di, Dj>, Matrix<double, Di, Dj>::Flags & AlignedBit ? Aligned : Unaligned > HessianBlockType;
[69.013s]       |                                                       ~~~~~~^~~~~~~~~~~~
[69.013s] 
[69.013s] In file included from /usr/include/eigen3/Eigen/Core:161,
[69.013s]                  from /usr/include/eigen3/Eigen/LU:11,
[69.013s]                  from /home/j/colcon_ws/ORB_SLAM3/Thirdparty/Sophus/sophus/so2.hpp:12,
[69.013s]                  from /home/j/colcon_ws/ORB_SLAM3/Thirdparty/Sophus/sophus/se2.hpp:7,
[69.013s]                  from /home/j/colcon_ws/ORB_SLAM3/Thirdparty/Sophus/sophus/geometry.hpp:7,
[69.013s]                  from /home/j/colcon_ws/ORB_SLAM3/include/Frame.h:28,
[69.013s]                  from /home/j/colcon_ws/ORB_SLAM3/include/KeyFrame.h:28,
[69.013s]                  from /home/j/colcon_ws/ORB_SLAM3/include/MapPoint.h:23,
[69.013s]                  from /home/j/colcon_ws/ORB_SLAM3/include/FrameDrawer.h:24,
[69.013s]                  from /home/j/colcon_ws/ORB_SLAM3/include/Viewer.h:23,
[69.013s]                  from /home/j/colcon_ws/ORB_SLAM3/include/Tracking.h:26,
[69.013s]                  from /home/j/colcon_ws/ORB_SLAM3/include/System.h:31,
[69.013s]                  from /home/j/colcon_ws/src/orbslam3_ros2/src/monocular/monocular-slam-node.hpp:9,
[69.014s]                  from /home/j/colcon_ws/src/orbslam3_ros2/src/monocular/monocular-slam-node.cpp:1:
[69.014s] /usr/include/eigen3/Eigen/src/Core/util/Constants.h:167:37: note: declared here
[69.014s]   167 | EIGEN_DEPRECATED const unsigned int AlignedBit = 0x80;
[69.014s]       |                                     ^~~~~~~~~~
[69.014s] In file included from /home/j/colcon_ws/ORB_SLAM3/Thirdparty/g2o/g2o/types/types_six_dof_expmap.h:38,
[69.014s]                  from /home/j/colcon_ws/ORB_SLAM3/include/Converter.h:26,
[69.014s]                  from /home/j/colcon_ws/ORB_SLAM3/include/Frame.h:33,
[69.014s]                  from /home/j/colcon_ws/ORB_SLAM3/include/KeyFrame.h:28,
[69.014s]                  from /home/j/colcon_ws/ORB_SLAM3/include/MapPoint.h:23,
[69.014s]                  from /home/j/colcon_ws/ORB_SLAM3/include/FrameDrawer.h:24,
[69.014s]                  from /home/j/colcon_ws/ORB_SLAM3/include/Viewer.h:23,
[69.014s]                  from /home/j/colcon_ws/ORB_SLAM3/include/Tracking.h:26,
[69.014s]                  from /home/j/colcon_ws/ORB_SLAM3/include/System.h:31,
[69.014s]                  from /home/j/colcon_ws/src/orbslam3_ros2/src/monocular/monocular-slam-node.hpp:9,
[69.014s]                  from /home/j/colcon_ws/src/orbslam3_ros2/src/monocular/monocular-slam-node.cpp:1:
[69.014s] /home/j/colcon_ws/ORB_SLAM3/Thirdparty/g2o/g2o/types/../core/base_binary_edge.h:60:80: warning: ‘Eigen::AlignedBit’ is deprecated [-Wdeprecated-declarations]
[69.014s]    60 | ::Map<Matrix<double, Dj, Di>, Matrix<double, Dj, Di>::Flags & AlignedBit ? Aligned : Unaligned > HessianBlockTransposedType;
[69.014s]       |                                                       ~~~~~~^~~~~~~~~~~~
[69.014s] 
[69.014s] In file included from /usr/include/eigen3/Eigen/Core:161,
[69.014s]                  from /usr/include/eigen3/Eigen/LU:11,
[69.014s]                  from /home/j/colcon_ws/ORB_SLAM3/Thirdparty/Sophus/sophus/so2.hpp:12,
[69.014s]                  from /home/j/colcon_ws/ORB_SLAM3/Thirdparty/Sophus/sophus/se2.hpp:7,
[69.014s]                  from /home/j/colcon_ws/ORB_SLAM3/Thirdparty/Sophus/sophus/geometry.hpp:7,
[69.014s]                  from /home/j/colcon_ws/ORB_SLAM3/include/Frame.h:28,
[69.014s]                  from /home/j/colcon_ws/ORB_SLAM3/include/KeyFrame.h:28,
[69.014s]                  from /home/j/colcon_ws/ORB_SLAM3/include/MapPoint.h:23,
[69.014s]                  from /home/j/colcon_ws/ORB_SLAM3/include/FrameDrawer.h:24,
[69.014s]                  from /home/j/colcon_ws/ORB_SLAM3/include/Viewer.h:23,
[69.014s]                  from /home/j/colcon_ws/ORB_SLAM3/include/Tracking.h:26,
[69.014s]                  from /home/j/colcon_ws/ORB_SLAM3/include/System.h:31,
[69.014s]                  from /home/j/colcon_ws/src/orbslam3_ros2/src/monocular/monocular-slam-node.hpp:9,
[69.014s]                  from /home/j/colcon_ws/src/orbslam3_ros2/src/monocular/monocular-slam-node.cpp:1:
[69.014s] /usr/include/eigen3/Eigen/src/Core/util/Constants.h:167:37: note: declared here
[69.014s]   167 | EIGEN_DEPRECATED const unsigned int AlignedBit = 0x80;
[69.014s]       |                                     ^~~~~~~~~~
[69.015s] In file included from /home/j/colcon_ws/ORB_SLAM3/Thirdparty/g2o/g2o/types/types_six_dof_expmap.h:38,
[69.015s]                  from /home/j/colcon_ws/ORB_SLAM3/include/Converter.h:26,
[69.015s]                  from /home/j/colcon_ws/ORB_SLAM3/include/Frame.h:33,
[69.015s]                  from /home/j/colcon_ws/ORB_SLAM3/include/KeyFrame.h:28,
[69.015s]                  from /home/j/colcon_ws/ORB_SLAM3/include/MapPoint.h:23,
[69.015s]                  from /home/j/colcon_ws/ORB_SLAM3/include/FrameDrawer.h:24,
[69.015s]                  from /home/j/colcon_ws/ORB_SLAM3/include/Viewer.h:23,
[69.015s]                  from /home/j/colcon_ws/ORB_SLAM3/include/Tracking.h:26,
[69.015s]                  from /home/j/colcon_ws/ORB_SLAM3/include/System.h:31,
[69.015s]                  from /home/j/colcon_ws/src/orbslam3_ros2/src/rgbd/rgbd-slam-node.hpp:18,
[69.015s]                  from /home/j/colcon_ws/src/orbslam3_ros2/src/rgbd/rgbd-slam-node.cpp:1:
[69.015s] /home/j/colcon_ws/ORB_SLAM3/Thirdparty/g2o/g2o/types/../core/base_binary_edge.h: In instantiation of ‘class g2o::BaseBinaryEdge<6, g2o::SE3Quat, g2o::VertexSE3Expmap, g2o::VertexSE3Expmap>’:
[69.015s] /home/j/colcon_ws/ORB_SLAM3/Thirdparty/g2o/g2o/types/types_six_dof_expmap.h:83:24:   required from here
[69.015s] /home/j/colcon_ws/ORB_SLAM3/Thirdparty/g2o/g2o/types/../core/base_binary_edge.h:59:80: warning: ‘Eigen::AlignedBit’ is deprecated [-Wdeprecated-declarations]
[69.015s]    59 |       typedef Eigen::Map<Matrix<double, Di, Dj>, Matrix<double, Di, Dj>::Flags & AlignedBit ? Aligned : Unaligned > HessianBlockType;
[69.015s]       |                                                                          ~~~~~~^~~~~~~~~~~~
[69.015s] In file included from /usr/include/eigen3/Eigen/Core:161,
[69.015s]                  from /usr/include/eigen3/Eigen/LU:11,
[69.016s]                  from /home/j/colcon_ws/ORB_SLAM3/Thirdparty/Sophus/sophus/so2.hpp:12,
[69.016s]                  from /home/j/colcon_ws/ORB_SLAM3/Thirdparty/Sophus/sophus/se2.hpp:7,
[69.016s]                  from /home/j/colcon_ws/ORB_SLAM3/Thirdparty/Sophus/sophus/geometry.hpp:7,
[69.016s]                  from /home/j/colcon_ws/ORB_SLAM3/include/Frame.h:28,
[69.016s]                  from /home/j/colcon_ws/ORB_SLAM3/include/KeyFrame.h:28,
[69.016s]                  from /home/j/colcon_ws/ORB_SLAM3/include/MapPoint.h:23,
[69.016s]                  from /home/j/colcon_ws/ORB_SLAM3/include/FrameDrawer.h:24,
[69.016s]                  from /home/j/colcon_ws/ORB_SLAM3/include/Viewer.h:23,
[69.016s]                  from /home/j/colcon_ws/ORB_SLAM3/include/Tracking.h:26,
[69.016s]                  from /home/j/colcon_ws/ORB_SLAM3/include/System.h:31,
[69.016s]                  from /home/j/colcon_ws/src/orbslam3_ros2/src/rgbd/rgbd-slam-node.hpp:18,
[69.016s]                  from /home/j/colcon_ws/src/orbslam3_ros2/src/rgbd/rgbd-slam-node.cpp:1:
[69.016s] /usr/include/eigen3/Eigen/src/Core/util/Constants.h:167:37: note: declared here
[69.016s]   167 | EIGEN_DEPRECATED const unsigned int AlignedBit = 0x80;
[69.016s]       |                                     ^~~~~~~~~~
[69.016s] In file included from /home/j/colcon_ws/ORB_SLAM3/Thirdparty/g2o/g2o/types/types_six_dof_expmap.h:38,
[69.016s]                  from /home/j/colcon_ws/ORB_SLAM3/include/Converter.h:26,
[69.016s]                  from /home/j/colcon_ws/ORB_SLAM3/include/Frame.h:33,
[69.016s]                  from /home/j/colcon_ws/ORB_SLAM3/include/KeyFrame.h:28,
[69.016s]                  from /home/j/colcon_ws/ORB_SLAM3/include/MapPoint.h:23,
[69.016s]                  from /home/j/colcon_ws/ORB_SLAM3/include/FrameDrawer.h:24,
[69.016s]                  from /home/j/colcon_ws/ORB_SLAM3/include/Viewer.h:23,
[69.016s]                  from /home/j/colcon_ws/ORB_SLAM3/include/Tracking.h:26,
[69.016s]                  from /home/j/colcon_ws/ORB_SLAM3/include/System.h:31,
[69.016s]                  from /home/j/colcon_ws/src/orbslam3_ros2/src/rgbd/rgbd-slam-node.hpp:18,
[69.016s]                  from /home/j/colcon_ws/src/orbslam3_ros2/src/rgbd/rgbd-slam-node.cpp:1:
[69.016s] /home/j/colcon_ws/ORB_SLAM3/Thirdparty/g2o/g2o/types/../core/base_binary_edge.h:60:80: warning: ‘Eigen::AlignedBit’ is deprecated [-Wdeprecated-declarations]
[69.016s]    60 |       typedef Eigen::Map<Matrix<double, Dj, Di>, Matrix<double, Dj, Di>::Flags & AlignedBit ? Aligned : Unaligned > HessianBlockTransposedType;
[69.016s]       |                                                                          ~~~~~~^~~~~~~~~~~~
[69.016s] In file included from /usr/include/eigen3/Eigen/Core:161,
[69.016s]                  from /usr/include/eigen3/Eigen/LU:11,
[69.016s]                  from /home/j/colcon_ws/ORB_SLAM3/Thirdparty/Sophus/sophus/so2.hpp:12,
[69.016s]                  from /home/j/colcon_ws/ORB_SLAM3/Thirdparty/Sophus/sophus/se2.hpp:7,
[69.016s]                  from /home/j/colcon_ws/ORB_SLAM3/Thirdparty/Sophus/sophus/geometry.hpp:7,
[69.016s]                  from /home/j/colcon_ws/ORB_SLAM3/include/Frame.h:28,
[69.016s]                  from /home/j/colcon_ws/ORB_SLAM3/include/KeyFrame.h:28,
[69.016s]                  from /home/j/colcon_ws/ORB_SLAM3/include/MapPoint.h:23,
[69.016s]                  from /home/j/colcon_ws/ORB_SLAM3/include/FrameDrawer.h:24,
[69.016s]                  from /home/j/colcon_ws/ORB_SLAM3/include/Viewer.h:23,
[69.016s]                  from /home/j/colcon_ws/ORB_SLAM3/include/Tracking.h:26,
[69.016s]                  from /home/j/colcon_ws/ORB_SLAM3/include/System.h:31,
[69.016s]                  from /home/j/colcon_ws/src/orbslam3_ros2/src/rgbd/rgbd-slam-node.hpp:18,
[69.016s]                  from /home/j/colcon_ws/src/orbslam3_ros2/src/rgbd/rgbd-slam-node.cpp:1:
[69.016s] /usr/include/eigen3/Eigen/src/Core/util/Constants.h:167:37: note: declared here
[69.016s]   167 | EIGEN_DEPRECATED const unsigned int AlignedBit = 0x80;
[69.016s]       |                                     ^~~~~~~~~~
[69.047s] In file included from /home/j/colcon_ws/ORB_SLAM3/Thirdparty/g2o/g2o/types/types_six_dof_expmap.h:38,
[69.047s]                  from /home/j/colcon_ws/ORB_SLAM3/include/Converter.h:26,
[69.047s]                  from /home/j/colcon_ws/ORB_SLAM3/include/Frame.h:33,
[69.047s]                  from /home/j/colcon_ws/ORB_SLAM3/include/KeyFrame.h:28,
[69.047s]                  from /home/j/colcon_ws/ORB_SLAM3/include/MapPoint.h:23,
[69.047s]                  from /home/j/colcon_ws/ORB_SLAM3/include/FrameDrawer.h:24,
[69.047s]                  from /home/j/colcon_ws/ORB_SLAM3/include/Viewer.h:23,
[69.047s]                  from /home/j/colcon_ws/ORB_SLAM3/include/Tracking.h:26,
[69.047s]                  from /home/j/colcon_ws/ORB_SLAM3/include/System.h:31,
[69.047s]                  from /home/j/colcon_ws/src/orbslam3_ros2/src/monocular/monocular-slam-node.hpp:9,
[69.047s]                  from /home/j/colcon_ws/src/orbslam3_ros2/src/monocular/monocular-slam-node.cpp:1:
[69.047s] /home/j/colcon_ws/ORB_SLAM3/Thirdparty/g2o/g2o/types/../core/base_binary_edge.h: In instantiation of ‘class g2o::BaseBinaryEdge<2, Eigen::Matrix<double, 2, 1>, g2o::VertexSBAPointXYZ, g2o::VertexSE3Expmap>’:
[69.047s] /home/j/colcon_ws/ORB_SLAM3/Thirdparty/g2o/g2o/types/types_six_dof_expmap.h:114:35:   required from here
[69.047s] /home/j/colcon_ws/ORB_SLAM3/Thirdparty/g2o/g2o/types/../core/base_binary_edge.h:59:80: warning: ‘Eigen::AlignedBit’ is deprecated [-Wdeprecated-declarations]
[69.047s]    59 | ::Map<Matrix<double, Di, Dj>, Matrix<double, Di, Dj>::Flags & AlignedBit ? Aligned : Unaligned > HessianBlockType;
[69.047s]       |                                                       ~~~~~~^~~~~~~~~~~~
[69.047s] 
[69.047s] In file included from /usr/include/eigen3/Eigen/Core:161,
[69.047s]                  from /usr/include/eigen3/Eigen/LU:11,
[69.048s]                  from /home/j/colcon_ws/ORB_SLAM3/Thirdparty/Sophus/sophus/so2.hpp:12,
[69.048s]                  from /home/j/colcon_ws/ORB_SLAM3/Thirdparty/Sophus/sophus/se2.hpp:7,
[69.048s]                  from /home/j/colcon_ws/ORB_SLAM3/Thirdparty/Sophus/sophus/geometry.hpp:7,
[69.048s]                  from /home/j/colcon_ws/ORB_SLAM3/include/Frame.h:28,
[69.048s]                  from /home/j/colcon_ws/ORB_SLAM3/include/KeyFrame.h:28,
[69.048s]                  from /home/j/colcon_ws/ORB_SLAM3/include/MapPoint.h:23,
[69.048s]                  from /home/j/colcon_ws/ORB_SLAM3/include/FrameDrawer.h:24,
[69.048s]                  from /home/j/colcon_ws/ORB_SLAM3/include/Viewer.h:23,
[69.048s]                  from /home/j/colcon_ws/ORB_SLAM3/include/Tracking.h:26,
[69.048s]                  from /home/j/colcon_ws/ORB_SLAM3/include/System.h:31,
[69.048s]                  from /home/j/colcon_ws/src/orbslam3_ros2/src/monocular/monocular-slam-node.hpp:9,
[69.048s]                  from /home/j/colcon_ws/src/orbslam3_ros2/src/monocular/monocular-slam-node.cpp:1:
[69.048s] /usr/include/eigen3/Eigen/src/Core/util/Constants.h:167:37: note: declared here
[69.048s]   167 | EIGEN_DEPRECATED const unsigned int AlignedBit = 0x80;
[69.048s]       |                                     ^~~~~~~~~~
[69.050s] In file included from /home/j/colcon_ws/ORB_SLAM3/Thirdparty/g2o/g2o/types/types_six_dof_expmap.h:38,
[69.050s]                  from /home/j/colcon_ws/ORB_SLAM3/include/Converter.h:26,
[69.050s]                  from /home/j/colcon_ws/ORB_SLAM3/include/Frame.h:33,
[69.050s]                  from /home/j/colcon_ws/ORB_SLAM3/include/KeyFrame.h:28,
[69.050s]                  from /home/j/colcon_ws/ORB_SLAM3/include/MapPoint.h:23,
[69.050s]                  from /home/j/colcon_ws/ORB_SLAM3/include/FrameDrawer.h:24,
[69.050s]                  from /home/j/colcon_ws/ORB_SLAM3/include/Viewer.h:23,
[69.050s]                  from /home/j/colcon_ws/ORB_SLAM3/include/Tracking.h:26,
[69.050s]                  from /home/j/colcon_ws/ORB_SLAM3/include/System.h:31,
[69.050s]                  from /home/j/colcon_ws/src/orbslam3_ros2/src/rgbd/rgbd-slam-node.hpp:18,
[69.050s]                  from /home/j/colcon_ws/src/orbslam3_ros2/src/rgbd/rgbd-slam-node.cpp:1:
[69.050s] /home/j/colcon_ws/ORB_SLAM3/Thirdparty/g2o/g2o/types/../core/base_binary_edge.h: In instantiation of ‘class g2o::BaseBinaryEdge<2, Eigen::Matrix<double, 2, 1>, g2o::VertexSBAPointXYZ, g2o::VertexSE3Expmap>’:
[69.050s] /home/j/colcon_ws/ORB_SLAM3/Thirdparty/g2o/g2o/types/types_six_dof_expmap.h:114:35:   required from here
[69.050s] /home/j/colcon_ws/ORB_SLAM3/Thirdparty/g2o/g2o/types/../core/base_binary_edge.h:59:80: warning: ‘Eigen::AlignedBit’ is deprecated [-Wdeprecated-declarations]
[69.050s]    59 |       typedef Eigen::Map<Matrix<double, Di, Dj>, Matrix<double, Di, Dj>::Flags & AlignedBit ? Aligned : Unaligned > HessianBlockType;
[69.050s]       |                                                                          ~~~~~~^~~~~~~~~~~~
[69.050s] In file included from /usr/include/eigen3/Eigen/Core:161,
[69.050s]                  from /usr/include/eigen3/Eigen/LU:11,
[69.050s]                  from /home/j/colcon_ws/ORB_SLAM3/Thirdparty/Sophus/sophus/so2.hpp:12,
[69.050s]                  from /home/j/colcon_ws/ORB_SLAM3/Thirdparty/Sophus/sophus/se2.hpp:7,
[69.050s]                  from /home/j/colcon_ws/ORB_SLAM3/Thirdparty/Sophus/sophus/geometry.hpp:7,
[69.050s]                  from /home/j/colcon_ws/ORB_SLAM3/include/Frame.h:28,
[69.050s]                  from /home/j/colcon_ws/ORB_SLAM3/include/KeyFrame.h:28,
[69.050s]                  from /home/j/colcon_ws/ORB_SLAM3/include/MapPoint.h:23,
[69.050s]                  from /home/j/colcon_ws/ORB_SLAM3/include/FrameDrawer.h:24,
[69.050s]                  from /home/j/colcon_ws/ORB_SLAM3/include/Viewer.h:23,
[69.050s]                  from /home/j/colcon_ws/ORB_SLAM3/include/Tracking.h:26,
[69.050s]                  from /home/j/colcon_ws/ORB_SLAM3/include/System.h:31,
[69.050s]                  from /home/j/colcon_ws/src/orbslam3_ros2/src/rgbd/rgbd-slam-node.hpp:18,
[69.050s]                  from /home/j/colcon_ws/src/orbslam3_ros2/src/rgbd/rgbd-slam-node.cpp:1:
[69.050s] /usr/include/eigen3/Eigen/src/Core/util/Constants.h:167:37: note: declared here
[69.050s]   167 | EIGEN_DEPRECATED const unsigned int AlignedBit = 0x80;
[69.050s]       |                                     ^~~~~~~~~~
[69.054s] In file included from /home/j/colcon_ws/ORB_SLAM3/Thirdparty/g2o/g2o/types/types_six_dof_expmap.h:38,
[69.054s]                  from /home/j/colcon_ws/ORB_SLAM3/include/Converter.h:26,
[69.054s]                  from /home/j/colcon_ws/ORB_SLAM3/include/Frame.h:33,
[69.054s]                  from /home/j/colcon_ws/ORB_SLAM3/include/KeyFrame.h:28,
[69.054s]                  from /home/j/colcon_ws/ORB_SLAM3/include/MapPoint.h:23,
[69.054s]                  from /home/j/colcon_ws/ORB_SLAM3/include/FrameDrawer.h:24,
[69.054s]                  from /home/j/colcon_ws/ORB_SLAM3/include/Viewer.h:23,
[69.054s]                  from /home/j/colcon_ws/ORB_SLAM3/include/Tracking.h:26,
[69.054s]                  from /home/j/colcon_ws/ORB_SLAM3/include/System.h:31,
[69.054s]                  from /home/j/colcon_ws/src/orbslam3_ros2/src/monocular/monocular-slam-node.hpp:9,
[69.054s]                  from /home/j/colcon_ws/src/orbslam3_ros2/src/monocular/monocular-slam-node.cpp:1:
[69.054s] /home/j/colcon_ws/ORB_SLAM3/Thirdparty/g2o/g2o/types/../core/base_binary_edge.h:60:80: warning: ‘Eigen::AlignedBit’ is deprecated [-Wdeprecated-declarations]
[69.054s]    60 | ::Map<Matrix<double, Dj, Di>, Matrix<double, Dj, Di>::Flags & AlignedBit ? Aligned : Unaligned > HessianBlockTransposedType;
[69.054s]       |                                                       ~~~~~~^~~~~~~~~~~~
[69.054s] 
[69.054s] In file included from /usr/include/eigen3/Eigen/Core:161,
[69.054s]                  from /usr/include/eigen3/Eigen/LU:11,
[69.054s]                  from /home/j/colcon_ws/ORB_SLAM3/Thirdparty/Sophus/sophus/so2.hpp:12,
[69.054s]                  from /home/j/colcon_ws/ORB_SLAM3/Thirdparty/Sophus/sophus/se2.hpp:7,
[69.054s]                  from /home/j/colcon_ws/ORB_SLAM3/Thirdparty/Sophus/sophus/geometry.hpp:7,
[69.054s]                  from /home/j/colcon_ws/ORB_SLAM3/include/Frame.h:28,
[69.054s]                  from /home/j/colcon_ws/ORB_SLAM3/include/KeyFrame.h:28,
[69.054s]                  from /home/j/colcon_ws/ORB_SLAM3/include/MapPoint.h:23,
[69.055s]                  from /home/j/colcon_ws/ORB_SLAM3/include/FrameDrawer.h:24,
[69.055s]                  from /home/j/colcon_ws/ORB_SLAM3/include/Viewer.h:23,
[69.055s]                  from /home/j/colcon_ws/ORB_SLAM3/include/Tracking.h:26,
[69.055s]                  from /home/j/colcon_ws/ORB_SLAM3/include/System.h:31,
[69.055s]                  from /home/j/colcon_ws/src/orbslam3_ros2/src/monocular/monocular-slam-node.hpp:9,
[69.055s]                  from /home/j/colcon_ws/src/orbslam3_ros2/src/monocular/monocular-slam-node.cpp:1:
[69.055s] /usr/include/eigen3/Eigen/src/Core/util/Constants.h:167:37: note: declared here
[69.055s]   167 | EIGEN_DEPRECATED const unsigned int AlignedBit = 0x80;
[69.055s]       |                                     ^~~~~~~~~~
[69.057s] In file included from /home/j/colcon_ws/ORB_SLAM3/Thirdparty/g2o/g2o/types/types_six_dof_expmap.h:38,
[69.057s]                  from /home/j/colcon_ws/ORB_SLAM3/include/Converter.h:26,
[69.057s]                  from /home/j/colcon_ws/ORB_SLAM3/include/Frame.h:33,
[69.057s]                  from /home/j/colcon_ws/ORB_SLAM3/include/KeyFrame.h:28,
[69.057s]                  from /home/j/colcon_ws/ORB_SLAM3/include/MapPoint.h:23,
[69.057s]                  from /home/j/colcon_ws/ORB_SLAM3/include/FrameDrawer.h:24,
[69.057s]                  from /home/j/colcon_ws/ORB_SLAM3/include/Viewer.h:23,
[69.057s]                  from /home/j/colcon_ws/ORB_SLAM3/include/Tracking.h:26,
[69.057s]                  from /home/j/colcon_ws/ORB_SLAM3/include/System.h:31,
[69.057s]                  from /home/j/colcon_ws/src/orbslam3_ros2/src/rgbd/rgbd-slam-node.hpp:18,
[69.057s]                  from /home/j/colcon_ws/src/orbslam3_ros2/src/rgbd/rgbd-slam-node.cpp:1:
[69.057s] /home/j/colcon_ws/ORB_SLAM3/Thirdparty/g2o/g2o/types/../core/base_binary_edge.h:60:80: warning: ‘Eigen::AlignedBit’ is deprecated [-Wdeprecated-declarations]
[69.057s]    60 |       typedef Eigen::Map<Matrix<double, Dj, Di>, Matrix<double, Dj, Di>::Flags & AlignedBit ? Aligned : Unaligned > HessianBlockTransposedType;
[69.057s]       |                                                                          ~~~~~~^~~~~~~~~~~~
[69.057s] In file included from /usr/include/eigen3/Eigen/Core:161,
[69.057s]                  from /usr/include/eigen3/Eigen/LU:11,
[69.057s]                  from /home/j/colcon_ws/ORB_SLAM3/Thirdparty/Sophus/sophus/so2.hpp:12,
[69.057s]                  from /home/j/colcon_ws/ORB_SLAM3/Thirdparty/Sophus/sophus/se2.hpp:7,
[69.057s]                  from /home/j/colcon_ws/ORB_SLAM3/Thirdparty/Sophus/sophus/geometry.hpp:7,
[69.057s]                  from /home/j/colcon_ws/ORB_SLAM3/include/Frame.h:28,
[69.057s]                  from /home/j/colcon_ws/ORB_SLAM3/include/KeyFrame.h:28,
[69.057s]                  from /home/j/colcon_ws/ORB_SLAM3/include/MapPoint.h:23,
[69.057s]                  from /home/j/colcon_ws/ORB_SLAM3/include/FrameDrawer.h:24,
[69.057s]                  from /home/j/colcon_ws/ORB_SLAM3/include/Viewer.h:23,
[69.057s]                  from /home/j/colcon_ws/ORB_SLAM3/include/Tracking.h:26,
[69.057s]                  from /home/j/colcon_ws/ORB_SLAM3/include/System.h:31,
[69.057s]                  from /home/j/colcon_ws/src/orbslam3_ros2/src/rgbd/rgbd-slam-node.hpp:18,
[69.057s]                  from /home/j/colcon_ws/src/orbslam3_ros2/src/rgbd/rgbd-slam-node.cpp:1:
[69.057s] /usr/include/eigen3/Eigen/src/Core/util/Constants.h:167:37: note: declared here
[69.057s]   167 | EIGEN_DEPRECATED const unsigned int AlignedBit = 0x80;
[69.057s]       |                                     ^~~~~~~~~~
[69.084s] In file included from /home/j/colcon_ws/ORB_SLAM3/Thirdparty/g2o/g2o/types/types_six_dof_expmap.h:38,
[69.084s]                  from /home/j/colcon_ws/ORB_SLAM3/include/Converter.h:26,
[69.084s]                  from /home/j/colcon_ws/ORB_SLAM3/include/Frame.h:33,
[69.084s]                  from /home/j/colcon_ws/ORB_SLAM3/include/KeyFrame.h:28,
[69.084s]                  from /home/j/colcon_ws/ORB_SLAM3/include/MapPoint.h:23,
[69.084s]                  from /home/j/colcon_ws/ORB_SLAM3/include/FrameDrawer.h:24,
[69.084s]                  from /home/j/colcon_ws/ORB_SLAM3/include/Viewer.h:23,
[69.084s]                  from /home/j/colcon_ws/ORB_SLAM3/include/Tracking.h:26,
[69.084s]                  from /home/j/colcon_ws/ORB_SLAM3/include/System.h:31,
[69.084s]                  from /home/j/colcon_ws/src/orbslam3_ros2/src/monocular/monocular-slam-node.hpp:9,
[69.084s]                  from /home/j/colcon_ws/src/orbslam3_ros2/src/monocular/monocular-slam-node.cpp:1:
[69.084s] /home/j/colcon_ws/ORB_SLAM3/Thirdparty/g2o/g2o/types/../core/base_binary_edge.h: In instantiation of ‘class g2o::BaseBinaryEdge<3, Eigen::Matrix<double, 3, 1>, g2o::VertexSBAPointXYZ, g2o::VertexSE3Expmap>’:
[69.084s] /home/j/colcon_ws/ORB_SLAM3/Thirdparty/g2o/g2o/types/types_six_dof_expmap.h:146:41:   required from here
[69.084s] /home/j/colcon_ws/ORB_SLAM3/Thirdparty/g2o/g2o/types/../core/base_binary_edge.h:59:80: warning: ‘Eigen::AlignedBit’ is deprecated [-Wdeprecated-declarations]
[69.084s]    59 | ::Map<Matrix<double, Di, Dj>, Matrix<double, Di, Dj>::Flags & AlignedBit ? Aligned : Unaligned > HessianBlockType;
[69.084s]       |                                                       ~~~~~~^~~~~~~~~~~~
[69.084s] 
[69.084s] In file included from /usr/include/eigen3/Eigen/Core:161,
[69.084s]                  from /usr/include/eigen3/Eigen/LU:11,
[69.084s]                  from /home/j/colcon_ws/ORB_SLAM3/Thirdparty/Sophus/sophus/so2.hpp:12,
[69.084s]                  from /home/j/colcon_ws/ORB_SLAM3/Thirdparty/Sophus/sophus/se2.hpp:7,
[69.084s]                  from /home/j/colcon_ws/ORB_SLAM3/Thirdparty/Sophus/sophus/geometry.hpp:7,
[69.084s]                  from /home/j/colcon_ws/ORB_SLAM3/include/Frame.h:28,
[69.084s]                  from /home/j/colcon_ws/ORB_SLAM3/include/KeyFrame.h:28,
[69.084s]                  from /home/j/colcon_ws/ORB_SLAM3/include/MapPoint.h:23,
[69.084s]                  from /home/j/colcon_ws/ORB_SLAM3/include/FrameDrawer.h:24,
[69.084s]                  from /home/j/colcon_ws/ORB_SLAM3/include/Viewer.h:23,
[69.084s]                  from /home/j/colcon_ws/ORB_SLAM3/include/Tracking.h:26,
[69.084s]                  from /home/j/colcon_ws/ORB_SLAM3/include/System.h:31,
[69.084s]                  from /home/j/colcon_ws/src/orbslam3_ros2/src/monocular/monocular-slam-node.hpp:9,
[69.084s]                  from /home/j/colcon_ws/src/orbslam3_ros2/src/monocular/monocular-slam-node.cpp:1:
[69.084s] /usr/include/eigen3/Eigen/src/Core/util/Constants.h:167:37: note: declared here
[69.084s]   167 | EIGEN_DEPRECATED const unsigned int AlignedBit = 0x80;
[69.084s]       |                                     ^~~~~~~~~~
[69.084s] In file included from /home/j/colcon_ws/ORB_SLAM3/Thirdparty/g2o/g2o/types/types_six_dof_expmap.h:38,
[69.084s]                  from /home/j/colcon_ws/ORB_SLAM3/include/Converter.h:26,
[69.084s]                  from /home/j/colcon_ws/ORB_SLAM3/include/Frame.h:33,
[69.084s]                  from /home/j/colcon_ws/ORB_SLAM3/include/KeyFrame.h:28,
[69.084s]                  from /home/j/colcon_ws/ORB_SLAM3/include/MapPoint.h:23,
[69.085s]                  from /home/j/colcon_ws/ORB_SLAM3/include/FrameDrawer.h:24,
[69.085s]                  from /home/j/colcon_ws/ORB_SLAM3/include/Viewer.h:23,
[69.085s]                  from /home/j/colcon_ws/ORB_SLAM3/include/Tracking.h:26,
[69.085s]                  from /home/j/colcon_ws/ORB_SLAM3/include/System.h:31,
[69.085s]                  from /home/j/colcon_ws/src/orbslam3_ros2/src/monocular/monocular-slam-node.hpp:9,
[69.085s]                  from /home/j/colcon_ws/src/orbslam3_ros2/src/monocular/monocular-slam-node.cpp:1:
[69.085s] /home/j/colcon_ws/ORB_SLAM3/Thirdparty/g2o/g2o/types/../core/base_binary_edge.h:60:80: warning: ‘Eigen::AlignedBit’ is deprecated [-Wdeprecated-declarations]
[69.085s]    60 | ::Map<Matrix<double, Dj, Di>, Matrix<double, Dj, Di>::Flags & AlignedBit ? Aligned : Unaligned > HessianBlockTransposedType;
[69.085s]       |                                                       ~~~~~~^~~~~~~~~~~~
[69.085s] 
[69.085s] In file included from /usr/include/eigen3/Eigen/Core:161,
[69.085s]                  from /usr/include/eigen3/Eigen/LU:11,
[69.085s]                  from /home/j/colcon_ws/ORB_SLAM3/Thirdparty/Sophus/sophus/so2.hpp:12,
[69.085s]                  from /home/j/colcon_ws/ORB_SLAM3/Thirdparty/Sophus/sophus/se2.hpp:7,
[69.085s]                  from /home/j/colcon_ws/ORB_SLAM3/Thirdparty/Sophus/sophus/geometry.hpp:7,
[69.085s]                  from /home/j/colcon_ws/ORB_SLAM3/include/Frame.h:28,
[69.085s]                  from /home/j/colcon_ws/ORB_SLAM3/include/KeyFrame.h:28,
[69.085s]                  from /home/j/colcon_ws/ORB_SLAM3/include/MapPoint.h:23,
[69.085s]                  from /home/j/colcon_ws/ORB_SLAM3/include/FrameDrawer.h:24,
[69.085s]                  from /home/j/colcon_ws/ORB_SLAM3/include/Viewer.h:23,
[69.085s]                  from /home/j/colcon_ws/ORB_SLAM3/include/Tracking.h:26,
[69.085s]                  from /home/j/colcon_ws/ORB_SLAM3/include/System.h:31,
[69.085s]                  from /home/j/colcon_ws/src/orbslam3_ros2/src/monocular/monocular-slam-node.hpp:9,
[69.085s]                  from /home/j/colcon_ws/src/orbslam3_ros2/src/monocular/monocular-slam-node.cpp:1:
[69.085s] /usr/include/eigen3/Eigen/src/Core/util/Constants.h:167:37: note: declared here
[69.085s]   167 | EIGEN_DEPRECATED const unsigned int AlignedBit = 0x80;
[69.085s]       |                                     ^~~~~~~~~~
[69.085s] In file included from /home/j/colcon_ws/ORB_SLAM3/Thirdparty/g2o/g2o/types/types_six_dof_expmap.h:38,
[69.085s]                  from /home/j/colcon_ws/ORB_SLAM3/include/Converter.h:26,
[69.085s]                  from /home/j/colcon_ws/ORB_SLAM3/include/Frame.h:33,
[69.085s]                  from /home/j/colcon_ws/ORB_SLAM3/include/KeyFrame.h:28,
[69.085s]                  from /home/j/colcon_ws/ORB_SLAM3/include/MapPoint.h:23,
[69.085s]                  from /home/j/colcon_ws/ORB_SLAM3/include/FrameDrawer.h:24,
[69.085s]                  from /home/j/colcon_ws/ORB_SLAM3/include/Viewer.h:23,
[69.085s]                  from /home/j/colcon_ws/ORB_SLAM3/include/Tracking.h:26,
[69.085s]                  from /home/j/colcon_ws/ORB_SLAM3/include/System.h:31,
[69.085s]                  from /home/j/colcon_ws/src/orbslam3_ros2/src/rgbd/rgbd-slam-node.hpp:18,
[69.085s]                  from /home/j/colcon_ws/src/orbslam3_ros2/src/rgbd/rgbd-slam-node.cpp:1:
[69.086s] /home/j/colcon_ws/ORB_SLAM3/Thirdparty/g2o/g2o/types/../core/base_binary_edge.h: In instantiation of ‘class g2o::BaseBinaryEdge<3, Eigen::Matrix<double, 3, 1>, g2o::VertexSBAPointXYZ, g2o::VertexSE3Expmap>’:
[69.086s] /home/j/colcon_ws/ORB_SLAM3/Thirdparty/g2o/g2o/types/types_six_dof_expmap.h:146:41:   required from here
[69.086s] /home/j/colcon_ws/ORB_SLAM3/Thirdparty/g2o/g2o/types/../core/base_binary_edge.h:59:80: warning: ‘Eigen::AlignedBit’ is deprecated [-Wdeprecated-declarations]
[69.086s]    59 |       typedef Eigen::Map<Matrix<double, Di, Dj>, Matrix<double, Di, Dj>::Flags & AlignedBit ? Aligned : Unaligned > HessianBlockType;
[69.086s]       |                                                                          ~~~~~~^~~~~~~~~~~~
[69.086s] In file included from /usr/include/eigen3/Eigen/Core:161,
[69.086s]                  from /usr/include/eigen3/Eigen/LU:11,
[69.086s]                  from /home/j/colcon_ws/ORB_SLAM3/Thirdparty/Sophus/sophus/so2.hpp:12,
[69.086s]                  from /home/j/colcon_ws/ORB_SLAM3/Thirdparty/Sophus/sophus/se2.hpp:7,
[69.086s]                  from /home/j/colcon_ws/ORB_SLAM3/Thirdparty/Sophus/sophus/geometry.hpp:7,
[69.086s]                  from /home/j/colcon_ws/ORB_SLAM3/include/Frame.h:28,
[69.086s]                  from /home/j/colcon_ws/ORB_SLAM3/include/KeyFrame.h:28,
[69.086s]                  from /home/j/colcon_ws/ORB_SLAM3/include/MapPoint.h:23,
[69.086s]                  from /home/j/colcon_ws/ORB_SLAM3/include/FrameDrawer.h:24,
[69.086s]                  from /home/j/colcon_ws/ORB_SLAM3/include/Viewer.h:23,
[69.086s]                  from /home/j/colcon_ws/ORB_SLAM3/include/Tracking.h:26,
[69.086s]                  from /home/j/colcon_ws/ORB_SLAM3/include/System.h:31,
[69.086s]                  from /home/j/colcon_ws/src/orbslam3_ros2/src/rgbd/rgbd-slam-node.hpp:18,
[69.086s]                  from /home/j/colcon_ws/src/orbslam3_ros2/src/rgbd/rgbd-slam-node.cpp:1:
[69.086s] /usr/include/eigen3/Eigen/src/Core/util/Constants.h:167:37: note: declared here
[69.086s]   167 | EIGEN_DEPRECATED const unsigned int AlignedBit = 0x80;
[69.086s]       |                                     ^~~~~~~~~~
[69.086s] In file included from /home/j/colcon_ws/ORB_SLAM3/Thirdparty/g2o/g2o/types/types_six_dof_expmap.h:38,
[69.086s]                  from /home/j/colcon_ws/ORB_SLAM3/include/Converter.h:26,
[69.086s]                  from /home/j/colcon_ws/ORB_SLAM3/include/Frame.h:33,
[69.086s]                  from /home/j/colcon_ws/ORB_SLAM3/include/KeyFrame.h:28,
[69.086s]                  from /home/j/colcon_ws/ORB_SLAM3/include/MapPoint.h:23,
[69.086s]                  from /home/j/colcon_ws/ORB_SLAM3/include/FrameDrawer.h:24,
[69.086s]                  from /home/j/colcon_ws/ORB_SLAM3/include/Viewer.h:23,
[69.086s]                  from /home/j/colcon_ws/ORB_SLAM3/include/Tracking.h:26,
[69.086s]                  from /home/j/colcon_ws/ORB_SLAM3/include/System.h:31,
[69.086s]                  from /home/j/colcon_ws/src/orbslam3_ros2/src/rgbd/rgbd-slam-node.hpp:18,
[69.086s]                  from /home/j/colcon_ws/src/orbslam3_ros2/src/rgbd/rgbd-slam-node.cpp:1:
[69.086s] /home/j/colcon_ws/ORB_SLAM3/Thirdparty/g2o/g2o/types/../core/base_binary_edge.h:60:80: warning: ‘Eigen::AlignedBit’ is deprecated [-Wdeprecated-declarations]
[69.086s]    60 |       typedef Eigen::Map<Matrix<double, Dj, Di>, Matrix<double, Dj, Di>::Flags & AlignedBit ? Aligned : Unaligned > HessianBlockTransposedType;
[69.086s]       |                                                                          ~~~~~~^~~~~~~~~~~~
[69.086s] In file included from /usr/include/eigen3/Eigen/Core:161,
[69.086s]                  from /usr/include/eigen3/Eigen/LU:11,
[69.086s]                  from /home/j/colcon_ws/ORB_SLAM3/Thirdparty/Sophus/sophus/so2.hpp:12,
[69.086s]                  from /home/j/colcon_ws/ORB_SLAM3/Thirdparty/Sophus/sophus/se2.hpp:7,
[69.086s]                  from /home/j/colcon_ws/ORB_SLAM3/Thirdparty/Sophus/sophus/geometry.hpp:7,
[69.086s]                  from /home/j/colcon_ws/ORB_SLAM3/include/Frame.h:28,
[69.086s]                  from /home/j/colcon_ws/ORB_SLAM3/include/KeyFrame.h:28,
[69.086s]                  from /home/j/colcon_ws/ORB_SLAM3/include/MapPoint.h:23,
[69.086s]                  from /home/j/colcon_ws/ORB_SLAM3/include/FrameDrawer.h:24,
[69.086s]                  from /home/j/colcon_ws/ORB_SLAM3/include/Viewer.h:23,
[69.086s]                  from /home/j/colcon_ws/ORB_SLAM3/include/Tracking.h:26,
[69.086s]                  from /home/j/colcon_ws/ORB_SLAM3/include/System.h:31,
[69.087s]                  from /home/j/colcon_ws/src/orbslam3_ros2/src/rgbd/rgbd-slam-node.hpp:18,
[69.087s]                  from /home/j/colcon_ws/src/orbslam3_ros2/src/rgbd/rgbd-slam-node.cpp:1:
[69.087s] /usr/include/eigen3/Eigen/src/Core/util/Constants.h:167:37: note: declared here
[69.087s]   167 | EIGEN_DEPRECATED const unsigned int AlignedBit = 0x80;
[69.087s]       |                                     ^~~~~~~~~~
[69.185s] In file included from /home/j/colcon_ws/ORB_SLAM3/Thirdparty/g2o/g2o/types/types_six_dof_expmap.h:37,
[69.185s]                  from /home/j/colcon_ws/ORB_SLAM3/include/Converter.h:26,
[69.185s]                  from /home/j/colcon_ws/ORB_SLAM3/include/Frame.h:33,
[69.185s]                  from /home/j/colcon_ws/ORB_SLAM3/include/KeyFrame.h:28,
[69.185s]                  from /home/j/colcon_ws/ORB_SLAM3/include/MapPoint.h:23,
[69.185s]                  from /home/j/colcon_ws/ORB_SLAM3/include/FrameDrawer.h:24,
[69.185s]                  from /home/j/colcon_ws/ORB_SLAM3/include/Viewer.h:23,
[69.185s]                  from /home/j/colcon_ws/ORB_SLAM3/include/Tracking.h:26,
[69.185s]                  from /home/j/colcon_ws/ORB_SLAM3/include/System.h:31,
[69.185s]                  from /home/j/colcon_ws/src/orbslam3_ros2/src/monocular/monocular-slam-node.hpp:9,
[69.185s]                  from /home/j/colcon_ws/src/orbslam3_ros2/src/monocular/monocular-slam-node.cpp:1:
[69.185s] /home/j/colcon_ws/ORB_SLAM3/Thirdparty/g2o/g2o/types/../core/base_vertex.h: In instantiation of ‘class g2o::BaseVertex<7, g2o::Sim3>’:
[69.185s] /home/j/colcon_ws/ORB_SLAM3/Thirdparty/g2o/g2o/types/types_seven_dof_expmap.h:48:35:   required from here
[69.186s] /home/j/colcon_ws/ORB_SLAM3/Thirdparty/g2o/g2o/types/../core/base_vertex.h:62:72: warning: ‘Eigen::AlignedBit’ is deprecated [-Wdeprecated-declarations]
[69.186s]    62 |  Eigen::Map<Matrix<double, D, D>, Matrix<double,D,D>::Flags & AlignedBit ? Aligned : Unaligned >  HessianBlockType;
[69.186s]       |                                                       ~~~~~~^~~~~~~~~~~~
[69.186s] 
[69.186s] In file included from /usr/include/eigen3/Eigen/Core:161,
[69.186s]                  from /usr/include/eigen3/Eigen/LU:11,
[69.186s]                  from /home/j/colcon_ws/ORB_SLAM3/Thirdparty/Sophus/sophus/so2.hpp:12,
[69.186s]                  from /home/j/colcon_ws/ORB_SLAM3/Thirdparty/Sophus/sophus/se2.hpp:7,
[69.186s]                  from /home/j/colcon_ws/ORB_SLAM3/Thirdparty/Sophus/sophus/geometry.hpp:7,
[69.186s]                  from /home/j/colcon_ws/ORB_SLAM3/include/Frame.h:28,
[69.186s]                  from /home/j/colcon_ws/ORB_SLAM3/include/KeyFrame.h:28,
[69.186s]                  from /home/j/colcon_ws/ORB_SLAM3/include/MapPoint.h:23,
[69.186s]                  from /home/j/colcon_ws/ORB_SLAM3/include/FrameDrawer.h:24,
[69.186s]                  from /home/j/colcon_ws/ORB_SLAM3/include/Viewer.h:23,
[69.186s]                  from /home/j/colcon_ws/ORB_SLAM3/include/Tracking.h:26,
[69.186s]                  from /home/j/colcon_ws/ORB_SLAM3/include/System.h:31,
[69.186s]                  from /home/j/colcon_ws/src/orbslam3_ros2/src/monocular/monocular-slam-node.hpp:9,
[69.186s]                  from /home/j/colcon_ws/src/orbslam3_ros2/src/monocular/monocular-slam-node.cpp:1:
[69.186s] /usr/include/eigen3/Eigen/src/Core/util/Constants.h:167:37: note: declared here
[69.186s]   167 | EIGEN_DEPRECATED const unsigned int AlignedBit = 0x80;
[69.186s]       |                                     ^~~~~~~~~~
[69.186s] In file included from /home/j/colcon_ws/ORB_SLAM3/Thirdparty/g2o/g2o/types/types_six_dof_expmap.h:37,
[69.186s]                  from /home/j/colcon_ws/ORB_SLAM3/include/Converter.h:26,
[69.186s]                  from /home/j/colcon_ws/ORB_SLAM3/include/Frame.h:33,
[69.186s]                  from /home/j/colcon_ws/ORB_SLAM3/include/KeyFrame.h:28,
[69.186s]                  from /home/j/colcon_ws/ORB_SLAM3/include/MapPoint.h:23,
[69.186s]                  from /home/j/colcon_ws/ORB_SLAM3/include/FrameDrawer.h:24,
[69.186s]                  from /home/j/colcon_ws/ORB_SLAM3/include/Viewer.h:23,
[69.186s]                  from /home/j/colcon_ws/ORB_SLAM3/include/Tracking.h:26,
[69.186s]                  from /home/j/colcon_ws/ORB_SLAM3/include/System.h:31,
[69.186s]                  from /home/j/colcon_ws/src/orbslam3_ros2/src/rgbd/rgbd-slam-node.hpp:18,
[69.186s]                  from /home/j/colcon_ws/src/orbslam3_ros2/src/rgbd/rgbd-slam-node.cpp:1:
[69.186s] /home/j/colcon_ws/ORB_SLAM3/Thirdparty/g2o/g2o/types/../core/base_vertex.h: In instantiation of ‘class g2o::BaseVertex<7, g2o::Sim3>’:
[69.186s] /home/j/colcon_ws/ORB_SLAM3/Thirdparty/g2o/g2o/types/types_seven_dof_expmap.h:48:35:   required from here
[69.186s] /home/j/colcon_ws/ORB_SLAM3/Thirdparty/g2o/g2o/types/../core/base_vertex.h:62:72: warning: ‘Eigen::AlignedBit’ is deprecated [-Wdeprecated-declarations]
[69.186s]    62 |     typedef Eigen::Map<Matrix<double, D, D>, Matrix<double,D,D>::Flags & AlignedBit ? Aligned : Unaligned >  HessianBlockType;
[69.186s]       |                                                                  ~~~~~~^~~~~~~~~~~~
[69.186s] In file included from /usr/include/eigen3/Eigen/Core:161,
[69.186s]                  from /usr/include/eigen3/Eigen/LU:11,
[69.186s]                  from /home/j/colcon_ws/ORB_SLAM3/Thirdparty/Sophus/sophus/so2.hpp:12,
[69.186s]                  from /home/j/colcon_ws/ORB_SLAM3/Thirdparty/Sophus/sophus/se2.hpp:7,
[69.186s]                  from /home/j/colcon_ws/ORB_SLAM3/Thirdparty/Sophus/sophus/geometry.hpp:7,
[69.186s]                  from /home/j/colcon_ws/ORB_SLAM3/include/Frame.h:28,
[69.186s]                  from /home/j/colcon_ws/ORB_SLAM3/include/KeyFrame.h:28,
[69.186s]                  from /home/j/colcon_ws/ORB_SLAM3/include/MapPoint.h:23,
[69.186s]                  from /home/j/colcon_ws/ORB_SLAM3/include/FrameDrawer.h:24,
[69.186s]                  from /home/j/colcon_ws/ORB_SLAM3/include/Viewer.h:23,
[69.187s]                  from /home/j/colcon_ws/ORB_SLAM3/include/Tracking.h:26,
[69.187s]                  from /home/j/colcon_ws/ORB_SLAM3/include/System.h:31,
[69.187s]                  from /home/j/colcon_ws/src/orbslam3_ros2/src/rgbd/rgbd-slam-node.hpp:18,
[69.187s]                  from /home/j/colcon_ws/src/orbslam3_ros2/src/rgbd/rgbd-slam-node.cpp:1:
[69.187s] /usr/include/eigen3/Eigen/src/Core/util/Constants.h:167:37: note: declared here
[69.187s]   167 | EIGEN_DEPRECATED const unsigned int AlignedBit = 0x80;
[69.187s]       |                                     ^~~~~~~~~~
[69.201s] In file included from /home/j/colcon_ws/ORB_SLAM3/Thirdparty/g2o/g2o/types/types_six_dof_expmap.h:38,
[69.201s]                  from /home/j/colcon_ws/ORB_SLAM3/include/Converter.h:26,
[69.201s]                  from /home/j/colcon_ws/ORB_SLAM3/include/Frame.h:33,
[69.201s]                  from /home/j/colcon_ws/ORB_SLAM3/include/KeyFrame.h:28,
[69.201s]                  from /home/j/colcon_ws/ORB_SLAM3/include/MapPoint.h:23,
[69.201s]                  from /home/j/colcon_ws/ORB_SLAM3/include/FrameDrawer.h:24,
[69.201s]                  from /home/j/colcon_ws/ORB_SLAM3/include/Viewer.h:23,
[69.201s]                  from /home/j/colcon_ws/ORB_SLAM3/include/Tracking.h:26,
[69.202s]                  from /home/j/colcon_ws/ORB_SLAM3/include/System.h:31,
[69.202s]                  from /home/j/colcon_ws/src/orbslam3_ros2/src/monocular/monocular-slam-node.hpp:9,
[69.202s]                  from /home/j/colcon_ws/src/orbslam3_ros2/src/monocular/monocular-slam-node.cpp:1:
[69.202s] /home/j/colcon_ws/ORB_SLAM3/Thirdparty/g2o/g2o/types/../core/base_binary_edge.h: In instantiation of ‘class g2o::BaseBinaryEdge<7, g2o::Sim3, g2o::VertexSim3Expmap, g2o::VertexSim3Expmap>’:
[69.202s] /home/j/colcon_ws/ORB_SLAM3/Thirdparty/g2o/g2o/types/types_seven_dof_expmap.h:99:27:   required from here
[69.202s] /home/j/colcon_ws/ORB_SLAM3/Thirdparty/g2o/g2o/types/../core/base_binary_edge.h:59:80: warning: ‘Eigen::AlignedBit’ is deprecated [-Wdeprecated-declarations]
[69.202s]    59 | ::Map<Matrix<double, Di, Dj>, Matrix<double, Di, Dj>::Flags & AlignedBit ? Aligned : Unaligned > HessianBlockType;
[69.202s]       |                                                       ~~~~~~^~~~~~~~~~~~
[69.202s] 
[69.202s] In file included from /usr/include/eigen3/Eigen/Core:161,
[69.202s]                  from /usr/include/eigen3/Eigen/LU:11,
[69.202s]                  from /home/j/colcon_ws/ORB_SLAM3/Thirdparty/Sophus/sophus/so2.hpp:12,
[69.202s]                  from /home/j/colcon_ws/ORB_SLAM3/Thirdparty/Sophus/sophus/se2.hpp:7,
[69.202s]                  from /home/j/colcon_ws/ORB_SLAM3/Thirdparty/Sophus/sophus/geometry.hpp:7,
[69.202s]                  from /home/j/colcon_ws/ORB_SLAM3/include/Frame.h:28,
[69.202s]                  from /home/j/colcon_ws/ORB_SLAM3/include/KeyFrame.h:28,
[69.202s]                  from /home/j/colcon_ws/ORB_SLAM3/include/MapPoint.h:23,
[69.202s]                  from /home/j/colcon_ws/ORB_SLAM3/include/FrameDrawer.h:24,
[69.202s]                  from /home/j/colcon_ws/ORB_SLAM3/include/Viewer.h:23,
[69.202s]                  from /home/j/colcon_ws/ORB_SLAM3/include/Tracking.h:26,
[69.202s]                  from /home/j/colcon_ws/ORB_SLAM3/include/System.h:31,
[69.202s]                  from /home/j/colcon_ws/src/orbslam3_ros2/src/monocular/monocular-slam-node.hpp:9,
[69.202s]                  from /home/j/colcon_ws/src/orbslam3_ros2/src/monocular/monocular-slam-node.cpp:1:
[69.202s] /usr/include/eigen3/Eigen/src/Core/util/Constants.h:167:37: note: declared here
[69.202s]   167 | EIGEN_DEPRECATED const unsigned int AlignedBit = 0x80;
[69.202s]       |                                     ^~~~~~~~~~
[69.202s] In file included from /home/j/colcon_ws/ORB_SLAM3/Thirdparty/g2o/g2o/types/types_six_dof_expmap.h:38,
[69.202s]                  from /home/j/colcon_ws/ORB_SLAM3/include/Converter.h:26,
[69.202s]                  from /home/j/colcon_ws/ORB_SLAM3/include/Frame.h:33,
[69.202s]                  from /home/j/colcon_ws/ORB_SLAM3/include/KeyFrame.h:28,
[69.202s]                  from /home/j/colcon_ws/ORB_SLAM3/include/MapPoint.h:23,
[69.202s]                  from /home/j/colcon_ws/ORB_SLAM3/include/FrameDrawer.h:24,
[69.202s]                  from /home/j/colcon_ws/ORB_SLAM3/include/Viewer.h:23,
[69.202s]                  from /home/j/colcon_ws/ORB_SLAM3/include/Tracking.h:26,
[69.202s]                  from /home/j/colcon_ws/ORB_SLAM3/include/System.h:31,
[69.202s]                  from /home/j/colcon_ws/src/orbslam3_ros2/src/monocular/monocular-slam-node.hpp:9,
[69.202s]                  from /home/j/colcon_ws/src/orbslam3_ros2/src/monocular/monocular-slam-node.cpp:1:
[69.202s] /home/j/colcon_ws/ORB_SLAM3/Thirdparty/g2o/g2o/types/../core/base_binary_edge.h:60:80: warning: ‘Eigen::AlignedBit’ is deprecated [-Wdeprecated-declarations]
[69.202s]    60 | ::Map<Matrix<double, Dj, Di>, Matrix<double, Dj, Di>::Flags & AlignedBit ? Aligned : Unaligned > HessianBlockTransposedType;
[69.202s]       |                                                       ~~~~~~^~~~~~~~~~~~
[69.202s] 
[69.202s] In file included from /usr/include/eigen3/Eigen/Core:161,
[69.202s]                  from /usr/include/eigen3/Eigen/LU:11,
[69.202s]                  from /home/j/colcon_ws/ORB_SLAM3/Thirdparty/Sophus/sophus/so2.hpp:12,
[69.202s]                  from /home/j/colcon_ws/ORB_SLAM3/Thirdparty/Sophus/sophus/se2.hpp:7,
[69.202s]                  from /home/j/colcon_ws/ORB_SLAM3/Thirdparty/Sophus/sophus/geometry.hpp:7,
[69.202s]                  from /home/j/colcon_ws/ORB_SLAM3/include/Frame.h:28,
[69.203s]                  from /home/j/colcon_ws/ORB_SLAM3/include/KeyFrame.h:28,
[69.203s]                  from /home/j/colcon_ws/ORB_SLAM3/include/MapPoint.h:23,
[69.203s]                  from /home/j/colcon_ws/ORB_SLAM3/include/FrameDrawer.h:24,
[69.203s]                  from /home/j/colcon_ws/ORB_SLAM3/include/Viewer.h:23,
[69.203s]                  from /home/j/colcon_ws/ORB_SLAM3/include/Tracking.h:26,
[69.203s]                  from /home/j/colcon_ws/ORB_SLAM3/include/System.h:31,
[69.203s]                  from /home/j/colcon_ws/src/orbslam3_ros2/src/monocular/monocular-slam-node.hpp:9,
[69.203s]                  from /home/j/colcon_ws/src/orbslam3_ros2/src/monocular/monocular-slam-node.cpp:1:
[69.203s] /usr/include/eigen3/Eigen/src/Core/util/Constants.h:167:37: note: declared here
[69.203s]   167 | EIGEN_DEPRECATED const unsigned int AlignedBit = 0x80;
[69.203s]       |                                     ^~~~~~~~~~
[69.203s] In file included from /home/j/colcon_ws/ORB_SLAM3/Thirdparty/g2o/g2o/types/types_six_dof_expmap.h:38,
[69.203s]                  from /home/j/colcon_ws/ORB_SLAM3/include/Converter.h:26,
[69.203s]                  from /home/j/colcon_ws/ORB_SLAM3/include/Frame.h:33,
[69.203s]                  from /home/j/colcon_ws/ORB_SLAM3/include/KeyFrame.h:28,
[69.203s]                  from /home/j/colcon_ws/ORB_SLAM3/include/MapPoint.h:23,
[69.203s]                  from /home/j/colcon_ws/ORB_SLAM3/include/FrameDrawer.h:24,
[69.203s]                  from /home/j/colcon_ws/ORB_SLAM3/include/Viewer.h:23,
[69.203s]                  from /home/j/colcon_ws/ORB_SLAM3/include/Tracking.h:26,
[69.203s]                  from /home/j/colcon_ws/ORB_SLAM3/include/System.h:31,
[69.203s]                  from /home/j/colcon_ws/src/orbslam3_ros2/src/rgbd/rgbd-slam-node.hpp:18,
[69.203s]                  from /home/j/colcon_ws/src/orbslam3_ros2/src/rgbd/rgbd-slam-node.cpp:1:
[69.203s] /home/j/colcon_ws/ORB_SLAM3/Thirdparty/g2o/g2o/types/../core/base_binary_edge.h: In instantiation of ‘class g2o::BaseBinaryEdge<7, g2o::Sim3, g2o::VertexSim3Expmap, g2o::VertexSim3Expmap>’:
[69.203s] /home/j/colcon_ws/ORB_SLAM3/Thirdparty/g2o/g2o/types/types_seven_dof_expmap.h:99:27:   required from here
[69.203s] /home/j/colcon_ws/ORB_SLAM3/Thirdparty/g2o/g2o/types/../core/base_binary_edge.h:59:80: warning: ‘Eigen::AlignedBit’ is deprecated [-Wdeprecated-declarations]
[69.203s]    59 |       typedef Eigen::Map<Matrix<double, Di, Dj>, Matrix<double, Di, Dj>::Flags & AlignedBit ? Aligned : Unaligned > HessianBlockType;
[69.203s]       |                                                                          ~~~~~~^~~~~~~~~~~~
[69.203s] In file included from /usr/include/eigen3/Eigen/Core:161,
[69.203s]                  from /usr/include/eigen3/Eigen/LU:11,
[69.203s]                  from /home/j/colcon_ws/ORB_SLAM3/Thirdparty/Sophus/sophus/so2.hpp:12,
[69.203s]                  from /home/j/colcon_ws/ORB_SLAM3/Thirdparty/Sophus/sophus/se2.hpp:7,
[69.203s]                  from /home/j/colcon_ws/ORB_SLAM3/Thirdparty/Sophus/sophus/geometry.hpp:7,
[69.203s]                  from /home/j/colcon_ws/ORB_SLAM3/include/Frame.h:28,
[69.203s]                  from /home/j/colcon_ws/ORB_SLAM3/include/KeyFrame.h:28,
[69.203s]                  from /home/j/colcon_ws/ORB_SLAM3/include/MapPoint.h:23,
[69.203s]                  from /home/j/colcon_ws/ORB_SLAM3/include/FrameDrawer.h:24,
[69.203s]                  from /home/j/colcon_ws/ORB_SLAM3/include/Viewer.h:23,
[69.203s]                  from /home/j/colcon_ws/ORB_SLAM3/include/Tracking.h:26,
[69.203s]                  from /home/j/colcon_ws/ORB_SLAM3/include/System.h:31,
[69.203s]                  from /home/j/colcon_ws/src/orbslam3_ros2/src/rgbd/rgbd-slam-node.hpp:18,
[69.203s]                  from /home/j/colcon_ws/src/orbslam3_ros2/src/rgbd/rgbd-slam-node.cpp:1:
[69.203s] /usr/include/eigen3/Eigen/src/Core/util/Constants.h:167:37: note: declared here
[69.203s]   167 | EIGEN_DEPRECATED const unsigned int AlignedBit = 0x80;
[69.203s]       |                                     ^~~~~~~~~~
[69.203s] In file included from /home/j/colcon_ws/ORB_SLAM3/Thirdparty/g2o/g2o/types/types_six_dof_expmap.h:38,
[69.203s]                  from /home/j/colcon_ws/ORB_SLAM3/include/Converter.h:26,
[69.203s]                  from /home/j/colcon_ws/ORB_SLAM3/include/Frame.h:33,
[69.203s]                  from /home/j/colcon_ws/ORB_SLAM3/include/KeyFrame.h:28,
[69.203s]                  from /home/j/colcon_ws/ORB_SLAM3/include/MapPoint.h:23,
[69.204s]                  from /home/j/colcon_ws/ORB_SLAM3/include/FrameDrawer.h:24,
[69.204s]                  from /home/j/colcon_ws/ORB_SLAM3/include/Viewer.h:23,
[69.204s]                  from /home/j/colcon_ws/ORB_SLAM3/include/Tracking.h:26,
[69.204s]                  from /home/j/colcon_ws/ORB_SLAM3/include/System.h:31,
[69.204s]                  from /home/j/colcon_ws/src/orbslam3_ros2/src/rgbd/rgbd-slam-node.hpp:18,
[69.204s]                  from /home/j/colcon_ws/src/orbslam3_ros2/src/rgbd/rgbd-slam-node.cpp:1:
[69.204s] /home/j/colcon_ws/ORB_SLAM3/Thirdparty/g2o/g2o/types/../core/base_binary_edge.h:60:80: warning: ‘Eigen::AlignedBit’ is deprecated [-Wdeprecated-declarations]
[69.204s]    60 |       typedef Eigen::Map<Matrix<double, Dj, Di>, Matrix<double, Dj, Di>::Flags & AlignedBit ? Aligned : Unaligned > HessianBlockTransposedType;
[69.204s]       |                                                                          ~~~~~~^~~~~~~~~~~~
[69.204s] In file included from /usr/include/eigen3/Eigen/Core:161,
[69.204s]                  from /usr/include/eigen3/Eigen/LU:11,
[69.204s]                  from /home/j/colcon_ws/ORB_SLAM3/Thirdparty/Sophus/sophus/so2.hpp:12,
[69.204s]                  from /home/j/colcon_ws/ORB_SLAM3/Thirdparty/Sophus/sophus/se2.hpp:7,
[69.204s]                  from /home/j/colcon_ws/ORB_SLAM3/Thirdparty/Sophus/sophus/geometry.hpp:7,
[69.204s]                  from /home/j/colcon_ws/ORB_SLAM3/include/Frame.h:28,
[69.204s]                  from /home/j/colcon_ws/ORB_SLAM3/include/KeyFrame.h:28,
[69.204s]                  from /home/j/colcon_ws/ORB_SLAM3/include/MapPoint.h:23,
[69.204s]                  from /home/j/colcon_ws/ORB_SLAM3/include/FrameDrawer.h:24,
[69.204s]                  from /home/j/colcon_ws/ORB_SLAM3/include/Viewer.h:23,
[69.204s]                  from /home/j/colcon_ws/ORB_SLAM3/include/Tracking.h:26,
[69.204s]                  from /home/j/colcon_ws/ORB_SLAM3/include/System.h:31,
[69.204s]                  from /home/j/colcon_ws/src/orbslam3_ros2/src/rgbd/rgbd-slam-node.hpp:18,
[69.204s]                  from /home/j/colcon_ws/src/orbslam3_ros2/src/rgbd/rgbd-slam-node.cpp:1:
[69.204s] /usr/include/eigen3/Eigen/src/Core/util/Constants.h:167:37: note: declared here
[69.204s]   167 | EIGEN_DEPRECATED const unsigned int AlignedBit = 0x80;
[69.204s]       |                                     ^~~~~~~~~~
[69.223s] In file included from /home/j/colcon_ws/ORB_SLAM3/Thirdparty/g2o/g2o/types/types_six_dof_expmap.h:38,
[69.223s]                  from /home/j/colcon_ws/ORB_SLAM3/include/Converter.h:26,
[69.223s]                  from /home/j/colcon_ws/ORB_SLAM3/include/Frame.h:33,
[69.223s]                  from /home/j/colcon_ws/ORB_SLAM3/include/KeyFrame.h:28,
[69.223s]                  from /home/j/colcon_ws/ORB_SLAM3/include/MapPoint.h:23,
[69.223s]                  from /home/j/colcon_ws/ORB_SLAM3/include/FrameDrawer.h:24,
[69.223s]                  from /home/j/colcon_ws/ORB_SLAM3/include/Viewer.h:23,
[69.223s]                  from /home/j/colcon_ws/ORB_SLAM3/include/Tracking.h:26,
[69.223s]                  from /home/j/colcon_ws/ORB_SLAM3/include/System.h:31,
[69.223s]                  from /home/j/colcon_ws/src/orbslam3_ros2/src/monocular/monocular-slam-node.hpp:9,
[69.223s]                  from /home/j/colcon_ws/src/orbslam3_ros2/src/monocular/monocular-slam-node.cpp:1:
[69.223s] /home/j/colcon_ws/ORB_SLAM3/Thirdparty/g2o/g2o/types/../core/base_binary_edge.h: In instantiation of ‘class g2o::BaseBinaryEdge<2, Eigen::Matrix<double, 2, 1>, g2o::VertexSBAPointXYZ, g2o::VertexSim3Expmap>’:
[69.223s] /home/j/colcon_ws/ORB_SLAM3/Thirdparty/g2o/g2o/types/types_seven_dof_expmap.h:130:36:   required from here
[69.223s] /home/j/colcon_ws/ORB_SLAM3/Thirdparty/g2o/g2o/types/../core/base_binary_edge.h:59:80: warning: ‘Eigen::AlignedBit’ is deprecated [-Wdeprecated-declarations]
[69.223s]    59 | ::Map<Matrix<double, Di, Dj>, Matrix<double, Di, Dj>::Flags & AlignedBit ? Aligned : Unaligned > HessianBlockType;
[69.223s]       |                                                       ~~~~~~^~~~~~~~~~~~
[69.223s] 
[69.223s] In file included from /usr/include/eigen3/Eigen/Core:161,
[69.223s]                  from /usr/include/eigen3/Eigen/LU:11,
[69.223s]                  from /home/j/colcon_ws/ORB_SLAM3/Thirdparty/Sophus/sophus/so2.hpp:12,
[69.223s]                  from /home/j/colcon_ws/ORB_SLAM3/Thirdparty/Sophus/sophus/se2.hpp:7,
[69.223s]                  from /home/j/colcon_ws/ORB_SLAM3/Thirdparty/Sophus/sophus/geometry.hpp:7,
[69.223s]                  from /home/j/colcon_ws/ORB_SLAM3/include/Frame.h:28,
[69.223s]                  from /home/j/colcon_ws/ORB_SLAM3/include/KeyFrame.h:28,
[69.223s]                  from /home/j/colcon_ws/ORB_SLAM3/include/MapPoint.h:23,
[69.223s]                  from /home/j/colcon_ws/ORB_SLAM3/include/FrameDrawer.h:24,
[69.223s]                  from /home/j/colcon_ws/ORB_SLAM3/include/Viewer.h:23,
[69.223s]                  from /home/j/colcon_ws/ORB_SLAM3/include/Tracking.h:26,
[69.223s]                  from /home/j/colcon_ws/ORB_SLAM3/include/System.h:31,
[69.223s]                  from /home/j/colcon_ws/src/orbslam3_ros2/src/monocular/monocular-slam-node.hpp:9,
[69.223s]                  from /home/j/colcon_ws/src/orbslam3_ros2/src/monocular/monocular-slam-node.cpp:1:
[69.223s] /usr/include/eigen3/Eigen/src/Core/util/Constants.h:167:37: note: declared here
[69.223s]   167 | EIGEN_DEPRECATED const unsigned int AlignedBit = 0x80;
[69.223s]       |                                     ^~~~~~~~~~
[69.223s] In file included from /home/j/colcon_ws/ORB_SLAM3/Thirdparty/g2o/g2o/types/types_six_dof_expmap.h:38,
[69.223s]                  from /home/j/colcon_ws/ORB_SLAM3/include/Converter.h:26,
[69.223s]                  from /home/j/colcon_ws/ORB_SLAM3/include/Frame.h:33,
[69.223s]                  from /home/j/colcon_ws/ORB_SLAM3/include/KeyFrame.h:28,
[69.223s]                  from /home/j/colcon_ws/ORB_SLAM3/include/MapPoint.h:23,
[69.223s]                  from /home/j/colcon_ws/ORB_SLAM3/include/FrameDrawer.h:24,
[69.223s]                  from /home/j/colcon_ws/ORB_SLAM3/include/Viewer.h:23,
[69.223s]                  from /home/j/colcon_ws/ORB_SLAM3/include/Tracking.h:26,
[69.223s]                  from /home/j/colcon_ws/ORB_SLAM3/include/System.h:31,
[69.223s]                  from /home/j/colcon_ws/src/orbslam3_ros2/src/rgbd/rgbd-slam-node.hpp:18,
[69.223s]                  from /home/j/colcon_ws/src/orbslam3_ros2/src/rgbd/rgbd-slam-node.cpp:1:
[69.224s] /home/j/colcon_ws/ORB_SLAM3/Thirdparty/g2o/g2o/types/../core/base_binary_edge.h: In instantiation of ‘class g2o::BaseBinaryEdge<2, Eigen::Matrix<double, 2, 1>, g2o::VertexSBAPointXYZ, g2o::VertexSim3Expmap>’:
[69.224s] /home/j/colcon_ws/ORB_SLAM3/Thirdparty/g2o/g2o/types/types_seven_dof_expmap.h:130:36:   required from here
[69.224s] /home/j/colcon_ws/ORB_SLAM3/Thirdparty/g2o/g2o/types/../core/base_binary_edge.h:59:80: warning: ‘Eigen::AlignedBit’ is deprecated [-Wdeprecated-declarations]
[69.224s]    59 |       typedef Eigen::Map<Matrix<double, Di, Dj>, Matrix<double, Di, Dj>::Flags & AlignedBit ? Aligned : Unaligned > HessianBlockType;
[69.224s]       |                                                                          ~~~~~~^~~~~~~~~~~~
[69.224s] In file included from /usr/include/eigen3/Eigen/Core:161,
[69.224s]                  from /usr/include/eigen3/Eigen/LU:11,
[69.224s]                  from /home/j/colcon_ws/ORB_SLAM3/Thirdparty/Sophus/sophus/so2.hpp:12,
[69.224s]                  from /home/j/colcon_ws/ORB_SLAM3/Thirdparty/Sophus/sophus/se2.hpp:7,
[69.224s]                  from /home/j/colcon_ws/ORB_SLAM3/Thirdparty/Sophus/sophus/geometry.hpp:7,
[69.224s]                  from /home/j/colcon_ws/ORB_SLAM3/include/Frame.h:28,
[69.224s]                  from /home/j/colcon_ws/ORB_SLAM3/include/KeyFrame.h:28,
[69.224s]                  from /home/j/colcon_ws/ORB_SLAM3/include/MapPoint.h:23,
[69.224s]                  from /home/j/colcon_ws/ORB_SLAM3/include/FrameDrawer.h:24,
[69.224s]                  from /home/j/colcon_ws/ORB_SLAM3/include/Viewer.h:23,
[69.224s]                  from /home/j/colcon_ws/ORB_SLAM3/include/Tracking.h:26,
[69.224s]                  from /home/j/colcon_ws/ORB_SLAM3/include/System.h:31,
[69.224s]                  from /home/j/colcon_ws/src/orbslam3_ros2/src/rgbd/rgbd-slam-node.hpp:18,
[69.224s]                  from /home/j/colcon_ws/src/orbslam3_ros2/src/rgbd/rgbd-slam-node.cpp:1:
[69.224s] /usr/include/eigen3/Eigen/src/Core/util/Constants.h:167:37: note: declared here
[69.224s]   167 | EIGEN_DEPRECATED const unsigned int AlignedBit = 0x80;
[69.224s]       |                                     ^~~~~~~~~~
[69.230s] In file included from /home/j/colcon_ws/ORB_SLAM3/Thirdparty/g2o/g2o/types/types_six_dof_expmap.h:38,
[69.230s]                  from /home/j/colcon_ws/ORB_SLAM3/include/Converter.h:26,
[69.230s]                  from /home/j/colcon_ws/ORB_SLAM3/include/Frame.h:33,
[69.230s]                  from /home/j/colcon_ws/ORB_SLAM3/include/KeyFrame.h:28,
[69.230s]                  from /home/j/colcon_ws/ORB_SLAM3/include/MapPoint.h:23,
[69.230s]                  from /home/j/colcon_ws/ORB_SLAM3/include/FrameDrawer.h:24,
[69.230s]                  from /home/j/colcon_ws/ORB_SLAM3/include/Viewer.h:23,
[69.230s]                  from /home/j/colcon_ws/ORB_SLAM3/include/Tracking.h:26,
[69.230s]                  from /home/j/colcon_ws/ORB_SLAM3/include/System.h:31,
[69.230s]                  from /home/j/colcon_ws/src/orbslam3_ros2/src/monocular/monocular-slam-node.hpp:9,
[69.230s]                  from /home/j/colcon_ws/src/orbslam3_ros2/src/monocular/monocular-slam-node.cpp:1:
[69.230s] /home/j/colcon_ws/ORB_SLAM3/Thirdparty/g2o/g2o/types/../core/base_binary_edge.h:60:80: warning: ‘Eigen::AlignedBit’ is deprecated [-Wdeprecated-declarations]
[69.230s]    60 | ::Map<Matrix<double, Dj, Di>, Matrix<double, Dj, Di>::Flags & AlignedBit ? Aligned : Unaligned > HessianBlockTransposedType;
[69.230s]       |                                                       ~~~~~~^~~~~~~~~~~~
[69.230s] 
[69.230s] In file included from /usr/include/eigen3/Eigen/Core:161,
[69.230s]                  from /usr/include/eigen3/Eigen/LU:11,
[69.230s]                  from /home/j/colcon_ws/ORB_SLAM3/Thirdparty/Sophus/sophus/so2.hpp:12,
[69.230s]                  from /home/j/colcon_ws/ORB_SLAM3/Thirdparty/Sophus/sophus/se2.hpp:7,
[69.230s]                  from /home/j/colcon_ws/ORB_SLAM3/Thirdparty/Sophus/sophus/geometry.hpp:7,
[69.230s]                  from /home/j/colcon_ws/ORB_SLAM3/include/Frame.h:28,
[69.230s]                  from /home/j/colcon_ws/ORB_SLAM3/include/KeyFrame.h:28,
[69.230s]                  from /home/j/colcon_ws/ORB_SLAM3/include/MapPoint.h:23,
[69.230s]                  from /home/j/colcon_ws/ORB_SLAM3/include/FrameDrawer.h:24,
[69.230s]                  from /home/j/colcon_ws/ORB_SLAM3/include/Viewer.h:23,
[69.230s]                  from /home/j/colcon_ws/ORB_SLAM3/include/Tracking.h:26,
[69.230s]                  from /home/j/colcon_ws/ORB_SLAM3/include/System.h:31,
[69.230s]                  from /home/j/colcon_ws/src/orbslam3_ros2/src/monocular/monocular-slam-node.hpp:9,
[69.230s]                  from /home/j/colcon_ws/src/orbslam3_ros2/src/monocular/monocular-slam-node.cpp:1:
[69.230s] /usr/include/eigen3/Eigen/src/Core/util/Constants.h:167:37: note: declared here
[69.230s]   167 | EIGEN_DEPRECATED const unsigned int AlignedBit = 0x80;
[69.230s]       |                                     ^~~~~~~~~~
[69.230s] In file included from /home/j/colcon_ws/ORB_SLAM3/Thirdparty/g2o/g2o/types/types_six_dof_expmap.h:38,
[69.230s]                  from /home/j/colcon_ws/ORB_SLAM3/include/Converter.h:26,
[69.230s]                  from /home/j/colcon_ws/ORB_SLAM3/include/Frame.h:33,
[69.230s]                  from /home/j/colcon_ws/ORB_SLAM3/include/KeyFrame.h:28,
[69.230s]                  from /home/j/colcon_ws/ORB_SLAM3/include/MapPoint.h:23,
[69.230s]                  from /home/j/colcon_ws/ORB_SLAM3/include/FrameDrawer.h:24,
[69.230s]                  from /home/j/colcon_ws/ORB_SLAM3/include/Viewer.h:23,
[69.230s]                  from /home/j/colcon_ws/ORB_SLAM3/include/Tracking.h:26,
[69.231s]                  from /home/j/colcon_ws/ORB_SLAM3/include/System.h:31,
[69.231s]                  from /home/j/colcon_ws/src/orbslam3_ros2/src/rgbd/rgbd-slam-node.hpp:18,
[69.231s]                  from /home/j/colcon_ws/src/orbslam3_ros2/src/rgbd/rgbd-slam-node.cpp:1:
[69.231s] /home/j/colcon_ws/ORB_SLAM3/Thirdparty/g2o/g2o/types/../core/base_binary_edge.h:60:80: warning: ‘Eigen::AlignedBit’ is deprecated [-Wdeprecated-declarations]
[69.231s]    60 |       typedef Eigen::Map<Matrix<double, Dj, Di>, Matrix<double, Dj, Di>::Flags & AlignedBit ? Aligned : Unaligned > HessianBlockTransposedType;
[69.231s]       |                                                                          ~~~~~~^~~~~~~~~~~~
[69.231s] In file included from /usr/include/eigen3/Eigen/Core:161,
[69.231s]                  from /usr/include/eigen3/Eigen/LU:11,
[69.231s]                  from /home/j/colcon_ws/ORB_SLAM3/Thirdparty/Sophus/sophus/so2.hpp:12,
[69.231s]                  from /home/j/colcon_ws/ORB_SLAM3/Thirdparty/Sophus/sophus/se2.hpp:7,
[69.231s]                  from /home/j/colcon_ws/ORB_SLAM3/Thirdparty/Sophus/sophus/geometry.hpp:7,
[69.231s]                  from /home/j/colcon_ws/ORB_SLAM3/include/Frame.h:28,
[69.231s]                  from /home/j/colcon_ws/ORB_SLAM3/include/KeyFrame.h:28,
[69.231s]                  from /home/j/colcon_ws/ORB_SLAM3/include/MapPoint.h:23,
[69.231s]                  from /home/j/colcon_ws/ORB_SLAM3/include/FrameDrawer.h:24,
[69.231s]                  from /home/j/colcon_ws/ORB_SLAM3/include/Viewer.h:23,
[69.231s]                  from /home/j/colcon_ws/ORB_SLAM3/include/Tracking.h:26,
[69.231s]                  from /home/j/colcon_ws/ORB_SLAM3/include/System.h:31,
[69.231s]                  from /home/j/colcon_ws/src/orbslam3_ros2/src/rgbd/rgbd-slam-node.hpp:18,
[69.231s]                  from /home/j/colcon_ws/src/orbslam3_ros2/src/rgbd/rgbd-slam-node.cpp:1:
[69.231s] /usr/include/eigen3/Eigen/src/Core/util/Constants.h:167:37: note: declared here
[69.231s]   167 | EIGEN_DEPRECATED const unsigned int AlignedBit = 0x80;
[69.231s]       |                                     ^~~~~~~~~~
[69.757s] In file included from /home/j/colcon_ws/ORB_SLAM3/include/Atlas.h:26,
[69.757s]                  from /home/j/colcon_ws/ORB_SLAM3/include/FrameDrawer.h:25,
[69.757s]                  from /home/j/colcon_ws/ORB_SLAM3/include/Viewer.h:23,
[69.757s]                  from /home/j/colcon_ws/ORB_SLAM3/include/Tracking.h:26,
[69.757s]                  from /home/j/colcon_ws/ORB_SLAM3/include/System.h:31,
[69.757s]                  from /home/j/colcon_ws/src/orbslam3_ros2/src/rgbd/rgbd-slam-node.hpp:18,
[69.757s]                  from /home/j/colcon_ws/src/orbslam3_ros2/src/rgbd/rgbd-slam-node.cpp:1:
[69.757s] /home/j/colcon_ws/ORB_SLAM3/include/CameraModels/Pinhole.h: In member function ‘virtual bool ORB_SLAM3::Pinhole::matchAndtriangulate(const cv::KeyPoint&, const cv::KeyPoint&, ORB_SLAM3::GeometricCamera*, Sophus::SE3f&, Sophus::SE3f&, float, float, Eigen::Vector3f&)’:
[69.757s] /home/j/colcon_ws/ORB_SLAM3/include/CameraModels/Pinhole.h:83:54: warning: unused parameter ‘kp1’ [-Wunused-parameter]
[69.757s]    83 |         bool matchAndtriangulate(const cv::KeyPoint& kp1, const cv::KeyPoint& kp2, GeometricCamera* pOther,
[69.757s]       |                                  ~~~~~~~~~~~~~~~~~~~~^~~
[69.757s] /home/j/colcon_ws/ORB_SLAM3/include/CameraModels/Pinhole.h:83:79: warning: unused parameter ‘kp2’ [-Wunused-parameter]
[69.757s]    83 |         bool matchAndtriangulate(const cv::KeyPoint& kp1, const cv::KeyPoint& kp2, GeometricCamera* pOther,
[69.757s]       |                                                           ~~~~~~~~~~~~~~~~~~~~^~~
[69.758s] /home/j/colcon_ws/ORB_SLAM3/include/CameraModels/Pinhole.h:83:101: warning: unused parameter ‘pOther’ [-Wunused-parameter]
[69.758s]    83 |         bool matchAndtriangulate(const cv::KeyPoint& kp1, const cv::KeyPoint& kp2, GeometricCamera* pOther,
[69.758s]       |                                                                                    ~~~~~~~~~~~~~~~~~^~~~~~
[69.758s] /home/j/colcon_ws/ORB_SLAM3/include/CameraModels/Pinhole.h:84:48: warning: unused parameter ‘Tcw1’ [-Wunused-parameter]
[69.758s]    84 |                                  Sophus::SE3f& Tcw1, Sophus::SE3f& Tcw2,
[69.758s]       |                                  ~~~~~~~~~~~~~~^~~~
[69.758s] /home/j/colcon_ws/ORB_SLAM3/include/CameraModels/Pinhole.h:84:68: warning: unused parameter ‘Tcw2’ [-Wunused-parameter]
[69.758s]    84 |                                  Sophus::SE3f& Tcw1, Sophus::SE3f& Tcw2,
[69.758s]       |                                                      ~~~~~~~~~~~~~~^~~~
[69.758s] /home/j/colcon_ws/ORB_SLAM3/include/CameraModels/Pinhole.h:85:46: warning: unused parameter ‘sigmaLevel1’ [-Wunused-parameter]
[69.758s]    85 |                                  const float sigmaLevel1, const float sigmaLevel2,
[69.758s]       |                                  ~~~~~~~~~~~~^~~~~~~~~~~
[69.758s] /home/j/colcon_ws/ORB_SLAM3/include/CameraModels/Pinhole.h:85:71: warning: unused parameter ‘sigmaLevel2’ [-Wunused-parameter]
[69.758s]    85 |                                  const float sigmaLevel1, const float sigmaLevel2,
[69.758s]       |                                                           ~~~~~~~~~~~~^~~~~~~~~~~
[69.758s] /home/j/colcon_ws/ORB_SLAM3/include/CameraModels/Pinhole.h:86:51: warning: unused parameter ‘x3Dtriangulated’ [-Wunused-parameter]
[69.758s]    86 |                                  Eigen::Vector3f& x3Dtriangulated) { return false;}
[69.758s]       |                                  ~~~~~~~~~~~~~~~~~^~~~~~~~~~~~~~~
[69.758s] In file included from /home/j/colcon_ws/ORB_SLAM3/include/Atlas.h:27,
[69.758s]                  from /home/j/colcon_ws/ORB_SLAM3/include/FrameDrawer.h:25,
[69.758s]                  from /home/j/colcon_ws/ORB_SLAM3/include/Viewer.h:23,
[69.758s]                  from /home/j/colcon_ws/ORB_SLAM3/include/Tracking.h:26,
[69.758s]                  from /home/j/colcon_ws/ORB_SLAM3/include/System.h:31,
[69.758s]                  from /home/j/colcon_ws/src/orbslam3_ros2/src/rgbd/rgbd-slam-node.hpp:18,
[69.758s]                  from /home/j/colcon_ws/src/orbslam3_ros2/src/rgbd/rgbd-slam-node.cpp:1:
[69.758s] /home/j/colcon_ws/ORB_SLAM3/include/CameraModels/KannalaBrandt8.h: In constructor ‘ORB_SLAM3::KannalaBrandt8::KannalaBrandt8(std::vector<float>)’:
[69.758s] /home/j/colcon_ws/ORB_SLAM3/include/CameraModels/KannalaBrandt8.h:102:21: warning: ‘ORB_SLAM3::KannalaBrandt8::precision’ will be initialized after [-Wreorder]
[69.758s]   102 |         const float precision;
[69.758s]       |                     ^~~~~~~~~
[69.758s] /home/j/colcon_ws/ORB_SLAM3/include/CameraModels/KannalaBrandt8.h:88:26: warning:   ‘std::vector<int> ORB_SLAM3::KannalaBrandt8::mvLappingArea’ [-Wreorder]
[69.758s]    88 |         std::vector<int> mvLappingArea;
[69.758s]       |                          ^~~~~~~~~~~~~
[69.758s] In file included from /home/j/colcon_ws/ORB_SLAM3/include/Atlas.h:27,
[69.758s]                  from /home/j/colcon_ws/ORB_SLAM3/include/FrameDrawer.h:25,
[69.758s]                  from /home/j/colcon_ws/ORB_SLAM3/include/Viewer.h:23,
[69.758s]                  from /home/j/colcon_ws/ORB_SLAM3/include/Tracking.h:26,
[69.758s]                  from /home/j/colcon_ws/ORB_SLAM3/include/System.h:31,
[69.758s]                  from /home/j/colcon_ws/src/orbslam3_ros2/src/rgbd/rgbd-slam-node.hpp:18,
[69.758s]                  from /home/j/colcon_ws/src/orbslam3_ros2/src/rgbd/rgbd-slam-node.cpp:1:
[69.758s] /home/j/colcon_ws/ORB_SLAM3/include/CameraModels/KannalaBrandt8.h:47:9: warning:   when initialized here [-Wreorder]
[69.758s]    47 |         KannalaBrandt8(const std::vector<float> _vParameters) : GeometricCamera(_vParameters), precision(1e-6), mvLappingArea(2,0) ,tvr(nullptr) {
[69.758s]       |         ^~~~~~~~~~~~~~
[69.758s] In file included from /home/j/colcon_ws/ORB_SLAM3/include/Atlas.h:27,
[69.759s]                  from /home/j/colcon_ws/ORB_SLAM3/include/FrameDrawer.h:25,
[69.759s]                  from /home/j/colcon_ws/ORB_SLAM3/include/Viewer.h:23,
[69.759s]                  from /home/j/colcon_ws/ORB_SLAM3/include/Tracking.h:26,
[69.759s]                  from /home/j/colcon_ws/ORB_SLAM3/include/System.h:31,
[69.759s]                  from /home/j/colcon_ws/src/orbslam3_ros2/src/rgbd/rgbd-slam-node.hpp:18,
[69.759s]                  from /home/j/colcon_ws/src/orbslam3_ros2/src/rgbd/rgbd-slam-node.cpp:1:
[69.759s] /home/j/colcon_ws/ORB_SLAM3/include/CameraModels/KannalaBrandt8.h: In constructor ‘ORB_SLAM3::KannalaBrandt8::KannalaBrandt8(std::vector<float>, float)’:
[69.759s] /home/j/colcon_ws/ORB_SLAM3/include/CameraModels/KannalaBrandt8.h:102:21: warning: ‘ORB_SLAM3::KannalaBrandt8::precision’ will be initialized after [-Wreorder]
[69.759s]   102 |         const float precision;
[69.759s]       |                     ^~~~~~~~~
[69.759s] /home/j/colcon_ws/ORB_SLAM3/include/CameraModels/KannalaBrandt8.h:88:26: warning:   ‘std::vector<int> ORB_SLAM3::KannalaBrandt8::mvLappingArea’ [-Wreorder]
[69.759s]    88 |         std::vector<int> mvLappingArea;
[69.759s]       |                          ^~~~~~~~~~~~~
[69.759s] /home/j/colcon_ws/ORB_SLAM3/include/CameraModels/KannalaBrandt8.h:53:9: warning:   when initialized here [-Wreorder]
[69.759s]    53 |         KannalaBrandt8(const std::vector<float> _vParameters, const float _precision) : GeometricCamera(_vParameters),
[69.759s]       |         ^~~~~~~~~~~~~~
[69.759s] /home/j/colcon_ws/ORB_SLAM3/include/CameraModels/KannalaBrandt8.h: In constructor ‘ORB_SLAM3::KannalaBrandt8::KannalaBrandt8(ORB_SLAM3::KannalaBrandt8*)’:
[69.759s] /home/j/colcon_ws/ORB_SLAM3/include/CameraModels/KannalaBrandt8.h:102:21: warning: ‘ORB_SLAM3::KannalaBrandt8::precision’ will be initialized after [-Wreorder]
[69.759s]   102 |         const float precision;
[69.759s]       |                     ^~~~~~~~~
[69.759s] /home/j/colcon_ws/ORB_SLAM3/include/CameraModels/KannalaBrandt8.h:88:26: warning:   ‘std::vector<int> ORB_SLAM3::KannalaBrandt8::mvLappingArea’ [-Wreorder]
[69.759s]    88 |         std::vector<int> mvLappingArea;
[69.759s]       |                          ^~~~~~~~~~~~~
[69.759s] /home/j/colcon_ws/ORB_SLAM3/include/CameraModels/KannalaBrandt8.h:59:9: warning:   when initialized here [-Wreorder]
[69.759s]    59 |         KannalaBrandt8(KannalaBrandt8* pKannala) : GeometricCamera(pKannala->mvParameters), precision(pKannala->precision), mvLappingArea(2,0) ,tvr(nullptr) {
[69.759s]       |         ^~~~~~~~~~~~~~
[69.762s] In file included from /home/j/colcon_ws/ORB_SLAM3/include/Atlas.h:26,
[69.762s]                  from /home/j/colcon_ws/ORB_SLAM3/include/FrameDrawer.h:25,
[69.763s]                  from /home/j/colcon_ws/ORB_SLAM3/include/Viewer.h:23,
[69.763s]                  from /home/j/colcon_ws/ORB_SLAM3/include/Tracking.h:26,
[69.763s]                  from /home/j/colcon_ws/ORB_SLAM3/include/System.h:31,
[69.763s]                  from /home/j/colcon_ws/src/orbslam3_ros2/src/monocular/monocular-slam-node.hpp:9,
[69.763s]                  from /home/j/colcon_ws/src/orbslam3_ros2/src/monocular/monocular-slam-node.cpp:1:
[69.763s] /home/j/colcon_ws/ORB_SLAM3/include/CameraModels/Pinhole.h: In member function ‘virtual bool ORB_SLAM3::Pinhole::matchAndtriangulate(const cv::KeyPoint&, const cv::KeyPoint&, ORB_SLAM3::GeometricCamera*, Sophus::SE3f&, Sophus::SE3f&, float, float, Eigen::Vector3f&)’:
[69.763s] /home/j/colcon_ws/ORB_SLAM3/include/CameraModels/Pinhole.h:83:54: warning: unused parameter ‘kp1’ [-Wunused-parameter]
[69.763s]    83 |         bool matchAndtriangulate(const cv::KeyPoint& kp1, const cv::KeyPoint& kp2, GeometricCamera* pOther,
[69.763s]       |                                  ~~~~~~~~~~~~~~~~~~~~^~~
[69.763s] /home/j/colcon_ws/ORB_SLAM3/include/CameraModels/Pinhole.h:83:79: warning: unused parameter ‘kp2’ [-Wunused-parameter]
[69.763s]    83 | Andtriangulate(const cv::KeyPoint& kp1, const cv::KeyPoint& kp2, GeometricCamera* pOther,
[69.763s]       |                                         ~~~~~~~~~~~~~~~~~~~~^~~
[69.763s] 
[69.763s] /home/j/colcon_ws/ORB_SLAM3/include/CameraModels/Pinhole.h:83:101: warning: unused parameter ‘pOther’ [-Wunused-parameter]
[69.763s]    83 | st cv::KeyPoint& kp1, const cv::KeyPoint& kp2, GeometricCamera* pOther,
[69.763s]       |                                                ~~~~~~~~~~~~~~~~~^~~~~~
[69.763s] 
[69.763s] /home/j/colcon_ws/ORB_SLAM3/include/CameraModels/Pinhole.h:84:48: warning: unused parameter ‘Tcw1’ [-Wunused-parameter]
[69.763s]    84 |                                  Sophus::SE3f& Tcw1, Sophus::SE3f& Tcw2,
[69.763s]       |                                  ~~~~~~~~~~~~~~^~~~
[69.763s] /home/j/colcon_ws/ORB_SLAM3/include/CameraModels/Pinhole.h:84:68: warning: unused parameter ‘Tcw2’ [-Wunused-parameter]
[69.763s]    84 |                                 Sophus::SE3f& Tcw1, Sophus::SE3f& Tcw2,
[69.763s]       |                                                     ~~~~~~~~~~~~~~^~~~
[69.763s] 
[69.763s] /home/j/colcon_ws/ORB_SLAM3/include/CameraModels/Pinhole.h:85:46: warning: unused parameter ‘sigmaLevel1’ [-Wunused-parameter]
[69.763s]    85 |                                  const float sigmaLevel1, const float sigmaLevel2,
[69.764s]       |                                  ~~~~~~~~~~~~^~~~~~~~~~~
[69.764s] /home/j/colcon_ws/ORB_SLAM3/include/CameraModels/Pinhole.h:85:71: warning: unused parameter ‘sigmaLevel2’ [-Wunused-parameter]
[69.764s]    85 |                        const float sigmaLevel1, const float sigmaLevel2,
[69.764s]       |                                                 ~~~~~~~~~~~~^~~~~~~~~~~
[69.764s] 
[69.764s] /home/j/colcon_ws/ORB_SLAM3/include/CameraModels/Pinhole.h:86:51: warning: unused parameter ‘x3Dtriangulated’ [-Wunused-parameter]
[69.764s]    86 |                                  Eigen::Vector3f& x3Dtriangulated) { return false;}
[69.764s]       |                                  ~~~~~~~~~~~~~~~~~^~~~~~~~~~~~~~~
[69.764s] In file included from /home/j/colcon_ws/ORB_SLAM3/include/Atlas.h:27,
[69.764s]                  from /home/j/colcon_ws/ORB_SLAM3/include/FrameDrawer.h:25,
[69.764s]                  from /home/j/colcon_ws/ORB_SLAM3/include/Viewer.h:23,
[69.764s]                  from /home/j/colcon_ws/ORB_SLAM3/include/Tracking.h:26,
[69.764s]                  from /home/j/colcon_ws/ORB_SLAM3/include/System.h:31,
[69.764s]                  from /home/j/colcon_ws/src/orbslam3_ros2/src/monocular/monocular-slam-node.hpp:9,
[69.764s]                  from /home/j/colcon_ws/src/orbslam3_ros2/src/monocular/monocular-slam-node.cpp:1:
[69.764s] /home/j/colcon_ws/ORB_SLAM3/include/CameraModels/KannalaBrandt8.h: In constructor ‘ORB_SLAM3::KannalaBrandt8::KannalaBrandt8(std::vector<float>)’:
[69.764s] /home/j/colcon_ws/ORB_SLAM3/include/CameraModels/KannalaBrandt8.h:102:21: warning: ‘ORB_SLAM3::KannalaBrandt8::precision’ will be initialized after [-Wreorder]
[69.764s]   102 |         const float precision;
[69.764s]       |                     ^~~~~~~~~
[69.764s] /home/j/colcon_ws/ORB_SLAM3/include/CameraModels/KannalaBrandt8.h:88:26: warning:   ‘std::vector<int> ORB_SLAM3::KannalaBrandt8::mvLappingArea’ [-Wreorder]
[69.764s]    88 |         std::vector<int> mvLappingArea;
[69.764s]       |                          ^~~~~~~~~~~~~
[69.764s] In file included from /home/j/colcon_ws/ORB_SLAM3/include/Atlas.h:27,
[69.764s]                  from /home/j/colcon_ws/ORB_SLAM3/include/FrameDrawer.h:25,
[69.764s]                  from /home/j/colcon_ws/ORB_SLAM3/include/Viewer.h:23,
[69.764s]                  from /home/j/colcon_ws/ORB_SLAM3/include/Tracking.h:26,
[69.764s]                  from /home/j/colcon_ws/ORB_SLAM3/include/System.h:31,
[69.764s]                  from /home/j/colcon_ws/src/orbslam3_ros2/src/monocular/monocular-slam-node.hpp:9,
[69.764s]                  from /home/j/colcon_ws/src/orbslam3_ros2/src/monocular/monocular-slam-node.cpp:1:
[69.764s] /home/j/colcon_ws/ORB_SLAM3/include/CameraModels/KannalaBrandt8.h:47:9: warning:   when initialized here [-Wreorder]
[69.764s]    47 |         KannalaBrandt8(const std::vector<float> _vParameters) : GeometricCamera(_vParameters), precision(1e-6), mvLappingArea(2,0) ,tvr(nullptr) {
[69.764s]       |         ^~~~~~~~~~~~~~
[69.764s] In file included from /home/j/colcon_ws/ORB_SLAM3/include/Atlas.h:27,
[69.764s]                  from /home/j/colcon_ws/ORB_SLAM3/include/FrameDrawer.h:25,
[69.764s]                  from /home/j/colcon_ws/ORB_SLAM3/include/Viewer.h:23,
[69.764s]                  from /home/j/colcon_ws/ORB_SLAM3/include/Tracking.h:26,
[69.764s]                  from /home/j/colcon_ws/ORB_SLAM3/include/System.h:31,
[69.764s]                  from /home/j/colcon_ws/src/orbslam3_ros2/src/monocular/monocular-slam-node.hpp:9,
[69.764s]                  from /home/j/colcon_ws/src/orbslam3_ros2/src/monocular/monocular-slam-node.cpp:1:
[69.764s] /home/j/colcon_ws/ORB_SLAM3/include/CameraModels/KannalaBrandt8.h: In constructor ‘ORB_SLAM3::KannalaBrandt8::KannalaBrandt8(std::vector<float>, float)’:
[69.764s] /home/j/colcon_ws/ORB_SLAM3/include/CameraModels/KannalaBrandt8.h:102:21: warning: ‘ORB_SLAM3::KannalaBrandt8::precision’ will be initialized after [-Wreorder]
[69.764s]   102 |         const float precision;
[69.764s]       |                     ^~~~~~~~~
[69.764s] /home/j/colcon_ws/ORB_SLAM3/include/CameraModels/KannalaBrandt8.h:88:26: warning:   ‘std::vector<int> ORB_SLAM3::KannalaBrandt8::mvLappingArea’ [-Wreorder]
[69.764s]    88 |         std::vector<int> mvLappingArea;
[69.764s]       |                          ^~~~~~~~~~~~~
[69.764s] /home/j/colcon_ws/ORB_SLAM3/include/CameraModels/KannalaBrandt8.h:53:9: warning:   when initialized here [-Wreorder]
[69.764s]    53 |         KannalaBrandt8(const std::vector<float> _vParameters, const float _precision) : GeometricCamera(_vParameters),
[69.764s]       |         ^~~~~~~~~~~~~~
[69.765s] /home/j/colcon_ws/ORB_SLAM3/include/CameraModels/KannalaBrandt8.h: In constructor ‘ORB_SLAM3::KannalaBrandt8::KannalaBrandt8(ORB_SLAM3::KannalaBrandt8*)’:
[69.765s] /home/j/colcon_ws/ORB_SLAM3/include/CameraModels/KannalaBrandt8.h:102:21: warning: ‘ORB_SLAM3::KannalaBrandt8::precision’ will be initialized after [-Wreorder]
[69.765s]   102 |         const float precision;
[69.765s]       |                     ^~~~~~~~~
[69.765s] /home/j/colcon_ws/ORB_SLAM3/include/CameraModels/KannalaBrandt8.h:88:26: warning:   ‘std::vector<int> ORB_SLAM3::KannalaBrandt8::mvLappingArea’ [-Wreorder]
[69.765s]    88 |         std::vector<int> mvLappingArea;
[69.765s]       |                          ^~~~~~~~~~~~~
[69.765s] /home/j/colcon_ws/ORB_SLAM3/include/CameraModels/KannalaBrandt8.h:59:9: warning:   when initialized here [-Wreorder]
[69.765s]    59 |         KannalaBrandt8(KannalaBrandt8* pKannala) : GeometricCamera(pKannala->mvParameters), precision(pKannala->precision), mvLappingArea(2,0) ,tvr(nullptr) {
[69.765s]       |         ^~~~~~~~~~~~~~
[76.392s] [ 41%] [32m[1mLinking CXX executable mono[0m
[76.778s] [ 41%] Built target mono
[76.790s] [ 50%] [32mBuilding CXX object CMakeFiles/stereo.dir/src/stereo/stereo.cpp.o[0m
[78.144s] [ 58%] [32m[1mLinking CXX executable rgbd[0m
[78.446s] [ 58%] Built target rgbd
[78.461s] [ 66%] [32mBuilding CXX object CMakeFiles/stereo-inertial.dir/src/stereo-inertial/stereo-inertial.cpp.o[0m
[79.069s] In file included from /home/j/colcon_ws/ORB_SLAM3/include/Frame.h:30,
[79.069s]                  from /home/j/colcon_ws/ORB_SLAM3/include/KeyFrame.h:28,
[79.069s]                  from /home/j/colcon_ws/ORB_SLAM3/include/MapPoint.h:23,
[79.069s]                  from /home/j/colcon_ws/ORB_SLAM3/include/FrameDrawer.h:24,
[79.069s]                  from /home/j/colcon_ws/ORB_SLAM3/include/Viewer.h:23,
[79.069s]                  from /home/j/colcon_ws/ORB_SLAM3/include/Tracking.h:26,
[79.069s]                  from /home/j/colcon_ws/ORB_SLAM3/include/System.h:31,
[79.069s]                  from /home/j/colcon_ws/src/orbslam3_ros2/src/stereo/stereo-slam-node.hpp:13,
[79.069s]                  from /home/j/colcon_ws/src/orbslam3_ros2/src/stereo/stereo.cpp:7:
[79.069s] /home/j/colcon_ws/ORB_SLAM3/include/ImuTypes.h: In member function ‘void ORB_SLAM3::IMU::Preintegrated::printMeasurements() const’:
[79.069s] /home/j/colcon_ws/ORB_SLAM3/include/ImuTypes.h:204:23: warning: comparison of integer expressions of different signedness: ‘int’ and ‘std::vector<ORB_SLAM3::IMU::Preintegrated::integrable>::size_type’ {aka ‘long unsigned int’} [-Wsign-compare]
[79.069s]   204 |         for(int i=0; i<mvMeasurements.size(); i++){
[79.069s]       |                      ~^~~~~~~~~~~~~~~~~~~~~~
[79.114s] In file included from /home/j/colcon_ws/ORB_SLAM3/Thirdparty/g2o/g2o/types/types_six_dof_expmap.h:37,
[79.114s]                  from /home/j/colcon_ws/ORB_SLAM3/include/Converter.h:26,
[79.114s]                  from /home/j/colcon_ws/ORB_SLAM3/include/Frame.h:33,
[79.114s]                  from /home/j/colcon_ws/ORB_SLAM3/include/KeyFrame.h:28,
[79.114s]                  from /home/j/colcon_ws/ORB_SLAM3/include/MapPoint.h:23,
[79.114s]                  from /home/j/colcon_ws/ORB_SLAM3/include/FrameDrawer.h:24,
[79.114s]                  from /home/j/colcon_ws/ORB_SLAM3/include/Viewer.h:23,
[79.114s]                  from /home/j/colcon_ws/ORB_SLAM3/include/Tracking.h:26,
[79.114s]                  from /home/j/colcon_ws/ORB_SLAM3/include/System.h:31,
[79.114s]                  from /home/j/colcon_ws/src/orbslam3_ros2/src/stereo/stereo-slam-node.hpp:13,
[79.114s]                  from /home/j/colcon_ws/src/orbslam3_ros2/src/stereo/stereo.cpp:7:
[79.114s] /home/j/colcon_ws/ORB_SLAM3/Thirdparty/g2o/g2o/types/../core/base_vertex.h: At global scope:
[79.114s] /home/j/colcon_ws/ORB_SLAM3/Thirdparty/g2o/g2o/types/../core/base_vertex.h:62:74: warning: ‘Eigen::AlignedBit’ is deprecated [-Wdeprecated-declarations]
[79.114s]    62 | igen::Map<Matrix<double, D, D>, Matrix<double,D,D>::Flags & AlignedBit ? Aligned : Unaligned >  HessianBlockType;
[79.115s]       |                                                             ^~~~~~~~~~
[79.115s] 
[79.115s] In file included from /usr/include/eigen3/Eigen/Core:161,
[79.115s]                  from /usr/include/eigen3/Eigen/LU:11,
[79.115s]                  from /home/j/colcon_ws/ORB_SLAM3/Thirdparty/Sophus/sophus/so2.hpp:12,
[79.115s]                  from /home/j/colcon_ws/ORB_SLAM3/Thirdparty/Sophus/sophus/se2.hpp:7,
[79.115s]                  from /home/j/colcon_ws/ORB_SLAM3/Thirdparty/Sophus/sophus/geometry.hpp:7,
[79.115s]                  from /home/j/colcon_ws/ORB_SLAM3/include/Frame.h:28,
[79.115s]                  from /home/j/colcon_ws/ORB_SLAM3/include/KeyFrame.h:28,
[79.115s]                  from /home/j/colcon_ws/ORB_SLAM3/include/MapPoint.h:23,
[79.115s]                  from /home/j/colcon_ws/ORB_SLAM3/include/FrameDrawer.h:24,
[79.115s]                  from /home/j/colcon_ws/ORB_SLAM3/include/Viewer.h:23,
[79.115s]                  from /home/j/colcon_ws/ORB_SLAM3/include/Tracking.h:26,
[79.115s]                  from /home/j/colcon_ws/ORB_SLAM3/include/System.h:31,
[79.115s]                  from /home/j/colcon_ws/src/orbslam3_ros2/src/stereo/stereo-slam-node.hpp:13,
[79.115s]                  from /home/j/colcon_ws/src/orbslam3_ros2/src/stereo/stereo.cpp:7:
[79.115s] /usr/include/eigen3/Eigen/src/Core/util/Constants.h:167:37: note: declared here
[79.116s]   167 | EIGEN_DEPRECATED const unsigned int AlignedBit = 0x80;
[79.116s]       |                                     ^~~~~~~~~~
[79.125s] In file included from /home/j/colcon_ws/ORB_SLAM3/Thirdparty/g2o/g2o/types/types_six_dof_expmap.h:38,
[79.125s]                  from /home/j/colcon_ws/ORB_SLAM3/include/Converter.h:26,
[79.125s]                  from /home/j/colcon_ws/ORB_SLAM3/include/Frame.h:33,
[79.125s]                  from /home/j/colcon_ws/ORB_SLAM3/include/KeyFrame.h:28,
[79.125s]                  from /home/j/colcon_ws/ORB_SLAM3/include/MapPoint.h:23,
[79.125s]                  from /home/j/colcon_ws/ORB_SLAM3/include/FrameDrawer.h:24,
[79.125s]                  from /home/j/colcon_ws/ORB_SLAM3/include/Viewer.h:23,
[79.125s]                  from /home/j/colcon_ws/ORB_SLAM3/include/Tracking.h:26,
[79.125s]                  from /home/j/colcon_ws/ORB_SLAM3/include/System.h:31,
[79.125s]                  from /home/j/colcon_ws/src/orbslam3_ros2/src/stereo/stereo-slam-node.hpp:13,
[79.125s]                  from /home/j/colcon_ws/src/orbslam3_ros2/src/stereo/stereo.cpp:7:
[79.126s] /home/j/colcon_ws/ORB_SLAM3/Thirdparty/g2o/g2o/types/../core/base_binary_edge.h:59:82: warning: ‘Eigen::AlignedBit’ is deprecated [-Wdeprecated-declarations]
[79.126s]    59 | Map<Matrix<double, Di, Dj>, Matrix<double, Di, Dj>::Flags & AlignedBit ? Aligned : Unaligned > HessianBlockType;
[79.126s]       |                                                             ^~~~~~~~~~
[79.126s] 
[79.126s] In file included from /usr/include/eigen3/Eigen/Core:161,
[79.126s]                  from /usr/include/eigen3/Eigen/LU:11,
[79.126s]                  from /home/j/colcon_ws/ORB_SLAM3/Thirdparty/Sophus/sophus/so2.hpp:12,
[79.126s]                  from /home/j/colcon_ws/ORB_SLAM3/Thirdparty/Sophus/sophus/se2.hpp:7,
[79.126s]                  from /home/j/colcon_ws/ORB_SLAM3/Thirdparty/Sophus/sophus/geometry.hpp:7,
[79.126s]                  from /home/j/colcon_ws/ORB_SLAM3/include/Frame.h:28,
[79.126s]                  from /home/j/colcon_ws/ORB_SLAM3/include/KeyFrame.h:28,
[79.126s]                  from /home/j/colcon_ws/ORB_SLAM3/include/MapPoint.h:23,
[79.126s]                  from /home/j/colcon_ws/ORB_SLAM3/include/FrameDrawer.h:24,
[79.126s]                  from /home/j/colcon_ws/ORB_SLAM3/include/Viewer.h:23,
[79.126s]                  from /home/j/colcon_ws/ORB_SLAM3/include/Tracking.h:26,
[79.126s]                  from /home/j/colcon_ws/ORB_SLAM3/include/System.h:31,
[79.126s]                  from /home/j/colcon_ws/src/orbslam3_ros2/src/stereo/stereo-slam-node.hpp:13,
[79.126s]                  from /home/j/colcon_ws/src/orbslam3_ros2/src/stereo/stereo.cpp:7:
[79.126s] /usr/include/eigen3/Eigen/src/Core/util/Constants.h:167:37: note: declared here
[79.127s]   167 | EIGEN_DEPRECATED const unsigned int AlignedBit = 0x80;
[79.127s]       |                                     ^~~~~~~~~~
[79.127s] In file included from /home/j/colcon_ws/ORB_SLAM3/Thirdparty/g2o/g2o/types/types_six_dof_expmap.h:38,
[79.127s]                  from /home/j/colcon_ws/ORB_SLAM3/include/Converter.h:26,
[79.127s]                  from /home/j/colcon_ws/ORB_SLAM3/include/Frame.h:33,
[79.127s]                  from /home/j/colcon_ws/ORB_SLAM3/include/KeyFrame.h:28,
[79.127s]                  from /home/j/colcon_ws/ORB_SLAM3/include/MapPoint.h:23,
[79.127s]                  from /home/j/colcon_ws/ORB_SLAM3/include/FrameDrawer.h:24,
[79.127s]                  from /home/j/colcon_ws/ORB_SLAM3/include/Viewer.h:23,
[79.127s]                  from /home/j/colcon_ws/ORB_SLAM3/include/Tracking.h:26,
[79.127s]                  from /home/j/colcon_ws/ORB_SLAM3/include/System.h:31,
[79.127s]                  from /home/j/colcon_ws/src/orbslam3_ros2/src/stereo/stereo-slam-node.hpp:13,
[79.127s]                  from /home/j/colcon_ws/src/orbslam3_ros2/src/stereo/stereo.cpp:7:
[79.127s] /home/j/colcon_ws/ORB_SLAM3/Thirdparty/g2o/g2o/types/../core/base_binary_edge.h:60:82: warning: ‘Eigen::AlignedBit’ is deprecated [-Wdeprecated-declarations]
[79.127s]    60 | Map<Matrix<double, Dj, Di>, Matrix<double, Dj, Di>::Flags & AlignedBit ? Aligned : Unaligned > HessianBlockTransposedType;
[79.127s]       |                                                             ^~~~~~~~~~
[79.127s] 
[79.127s] In file included from /usr/include/eigen3/Eigen/Core:161,
[79.127s]                  from /usr/include/eigen3/Eigen/LU:11,
[79.127s]                  from /home/j/colcon_ws/ORB_SLAM3/Thirdparty/Sophus/sophus/so2.hpp:12,
[79.128s]                  from /home/j/colcon_ws/ORB_SLAM3/Thirdparty/Sophus/sophus/se2.hpp:7,
[79.128s]                  from /home/j/colcon_ws/ORB_SLAM3/Thirdparty/Sophus/sophus/geometry.hpp:7,
[79.128s]                  from /home/j/colcon_ws/ORB_SLAM3/include/Frame.h:28,
[79.128s]                  from /home/j/colcon_ws/ORB_SLAM3/include/KeyFrame.h:28,
[79.128s]                  from /home/j/colcon_ws/ORB_SLAM3/include/MapPoint.h:23,
[79.128s]                  from /home/j/colcon_ws/ORB_SLAM3/include/FrameDrawer.h:24,
[79.128s]                  from /home/j/colcon_ws/ORB_SLAM3/include/Viewer.h:23,
[79.128s]                  from /home/j/colcon_ws/ORB_SLAM3/include/Tracking.h:26,
[79.128s]                  from /home/j/colcon_ws/ORB_SLAM3/include/System.h:31,
[79.128s]                  from /home/j/colcon_ws/src/orbslam3_ros2/src/stereo/stereo-slam-node.hpp:13,
[79.128s]                  from /home/j/colcon_ws/src/orbslam3_ros2/src/stereo/stereo.cpp:7:
[79.128s] /usr/include/eigen3/Eigen/src/Core/util/Constants.h:167:37: note: declared here
[79.128s]   167 | EIGEN_DEPRECATED const unsigned int AlignedBit = 0x80;
[79.128s]       |                                     ^~~~~~~~~~
[79.148s] In file included from /home/j/colcon_ws/ORB_SLAM3/Thirdparty/g2o/g2o/types/types_six_dof_expmap.h:41,
[79.148s]                  from /home/j/colcon_ws/ORB_SLAM3/include/Converter.h:26,
[79.148s]                  from /home/j/colcon_ws/ORB_SLAM3/include/Frame.h:33,
[79.148s]                  from /home/j/colcon_ws/ORB_SLAM3/include/KeyFrame.h:28,
[79.148s]                  from /home/j/colcon_ws/ORB_SLAM3/include/MapPoint.h:23,
[79.148s]                  from /home/j/colcon_ws/ORB_SLAM3/include/FrameDrawer.h:24,
[79.148s]                  from /home/j/colcon_ws/ORB_SLAM3/include/Viewer.h:23,
[79.148s]                  from /home/j/colcon_ws/ORB_SLAM3/include/Tracking.h:26,
[79.148s]                  from /home/j/colcon_ws/ORB_SLAM3/include/System.h:31,
[79.148s]                  from /home/j/colcon_ws/src/orbslam3_ros2/src/stereo/stereo-slam-node.hpp:13,
[79.149s]                  from /home/j/colcon_ws/src/orbslam3_ros2/src/stereo/stereo.cpp:7:
[79.149s] /home/j/colcon_ws/ORB_SLAM3/Thirdparty/g2o/g2o/types/se3quat.h:43:38: warning: extra ‘;’ [-Wpedantic]
[79.149s]    43 |       EIGEN_MAKE_ALIGNED_OPERATOR_NEW;
[79.149s]       |                                      ^
[79.149s]       |                                      -
[79.332s] In file included from /home/j/colcon_ws/ORB_SLAM3/Thirdparty/g2o/g2o/types/types_six_dof_expmap.h:37,
[79.333s]                  from /home/j/colcon_ws/ORB_SLAM3/include/Converter.h:26,
[79.333s]                  from /home/j/colcon_ws/ORB_SLAM3/include/Frame.h:33,
[79.333s]                  from /home/j/colcon_ws/ORB_SLAM3/include/KeyFrame.h:28,
[79.333s]                  from /home/j/colcon_ws/ORB_SLAM3/include/MapPoint.h:23,
[79.333s]                  from /home/j/colcon_ws/ORB_SLAM3/include/FrameDrawer.h:24,
[79.333s]                  from /home/j/colcon_ws/ORB_SLAM3/include/Viewer.h:23,
[79.333s]                  from /home/j/colcon_ws/ORB_SLAM3/include/Tracking.h:26,
[79.333s]                  from /home/j/colcon_ws/ORB_SLAM3/include/System.h:31,
[79.333s]                  from /home/j/colcon_ws/src/orbslam3_ros2/src/stereo/stereo-slam-node.hpp:13,
[79.333s]                  from /home/j/colcon_ws/src/orbslam3_ros2/src/stereo/stereo.cpp:7:
[79.333s] /home/j/colcon_ws/ORB_SLAM3/Thirdparty/g2o/g2o/types/../core/base_vertex.h: In instantiation of ‘class g2o::BaseVertex<3, Eigen::Matrix<double, 3, 1> >’:
[79.333s] /home/j/colcon_ws/ORB_SLAM3/Thirdparty/g2o/g2o/types/types_sba.h:40:35:   required from here
[79.333s] /home/j/colcon_ws/ORB_SLAM3/Thirdparty/g2o/g2o/types/../core/base_vertex.h:62:72: warning: ‘Eigen::AlignedBit’ is deprecated [-Wdeprecated-declarations]
[79.333s]    62 |  Eigen::Map<Matrix<double, D, D>, Matrix<double,D,D>::Flags & AlignedBit ? Aligned : Unaligned >  HessianBlockType;
[79.333s]       |                                                       ~~~~~~^~~~~~~~~~~~
[79.333s] 
[79.333s] In file included from /usr/include/eigen3/Eigen/Core:161,
[79.333s]                  from /usr/include/eigen3/Eigen/LU:11,
[79.334s]                  from /home/j/colcon_ws/ORB_SLAM3/Thirdparty/Sophus/sophus/so2.hpp:12,
[79.334s]                  from /home/j/colcon_ws/ORB_SLAM3/Thirdparty/Sophus/sophus/se2.hpp:7,
[79.334s]                  from /home/j/colcon_ws/ORB_SLAM3/Thirdparty/Sophus/sophus/geometry.hpp:7,
[79.334s]                  from /home/j/colcon_ws/ORB_SLAM3/include/Frame.h:28,
[79.334s]                  from /home/j/colcon_ws/ORB_SLAM3/include/KeyFrame.h:28,
[79.334s]                  from /home/j/colcon_ws/ORB_SLAM3/include/MapPoint.h:23,
[79.334s]                  from /home/j/colcon_ws/ORB_SLAM3/include/FrameDrawer.h:24,
[79.334s]                  from /home/j/colcon_ws/ORB_SLAM3/include/Viewer.h:23,
[79.334s]                  from /home/j/colcon_ws/ORB_SLAM3/include/Tracking.h:26,
[79.334s]                  from /home/j/colcon_ws/ORB_SLAM3/include/System.h:31,
[79.334s]                  from /home/j/colcon_ws/src/orbslam3_ros2/src/stereo/stereo-slam-node.hpp:13,
[79.334s]                  from /home/j/colcon_ws/src/orbslam3_ros2/src/stereo/stereo.cpp:7:
[79.334s] /usr/include/eigen3/Eigen/src/Core/util/Constants.h:167:37: note: declared here
[79.334s]   167 | EIGEN_DEPRECATED const unsigned int AlignedBit = 0x80;
[79.334s]       |                                     ^~~~~~~~~~
[79.346s] In file included from /home/j/colcon_ws/ORB_SLAM3/Thirdparty/g2o/g2o/types/types_six_dof_expmap.h:37,
[79.346s]                  from /home/j/colcon_ws/ORB_SLAM3/include/Converter.h:26,
[79.346s]                  from /home/j/colcon_ws/ORB_SLAM3/include/Frame.h:33,
[79.347s]                  from /home/j/colcon_ws/ORB_SLAM3/include/KeyFrame.h:28,
[79.347s]                  from /home/j/colcon_ws/ORB_SLAM3/include/MapPoint.h:23,
[79.347s]                  from /home/j/colcon_ws/ORB_SLAM3/include/FrameDrawer.h:24,
[79.347s]                  from /home/j/colcon_ws/ORB_SLAM3/include/Viewer.h:23,
[79.347s]                  from /home/j/colcon_ws/ORB_SLAM3/include/Tracking.h:26,
[79.347s]                  from /home/j/colcon_ws/ORB_SLAM3/include/System.h:31,
[79.347s]                  from /home/j/colcon_ws/src/orbslam3_ros2/src/stereo/stereo-slam-node.hpp:13,
[79.347s]                  from /home/j/colcon_ws/src/orbslam3_ros2/src/stereo/stereo.cpp:7:
[79.347s] /home/j/colcon_ws/ORB_SLAM3/Thirdparty/g2o/g2o/types/../core/base_vertex.h: In instantiation of ‘class g2o::BaseVertex<6, g2o::SE3Quat>’:
[79.347s] /home/j/colcon_ws/ORB_SLAM3/Thirdparty/g2o/g2o/types/types_six_dof_expmap.h:59:33:   required from here
[79.347s] /home/j/colcon_ws/ORB_SLAM3/Thirdparty/g2o/g2o/types/../core/base_vertex.h:62:72: warning: ‘Eigen::AlignedBit’ is deprecated [-Wdeprecated-declarations]
[79.347s]    62 |  Eigen::Map<Matrix<double, D, D>, Matrix<double,D,D>::Flags & AlignedBit ? Aligned : Unaligned >  HessianBlockType;
[79.347s]       |                                                       ~~~~~~^~~~~~~~~~~~
[79.347s] 
[79.347s] In file included from /usr/include/eigen3/Eigen/Core:161,
[79.347s]                  from /usr/include/eigen3/Eigen/LU:11,
[79.347s]                  from /home/j/colcon_ws/ORB_SLAM3/Thirdparty/Sophus/sophus/so2.hpp:12,
[79.347s]                  from /home/j/colcon_ws/ORB_SLAM3/Thirdparty/Sophus/sophus/se2.hpp:7,
[79.347s]                  from /home/j/colcon_ws/ORB_SLAM3/Thirdparty/Sophus/sophus/geometry.hpp:7,
[79.347s]                  from /home/j/colcon_ws/ORB_SLAM3/include/Frame.h:28,
[79.347s]                  from /home/j/colcon_ws/ORB_SLAM3/include/KeyFrame.h:28,
[79.347s]                  from /home/j/colcon_ws/ORB_SLAM3/include/MapPoint.h:23,
[79.347s]                  from /home/j/colcon_ws/ORB_SLAM3/include/FrameDrawer.h:24,
[79.347s]                  from /home/j/colcon_ws/ORB_SLAM3/include/Viewer.h:23,
[79.347s]                  from /home/j/colcon_ws/ORB_SLAM3/include/Tracking.h:26,
[79.347s]                  from /home/j/colcon_ws/ORB_SLAM3/include/System.h:31,
[79.347s]                  from /home/j/colcon_ws/src/orbslam3_ros2/src/stereo/stereo-slam-node.hpp:13,
[79.347s]                  from /home/j/colcon_ws/src/orbslam3_ros2/src/stereo/stereo.cpp:7:
[79.347s] /usr/include/eigen3/Eigen/src/Core/util/Constants.h:167:37: note: declared here
[79.347s]   167 | EIGEN_DEPRECATED const unsigned int AlignedBit = 0x80;
[79.347s]       |                                     ^~~~~~~~~~
[79.361s] In file included from /home/j/colcon_ws/ORB_SLAM3/Thirdparty/g2o/g2o/types/types_six_dof_expmap.h:38,
[79.361s]                  from /home/j/colcon_ws/ORB_SLAM3/include/Converter.h:26,
[79.361s]                  from /home/j/colcon_ws/ORB_SLAM3/include/Frame.h:33,
[79.361s]                  from /home/j/colcon_ws/ORB_SLAM3/include/KeyFrame.h:28,
[79.361s]                  from /home/j/colcon_ws/ORB_SLAM3/include/MapPoint.h:23,
[79.361s]                  from /home/j/colcon_ws/ORB_SLAM3/include/FrameDrawer.h:24,
[79.361s]                  from /home/j/colcon_ws/ORB_SLAM3/include/Viewer.h:23,
[79.361s]                  from /home/j/colcon_ws/ORB_SLAM3/include/Tracking.h:26,
[79.361s]                  from /home/j/colcon_ws/ORB_SLAM3/include/System.h:31,
[79.361s]                  from /home/j/colcon_ws/src/orbslam3_ros2/src/stereo/stereo-slam-node.hpp:13,
[79.361s]                  from /home/j/colcon_ws/src/orbslam3_ros2/src/stereo/stereo.cpp:7:
[79.361s] /home/j/colcon_ws/ORB_SLAM3/Thirdparty/g2o/g2o/types/../core/base_binary_edge.h: In instantiation of ‘class g2o::BaseBinaryEdge<6, g2o::SE3Quat, g2o::VertexSE3Expmap, g2o::VertexSE3Expmap>’:
[79.361s] /home/j/colcon_ws/ORB_SLAM3/Thirdparty/g2o/g2o/types/types_six_dof_expmap.h:83:24:   required from here
[79.361s] /home/j/colcon_ws/ORB_SLAM3/Thirdparty/g2o/g2o/types/../core/base_binary_edge.h:59:80: warning: ‘Eigen::AlignedBit’ is deprecated [-Wdeprecated-declarations]
[79.361s]    59 | ::Map<Matrix<double, Di, Dj>, Matrix<double, Di, Dj>::Flags & AlignedBit ? Aligned : Unaligned > HessianBlockType;
[79.361s]       |                                                       ~~~~~~^~~~~~~~~~~~
[79.361s] 
[79.361s] In file included from /usr/include/eigen3/Eigen/Core:161,
[79.361s]                  from /usr/include/eigen3/Eigen/LU:11,
[79.361s]                  from /home/j/colcon_ws/ORB_SLAM3/Thirdparty/Sophus/sophus/so2.hpp:12,
[79.361s]                  from /home/j/colcon_ws/ORB_SLAM3/Thirdparty/Sophus/sophus/se2.hpp:7,
[79.361s]                  from /home/j/colcon_ws/ORB_SLAM3/Thirdparty/Sophus/sophus/geometry.hpp:7,
[79.361s]                  from /home/j/colcon_ws/ORB_SLAM3/include/Frame.h:28,
[79.362s]                  from /home/j/colcon_ws/ORB_SLAM3/include/KeyFrame.h:28,
[79.362s]                  from /home/j/colcon_ws/ORB_SLAM3/include/MapPoint.h:23,
[79.362s]                  from /home/j/colcon_ws/ORB_SLAM3/include/FrameDrawer.h:24,
[79.362s]                  from /home/j/colcon_ws/ORB_SLAM3/include/Viewer.h:23,
[79.362s]                  from /home/j/colcon_ws/ORB_SLAM3/include/Tracking.h:26,
[79.362s]                  from /home/j/colcon_ws/ORB_SLAM3/include/System.h:31,
[79.362s]                  from /home/j/colcon_ws/src/orbslam3_ros2/src/stereo/stereo-slam-node.hpp:13,
[79.362s]                  from /home/j/colcon_ws/src/orbslam3_ros2/src/stereo/stereo.cpp:7:
[79.362s] /usr/include/eigen3/Eigen/src/Core/util/Constants.h:167:37: note: declared here
[79.362s]   167 | EIGEN_DEPRECATED const unsigned int AlignedBit = 0x80;
[79.362s]       |                                     ^~~~~~~~~~
[79.362s] In file included from /home/j/colcon_ws/ORB_SLAM3/Thirdparty/g2o/g2o/types/types_six_dof_expmap.h:38,
[79.362s]                  from /home/j/colcon_ws/ORB_SLAM3/include/Converter.h:26,
[79.362s]                  from /home/j/colcon_ws/ORB_SLAM3/include/Frame.h:33,
[79.362s]                  from /home/j/colcon_ws/ORB_SLAM3/include/KeyFrame.h:28,
[79.362s]                  from /home/j/colcon_ws/ORB_SLAM3/include/MapPoint.h:23,
[79.362s]                  from /home/j/colcon_ws/ORB_SLAM3/include/FrameDrawer.h:24,
[79.362s]                  from /home/j/colcon_ws/ORB_SLAM3/include/Viewer.h:23,
[79.362s]                  from /home/j/colcon_ws/ORB_SLAM3/include/Tracking.h:26,
[79.362s]                  from /home/j/colcon_ws/ORB_SLAM3/include/System.h:31,
[79.362s]                  from /home/j/colcon_ws/src/orbslam3_ros2/src/stereo/stereo-slam-node.hpp:13,
[79.362s]                  from /home/j/colcon_ws/src/orbslam3_ros2/src/stereo/stereo.cpp:7:
[79.362s] /home/j/colcon_ws/ORB_SLAM3/Thirdparty/g2o/g2o/types/../core/base_binary_edge.h:60:80: warning: ‘Eigen::AlignedBit’ is deprecated [-Wdeprecated-declarations]
[79.362s]    60 | ::Map<Matrix<double, Dj, Di>, Matrix<double, Dj, Di>::Flags & AlignedBit ? Aligned : Unaligned > HessianBlockTransposedType;
[79.362s]       |                                                       ~~~~~~^~~~~~~~~~~~
[79.362s] 
[79.362s] In file included from /usr/include/eigen3/Eigen/Core:161,
[79.362s]                  from /usr/include/eigen3/Eigen/LU:11,
[79.362s]                  from /home/j/colcon_ws/ORB_SLAM3/Thirdparty/Sophus/sophus/so2.hpp:12,
[79.362s]                  from /home/j/colcon_ws/ORB_SLAM3/Thirdparty/Sophus/sophus/se2.hpp:7,
[79.362s]                  from /home/j/colcon_ws/ORB_SLAM3/Thirdparty/Sophus/sophus/geometry.hpp:7,
[79.362s]                  from /home/j/colcon_ws/ORB_SLAM3/include/Frame.h:28,
[79.362s]                  from /home/j/colcon_ws/ORB_SLAM3/include/KeyFrame.h:28,
[79.362s]                  from /home/j/colcon_ws/ORB_SLAM3/include/MapPoint.h:23,
[79.362s]                  from /home/j/colcon_ws/ORB_SLAM3/include/FrameDrawer.h:24,
[79.362s]                  from /home/j/colcon_ws/ORB_SLAM3/include/Viewer.h:23,
[79.362s]                  from /home/j/colcon_ws/ORB_SLAM3/include/Tracking.h:26,
[79.362s]                  from /home/j/colcon_ws/ORB_SLAM3/include/System.h:31,
[79.362s]                  from /home/j/colcon_ws/src/orbslam3_ros2/src/stereo/stereo-slam-node.hpp:13,
[79.362s]                  from /home/j/colcon_ws/src/orbslam3_ros2/src/stereo/stereo.cpp:7:
[79.362s] /usr/include/eigen3/Eigen/src/Core/util/Constants.h:167:37: note: declared here
[79.362s]   167 | EIGEN_DEPRECATED const unsigned int AlignedBit = 0x80;
[79.362s]       |                                     ^~~~~~~~~~
[79.398s] In file included from /home/j/colcon_ws/ORB_SLAM3/Thirdparty/g2o/g2o/types/types_six_dof_expmap.h:38,
[79.398s]                  from /home/j/colcon_ws/ORB_SLAM3/include/Converter.h:26,
[79.398s]                  from /home/j/colcon_ws/ORB_SLAM3/include/Frame.h:33,
[79.398s]                  from /home/j/colcon_ws/ORB_SLAM3/include/KeyFrame.h:28,
[79.398s]                  from /home/j/colcon_ws/ORB_SLAM3/include/MapPoint.h:23,
[79.398s]                  from /home/j/colcon_ws/ORB_SLAM3/include/FrameDrawer.h:24,
[79.398s]                  from /home/j/colcon_ws/ORB_SLAM3/include/Viewer.h:23,
[79.398s]                  from /home/j/colcon_ws/ORB_SLAM3/include/Tracking.h:26,
[79.398s]                  from /home/j/colcon_ws/ORB_SLAM3/include/System.h:31,
[79.398s]                  from /home/j/colcon_ws/src/orbslam3_ros2/src/stereo/stereo-slam-node.hpp:13,
[79.398s]                  from /home/j/colcon_ws/src/orbslam3_ros2/src/stereo/stereo.cpp:7:
[79.398s] /home/j/colcon_ws/ORB_SLAM3/Thirdparty/g2o/g2o/types/../core/base_binary_edge.h: In instantiation of ‘class g2o::BaseBinaryEdge<2, Eigen::Matrix<double, 2, 1>, g2o::VertexSBAPointXYZ, g2o::VertexSE3Expmap>’:
[79.398s] /home/j/colcon_ws/ORB_SLAM3/Thirdparty/g2o/g2o/types/types_six_dof_expmap.h:114:35:   required from here
[79.398s] /home/j/colcon_ws/ORB_SLAM3/Thirdparty/g2o/g2o/types/../core/base_binary_edge.h:59:80: warning: ‘Eigen::AlignedBit’ is deprecated [-Wdeprecated-declarations]
[79.398s]    59 | ::Map<Matrix<double, Di, Dj>, Matrix<double, Di, Dj>::Flags & AlignedBit ? Aligned : Unaligned > HessianBlockType;
[79.398s]       |                                                       ~~~~~~^~~~~~~~~~~~
[79.398s] 
[79.398s] In file included from /usr/include/eigen3/Eigen/Core:161,
[79.398s]                  from /usr/include/eigen3/Eigen/LU:11,
[79.398s]                  from /home/j/colcon_ws/ORB_SLAM3/Thirdparty/Sophus/sophus/so2.hpp:12,
[79.398s]                  from /home/j/colcon_ws/ORB_SLAM3/Thirdparty/Sophus/sophus/se2.hpp:7,
[79.398s]                  from /home/j/colcon_ws/ORB_SLAM3/Thirdparty/Sophus/sophus/geometry.hpp:7,
[79.398s]                  from /home/j/colcon_ws/ORB_SLAM3/include/Frame.h:28,
[79.398s]                  from /home/j/colcon_ws/ORB_SLAM3/include/KeyFrame.h:28,
[79.398s]                  from /home/j/colcon_ws/ORB_SLAM3/include/MapPoint.h:23,
[79.398s]                  from /home/j/colcon_ws/ORB_SLAM3/include/FrameDrawer.h:24,
[79.398s]                  from /home/j/colcon_ws/ORB_SLAM3/include/Viewer.h:23,
[79.398s]                  from /home/j/colcon_ws/ORB_SLAM3/include/Tracking.h:26,
[79.398s]                  from /home/j/colcon_ws/ORB_SLAM3/include/System.h:31,
[79.398s]                  from /home/j/colcon_ws/src/orbslam3_ros2/src/stereo/stereo-slam-node.hpp:13,
[79.398s]                  from /home/j/colcon_ws/src/orbslam3_ros2/src/stereo/stereo.cpp:7:
[79.398s] /usr/include/eigen3/Eigen/src/Core/util/Constants.h:167:37: note: declared here
[79.398s]   167 | EIGEN_DEPRECATED const unsigned int AlignedBit = 0x80;
[79.398s]       |                                     ^~~~~~~~~~
[79.405s] In file included from /home/j/colcon_ws/ORB_SLAM3/Thirdparty/g2o/g2o/types/types_six_dof_expmap.h:38,
[79.405s]                  from /home/j/colcon_ws/ORB_SLAM3/include/Converter.h:26,
[79.405s]                  from /home/j/colcon_ws/ORB_SLAM3/include/Frame.h:33,
[79.405s]                  from /home/j/colcon_ws/ORB_SLAM3/include/KeyFrame.h:28,
[79.405s]                  from /home/j/colcon_ws/ORB_SLAM3/include/MapPoint.h:23,
[79.405s]                  from /home/j/colcon_ws/ORB_SLAM3/include/FrameDrawer.h:24,
[79.405s]                  from /home/j/colcon_ws/ORB_SLAM3/include/Viewer.h:23,
[79.405s]                  from /home/j/colcon_ws/ORB_SLAM3/include/Tracking.h:26,
[79.405s]                  from /home/j/colcon_ws/ORB_SLAM3/include/System.h:31,
[79.405s]                  from /home/j/colcon_ws/src/orbslam3_ros2/src/stereo/stereo-slam-node.hpp:13,
[79.405s]                  from /home/j/colcon_ws/src/orbslam3_ros2/src/stereo/stereo.cpp:7:
[79.405s] /home/j/colcon_ws/ORB_SLAM3/Thirdparty/g2o/g2o/types/../core/base_binary_edge.h:60:80: warning: ‘Eigen::AlignedBit’ is deprecated [-Wdeprecated-declarations]
[79.405s]    60 | ::Map<Matrix<double, Dj, Di>, Matrix<double, Dj, Di>::Flags & AlignedBit ? Aligned : Unaligned > HessianBlockTransposedType;
[79.405s]       |                                                       ~~~~~~^~~~~~~~~~~~
[79.405s] 
[79.405s] In file included from /usr/include/eigen3/Eigen/Core:161,
[79.405s]                  from /usr/include/eigen3/Eigen/LU:11,
[79.405s]                  from /home/j/colcon_ws/ORB_SLAM3/Thirdparty/Sophus/sophus/so2.hpp:12,
[79.405s]                  from /home/j/colcon_ws/ORB_SLAM3/Thirdparty/Sophus/sophus/se2.hpp:7,
[79.405s]                  from /home/j/colcon_ws/ORB_SLAM3/Thirdparty/Sophus/sophus/geometry.hpp:7,
[79.405s]                  from /home/j/colcon_ws/ORB_SLAM3/include/Frame.h:28,
[79.405s]                  from /home/j/colcon_ws/ORB_SLAM3/include/KeyFrame.h:28,
[79.405s]                  from /home/j/colcon_ws/ORB_SLAM3/include/MapPoint.h:23,
[79.405s]                  from /home/j/colcon_ws/ORB_SLAM3/include/FrameDrawer.h:24,
[79.405s]                  from /home/j/colcon_ws/ORB_SLAM3/include/Viewer.h:23,
[79.405s]                  from /home/j/colcon_ws/ORB_SLAM3/include/Tracking.h:26,
[79.405s]                  from /home/j/colcon_ws/ORB_SLAM3/include/System.h:31,
[79.405s]                  from /home/j/colcon_ws/src/orbslam3_ros2/src/stereo/stereo-slam-node.hpp:13,
[79.405s]                  from /home/j/colcon_ws/src/orbslam3_ros2/src/stereo/stereo.cpp:7:
[79.405s] /usr/include/eigen3/Eigen/src/Core/util/Constants.h:167:37: note: declared here
[79.406s]   167 | EIGEN_DEPRECATED const unsigned int AlignedBit = 0x80;
[79.406s]       |                                     ^~~~~~~~~~
[79.435s] In file included from /home/j/colcon_ws/ORB_SLAM3/Thirdparty/g2o/g2o/types/types_six_dof_expmap.h:38,
[79.435s]                  from /home/j/colcon_ws/ORB_SLAM3/include/Converter.h:26,
[79.435s]                  from /home/j/colcon_ws/ORB_SLAM3/include/Frame.h:33,
[79.435s]                  from /home/j/colcon_ws/ORB_SLAM3/include/KeyFrame.h:28,
[79.435s]                  from /home/j/colcon_ws/ORB_SLAM3/include/MapPoint.h:23,
[79.435s]                  from /home/j/colcon_ws/ORB_SLAM3/include/FrameDrawer.h:24,
[79.435s]                  from /home/j/colcon_ws/ORB_SLAM3/include/Viewer.h:23,
[79.435s]                  from /home/j/colcon_ws/ORB_SLAM3/include/Tracking.h:26,
[79.435s]                  from /home/j/colcon_ws/ORB_SLAM3/include/System.h:31,
[79.435s]                  from /home/j/colcon_ws/src/orbslam3_ros2/src/stereo/stereo-slam-node.hpp:13,
[79.435s]                  from /home/j/colcon_ws/src/orbslam3_ros2/src/stereo/stereo.cpp:7:
[79.435s] /home/j/colcon_ws/ORB_SLAM3/Thirdparty/g2o/g2o/types/../core/base_binary_edge.h: In instantiation of ‘class g2o::BaseBinaryEdge<3, Eigen::Matrix<double, 3, 1>, g2o::VertexSBAPointXYZ, g2o::VertexSE3Expmap>’:
[79.435s] /home/j/colcon_ws/ORB_SLAM3/Thirdparty/g2o/g2o/types/types_six_dof_expmap.h:146:41:   required from here
[79.435s] /home/j/colcon_ws/ORB_SLAM3/Thirdparty/g2o/g2o/types/../core/base_binary_edge.h:59:80: warning: ‘Eigen::AlignedBit’ is deprecated [-Wdeprecated-declarations]
[79.435s]    59 | ::Map<Matrix<double, Di, Dj>, Matrix<double, Di, Dj>::Flags & AlignedBit ? Aligned : Unaligned > HessianBlockType;
[79.435s]       |                                                       ~~~~~~^~~~~~~~~~~~
[79.435s] 
[79.435s] In file included from /usr/include/eigen3/Eigen/Core:161,
[79.435s]                  from /usr/include/eigen3/Eigen/LU:11,
[79.435s]                  from /home/j/colcon_ws/ORB_SLAM3/Thirdparty/Sophus/sophus/so2.hpp:12,
[79.435s]                  from /home/j/colcon_ws/ORB_SLAM3/Thirdparty/Sophus/sophus/se2.hpp:7,
[79.435s]                  from /home/j/colcon_ws/ORB_SLAM3/Thirdparty/Sophus/sophus/geometry.hpp:7,
[79.435s]                  from /home/j/colcon_ws/ORB_SLAM3/include/Frame.h:28,
[79.435s]                  from /home/j/colcon_ws/ORB_SLAM3/include/KeyFrame.h:28,
[79.435s]                  from /home/j/colcon_ws/ORB_SLAM3/include/MapPoint.h:23,
[79.435s]                  from /home/j/colcon_ws/ORB_SLAM3/include/FrameDrawer.h:24,
[79.436s]                  from /home/j/colcon_ws/ORB_SLAM3/include/Viewer.h:23,
[79.436s]                  from /home/j/colcon_ws/ORB_SLAM3/include/Tracking.h:26,
[79.436s]                  from /home/j/colcon_ws/ORB_SLAM3/include/System.h:31,
[79.436s]                  from /home/j/colcon_ws/src/orbslam3_ros2/src/stereo/stereo-slam-node.hpp:13,
[79.436s]                  from /home/j/colcon_ws/src/orbslam3_ros2/src/stereo/stereo.cpp:7:
[79.436s] /usr/include/eigen3/Eigen/src/Core/util/Constants.h:167:37: note: declared here
[79.436s]   167 | EIGEN_DEPRECATED const unsigned int AlignedBit = 0x80;
[79.436s]       |                                     ^~~~~~~~~~
[79.436s] In file included from /home/j/colcon_ws/ORB_SLAM3/Thirdparty/g2o/g2o/types/types_six_dof_expmap.h:38,
[79.436s]                  from /home/j/colcon_ws/ORB_SLAM3/include/Converter.h:26,
[79.436s]                  from /home/j/colcon_ws/ORB_SLAM3/include/Frame.h:33,
[79.436s]                  from /home/j/colcon_ws/ORB_SLAM3/include/KeyFrame.h:28,
[79.436s]                  from /home/j/colcon_ws/ORB_SLAM3/include/MapPoint.h:23,
[79.436s]                  from /home/j/colcon_ws/ORB_SLAM3/include/FrameDrawer.h:24,
[79.436s]                  from /home/j/colcon_ws/ORB_SLAM3/include/Viewer.h:23,
[79.436s]                  from /home/j/colcon_ws/ORB_SLAM3/include/Tracking.h:26,
[79.436s]                  from /home/j/colcon_ws/ORB_SLAM3/include/System.h:31,
[79.436s]                  from /home/j/colcon_ws/src/orbslam3_ros2/src/stereo/stereo-slam-node.hpp:13,
[79.436s]                  from /home/j/colcon_ws/src/orbslam3_ros2/src/stereo/stereo.cpp:7:
[79.436s] /home/j/colcon_ws/ORB_SLAM3/Thirdparty/g2o/g2o/types/../core/base_binary_edge.h:60:80: warning: ‘Eigen::AlignedBit’ is deprecated [-Wdeprecated-declarations]
[79.436s]    60 | ::Map<Matrix<double, Dj, Di>, Matrix<double, Dj, Di>::Flags & AlignedBit ? Aligned : Unaligned > HessianBlockTransposedType;
[79.436s]       |                                                       ~~~~~~^~~~~~~~~~~~
[79.436s] 
[79.436s] In file included from /usr/include/eigen3/Eigen/Core:161,
[79.436s]                  from /usr/include/eigen3/Eigen/LU:11,
[79.436s]                  from /home/j/colcon_ws/ORB_SLAM3/Thirdparty/Sophus/sophus/so2.hpp:12,
[79.436s]                  from /home/j/colcon_ws/ORB_SLAM3/Thirdparty/Sophus/sophus/se2.hpp:7,
[79.436s]                  from /home/j/colcon_ws/ORB_SLAM3/Thirdparty/Sophus/sophus/geometry.hpp:7,
[79.436s]                  from /home/j/colcon_ws/ORB_SLAM3/include/Frame.h:28,
[79.436s]                  from /home/j/colcon_ws/ORB_SLAM3/include/KeyFrame.h:28,
[79.436s]                  from /home/j/colcon_ws/ORB_SLAM3/include/MapPoint.h:23,
[79.436s]                  from /home/j/colcon_ws/ORB_SLAM3/include/FrameDrawer.h:24,
[79.436s]                  from /home/j/colcon_ws/ORB_SLAM3/include/Viewer.h:23,
[79.436s]                  from /home/j/colcon_ws/ORB_SLAM3/include/Tracking.h:26,
[79.436s]                  from /home/j/colcon_ws/ORB_SLAM3/include/System.h:31,
[79.436s]                  from /home/j/colcon_ws/src/orbslam3_ros2/src/stereo/stereo-slam-node.hpp:13,
[79.436s]                  from /home/j/colcon_ws/src/orbslam3_ros2/src/stereo/stereo.cpp:7:
[79.436s] /usr/include/eigen3/Eigen/src/Core/util/Constants.h:167:37: note: declared here
[79.436s]   167 | EIGEN_DEPRECATED const unsigned int AlignedBit = 0x80;
[79.436s]       |                                     ^~~~~~~~~~
[79.539s] In file included from /home/j/colcon_ws/ORB_SLAM3/Thirdparty/g2o/g2o/types/types_six_dof_expmap.h:37,
[79.539s]                  from /home/j/colcon_ws/ORB_SLAM3/include/Converter.h:26,
[79.539s]                  from /home/j/colcon_ws/ORB_SLAM3/include/Frame.h:33,
[79.539s]                  from /home/j/colcon_ws/ORB_SLAM3/include/KeyFrame.h:28,
[79.539s]                  from /home/j/colcon_ws/ORB_SLAM3/include/MapPoint.h:23,
[79.539s]                  from /home/j/colcon_ws/ORB_SLAM3/include/FrameDrawer.h:24,
[79.539s]                  from /home/j/colcon_ws/ORB_SLAM3/include/Viewer.h:23,
[79.539s]                  from /home/j/colcon_ws/ORB_SLAM3/include/Tracking.h:26,
[79.539s]                  from /home/j/colcon_ws/ORB_SLAM3/include/System.h:31,
[79.539s]                  from /home/j/colcon_ws/src/orbslam3_ros2/src/stereo/stereo-slam-node.hpp:13,
[79.539s]                  from /home/j/colcon_ws/src/orbslam3_ros2/src/stereo/stereo.cpp:7:
[79.539s] /home/j/colcon_ws/ORB_SLAM3/Thirdparty/g2o/g2o/types/../core/base_vertex.h: In instantiation of ‘class g2o::BaseVertex<7, g2o::Sim3>’:
[79.539s] /home/j/colcon_ws/ORB_SLAM3/Thirdparty/g2o/g2o/types/types_seven_dof_expmap.h:48:35:   required from here
[79.539s] /home/j/colcon_ws/ORB_SLAM3/Thirdparty/g2o/g2o/types/../core/base_vertex.h:62:72: warning: ‘Eigen::AlignedBit’ is deprecated [-Wdeprecated-declarations]
[79.539s]    62 |  Eigen::Map<Matrix<double, D, D>, Matrix<double,D,D>::Flags & AlignedBit ? Aligned : Unaligned >  HessianBlockType;
[79.539s]       |                                                       ~~~~~~^~~~~~~~~~~~
[79.539s] 
[79.539s] In file included from /usr/include/eigen3/Eigen/Core:161,
[79.539s]                  from /usr/include/eigen3/Eigen/LU:11,
[79.539s]                  from /home/j/colcon_ws/ORB_SLAM3/Thirdparty/Sophus/sophus/so2.hpp:12,
[79.539s]                  from /home/j/colcon_ws/ORB_SLAM3/Thirdparty/Sophus/sophus/se2.hpp:7,
[79.539s]                  from /home/j/colcon_ws/ORB_SLAM3/Thirdparty/Sophus/sophus/geometry.hpp:7,
[79.539s]                  from /home/j/colcon_ws/ORB_SLAM3/include/Frame.h:28,
[79.539s]                  from /home/j/colcon_ws/ORB_SLAM3/include/KeyFrame.h:28,
[79.539s]                  from /home/j/colcon_ws/ORB_SLAM3/include/MapPoint.h:23,
[79.539s]                  from /home/j/colcon_ws/ORB_SLAM3/include/FrameDrawer.h:24,
[79.539s]                  from /home/j/colcon_ws/ORB_SLAM3/include/Viewer.h:23,
[79.540s]                  from /home/j/colcon_ws/ORB_SLAM3/include/Tracking.h:26,
[79.540s]                  from /home/j/colcon_ws/ORB_SLAM3/include/System.h:31,
[79.540s]                  from /home/j/colcon_ws/src/orbslam3_ros2/src/stereo/stereo-slam-node.hpp:13,
[79.540s]                  from /home/j/colcon_ws/src/orbslam3_ros2/src/stereo/stereo.cpp:7:
[79.540s] /usr/include/eigen3/Eigen/src/Core/util/Constants.h:167:37: note: declared here
[79.540s]   167 | EIGEN_DEPRECATED const unsigned int AlignedBit = 0x80;
[79.540s]       |                                     ^~~~~~~~~~
[79.555s] In file included from /home/j/colcon_ws/ORB_SLAM3/Thirdparty/g2o/g2o/types/types_six_dof_expmap.h:38,
[79.555s]                  from /home/j/colcon_ws/ORB_SLAM3/include/Converter.h:26,
[79.555s]                  from /home/j/colcon_ws/ORB_SLAM3/include/Frame.h:33,
[79.555s]                  from /home/j/colcon_ws/ORB_SLAM3/include/KeyFrame.h:28,
[79.555s]                  from /home/j/colcon_ws/ORB_SLAM3/include/MapPoint.h:23,
[79.555s]                  from /home/j/colcon_ws/ORB_SLAM3/include/FrameDrawer.h:24,
[79.555s]                  from /home/j/colcon_ws/ORB_SLAM3/include/Viewer.h:23,
[79.555s]                  from /home/j/colcon_ws/ORB_SLAM3/include/Tracking.h:26,
[79.555s]                  from /home/j/colcon_ws/ORB_SLAM3/include/System.h:31,
[79.555s]                  from /home/j/colcon_ws/src/orbslam3_ros2/src/stereo/stereo-slam-node.hpp:13,
[79.555s]                  from /home/j/colcon_ws/src/orbslam3_ros2/src/stereo/stereo.cpp:7:
[79.555s] /home/j/colcon_ws/ORB_SLAM3/Thirdparty/g2o/g2o/types/../core/base_binary_edge.h: In instantiation of ‘class g2o::BaseBinaryEdge<7, g2o::Sim3, g2o::VertexSim3Expmap, g2o::VertexSim3Expmap>’:
[79.555s] /home/j/colcon_ws/ORB_SLAM3/Thirdparty/g2o/g2o/types/types_seven_dof_expmap.h:99:27:   required from here
[79.555s] /home/j/colcon_ws/ORB_SLAM3/Thirdparty/g2o/g2o/types/../core/base_binary_edge.h:59:80: warning: ‘Eigen::AlignedBit’ is deprecated [-Wdeprecated-declarations]
[79.555s]    59 | ::Map<Matrix<double, Di, Dj>, Matrix<double, Di, Dj>::Flags & AlignedBit ? Aligned : Unaligned > HessianBlockType;
[79.555s]       |                                                       ~~~~~~^~~~~~~~~~~~
[79.555s] 
[79.555s] In file included from /usr/include/eigen3/Eigen/Core:161,
[79.555s]                  from /usr/include/eigen3/Eigen/LU:11,
[79.555s]                  from /home/j/colcon_ws/ORB_SLAM3/Thirdparty/Sophus/sophus/so2.hpp:12,
[79.555s]                  from /home/j/colcon_ws/ORB_SLAM3/Thirdparty/Sophus/sophus/se2.hpp:7,
[79.556s]                  from /home/j/colcon_ws/ORB_SLAM3/Thirdparty/Sophus/sophus/geometry.hpp:7,
[79.556s]                  from /home/j/colcon_ws/ORB_SLAM3/include/Frame.h:28,
[79.556s]                  from /home/j/colcon_ws/ORB_SLAM3/include/KeyFrame.h:28,
[79.556s]                  from /home/j/colcon_ws/ORB_SLAM3/include/MapPoint.h:23,
[79.556s]                  from /home/j/colcon_ws/ORB_SLAM3/include/FrameDrawer.h:24,
[79.556s]                  from /home/j/colcon_ws/ORB_SLAM3/include/Viewer.h:23,
[79.556s]                  from /home/j/colcon_ws/ORB_SLAM3/include/Tracking.h:26,
[79.556s]                  from /home/j/colcon_ws/ORB_SLAM3/include/System.h:31,
[79.556s]                  from /home/j/colcon_ws/src/orbslam3_ros2/src/stereo/stereo-slam-node.hpp:13,
[79.556s]                  from /home/j/colcon_ws/src/orbslam3_ros2/src/stereo/stereo.cpp:7:
[79.556s] /usr/include/eigen3/Eigen/src/Core/util/Constants.h:167:37: note: declared here
[79.556s]   167 | EIGEN_DEPRECATED const unsigned int AlignedBit = 0x80;
[79.556s]       |                                     ^~~~~~~~~~
[79.556s] In file included from /home/j/colcon_ws/ORB_SLAM3/Thirdparty/g2o/g2o/types/types_six_dof_expmap.h:38,
[79.556s]                  from /home/j/colcon_ws/ORB_SLAM3/include/Converter.h:26,
[79.556s]                  from /home/j/colcon_ws/ORB_SLAM3/include/Frame.h:33,
[79.556s]                  from /home/j/colcon_ws/ORB_SLAM3/include/KeyFrame.h:28,
[79.556s]                  from /home/j/colcon_ws/ORB_SLAM3/include/MapPoint.h:23,
[79.556s]                  from /home/j/colcon_ws/ORB_SLAM3/include/FrameDrawer.h:24,
[79.556s]                  from /home/j/colcon_ws/ORB_SLAM3/include/Viewer.h:23,
[79.556s]                  from /home/j/colcon_ws/ORB_SLAM3/include/Tracking.h:26,
[79.556s]                  from /home/j/colcon_ws/ORB_SLAM3/include/System.h:31,
[79.556s]                  from /home/j/colcon_ws/src/orbslam3_ros2/src/stereo/stereo-slam-node.hpp:13,
[79.556s]                  from /home/j/colcon_ws/src/orbslam3_ros2/src/stereo/stereo.cpp:7:
[79.556s] /home/j/colcon_ws/ORB_SLAM3/Thirdparty/g2o/g2o/types/../core/base_binary_edge.h:60:80: warning: ‘Eigen::AlignedBit’ is deprecated [-Wdeprecated-declarations]
[79.556s]    60 | ::Map<Matrix<double, Dj, Di>, Matrix<double, Dj, Di>::Flags & AlignedBit ? Aligned : Unaligned > HessianBlockTransposedType;
[79.556s]       |                                                       ~~~~~~^~~~~~~~~~~~
[79.556s] 
[79.556s] In file included from /usr/include/eigen3/Eigen/Core:161,
[79.556s]                  from /usr/include/eigen3/Eigen/LU:11,
[79.556s]                  from /home/j/colcon_ws/ORB_SLAM3/Thirdparty/Sophus/sophus/so2.hpp:12,
[79.556s]                  from /home/j/colcon_ws/ORB_SLAM3/Thirdparty/Sophus/sophus/se2.hpp:7,
[79.556s]                  from /home/j/colcon_ws/ORB_SLAM3/Thirdparty/Sophus/sophus/geometry.hpp:7,
[79.556s]                  from /home/j/colcon_ws/ORB_SLAM3/include/Frame.h:28,
[79.556s]                  from /home/j/colcon_ws/ORB_SLAM3/include/KeyFrame.h:28,
[79.556s]                  from /home/j/colcon_ws/ORB_SLAM3/include/MapPoint.h:23,
[79.556s]                  from /home/j/colcon_ws/ORB_SLAM3/include/FrameDrawer.h:24,
[79.556s]                  from /home/j/colcon_ws/ORB_SLAM3/include/Viewer.h:23,
[79.556s]                  from /home/j/colcon_ws/ORB_SLAM3/include/Tracking.h:26,
[79.556s]                  from /home/j/colcon_ws/ORB_SLAM3/include/System.h:31,
[79.556s]                  from /home/j/colcon_ws/src/orbslam3_ros2/src/stereo/stereo-slam-node.hpp:13,
[79.556s]                  from /home/j/colcon_ws/src/orbslam3_ros2/src/stereo/stereo.cpp:7:
[79.556s] /usr/include/eigen3/Eigen/src/Core/util/Constants.h:167:37: note: declared here
[79.556s]   167 | EIGEN_DEPRECATED const unsigned int AlignedBit = 0x80;
[79.556s]       |                                     ^~~~~~~~~~
[79.578s] In file included from /home/j/colcon_ws/ORB_SLAM3/Thirdparty/g2o/g2o/types/types_six_dof_expmap.h:38,
[79.578s]                  from /home/j/colcon_ws/ORB_SLAM3/include/Converter.h:26,
[79.578s]                  from /home/j/colcon_ws/ORB_SLAM3/include/Frame.h:33,
[79.578s]                  from /home/j/colcon_ws/ORB_SLAM3/include/KeyFrame.h:28,
[79.578s]                  from /home/j/colcon_ws/ORB_SLAM3/include/MapPoint.h:23,
[79.578s]                  from /home/j/colcon_ws/ORB_SLAM3/include/FrameDrawer.h:24,
[79.578s]                  from /home/j/colcon_ws/ORB_SLAM3/include/Viewer.h:23,
[79.578s]                  from /home/j/colcon_ws/ORB_SLAM3/include/Tracking.h:26,
[79.578s]                  from /home/j/colcon_ws/ORB_SLAM3/include/System.h:31,
[79.578s]                  from /home/j/colcon_ws/src/orbslam3_ros2/src/stereo/stereo-slam-node.hpp:13,
[79.578s]                  from /home/j/colcon_ws/src/orbslam3_ros2/src/stereo/stereo.cpp:7:
[79.578s] /home/j/colcon_ws/ORB_SLAM3/Thirdparty/g2o/g2o/types/../core/base_binary_edge.h: In instantiation of ‘class g2o::BaseBinaryEdge<2, Eigen::Matrix<double, 2, 1>, g2o::VertexSBAPointXYZ, g2o::VertexSim3Expmap>’:
[79.578s] /home/j/colcon_ws/ORB_SLAM3/Thirdparty/g2o/g2o/types/types_seven_dof_expmap.h:130:36:   required from here
[79.578s] /home/j/colcon_ws/ORB_SLAM3/Thirdparty/g2o/g2o/types/../core/base_binary_edge.h:59:80: warning: ‘Eigen::AlignedBit’ is deprecated [-Wdeprecated-declarations]
[79.578s]    59 | ::Map<Matrix<double, Di, Dj>, Matrix<double, Di, Dj>::Flags & AlignedBit ? Aligned : Unaligned > HessianBlockType;
[79.578s]       |                                                       ~~~~~~^~~~~~~~~~~~
[79.578s] 
[79.578s] In file included from /usr/include/eigen3/Eigen/Core:161,
[79.578s]                  from /usr/include/eigen3/Eigen/LU:11,
[79.578s]                  from /home/j/colcon_ws/ORB_SLAM3/Thirdparty/Sophus/sophus/so2.hpp:12,
[79.578s]                  from /home/j/colcon_ws/ORB_SLAM3/Thirdparty/Sophus/sophus/se2.hpp:7,
[79.578s]                  from /home/j/colcon_ws/ORB_SLAM3/Thirdparty/Sophus/sophus/geometry.hpp:7,
[79.578s]                  from /home/j/colcon_ws/ORB_SLAM3/include/Frame.h:28,
[79.578s]                  from /home/j/colcon_ws/ORB_SLAM3/include/KeyFrame.h:28,
[79.578s]                  from /home/j/colcon_ws/ORB_SLAM3/include/MapPoint.h:23,
[79.578s]                  from /home/j/colcon_ws/ORB_SLAM3/include/FrameDrawer.h:24,
[79.578s]                  from /home/j/colcon_ws/ORB_SLAM3/include/Viewer.h:23,
[79.578s]                  from /home/j/colcon_ws/ORB_SLAM3/include/Tracking.h:26,
[79.578s]                  from /home/j/colcon_ws/ORB_SLAM3/include/System.h:31,
[79.578s]                  from /home/j/colcon_ws/src/orbslam3_ros2/src/stereo/stereo-slam-node.hpp:13,
[79.578s]                  from /home/j/colcon_ws/src/orbslam3_ros2/src/stereo/stereo.cpp:7:
[79.578s] /usr/include/eigen3/Eigen/src/Core/util/Constants.h:167:37: note: declared here
[79.578s]   167 | EIGEN_DEPRECATED const unsigned int AlignedBit = 0x80;
[79.578s]       |                                     ^~~~~~~~~~
[79.585s] In file included from /home/j/colcon_ws/ORB_SLAM3/Thirdparty/g2o/g2o/types/types_six_dof_expmap.h:38,
[79.585s]                  from /home/j/colcon_ws/ORB_SLAM3/include/Converter.h:26,
[79.585s]                  from /home/j/colcon_ws/ORB_SLAM3/include/Frame.h:33,
[79.585s]                  from /home/j/colcon_ws/ORB_SLAM3/include/KeyFrame.h:28,
[79.585s]                  from /home/j/colcon_ws/ORB_SLAM3/include/MapPoint.h:23,
[79.585s]                  from /home/j/colcon_ws/ORB_SLAM3/include/FrameDrawer.h:24,
[79.585s]                  from /home/j/colcon_ws/ORB_SLAM3/include/Viewer.h:23,
[79.585s]                  from /home/j/colcon_ws/ORB_SLAM3/include/Tracking.h:26,
[79.585s]                  from /home/j/colcon_ws/ORB_SLAM3/include/System.h:31,
[79.585s]                  from /home/j/colcon_ws/src/orbslam3_ros2/src/stereo/stereo-slam-node.hpp:13,
[79.585s]                  from /home/j/colcon_ws/src/orbslam3_ros2/src/stereo/stereo.cpp:7:
[79.586s] /home/j/colcon_ws/ORB_SLAM3/Thirdparty/g2o/g2o/types/../core/base_binary_edge.h:60:80: warning: ‘Eigen::AlignedBit’ is deprecated [-Wdeprecated-declarations]
[79.586s]    60 | ::Map<Matrix<double, Dj, Di>, Matrix<double, Dj, Di>::Flags & AlignedBit ? Aligned : Unaligned > HessianBlockTransposedType;
[79.586s]       |                                                       ~~~~~~^~~~~~~~~~~~
[79.586s] 
[79.586s] In file included from /usr/include/eigen3/Eigen/Core:161,
[79.586s]                  from /usr/include/eigen3/Eigen/LU:11,
[79.586s]                  from /home/j/colcon_ws/ORB_SLAM3/Thirdparty/Sophus/sophus/so2.hpp:12,
[79.586s]                  from /home/j/colcon_ws/ORB_SLAM3/Thirdparty/Sophus/sophus/se2.hpp:7,
[79.586s]                  from /home/j/colcon_ws/ORB_SLAM3/Thirdparty/Sophus/sophus/geometry.hpp:7,
[79.586s]                  from /home/j/colcon_ws/ORB_SLAM3/include/Frame.h:28,
[79.586s]                  from /home/j/colcon_ws/ORB_SLAM3/include/KeyFrame.h:28,
[79.586s]                  from /home/j/colcon_ws/ORB_SLAM3/include/MapPoint.h:23,
[79.586s]                  from /home/j/colcon_ws/ORB_SLAM3/include/FrameDrawer.h:24,
[79.586s]                  from /home/j/colcon_ws/ORB_SLAM3/include/Viewer.h:23,
[79.586s]                  from /home/j/colcon_ws/ORB_SLAM3/include/Tracking.h:26,
[79.586s]                  from /home/j/colcon_ws/ORB_SLAM3/include/System.h:31,
[79.586s]                  from /home/j/colcon_ws/src/orbslam3_ros2/src/stereo/stereo-slam-node.hpp:13,
[79.586s]                  from /home/j/colcon_ws/src/orbslam3_ros2/src/stereo/stereo.cpp:7:
[79.586s] /usr/include/eigen3/Eigen/src/Core/util/Constants.h:167:37: note: declared here
[79.586s]   167 | EIGEN_DEPRECATED const unsigned int AlignedBit = 0x80;
[79.586s]       |                                     ^~~~~~~~~~
[80.115s] In file included from /home/j/colcon_ws/ORB_SLAM3/include/Atlas.h:26,
[80.115s]                  from /home/j/colcon_ws/ORB_SLAM3/include/FrameDrawer.h:25,
[80.115s]                  from /home/j/colcon_ws/ORB_SLAM3/include/Viewer.h:23,
[80.115s]                  from /home/j/colcon_ws/ORB_SLAM3/include/Tracking.h:26,
[80.115s]                  from /home/j/colcon_ws/ORB_SLAM3/include/System.h:31,
[80.115s]                  from /home/j/colcon_ws/src/orbslam3_ros2/src/stereo/stereo-slam-node.hpp:13,
[80.115s]                  from /home/j/colcon_ws/src/orbslam3_ros2/src/stereo/stereo.cpp:7:
[80.115s] /home/j/colcon_ws/ORB_SLAM3/include/CameraModels/Pinhole.h: In member function ‘virtual bool ORB_SLAM3::Pinhole::matchAndtriangulate(const cv::KeyPoint&, const cv::KeyPoint&, ORB_SLAM3::GeometricCamera*, Sophus::SE3f&, Sophus::SE3f&, float, float, Eigen::Vector3f&)’:
[80.115s] /home/j/colcon_ws/ORB_SLAM3/include/CameraModels/Pinhole.h:83:54: warning: unused parameter ‘kp1’ [-Wunused-parameter]
[80.115s]    83 |         bool matchAndtriangulate(const cv::KeyPoint& kp1, const cv::KeyPoint& kp2, GeometricCamera* pOther,
[80.115s]       |                                  ~~~~~~~~~~~~~~~~~~~~^~~
[80.115s] /home/j/colcon_ws/ORB_SLAM3/include/CameraModels/Pinhole.h:83:79: warning: unused parameter ‘kp2’ [-Wunused-parameter]
[80.115s]    83 | Andtriangulate(const cv::KeyPoint& kp1, const cv::KeyPoint& kp2, GeometricCamera* pOther,
[80.115s]       |                                         ~~~~~~~~~~~~~~~~~~~~^~~
[80.115s] 
[80.115s] /home/j/colcon_ws/ORB_SLAM3/include/CameraModels/Pinhole.h:83:101: warning: unused parameter ‘pOther’ [-Wunused-parameter]
[80.115s]    83 | st cv::KeyPoint& kp1, const cv::KeyPoint& kp2, GeometricCamera* pOther,
[80.115s]       |                                                ~~~~~~~~~~~~~~~~~^~~~~~
[80.115s] 
[80.115s] /home/j/colcon_ws/ORB_SLAM3/include/CameraModels/Pinhole.h:84:48: warning: unused parameter ‘Tcw1’ [-Wunused-parameter]
[80.115s]    84 |                                  Sophus::SE3f& Tcw1, Sophus::SE3f& Tcw2,
[80.115s]       |                                  ~~~~~~~~~~~~~~^~~~
[80.115s] /home/j/colcon_ws/ORB_SLAM3/include/CameraModels/Pinhole.h:84:68: warning: unused parameter ‘Tcw2’ [-Wunused-parameter]
[80.115s]    84 |                                 Sophus::SE3f& Tcw1, Sophus::SE3f& Tcw2,
[80.115s]       |                                                     ~~~~~~~~~~~~~~^~~~
[80.115s] 
[80.115s] /home/j/colcon_ws/ORB_SLAM3/include/CameraModels/Pinhole.h:85:46: warning: unused parameter ‘sigmaLevel1’ [-Wunused-parameter]
[80.116s]    85 |                                  const float sigmaLevel1, const float sigmaLevel2,
[80.116s]       |                                  ~~~~~~~~~~~~^~~~~~~~~~~
[80.116s] /home/j/colcon_ws/ORB_SLAM3/include/CameraModels/Pinhole.h:85:71: warning: unused parameter ‘sigmaLevel2’ [-Wunused-parameter]
[80.116s]    85 |                        const float sigmaLevel1, const float sigmaLevel2,
[80.116s]       |                                                 ~~~~~~~~~~~~^~~~~~~~~~~
[80.116s] 
[80.116s] /home/j/colcon_ws/ORB_SLAM3/include/CameraModels/Pinhole.h:86:51: warning: unused parameter ‘x3Dtriangulated’ [-Wunused-parameter]
[80.116s]    86 |                                  Eigen::Vector3f& x3Dtriangulated) { return false;}
[80.116s]       |                                  ~~~~~~~~~~~~~~~~~^~~~~~~~~~~~~~~
[80.116s] In file included from /home/j/colcon_ws/ORB_SLAM3/include/Atlas.h:27,
[80.116s]                  from /home/j/colcon_ws/ORB_SLAM3/include/FrameDrawer.h:25,
[80.116s]                  from /home/j/colcon_ws/ORB_SLAM3/include/Viewer.h:23,
[80.116s]                  from /home/j/colcon_ws/ORB_SLAM3/include/Tracking.h:26,
[80.116s]                  from /home/j/colcon_ws/ORB_SLAM3/include/System.h:31,
[80.116s]                  from /home/j/colcon_ws/src/orbslam3_ros2/src/stereo/stereo-slam-node.hpp:13,
[80.116s]                  from /home/j/colcon_ws/src/orbslam3_ros2/src/stereo/stereo.cpp:7:
[80.116s] /home/j/colcon_ws/ORB_SLAM3/include/CameraModels/KannalaBrandt8.h: In constructor ‘ORB_SLAM3::KannalaBrandt8::KannalaBrandt8(std::vector<float>)’:
[80.116s] /home/j/colcon_ws/ORB_SLAM3/include/CameraModels/KannalaBrandt8.h:102:21: warning: ‘ORB_SLAM3::KannalaBrandt8::precision’ will be initialized after [-Wreorder]
[80.116s]   102 |         const float precision;
[80.116s]       |                     ^~~~~~~~~
[80.116s] /home/j/colcon_ws/ORB_SLAM3/include/CameraModels/KannalaBrandt8.h:88:26: warning:   ‘std::vector<int> ORB_SLAM3::KannalaBrandt8::mvLappingArea’ [-Wreorder]
[80.116s]    88 |         std::vector<int> mvLappingArea;
[80.116s]       |                          ^~~~~~~~~~~~~
[80.116s] In file included from /home/j/colcon_ws/ORB_SLAM3/include/Atlas.h:27,
[80.116s]                  from /home/j/colcon_ws/ORB_SLAM3/include/FrameDrawer.h:25,
[80.116s]                  from /home/j/colcon_ws/ORB_SLAM3/include/Viewer.h:23,
[80.116s]                  from /home/j/colcon_ws/ORB_SLAM3/include/Tracking.h:26,
[80.116s]                  from /home/j/colcon_ws/ORB_SLAM3/include/System.h:31,
[80.116s]                  from /home/j/colcon_ws/src/orbslam3_ros2/src/stereo/stereo-slam-node.hpp:13,
[80.116s]                  from /home/j/colcon_ws/src/orbslam3_ros2/src/stereo/stereo.cpp:7:
[80.116s] /home/j/colcon_ws/ORB_SLAM3/include/CameraModels/KannalaBrandt8.h:47:9: warning:   when initialized here [-Wreorder]
[80.116s]    47 |         KannalaBrandt8(const std::vector<float> _vParameters) : GeometricCamera(_vParameters), precision(1e-6), mvLappingArea(2,0) ,tvr(nullptr) {
[80.116s]       |         ^~~~~~~~~~~~~~
[80.116s] In file included from /home/j/colcon_ws/ORB_SLAM3/include/Atlas.h:27,
[80.116s]                  from /home/j/colcon_ws/ORB_SLAM3/include/FrameDrawer.h:25,
[80.116s]                  from /home/j/colcon_ws/ORB_SLAM3/include/Viewer.h:23,
[80.116s]                  from /home/j/colcon_ws/ORB_SLAM3/include/Tracking.h:26,
[80.116s]                  from /home/j/colcon_ws/ORB_SLAM3/include/System.h:31,
[80.116s]                  from /home/j/colcon_ws/src/orbslam3_ros2/src/stereo/stereo-slam-node.hpp:13,
[80.116s]                  from /home/j/colcon_ws/src/orbslam3_ros2/src/stereo/stereo.cpp:7:
[80.116s] /home/j/colcon_ws/ORB_SLAM3/include/CameraModels/KannalaBrandt8.h: In constructor ‘ORB_SLAM3::KannalaBrandt8::KannalaBrandt8(std::vector<float>, float)’:
[80.116s] /home/j/colcon_ws/ORB_SLAM3/include/CameraModels/KannalaBrandt8.h:102:21: warning: ‘ORB_SLAM3::KannalaBrandt8::precision’ will be initialized after [-Wreorder]
[80.116s]   102 |         const float precision;
[80.116s]       |                     ^~~~~~~~~
[80.116s] /home/j/colcon_ws/ORB_SLAM3/include/CameraModels/KannalaBrandt8.h:88:26: warning:   ‘std::vector<int> ORB_SLAM3::KannalaBrandt8::mvLappingArea’ [-Wreorder]
[80.116s]    88 |         std::vector<int> mvLappingArea;
[80.116s]       |                          ^~~~~~~~~~~~~
[80.116s] /home/j/colcon_ws/ORB_SLAM3/include/CameraModels/KannalaBrandt8.h:53:9: warning:   when initialized here [-Wreorder]
[80.117s]    53 |         KannalaBrandt8(const std::vector<float> _vParameters, const float _precision) : GeometricCamera(_vParameters),
[80.117s]       |         ^~~~~~~~~~~~~~
[80.117s] /home/j/colcon_ws/ORB_SLAM3/include/CameraModels/KannalaBrandt8.h: In constructor ‘ORB_SLAM3::KannalaBrandt8::KannalaBrandt8(ORB_SLAM3::KannalaBrandt8*)’:
[80.117s] /home/j/colcon_ws/ORB_SLAM3/include/CameraModels/KannalaBrandt8.h:102:21: warning: ‘ORB_SLAM3::KannalaBrandt8::precision’ will be initialized after [-Wreorder]
[80.117s]   102 |         const float precision;
[80.117s]       |                     ^~~~~~~~~
[80.117s] /home/j/colcon_ws/ORB_SLAM3/include/CameraModels/KannalaBrandt8.h:88:26: warning:   ‘std::vector<int> ORB_SLAM3::KannalaBrandt8::mvLappingArea’ [-Wreorder]
[80.117s]    88 |         std::vector<int> mvLappingArea;
[80.117s]       |                          ^~~~~~~~~~~~~
[80.117s] /home/j/colcon_ws/ORB_SLAM3/include/CameraModels/KannalaBrandt8.h:59:9: warning:   when initialized here [-Wreorder]
[80.117s]    59 |         KannalaBrandt8(KannalaBrandt8* pKannala) : GeometricCamera(pKannala->mvParameters), precision(pKannala->precision), mvLappingArea(2,0) ,tvr(nullptr) {
[80.117s]       |         ^~~~~~~~~~~~~~
[80.783s] In file included from /home/j/colcon_ws/ORB_SLAM3/include/Frame.h:30,
[80.783s]                  from /home/j/colcon_ws/ORB_SLAM3/include/KeyFrame.h:28,
[80.783s]                  from /home/j/colcon_ws/ORB_SLAM3/include/MapPoint.h:23,
[80.783s]                  from /home/j/colcon_ws/ORB_SLAM3/include/FrameDrawer.h:24,
[80.783s]                  from /home/j/colcon_ws/ORB_SLAM3/include/Viewer.h:23,
[80.783s]                  from /home/j/colcon_ws/ORB_SLAM3/include/Tracking.h:26,
[80.783s]                  from /home/j/colcon_ws/ORB_SLAM3/include/System.h:31,
[80.783s]                  from /home/j/colcon_ws/src/orbslam3_ros2/src/stereo-inertial/stereo-inertial-node.hpp:10,
[80.783s]                  from /home/j/colcon_ws/src/orbslam3_ros2/src/stereo-inertial/stereo-inertial.cpp:7:
[80.783s] /home/j/colcon_ws/ORB_SLAM3/include/ImuTypes.h: In member function ‘void ORB_SLAM3::IMU::Preintegrated::printMeasurements() const’:
[80.783s] /home/j/colcon_ws/ORB_SLAM3/include/ImuTypes.h:204:23: warning: comparison of integer expressions of different signedness: ‘int’ and ‘std::vector<ORB_SLAM3::IMU::Preintegrated::integrable>::size_type’ {aka ‘long unsigned int’} [-Wsign-compare]
[80.783s]   204 |         for(int i=0; i<mvMeasurements.size(); i++){
[80.783s]       |                      ~^~~~~~~~~~~~~~~~~~~~~~
[80.829s] In file included from /home/j/colcon_ws/ORB_SLAM3/Thirdparty/g2o/g2o/types/types_six_dof_expmap.h:37,
[80.829s]                  from /home/j/colcon_ws/ORB_SLAM3/include/Converter.h:26,
[80.829s]                  from /home/j/colcon_ws/ORB_SLAM3/include/Frame.h:33,
[80.829s]                  from /home/j/colcon_ws/ORB_SLAM3/include/KeyFrame.h:28,
[80.829s]                  from /home/j/colcon_ws/ORB_SLAM3/include/MapPoint.h:23,
[80.829s]                  from /home/j/colcon_ws/ORB_SLAM3/include/FrameDrawer.h:24,
[80.829s]                  from /home/j/colcon_ws/ORB_SLAM3/include/Viewer.h:23,
[80.829s]                  from /home/j/colcon_ws/ORB_SLAM3/include/Tracking.h:26,
[80.829s]                  from /home/j/colcon_ws/ORB_SLAM3/include/System.h:31,
[80.829s]                  from /home/j/colcon_ws/src/orbslam3_ros2/src/stereo-inertial/stereo-inertial-node.hpp:10,
[80.829s]                  from /home/j/colcon_ws/src/orbslam3_ros2/src/stereo-inertial/stereo-inertial.cpp:7:
[80.829s] /home/j/colcon_ws/ORB_SLAM3/Thirdparty/g2o/g2o/types/../core/base_vertex.h: At global scope:
[80.829s] /home/j/colcon_ws/ORB_SLAM3/Thirdparty/g2o/g2o/types/../core/base_vertex.h:62:74: warning: ‘Eigen::AlignedBit’ is deprecated [-Wdeprecated-declarations]
[80.829s]    62 |     typedef Eigen::Map<Matrix<double, D, D>, Matrix<double,D,D>::Flags & AlignedBit ? Aligned : Unaligned >  HessianBlockType;
[80.829s]       |                                                                          ^~~~~~~~~~
[80.829s] In file included from /usr/include/eigen3/Eigen/Core:161,
[80.829s]                  from /usr/include/eigen3/Eigen/LU:11,
[80.829s]                  from /home/j/colcon_ws/ORB_SLAM3/Thirdparty/Sophus/sophus/so2.hpp:12,
[80.829s]                  from /home/j/colcon_ws/ORB_SLAM3/Thirdparty/Sophus/sophus/se2.hpp:7,
[80.829s]                  from /home/j/colcon_ws/ORB_SLAM3/Thirdparty/Sophus/sophus/geometry.hpp:7,
[80.829s]                  from /home/j/colcon_ws/ORB_SLAM3/include/Frame.h:28,
[80.829s]                  from /home/j/colcon_ws/ORB_SLAM3/include/KeyFrame.h:28,
[80.829s]                  from /home/j/colcon_ws/ORB_SLAM3/include/MapPoint.h:23,
[80.830s]                  from /home/j/colcon_ws/ORB_SLAM3/include/FrameDrawer.h:24,
[80.830s]                  from /home/j/colcon_ws/ORB_SLAM3/include/Viewer.h:23,
[80.830s]                  from /home/j/colcon_ws/ORB_SLAM3/include/Tracking.h:26,
[80.830s]                  from /home/j/colcon_ws/ORB_SLAM3/include/System.h:31,
[80.830s]                  from /home/j/colcon_ws/src/orbslam3_ros2/src/stereo-inertial/stereo-inertial-node.hpp:10,
[80.830s]                  from /home/j/colcon_ws/src/orbslam3_ros2/src/stereo-inertial/stereo-inertial.cpp:7:
[80.830s] /usr/include/eigen3/Eigen/src/Core/util/Constants.h:167:37: note: declared here
[80.830s]   167 | EIGEN_DEPRECATED const unsigned int AlignedBit = 0x80;
[80.830s]       |                                     ^~~~~~~~~~
[80.840s] In file included from /home/j/colcon_ws/ORB_SLAM3/Thirdparty/g2o/g2o/types/types_six_dof_expmap.h:38,
[80.840s]                  from /home/j/colcon_ws/ORB_SLAM3/include/Converter.h:26,
[80.840s]                  from /home/j/colcon_ws/ORB_SLAM3/include/Frame.h:33,
[80.840s]                  from /home/j/colcon_ws/ORB_SLAM3/include/KeyFrame.h:28,
[80.840s]                  from /home/j/colcon_ws/ORB_SLAM3/include/MapPoint.h:23,
[80.840s]                  from /home/j/colcon_ws/ORB_SLAM3/include/FrameDrawer.h:24,
[80.841s]                  from /home/j/colcon_ws/ORB_SLAM3/include/Viewer.h:23,
[80.841s]                  from /home/j/colcon_ws/ORB_SLAM3/include/Tracking.h:26,
[80.841s]                  from /home/j/colcon_ws/ORB_SLAM3/include/System.h:31,
[80.841s]                  from /home/j/colcon_ws/src/orbslam3_ros2/src/stereo-inertial/stereo-inertial-node.hpp:10,
[80.841s]                  from /home/j/colcon_ws/src/orbslam3_ros2/src/stereo-inertial/stereo-inertial.cpp:7:
[80.841s] /home/j/colcon_ws/ORB_SLAM3/Thirdparty/g2o/g2o/types/../core/base_binary_edge.h:59:82: warning: ‘Eigen::AlignedBit’ is deprecated [-Wdeprecated-declarations]
[80.841s]    59 |       typedef Eigen::Map<Matrix<double, Di, Dj>, Matrix<double, Di, Dj>::Flags & AlignedBit ? Aligned : Unaligned > HessianBlockType;
[80.841s]       |                                                                                  ^~~~~~~~~~
[80.841s] In file included from /usr/include/eigen3/Eigen/Core:161,
[80.841s]                  from /usr/include/eigen3/Eigen/LU:11,
[80.841s]                  from /home/j/colcon_ws/ORB_SLAM3/Thirdparty/Sophus/sophus/so2.hpp:12,
[80.841s]                  from /home/j/colcon_ws/ORB_SLAM3/Thirdparty/Sophus/sophus/se2.hpp:7,
[80.841s]                  from /home/j/colcon_ws/ORB_SLAM3/Thirdparty/Sophus/sophus/geometry.hpp:7,
[80.841s]                  from /home/j/colcon_ws/ORB_SLAM3/include/Frame.h:28,
[80.841s]                  from /home/j/colcon_ws/ORB_SLAM3/include/KeyFrame.h:28,
[80.841s]                  from /home/j/colcon_ws/ORB_SLAM3/include/MapPoint.h:23,
[80.841s]                  from /home/j/colcon_ws/ORB_SLAM3/include/FrameDrawer.h:24,
[80.841s]                  from /home/j/colcon_ws/ORB_SLAM3/include/Viewer.h:23,
[80.841s]                  from /home/j/colcon_ws/ORB_SLAM3/include/Tracking.h:26,
[80.841s]                  from /home/j/colcon_ws/ORB_SLAM3/include/System.h:31,
[80.841s]                  from /home/j/colcon_ws/src/orbslam3_ros2/src/stereo-inertial/stereo-inertial-node.hpp:10,
[80.841s]                  from /home/j/colcon_ws/src/orbslam3_ros2/src/stereo-inertial/stereo-inertial.cpp:7:
[80.841s] /usr/include/eigen3/Eigen/src/Core/util/Constants.h:167:37: note: declared here
[80.841s]   167 | EIGEN_DEPRECATED const unsigned int AlignedBit = 0x80;
[80.841s]       |                                     ^~~~~~~~~~
[80.841s] In file included from /home/j/colcon_ws/ORB_SLAM3/Thirdparty/g2o/g2o/types/types_six_dof_expmap.h:38,
[80.841s]                  from /home/j/colcon_ws/ORB_SLAM3/include/Converter.h:26,
[80.841s]                  from /home/j/colcon_ws/ORB_SLAM3/include/Frame.h:33,
[80.841s]                  from /home/j/colcon_ws/ORB_SLAM3/include/KeyFrame.h:28,
[80.841s]                  from /home/j/colcon_ws/ORB_SLAM3/include/MapPoint.h:23,
[80.841s]                  from /home/j/colcon_ws/ORB_SLAM3/include/FrameDrawer.h:24,
[80.841s]                  from /home/j/colcon_ws/ORB_SLAM3/include/Viewer.h:23,
[80.841s]                  from /home/j/colcon_ws/ORB_SLAM3/include/Tracking.h:26,
[80.841s]                  from /home/j/colcon_ws/ORB_SLAM3/include/System.h:31,
[80.841s]                  from /home/j/colcon_ws/src/orbslam3_ros2/src/stereo-inertial/stereo-inertial-node.hpp:10,
[80.841s]                  from /home/j/colcon_ws/src/orbslam3_ros2/src/stereo-inertial/stereo-inertial.cpp:7:
[80.841s] /home/j/colcon_ws/ORB_SLAM3/Thirdparty/g2o/g2o/types/../core/base_binary_edge.h:60:82: warning: ‘Eigen::AlignedBit’ is deprecated [-Wdeprecated-declarations]
[80.841s]    60 |       typedef Eigen::Map<Matrix<double, Dj, Di>, Matrix<double, Dj, Di>::Flags & AlignedBit ? Aligned : Unaligned > HessianBlockTransposedType;
[80.841s]       |                                                                                  ^~~~~~~~~~
[80.841s] In file included from /usr/include/eigen3/Eigen/Core:161,
[80.841s]                  from /usr/include/eigen3/Eigen/LU:11,
[80.841s]                  from /home/j/colcon_ws/ORB_SLAM3/Thirdparty/Sophus/sophus/so2.hpp:12,
[80.841s]                  from /home/j/colcon_ws/ORB_SLAM3/Thirdparty/Sophus/sophus/se2.hpp:7,
[80.841s]                  from /home/j/colcon_ws/ORB_SLAM3/Thirdparty/Sophus/sophus/geometry.hpp:7,
[80.841s]                  from /home/j/colcon_ws/ORB_SLAM3/include/Frame.h:28,
[80.841s]                  from /home/j/colcon_ws/ORB_SLAM3/include/KeyFrame.h:28,
[80.841s]                  from /home/j/colcon_ws/ORB_SLAM3/include/MapPoint.h:23,
[80.841s]                  from /home/j/colcon_ws/ORB_SLAM3/include/FrameDrawer.h:24,
[80.841s]                  from /home/j/colcon_ws/ORB_SLAM3/include/Viewer.h:23,
[80.842s]                  from /home/j/colcon_ws/ORB_SLAM3/include/Tracking.h:26,
[80.842s]                  from /home/j/colcon_ws/ORB_SLAM3/include/System.h:31,
[80.842s]                  from /home/j/colcon_ws/src/orbslam3_ros2/src/stereo-inertial/stereo-inertial-node.hpp:10,
[80.842s]                  from /home/j/colcon_ws/src/orbslam3_ros2/src/stereo-inertial/stereo-inertial.cpp:7:
[80.842s] /usr/include/eigen3/Eigen/src/Core/util/Constants.h:167:37: note: declared here
[80.842s]   167 | EIGEN_DEPRECATED const unsigned int AlignedBit = 0x80;
[80.842s]       |                                     ^~~~~~~~~~
[80.864s] In file included from /home/j/colcon_ws/ORB_SLAM3/Thirdparty/g2o/g2o/types/types_six_dof_expmap.h:41,
[80.864s]                  from /home/j/colcon_ws/ORB_SLAM3/include/Converter.h:26,
[80.864s]                  from /home/j/colcon_ws/ORB_SLAM3/include/Frame.h:33,
[80.864s]                  from /home/j/colcon_ws/ORB_SLAM3/include/KeyFrame.h:28,
[80.864s]                  from /home/j/colcon_ws/ORB_SLAM3/include/MapPoint.h:23,
[80.864s]                  from /home/j/colcon_ws/ORB_SLAM3/include/FrameDrawer.h:24,
[80.864s]                  from /home/j/colcon_ws/ORB_SLAM3/include/Viewer.h:23,
[80.864s]                  from /home/j/colcon_ws/ORB_SLAM3/include/Tracking.h:26,
[80.864s]                  from /home/j/colcon_ws/ORB_SLAM3/include/System.h:31,
[80.864s]                  from /home/j/colcon_ws/src/orbslam3_ros2/src/stereo-inertial/stereo-inertial-node.hpp:10,
[80.864s]                  from /home/j/colcon_ws/src/orbslam3_ros2/src/stereo-inertial/stereo-inertial.cpp:7:
[80.864s] /home/j/colcon_ws/ORB_SLAM3/Thirdparty/g2o/g2o/types/se3quat.h:43:38: warning: extra ‘;’ [-Wpedantic]
[80.864s]    43 |       EIGEN_MAKE_ALIGNED_OPERATOR_NEW;
[80.864s]       |                                      ^
[80.864s]       |                                      -
[81.050s] In file included from /home/j/colcon_ws/ORB_SLAM3/Thirdparty/g2o/g2o/types/types_six_dof_expmap.h:37,
[81.050s]                  from /home/j/colcon_ws/ORB_SLAM3/include/Converter.h:26,
[81.050s]                  from /home/j/colcon_ws/ORB_SLAM3/include/Frame.h:33,
[81.050s]                  from /home/j/colcon_ws/ORB_SLAM3/include/KeyFrame.h:28,
[81.050s]                  from /home/j/colcon_ws/ORB_SLAM3/include/MapPoint.h:23,
[81.050s]                  from /home/j/colcon_ws/ORB_SLAM3/include/FrameDrawer.h:24,
[81.051s]                  from /home/j/colcon_ws/ORB_SLAM3/include/Viewer.h:23,
[81.051s]                  from /home/j/colcon_ws/ORB_SLAM3/include/Tracking.h:26,
[81.051s]                  from /home/j/colcon_ws/ORB_SLAM3/include/System.h:31,
[81.051s]                  from /home/j/colcon_ws/src/orbslam3_ros2/src/stereo-inertial/stereo-inertial-node.hpp:10,
[81.051s]                  from /home/j/colcon_ws/src/orbslam3_ros2/src/stereo-inertial/stereo-inertial.cpp:7:
[81.051s] /home/j/colcon_ws/ORB_SLAM3/Thirdparty/g2o/g2o/types/../core/base_vertex.h: In instantiation of ‘class g2o::BaseVertex<3, Eigen::Matrix<double, 3, 1> >’:
[81.051s] /home/j/colcon_ws/ORB_SLAM3/Thirdparty/g2o/g2o/types/types_sba.h:40:35:   required from here
[81.051s] /home/j/colcon_ws/ORB_SLAM3/Thirdparty/g2o/g2o/types/../core/base_vertex.h:62:72: warning: ‘Eigen::AlignedBit’ is deprecated [-Wdeprecated-declarations]
[81.051s]    62 |     typedef Eigen::Map<Matrix<double, D, D>, Matrix<double,D,D>::Flags & AlignedBit ? Aligned : Unaligned >  HessianBlockType;
[81.051s]       |                                                                  ~~~~~~^~~~~~~~~~~~
[81.051s] In file included from /usr/include/eigen3/Eigen/Core:161,
[81.051s]                  from /usr/include/eigen3/Eigen/LU:11,
[81.051s]                  from /home/j/colcon_ws/ORB_SLAM3/Thirdparty/Sophus/sophus/so2.hpp:12,
[81.051s]                  from /home/j/colcon_ws/ORB_SLAM3/Thirdparty/Sophus/sophus/se2.hpp:7,
[81.051s]                  from /home/j/colcon_ws/ORB_SLAM3/Thirdparty/Sophus/sophus/geometry.hpp:7,
[81.051s]                  from /home/j/colcon_ws/ORB_SLAM3/include/Frame.h:28,
[81.051s]                  from /home/j/colcon_ws/ORB_SLAM3/include/KeyFrame.h:28,
[81.051s]                  from /home/j/colcon_ws/ORB_SLAM3/include/MapPoint.h:23,
[81.051s]                  from /home/j/colcon_ws/ORB_SLAM3/include/FrameDrawer.h:24,
[81.051s]                  from /home/j/colcon_ws/ORB_SLAM3/include/Viewer.h:23,
[81.051s]                  from /home/j/colcon_ws/ORB_SLAM3/include/Tracking.h:26,
[81.051s]                  from /home/j/colcon_ws/ORB_SLAM3/include/System.h:31,
[81.051s]                  from /home/j/colcon_ws/src/orbslam3_ros2/src/stereo-inertial/stereo-inertial-node.hpp:10,
[81.051s]                  from /home/j/colcon_ws/src/orbslam3_ros2/src/stereo-inertial/stereo-inertial.cpp:7:
[81.051s] /usr/include/eigen3/Eigen/src/Core/util/Constants.h:167:37: note: declared here
[81.051s]   167 | EIGEN_DEPRECATED const unsigned int AlignedBit = 0x80;
[81.051s]       |                                     ^~~~~~~~~~
[81.064s] In file included from /home/j/colcon_ws/ORB_SLAM3/Thirdparty/g2o/g2o/types/types_six_dof_expmap.h:37,
[81.064s]                  from /home/j/colcon_ws/ORB_SLAM3/include/Converter.h:26,
[81.064s]                  from /home/j/colcon_ws/ORB_SLAM3/include/Frame.h:33,
[81.064s]                  from /home/j/colcon_ws/ORB_SLAM3/include/KeyFrame.h:28,
[81.064s]                  from /home/j/colcon_ws/ORB_SLAM3/include/MapPoint.h:23,
[81.064s]                  from /home/j/colcon_ws/ORB_SLAM3/include/FrameDrawer.h:24,
[81.064s]                  from /home/j/colcon_ws/ORB_SLAM3/include/Viewer.h:23,
[81.064s]                  from /home/j/colcon_ws/ORB_SLAM3/include/Tracking.h:26,
[81.064s]                  from /home/j/colcon_ws/ORB_SLAM3/include/System.h:31,
[81.064s]                  from /home/j/colcon_ws/src/orbslam3_ros2/src/stereo-inertial/stereo-inertial-node.hpp:10,
[81.064s]                  from /home/j/colcon_ws/src/orbslam3_ros2/src/stereo-inertial/stereo-inertial.cpp:7:
[81.064s] /home/j/colcon_ws/ORB_SLAM3/Thirdparty/g2o/g2o/types/../core/base_vertex.h: In instantiation of ‘class g2o::BaseVertex<6, g2o::SE3Quat>’:
[81.064s] /home/j/colcon_ws/ORB_SLAM3/Thirdparty/g2o/g2o/types/types_six_dof_expmap.h:59:33:   required from here
[81.064s] /home/j/colcon_ws/ORB_SLAM3/Thirdparty/g2o/g2o/types/../core/base_vertex.h:62:72: warning: ‘Eigen::AlignedBit’ is deprecated [-Wdeprecated-declarations]
[81.064s]    62 |     typedef Eigen::Map<Matrix<double, D, D>, Matrix<double,D,D>::Flags & AlignedBit ? Aligned : Unaligned >  HessianBlockType;
[81.065s]       |                                                                  ~~~~~~^~~~~~~~~~~~
[81.065s] In file included from /usr/include/eigen3/Eigen/Core:161,
[81.065s]                  from /usr/include/eigen3/Eigen/LU:11,
[81.065s]                  from /home/j/colcon_ws/ORB_SLAM3/Thirdparty/Sophus/sophus/so2.hpp:12,
[81.065s]                  from /home/j/colcon_ws/ORB_SLAM3/Thirdparty/Sophus/sophus/se2.hpp:7,
[81.065s]                  from /home/j/colcon_ws/ORB_SLAM3/Thirdparty/Sophus/sophus/geometry.hpp:7,
[81.065s]                  from /home/j/colcon_ws/ORB_SLAM3/include/Frame.h:28,
[81.065s]                  from /home/j/colcon_ws/ORB_SLAM3/include/KeyFrame.h:28,
[81.065s]                  from /home/j/colcon_ws/ORB_SLAM3/include/MapPoint.h:23,
[81.065s]                  from /home/j/colcon_ws/ORB_SLAM3/include/FrameDrawer.h:24,
[81.065s]                  from /home/j/colcon_ws/ORB_SLAM3/include/Viewer.h:23,
[81.065s]                  from /home/j/colcon_ws/ORB_SLAM3/include/Tracking.h:26,
[81.065s]                  from /home/j/colcon_ws/ORB_SLAM3/include/System.h:31,
[81.065s]                  from /home/j/colcon_ws/src/orbslam3_ros2/src/stereo-inertial/stereo-inertial-node.hpp:10,
[81.065s]                  from /home/j/colcon_ws/src/orbslam3_ros2/src/stereo-inertial/stereo-inertial.cpp:7:
[81.065s] /usr/include/eigen3/Eigen/src/Core/util/Constants.h:167:37: note: declared here
[81.065s]   167 | EIGEN_DEPRECATED const unsigned int AlignedBit = 0x80;
[81.065s]       |                                     ^~~~~~~~~~
[81.079s] In file included from /home/j/colcon_ws/ORB_SLAM3/Thirdparty/g2o/g2o/types/types_six_dof_expmap.h:38,
[81.079s]                  from /home/j/colcon_ws/ORB_SLAM3/include/Converter.h:26,
[81.079s]                  from /home/j/colcon_ws/ORB_SLAM3/include/Frame.h:33,
[81.079s]                  from /home/j/colcon_ws/ORB_SLAM3/include/KeyFrame.h:28,
[81.079s]                  from /home/j/colcon_ws/ORB_SLAM3/include/MapPoint.h:23,
[81.079s]                  from /home/j/colcon_ws/ORB_SLAM3/include/FrameDrawer.h:24,
[81.079s]                  from /home/j/colcon_ws/ORB_SLAM3/include/Viewer.h:23,
[81.079s]                  from /home/j/colcon_ws/ORB_SLAM3/include/Tracking.h:26,
[81.079s]                  from /home/j/colcon_ws/ORB_SLAM3/include/System.h:31,
[81.079s]                  from /home/j/colcon_ws/src/orbslam3_ros2/src/stereo-inertial/stereo-inertial-node.hpp:10,
[81.079s]                  from /home/j/colcon_ws/src/orbslam3_ros2/src/stereo-inertial/stereo-inertial.cpp:7:
[81.079s] /home/j/colcon_ws/ORB_SLAM3/Thirdparty/g2o/g2o/types/../core/base_binary_edge.h: In instantiation of ‘class g2o::BaseBinaryEdge<6, g2o::SE3Quat, g2o::VertexSE3Expmap, g2o::VertexSE3Expmap>’:
[81.079s] /home/j/colcon_ws/ORB_SLAM3/Thirdparty/g2o/g2o/types/types_six_dof_expmap.h:83:24:   required from here
[81.079s] /home/j/colcon_ws/ORB_SLAM3/Thirdparty/g2o/g2o/types/../core/base_binary_edge.h:59:80: warning: ‘Eigen::AlignedBit’ is deprecated [-Wdeprecated-declarations]
[81.079s]    59 |       typedef Eigen::Map<Matrix<double, Di, Dj>, Matrix<double, Di, Dj>::Flags & AlignedBit ? Aligned : Unaligned > HessianBlockType;
[81.079s]       |                                                                          ~~~~~~^~~~~~~~~~~~
[81.079s] In file included from /usr/include/eigen3/Eigen/Core:161,
[81.080s]                  from /usr/include/eigen3/Eigen/LU:11,
[81.080s]                  from /home/j/colcon_ws/ORB_SLAM3/Thirdparty/Sophus/sophus/so2.hpp:12,
[81.080s]                  from /home/j/colcon_ws/ORB_SLAM3/Thirdparty/Sophus/sophus/se2.hpp:7,
[81.080s]                  from /home/j/colcon_ws/ORB_SLAM3/Thirdparty/Sophus/sophus/geometry.hpp:7,
[81.080s]                  from /home/j/colcon_ws/ORB_SLAM3/include/Frame.h:28,
[81.080s]                  from /home/j/colcon_ws/ORB_SLAM3/include/KeyFrame.h:28,
[81.080s]                  from /home/j/colcon_ws/ORB_SLAM3/include/MapPoint.h:23,
[81.080s]                  from /home/j/colcon_ws/ORB_SLAM3/include/FrameDrawer.h:24,
[81.080s]                  from /home/j/colcon_ws/ORB_SLAM3/include/Viewer.h:23,
[81.080s]                  from /home/j/colcon_ws/ORB_SLAM3/include/Tracking.h:26,
[81.080s]                  from /home/j/colcon_ws/ORB_SLAM3/include/System.h:31,
[81.080s]                  from /home/j/colcon_ws/src/orbslam3_ros2/src/stereo-inertial/stereo-inertial-node.hpp:10,
[81.080s]                  from /home/j/colcon_ws/src/orbslam3_ros2/src/stereo-inertial/stereo-inertial.cpp:7:
[81.080s] /usr/include/eigen3/Eigen/src/Core/util/Constants.h:167:37: note: declared here
[81.080s]   167 | EIGEN_DEPRECATED const unsigned int AlignedBit = 0x80;
[81.080s]       |                                     ^~~~~~~~~~
[81.080s] In file included from /home/j/colcon_ws/ORB_SLAM3/Thirdparty/g2o/g2o/types/types_six_dof_expmap.h:38,
[81.080s]                  from /home/j/colcon_ws/ORB_SLAM3/include/Converter.h:26,
[81.080s]                  from /home/j/colcon_ws/ORB_SLAM3/include/Frame.h:33,
[81.080s]                  from /home/j/colcon_ws/ORB_SLAM3/include/KeyFrame.h:28,
[81.080s]                  from /home/j/colcon_ws/ORB_SLAM3/include/MapPoint.h:23,
[81.080s]                  from /home/j/colcon_ws/ORB_SLAM3/include/FrameDrawer.h:24,
[81.080s]                  from /home/j/colcon_ws/ORB_SLAM3/include/Viewer.h:23,
[81.080s]                  from /home/j/colcon_ws/ORB_SLAM3/include/Tracking.h:26,
[81.080s]                  from /home/j/colcon_ws/ORB_SLAM3/include/System.h:31,
[81.080s]                  from /home/j/colcon_ws/src/orbslam3_ros2/src/stereo-inertial/stereo-inertial-node.hpp:10,
[81.080s]                  from /home/j/colcon_ws/src/orbslam3_ros2/src/stereo-inertial/stereo-inertial.cpp:7:
[81.080s] /home/j/colcon_ws/ORB_SLAM3/Thirdparty/g2o/g2o/types/../core/base_binary_edge.h:60:80: warning: ‘Eigen::AlignedBit’ is deprecated [-Wdeprecated-declarations]
[81.080s]    60 |       typedef Eigen::Map<Matrix<double, Dj, Di>, Matrix<double, Dj, Di>::Flags & AlignedBit ? Aligned : Unaligned > HessianBlockTransposedType;
[81.080s]       |                                                                          ~~~~~~^~~~~~~~~~~~
[81.080s] In file included from /usr/include/eigen3/Eigen/Core:161,
[81.080s]                  from /usr/include/eigen3/Eigen/LU:11,
[81.080s]                  from /home/j/colcon_ws/ORB_SLAM3/Thirdparty/Sophus/sophus/so2.hpp:12,
[81.080s]                  from /home/j/colcon_ws/ORB_SLAM3/Thirdparty/Sophus/sophus/se2.hpp:7,
[81.080s]                  from /home/j/colcon_ws/ORB_SLAM3/Thirdparty/Sophus/sophus/geometry.hpp:7,
[81.080s]                  from /home/j/colcon_ws/ORB_SLAM3/include/Frame.h:28,
[81.080s]                  from /home/j/colcon_ws/ORB_SLAM3/include/KeyFrame.h:28,
[81.080s]                  from /home/j/colcon_ws/ORB_SLAM3/include/MapPoint.h:23,
[81.080s]                  from /home/j/colcon_ws/ORB_SLAM3/include/FrameDrawer.h:24,
[81.080s]                  from /home/j/colcon_ws/ORB_SLAM3/include/Viewer.h:23,
[81.080s]                  from /home/j/colcon_ws/ORB_SLAM3/include/Tracking.h:26,
[81.080s]                  from /home/j/colcon_ws/ORB_SLAM3/include/System.h:31,
[81.080s]                  from /home/j/colcon_ws/src/orbslam3_ros2/src/stereo-inertial/stereo-inertial-node.hpp:10,
[81.080s]                  from /home/j/colcon_ws/src/orbslam3_ros2/src/stereo-inertial/stereo-inertial.cpp:7:
[81.080s] /usr/include/eigen3/Eigen/src/Core/util/Constants.h:167:37: note: declared here
[81.080s]   167 | EIGEN_DEPRECATED const unsigned int AlignedBit = 0x80;
[81.080s]       |                                     ^~~~~~~~~~
[81.113s] In file included from /home/j/colcon_ws/ORB_SLAM3/Thirdparty/g2o/g2o/types/types_six_dof_expmap.h:38,
[81.113s]                  from /home/j/colcon_ws/ORB_SLAM3/include/Converter.h:26,
[81.113s]                  from /home/j/colcon_ws/ORB_SLAM3/include/Frame.h:33,
[81.113s]                  from /home/j/colcon_ws/ORB_SLAM3/include/KeyFrame.h:28,
[81.113s]                  from /home/j/colcon_ws/ORB_SLAM3/include/MapPoint.h:23,
[81.113s]                  from /home/j/colcon_ws/ORB_SLAM3/include/FrameDrawer.h:24,
[81.113s]                  from /home/j/colcon_ws/ORB_SLAM3/include/Viewer.h:23,
[81.113s]                  from /home/j/colcon_ws/ORB_SLAM3/include/Tracking.h:26,
[81.114s]                  from /home/j/colcon_ws/ORB_SLAM3/include/System.h:31,
[81.114s]                  from /home/j/colcon_ws/src/orbslam3_ros2/src/stereo-inertial/stereo-inertial-node.hpp:10,
[81.114s]                  from /home/j/colcon_ws/src/orbslam3_ros2/src/stereo-inertial/stereo-inertial.cpp:7:
[81.114s] /home/j/colcon_ws/ORB_SLAM3/Thirdparty/g2o/g2o/types/../core/base_binary_edge.h: In instantiation of ‘class g2o::BaseBinaryEdge<2, Eigen::Matrix<double, 2, 1>, g2o::VertexSBAPointXYZ, g2o::VertexSE3Expmap>’:
[81.114s] /home/j/colcon_ws/ORB_SLAM3/Thirdparty/g2o/g2o/types/types_six_dof_expmap.h:114:35:   required from here
[81.114s] /home/j/colcon_ws/ORB_SLAM3/Thirdparty/g2o/g2o/types/../core/base_binary_edge.h:59:80: warning: ‘Eigen::AlignedBit’ is deprecated [-Wdeprecated-declarations]
[81.114s]    59 |       typedef Eigen::Map<Matrix<double, Di, Dj>, Matrix<double, Di, Dj>::Flags & AlignedBit ? Aligned : Unaligned > HessianBlockType;
[81.114s]       |                                                                          ~~~~~~^~~~~~~~~~~~
[81.114s] In file included from /usr/include/eigen3/Eigen/Core:161,
[81.114s]                  from /usr/include/eigen3/Eigen/LU:11,
[81.114s]                  from /home/j/colcon_ws/ORB_SLAM3/Thirdparty/Sophus/sophus/so2.hpp:12,
[81.114s]                  from /home/j/colcon_ws/ORB_SLAM3/Thirdparty/Sophus/sophus/se2.hpp:7,
[81.114s]                  from /home/j/colcon_ws/ORB_SLAM3/Thirdparty/Sophus/sophus/geometry.hpp:7,
[81.114s]                  from /home/j/colcon_ws/ORB_SLAM3/include/Frame.h:28,
[81.114s]                  from /home/j/colcon_ws/ORB_SLAM3/include/KeyFrame.h:28,
[81.114s]                  from /home/j/colcon_ws/ORB_SLAM3/include/MapPoint.h:23,
[81.114s]                  from /home/j/colcon_ws/ORB_SLAM3/include/FrameDrawer.h:24,
[81.114s]                  from /home/j/colcon_ws/ORB_SLAM3/include/Viewer.h:23,
[81.114s]                  from /home/j/colcon_ws/ORB_SLAM3/include/Tracking.h:26,
[81.114s]                  from /home/j/colcon_ws/ORB_SLAM3/include/System.h:31,
[81.114s]                  from /home/j/colcon_ws/src/orbslam3_ros2/src/stereo-inertial/stereo-inertial-node.hpp:10,
[81.114s]                  from /home/j/colcon_ws/src/orbslam3_ros2/src/stereo-inertial/stereo-inertial.cpp:7:
[81.114s] /usr/include/eigen3/Eigen/src/Core/util/Constants.h:167:37: note: declared here
[81.114s]   167 | EIGEN_DEPRECATED const unsigned int AlignedBit = 0x80;
[81.114s]       |                                     ^~~~~~~~~~
[81.120s] In file included from /home/j/colcon_ws/ORB_SLAM3/Thirdparty/g2o/g2o/types/types_six_dof_expmap.h:38,
[81.120s]                  from /home/j/colcon_ws/ORB_SLAM3/include/Converter.h:26,
[81.120s]                  from /home/j/colcon_ws/ORB_SLAM3/include/Frame.h:33,
[81.120s]                  from /home/j/colcon_ws/ORB_SLAM3/include/KeyFrame.h:28,
[81.120s]                  from /home/j/colcon_ws/ORB_SLAM3/include/MapPoint.h:23,
[81.120s]                  from /home/j/colcon_ws/ORB_SLAM3/include/FrameDrawer.h:24,
[81.120s]                  from /home/j/colcon_ws/ORB_SLAM3/include/Viewer.h:23,
[81.120s]                  from /home/j/colcon_ws/ORB_SLAM3/include/Tracking.h:26,
[81.120s]                  from /home/j/colcon_ws/ORB_SLAM3/include/System.h:31,
[81.120s]                  from /home/j/colcon_ws/src/orbslam3_ros2/src/stereo-inertial/stereo-inertial-node.hpp:10,
[81.120s]                  from /home/j/colcon_ws/src/orbslam3_ros2/src/stereo-inertial/stereo-inertial.cpp:7:
[81.120s] /home/j/colcon_ws/ORB_SLAM3/Thirdparty/g2o/g2o/types/../core/base_binary_edge.h:60:80: warning: ‘Eigen::AlignedBit’ is deprecated [-Wdeprecated-declarations]
[81.120s]    60 |       typedef Eigen::Map<Matrix<double, Dj, Di>, Matrix<double, Dj, Di>::Flags & AlignedBit ? Aligned : Unaligned > HessianBlockTransposedType;
[81.120s]       |                                                                          ~~~~~~^~~~~~~~~~~~
[81.120s] In file included from /usr/include/eigen3/Eigen/Core:161,
[81.120s]                  from /usr/include/eigen3/Eigen/LU:11,
[81.120s]                  from /home/j/colcon_ws/ORB_SLAM3/Thirdparty/Sophus/sophus/so2.hpp:12,
[81.120s]                  from /home/j/colcon_ws/ORB_SLAM3/Thirdparty/Sophus/sophus/se2.hpp:7,
[81.120s]                  from /home/j/colcon_ws/ORB_SLAM3/Thirdparty/Sophus/sophus/geometry.hpp:7,
[81.120s]                  from /home/j/colcon_ws/ORB_SLAM3/include/Frame.h:28,
[81.121s]                  from /home/j/colcon_ws/ORB_SLAM3/include/KeyFrame.h:28,
[81.121s]                  from /home/j/colcon_ws/ORB_SLAM3/include/MapPoint.h:23,
[81.121s]                  from /home/j/colcon_ws/ORB_SLAM3/include/FrameDrawer.h:24,
[81.121s]                  from /home/j/colcon_ws/ORB_SLAM3/include/Viewer.h:23,
[81.121s]                  from /home/j/colcon_ws/ORB_SLAM3/include/Tracking.h:26,
[81.121s]                  from /home/j/colcon_ws/ORB_SLAM3/include/System.h:31,
[81.121s]                  from /home/j/colcon_ws/src/orbslam3_ros2/src/stereo-inertial/stereo-inertial-node.hpp:10,
[81.121s]                  from /home/j/colcon_ws/src/orbslam3_ros2/src/stereo-inertial/stereo-inertial.cpp:7:
[81.121s] /usr/include/eigen3/Eigen/src/Core/util/Constants.h:167:37: note: declared here
[81.121s]   167 | EIGEN_DEPRECATED const unsigned int AlignedBit = 0x80;
[81.121s]       |                                     ^~~~~~~~~~
[81.148s] In file included from /home/j/colcon_ws/ORB_SLAM3/Thirdparty/g2o/g2o/types/types_six_dof_expmap.h:38,
[81.148s]                  from /home/j/colcon_ws/ORB_SLAM3/include/Converter.h:26,
[81.148s]                  from /home/j/colcon_ws/ORB_SLAM3/include/Frame.h:33,
[81.148s]                  from /home/j/colcon_ws/ORB_SLAM3/include/KeyFrame.h:28,
[81.148s]                  from /home/j/colcon_ws/ORB_SLAM3/include/MapPoint.h:23,
[81.148s]                  from /home/j/colcon_ws/ORB_SLAM3/include/FrameDrawer.h:24,
[81.148s]                  from /home/j/colcon_ws/ORB_SLAM3/include/Viewer.h:23,
[81.148s]                  from /home/j/colcon_ws/ORB_SLAM3/include/Tracking.h:26,
[81.148s]                  from /home/j/colcon_ws/ORB_SLAM3/include/System.h:31,
[81.148s]                  from /home/j/colcon_ws/src/orbslam3_ros2/src/stereo-inertial/stereo-inertial-node.hpp:10,
[81.148s]                  from /home/j/colcon_ws/src/orbslam3_ros2/src/stereo-inertial/stereo-inertial.cpp:7:
[81.148s] /home/j/colcon_ws/ORB_SLAM3/Thirdparty/g2o/g2o/types/../core/base_binary_edge.h: In instantiation of ‘class g2o::BaseBinaryEdge<3, Eigen::Matrix<double, 3, 1>, g2o::VertexSBAPointXYZ, g2o::VertexSE3Expmap>’:
[81.148s] /home/j/colcon_ws/ORB_SLAM3/Thirdparty/g2o/g2o/types/types_six_dof_expmap.h:146:41:   required from here
[81.148s] /home/j/colcon_ws/ORB_SLAM3/Thirdparty/g2o/g2o/types/../core/base_binary_edge.h:59:80: warning: ‘Eigen::AlignedBit’ is deprecated [-Wdeprecated-declarations]
[81.148s]    59 |       typedef Eigen::Map<Matrix<double, Di, Dj>, Matrix<double, Di, Dj>::Flags & AlignedBit ? Aligned : Unaligned > HessianBlockType;
[81.148s]       |                                                                          ~~~~~~^~~~~~~~~~~~
[81.148s] In file included from /usr/include/eigen3/Eigen/Core:161,
[81.148s]                  from /usr/include/eigen3/Eigen/LU:11,
[81.148s]                  from /home/j/colcon_ws/ORB_SLAM3/Thirdparty/Sophus/sophus/so2.hpp:12,
[81.149s]                  from /home/j/colcon_ws/ORB_SLAM3/Thirdparty/Sophus/sophus/se2.hpp:7,
[81.149s]                  from /home/j/colcon_ws/ORB_SLAM3/Thirdparty/Sophus/sophus/geometry.hpp:7,
[81.149s]                  from /home/j/colcon_ws/ORB_SLAM3/include/Frame.h:28,
[81.149s]                  from /home/j/colcon_ws/ORB_SLAM3/include/KeyFrame.h:28,
[81.149s]                  from /home/j/colcon_ws/ORB_SLAM3/include/MapPoint.h:23,
[81.149s]                  from /home/j/colcon_ws/ORB_SLAM3/include/FrameDrawer.h:24,
[81.149s]                  from /home/j/colcon_ws/ORB_SLAM3/include/Viewer.h:23,
[81.149s]                  from /home/j/colcon_ws/ORB_SLAM3/include/Tracking.h:26,
[81.149s]                  from /home/j/colcon_ws/ORB_SLAM3/include/System.h:31,
[81.149s]                  from /home/j/colcon_ws/src/orbslam3_ros2/src/stereo-inertial/stereo-inertial-node.hpp:10,
[81.149s]                  from /home/j/colcon_ws/src/orbslam3_ros2/src/stereo-inertial/stereo-inertial.cpp:7:
[81.149s] /usr/include/eigen3/Eigen/src/Core/util/Constants.h:167:37: note: declared here
[81.149s]   167 | EIGEN_DEPRECATED const unsigned int AlignedBit = 0x80;
[81.149s]       |                                     ^~~~~~~~~~
[81.149s] In file included from /home/j/colcon_ws/ORB_SLAM3/Thirdparty/g2o/g2o/types/types_six_dof_expmap.h:38,
[81.149s]                  from /home/j/colcon_ws/ORB_SLAM3/include/Converter.h:26,
[81.149s]                  from /home/j/colcon_ws/ORB_SLAM3/include/Frame.h:33,
[81.149s]                  from /home/j/colcon_ws/ORB_SLAM3/include/KeyFrame.h:28,
[81.149s]                  from /home/j/colcon_ws/ORB_SLAM3/include/MapPoint.h:23,
[81.149s]                  from /home/j/colcon_ws/ORB_SLAM3/include/FrameDrawer.h:24,
[81.149s]                  from /home/j/colcon_ws/ORB_SLAM3/include/Viewer.h:23,
[81.149s]                  from /home/j/colcon_ws/ORB_SLAM3/include/Tracking.h:26,
[81.149s]                  from /home/j/colcon_ws/ORB_SLAM3/include/System.h:31,
[81.149s]                  from /home/j/colcon_ws/src/orbslam3_ros2/src/stereo-inertial/stereo-inertial-node.hpp:10,
[81.149s]                  from /home/j/colcon_ws/src/orbslam3_ros2/src/stereo-inertial/stereo-inertial.cpp:7:
[81.149s] /home/j/colcon_ws/ORB_SLAM3/Thirdparty/g2o/g2o/types/../core/base_binary_edge.h:60:80: warning: ‘Eigen::AlignedBit’ is deprecated [-Wdeprecated-declarations]
[81.149s]    60 |       typedef Eigen::Map<Matrix<double, Dj, Di>, Matrix<double, Dj, Di>::Flags & AlignedBit ? Aligned : Unaligned > HessianBlockTransposedType;
[81.149s]       |                                                                          ~~~~~~^~~~~~~~~~~~
[81.149s] In file included from /usr/include/eigen3/Eigen/Core:161,
[81.149s]                  from /usr/include/eigen3/Eigen/LU:11,
[81.149s]                  from /home/j/colcon_ws/ORB_SLAM3/Thirdparty/Sophus/sophus/so2.hpp:12,
[81.149s]                  from /home/j/colcon_ws/ORB_SLAM3/Thirdparty/Sophus/sophus/se2.hpp:7,
[81.149s]                  from /home/j/colcon_ws/ORB_SLAM3/Thirdparty/Sophus/sophus/geometry.hpp:7,
[81.149s]                  from /home/j/colcon_ws/ORB_SLAM3/include/Frame.h:28,
[81.149s]                  from /home/j/colcon_ws/ORB_SLAM3/include/KeyFrame.h:28,
[81.149s]                  from /home/j/colcon_ws/ORB_SLAM3/include/MapPoint.h:23,
[81.149s]                  from /home/j/colcon_ws/ORB_SLAM3/include/FrameDrawer.h:24,
[81.149s]                  from /home/j/colcon_ws/ORB_SLAM3/include/Viewer.h:23,
[81.149s]                  from /home/j/colcon_ws/ORB_SLAM3/include/Tracking.h:26,
[81.149s]                  from /home/j/colcon_ws/ORB_SLAM3/include/System.h:31,
[81.149s]                  from /home/j/colcon_ws/src/orbslam3_ros2/src/stereo-inertial/stereo-inertial-node.hpp:10,
[81.149s]                  from /home/j/colcon_ws/src/orbslam3_ros2/src/stereo-inertial/stereo-inertial.cpp:7:
[81.149s] /usr/include/eigen3/Eigen/src/Core/util/Constants.h:167:37: note: declared here
[81.149s]   167 | EIGEN_DEPRECATED const unsigned int AlignedBit = 0x80;
[81.149s]       |                                     ^~~~~~~~~~
[81.249s] In file included from /home/j/colcon_ws/ORB_SLAM3/Thirdparty/g2o/g2o/types/types_six_dof_expmap.h:37,
[81.249s]                  from /home/j/colcon_ws/ORB_SLAM3/include/Converter.h:26,
[81.249s]                  from /home/j/colcon_ws/ORB_SLAM3/include/Frame.h:33,
[81.249s]                  from /home/j/colcon_ws/ORB_SLAM3/include/KeyFrame.h:28,
[81.249s]                  from /home/j/colcon_ws/ORB_SLAM3/include/MapPoint.h:23,
[81.249s]                  from /home/j/colcon_ws/ORB_SLAM3/include/FrameDrawer.h:24,
[81.249s]                  from /home/j/colcon_ws/ORB_SLAM3/include/Viewer.h:23,
[81.249s]                  from /home/j/colcon_ws/ORB_SLAM3/include/Tracking.h:26,
[81.249s]                  from /home/j/colcon_ws/ORB_SLAM3/include/System.h:31,
[81.249s]                  from /home/j/colcon_ws/src/orbslam3_ros2/src/stereo-inertial/stereo-inertial-node.hpp:10,
[81.249s]                  from /home/j/colcon_ws/src/orbslam3_ros2/src/stereo-inertial/stereo-inertial.cpp:7:
[81.249s] /home/j/colcon_ws/ORB_SLAM3/Thirdparty/g2o/g2o/types/../core/base_vertex.h: In instantiation of ‘class g2o::BaseVertex<7, g2o::Sim3>’:
[81.249s] /home/j/colcon_ws/ORB_SLAM3/Thirdparty/g2o/g2o/types/types_seven_dof_expmap.h:48:35:   required from here
[81.249s] /home/j/colcon_ws/ORB_SLAM3/Thirdparty/g2o/g2o/types/../core/base_vertex.h:62:72: warning: ‘Eigen::AlignedBit’ is deprecated [-Wdeprecated-declarations]
[81.249s]    62 |     typedef Eigen::Map<Matrix<double, D, D>, Matrix<double,D,D>::Flags & AlignedBit ? Aligned : Unaligned >  HessianBlockType;
[81.249s]       |                                                                  ~~~~~~^~~~~~~~~~~~
[81.249s] In file included from /usr/include/eigen3/Eigen/Core:161,
[81.249s]                  from /usr/include/eigen3/Eigen/LU:11,
[81.249s]                  from /home/j/colcon_ws/ORB_SLAM3/Thirdparty/Sophus/sophus/so2.hpp:12,
[81.249s]                  from /home/j/colcon_ws/ORB_SLAM3/Thirdparty/Sophus/sophus/se2.hpp:7,
[81.250s]                  from /home/j/colcon_ws/ORB_SLAM3/Thirdparty/Sophus/sophus/geometry.hpp:7,
[81.250s]                  from /home/j/colcon_ws/ORB_SLAM3/include/Frame.h:28,
[81.250s]                  from /home/j/colcon_ws/ORB_SLAM3/include/KeyFrame.h:28,
[81.250s]                  from /home/j/colcon_ws/ORB_SLAM3/include/MapPoint.h:23,
[81.250s]                  from /home/j/colcon_ws/ORB_SLAM3/include/FrameDrawer.h:24,
[81.250s]                  from /home/j/colcon_ws/ORB_SLAM3/include/Viewer.h:23,
[81.250s]                  from /home/j/colcon_ws/ORB_SLAM3/include/Tracking.h:26,
[81.250s]                  from /home/j/colcon_ws/ORB_SLAM3/include/System.h:31,
[81.250s]                  from /home/j/colcon_ws/src/orbslam3_ros2/src/stereo-inertial/stereo-inertial-node.hpp:10,
[81.250s]                  from /home/j/colcon_ws/src/orbslam3_ros2/src/stereo-inertial/stereo-inertial.cpp:7:
[81.250s] /usr/include/eigen3/Eigen/src/Core/util/Constants.h:167:37: note: declared here
[81.250s]   167 | EIGEN_DEPRECATED const unsigned int AlignedBit = 0x80;
[81.250s]       |                                     ^~~~~~~~~~
[81.265s] In file included from /home/j/colcon_ws/ORB_SLAM3/Thirdparty/g2o/g2o/types/types_six_dof_expmap.h:38,
[81.265s]                  from /home/j/colcon_ws/ORB_SLAM3/include/Converter.h:26,
[81.265s]                  from /home/j/colcon_ws/ORB_SLAM3/include/Frame.h:33,
[81.265s]                  from /home/j/colcon_ws/ORB_SLAM3/include/KeyFrame.h:28,
[81.265s]                  from /home/j/colcon_ws/ORB_SLAM3/include/MapPoint.h:23,
[81.265s]                  from /home/j/colcon_ws/ORB_SLAM3/include/FrameDrawer.h:24,
[81.265s]                  from /home/j/colcon_ws/ORB_SLAM3/include/Viewer.h:23,
[81.265s]                  from /home/j/colcon_ws/ORB_SLAM3/include/Tracking.h:26,
[81.265s]                  from /home/j/colcon_ws/ORB_SLAM3/include/System.h:31,
[81.265s]                  from /home/j/colcon_ws/src/orbslam3_ros2/src/stereo-inertial/stereo-inertial-node.hpp:10,
[81.265s]                  from /home/j/colcon_ws/src/orbslam3_ros2/src/stereo-inertial/stereo-inertial.cpp:7:
[81.265s] /home/j/colcon_ws/ORB_SLAM3/Thirdparty/g2o/g2o/types/../core/base_binary_edge.h: In instantiation of ‘class g2o::BaseBinaryEdge<7, g2o::Sim3, g2o::VertexSim3Expmap, g2o::VertexSim3Expmap>’:
[81.265s] /home/j/colcon_ws/ORB_SLAM3/Thirdparty/g2o/g2o/types/types_seven_dof_expmap.h:99:27:   required from here
[81.265s] /home/j/colcon_ws/ORB_SLAM3/Thirdparty/g2o/g2o/types/../core/base_binary_edge.h:59:80: warning: ‘Eigen::AlignedBit’ is deprecated [-Wdeprecated-declarations]
[81.265s]    59 |       typedef Eigen::Map<Matrix<double, Di, Dj>, Matrix<double, Di, Dj>::Flags & AlignedBit ? Aligned : Unaligned > HessianBlockType;
[81.265s]       |                                                                          ~~~~~~^~~~~~~~~~~~
[81.265s] In file included from /usr/include/eigen3/Eigen/Core:161,
[81.265s]                  from /usr/include/eigen3/Eigen/LU:11,
[81.265s]                  from /home/j/colcon_ws/ORB_SLAM3/Thirdparty/Sophus/sophus/so2.hpp:12,
[81.265s]                  from /home/j/colcon_ws/ORB_SLAM3/Thirdparty/Sophus/sophus/se2.hpp:7,
[81.265s]                  from /home/j/colcon_ws/ORB_SLAM3/Thirdparty/Sophus/sophus/geometry.hpp:7,
[81.265s]                  from /home/j/colcon_ws/ORB_SLAM3/include/Frame.h:28,
[81.265s]                  from /home/j/colcon_ws/ORB_SLAM3/include/KeyFrame.h:28,
[81.265s]                  from /home/j/colcon_ws/ORB_SLAM3/include/MapPoint.h:23,
[81.265s]                  from /home/j/colcon_ws/ORB_SLAM3/include/FrameDrawer.h:24,
[81.266s]                  from /home/j/colcon_ws/ORB_SLAM3/include/Viewer.h:23,
[81.266s]                  from /home/j/colcon_ws/ORB_SLAM3/include/Tracking.h:26,
[81.266s]                  from /home/j/colcon_ws/ORB_SLAM3/include/System.h:31,
[81.266s]                  from /home/j/colcon_ws/src/orbslam3_ros2/src/stereo-inertial/stereo-inertial-node.hpp:10,
[81.266s]                  from /home/j/colcon_ws/src/orbslam3_ros2/src/stereo-inertial/stereo-inertial.cpp:7:
[81.266s] /usr/include/eigen3/Eigen/src/Core/util/Constants.h:167:37: note: declared here
[81.266s]   167 | EIGEN_DEPRECATED const unsigned int AlignedBit = 0x80;
[81.266s]       |                                     ^~~~~~~~~~
[81.266s] In file included from /home/j/colcon_ws/ORB_SLAM3/Thirdparty/g2o/g2o/types/types_six_dof_expmap.h:38,
[81.266s]                  from /home/j/colcon_ws/ORB_SLAM3/include/Converter.h:26,
[81.266s]                  from /home/j/colcon_ws/ORB_SLAM3/include/Frame.h:33,
[81.266s]                  from /home/j/colcon_ws/ORB_SLAM3/include/KeyFrame.h:28,
[81.266s]                  from /home/j/colcon_ws/ORB_SLAM3/include/MapPoint.h:23,
[81.266s]                  from /home/j/colcon_ws/ORB_SLAM3/include/FrameDrawer.h:24,
[81.266s]                  from /home/j/colcon_ws/ORB_SLAM3/include/Viewer.h:23,
[81.266s]                  from /home/j/colcon_ws/ORB_SLAM3/include/Tracking.h:26,
[81.266s]                  from /home/j/colcon_ws/ORB_SLAM3/include/System.h:31,
[81.266s]                  from /home/j/colcon_ws/src/orbslam3_ros2/src/stereo-inertial/stereo-inertial-node.hpp:10,
[81.266s]                  from /home/j/colcon_ws/src/orbslam3_ros2/src/stereo-inertial/stereo-inertial.cpp:7:
[81.266s] /home/j/colcon_ws/ORB_SLAM3/Thirdparty/g2o/g2o/types/../core/base_binary_edge.h:60:80: warning: ‘Eigen::AlignedBit’ is deprecated [-Wdeprecated-declarations]
[81.266s]    60 |       typedef Eigen::Map<Matrix<double, Dj, Di>, Matrix<double, Dj, Di>::Flags & AlignedBit ? Aligned : Unaligned > HessianBlockTransposedType;
[81.266s]       |                                                                          ~~~~~~^~~~~~~~~~~~
[81.266s] In file included from /usr/include/eigen3/Eigen/Core:161,
[81.266s]                  from /usr/include/eigen3/Eigen/LU:11,
[81.266s]                  from /home/j/colcon_ws/ORB_SLAM3/Thirdparty/Sophus/sophus/so2.hpp:12,
[81.266s]                  from /home/j/colcon_ws/ORB_SLAM3/Thirdparty/Sophus/sophus/se2.hpp:7,
[81.266s]                  from /home/j/colcon_ws/ORB_SLAM3/Thirdparty/Sophus/sophus/geometry.hpp:7,
[81.266s]                  from /home/j/colcon_ws/ORB_SLAM3/include/Frame.h:28,
[81.266s]                  from /home/j/colcon_ws/ORB_SLAM3/include/KeyFrame.h:28,
[81.266s]                  from /home/j/colcon_ws/ORB_SLAM3/include/MapPoint.h:23,
[81.266s]                  from /home/j/colcon_ws/ORB_SLAM3/include/FrameDrawer.h:24,
[81.266s]                  from /home/j/colcon_ws/ORB_SLAM3/include/Viewer.h:23,
[81.266s]                  from /home/j/colcon_ws/ORB_SLAM3/include/Tracking.h:26,
[81.266s]                  from /home/j/colcon_ws/ORB_SLAM3/include/System.h:31,
[81.266s]                  from /home/j/colcon_ws/src/orbslam3_ros2/src/stereo-inertial/stereo-inertial-node.hpp:10,
[81.266s]                  from /home/j/colcon_ws/src/orbslam3_ros2/src/stereo-inertial/stereo-inertial.cpp:7:
[81.266s] /usr/include/eigen3/Eigen/src/Core/util/Constants.h:167:37: note: declared here
[81.266s]   167 | EIGEN_DEPRECATED const unsigned int AlignedBit = 0x80;
[81.266s]       |                                     ^~~~~~~~~~
[81.287s] In file included from /home/j/colcon_ws/ORB_SLAM3/Thirdparty/g2o/g2o/types/types_six_dof_expmap.h:38,
[81.287s]                  from /home/j/colcon_ws/ORB_SLAM3/include/Converter.h:26,
[81.287s]                  from /home/j/colcon_ws/ORB_SLAM3/include/Frame.h:33,
[81.287s]                  from /home/j/colcon_ws/ORB_SLAM3/include/KeyFrame.h:28,
[81.287s]                  from /home/j/colcon_ws/ORB_SLAM3/include/MapPoint.h:23,
[81.287s]                  from /home/j/colcon_ws/ORB_SLAM3/include/FrameDrawer.h:24,
[81.287s]                  from /home/j/colcon_ws/ORB_SLAM3/include/Viewer.h:23,
[81.287s]                  from /home/j/colcon_ws/ORB_SLAM3/include/Tracking.h:26,
[81.287s]                  from /home/j/colcon_ws/ORB_SLAM3/include/System.h:31,
[81.287s]                  from /home/j/colcon_ws/src/orbslam3_ros2/src/stereo-inertial/stereo-inertial-node.hpp:10,
[81.287s]                  from /home/j/colcon_ws/src/orbslam3_ros2/src/stereo-inertial/stereo-inertial.cpp:7:
[81.287s] /home/j/colcon_ws/ORB_SLAM3/Thirdparty/g2o/g2o/types/../core/base_binary_edge.h: In instantiation of ‘class g2o::BaseBinaryEdge<2, Eigen::Matrix<double, 2, 1>, g2o::VertexSBAPointXYZ, g2o::VertexSim3Expmap>’:
[81.287s] /home/j/colcon_ws/ORB_SLAM3/Thirdparty/g2o/g2o/types/types_seven_dof_expmap.h:130:36:   required from here
[81.287s] /home/j/colcon_ws/ORB_SLAM3/Thirdparty/g2o/g2o/types/../core/base_binary_edge.h:59:80: warning: ‘Eigen::AlignedBit’ is deprecated [-Wdeprecated-declarations]
[81.287s]    59 |       typedef Eigen::Map<Matrix<double, Di, Dj>, Matrix<double, Di, Dj>::Flags & AlignedBit ? Aligned : Unaligned > HessianBlockType;
[81.287s]       |                                                                          ~~~~~~^~~~~~~~~~~~
[81.287s] In file included from /usr/include/eigen3/Eigen/Core:161,
[81.287s]                  from /usr/include/eigen3/Eigen/LU:11,
[81.287s]                  from /home/j/colcon_ws/ORB_SLAM3/Thirdparty/Sophus/sophus/so2.hpp:12,
[81.288s]                  from /home/j/colcon_ws/ORB_SLAM3/Thirdparty/Sophus/sophus/se2.hpp:7,
[81.288s]                  from /home/j/colcon_ws/ORB_SLAM3/Thirdparty/Sophus/sophus/geometry.hpp:7,
[81.288s]                  from /home/j/colcon_ws/ORB_SLAM3/include/Frame.h:28,
[81.288s]                  from /home/j/colcon_ws/ORB_SLAM3/include/KeyFrame.h:28,
[81.288s]                  from /home/j/colcon_ws/ORB_SLAM3/include/MapPoint.h:23,
[81.288s]                  from /home/j/colcon_ws/ORB_SLAM3/include/FrameDrawer.h:24,
[81.288s]                  from /home/j/colcon_ws/ORB_SLAM3/include/Viewer.h:23,
[81.288s]                  from /home/j/colcon_ws/ORB_SLAM3/include/Tracking.h:26,
[81.288s]                  from /home/j/colcon_ws/ORB_SLAM3/include/System.h:31,
[81.288s]                  from /home/j/colcon_ws/src/orbslam3_ros2/src/stereo-inertial/stereo-inertial-node.hpp:10,
[81.288s]                  from /home/j/colcon_ws/src/orbslam3_ros2/src/stereo-inertial/stereo-inertial.cpp:7:
[81.288s] /usr/include/eigen3/Eigen/src/Core/util/Constants.h:167:37: note: declared here
[81.288s]   167 | EIGEN_DEPRECATED const unsigned int AlignedBit = 0x80;
[81.288s]       |                                     ^~~~~~~~~~
[81.294s] In file included from /home/j/colcon_ws/ORB_SLAM3/Thirdparty/g2o/g2o/types/types_six_dof_expmap.h:38,
[81.295s]                  from /home/j/colcon_ws/ORB_SLAM3/include/Converter.h:26,
[81.295s]                  from /home/j/colcon_ws/ORB_SLAM3/include/Frame.h:33,
[81.295s]                  from /home/j/colcon_ws/ORB_SLAM3/include/KeyFrame.h:28,
[81.295s]                  from /home/j/colcon_ws/ORB_SLAM3/include/MapPoint.h:23,
[81.295s]                  from /home/j/colcon_ws/ORB_SLAM3/include/FrameDrawer.h:24,
[81.295s]                  from /home/j/colcon_ws/ORB_SLAM3/include/Viewer.h:23,
[81.295s]                  from /home/j/colcon_ws/ORB_SLAM3/include/Tracking.h:26,
[81.295s]                  from /home/j/colcon_ws/ORB_SLAM3/include/System.h:31,
[81.295s]                  from /home/j/colcon_ws/src/orbslam3_ros2/src/stereo-inertial/stereo-inertial-node.hpp:10,
[81.295s]                  from /home/j/colcon_ws/src/orbslam3_ros2/src/stereo-inertial/stereo-inertial.cpp:7:
[81.295s] /home/j/colcon_ws/ORB_SLAM3/Thirdparty/g2o/g2o/types/../core/base_binary_edge.h:60:80: warning: ‘Eigen::AlignedBit’ is deprecated [-Wdeprecated-declarations]
[81.295s]    60 |       typedef Eigen::Map<Matrix<double, Dj, Di>, Matrix<double, Dj, Di>::Flags & AlignedBit ? Aligned : Unaligned > HessianBlockTransposedType;
[81.295s]       |                                                                          ~~~~~~^~~~~~~~~~~~
[81.295s] In file included from /usr/include/eigen3/Eigen/Core:161,
[81.295s]                  from /usr/include/eigen3/Eigen/LU:11,
[81.295s]                  from /home/j/colcon_ws/ORB_SLAM3/Thirdparty/Sophus/sophus/so2.hpp:12,
[81.295s]                  from /home/j/colcon_ws/ORB_SLAM3/Thirdparty/Sophus/sophus/se2.hpp:7,
[81.295s]                  from /home/j/colcon_ws/ORB_SLAM3/Thirdparty/Sophus/sophus/geometry.hpp:7,
[81.295s]                  from /home/j/colcon_ws/ORB_SLAM3/include/Frame.h:28,
[81.295s]                  from /home/j/colcon_ws/ORB_SLAM3/include/KeyFrame.h:28,
[81.295s]                  from /home/j/colcon_ws/ORB_SLAM3/include/MapPoint.h:23,
[81.295s]                  from /home/j/colcon_ws/ORB_SLAM3/include/FrameDrawer.h:24,
[81.295s]                  from /home/j/colcon_ws/ORB_SLAM3/include/Viewer.h:23,
[81.295s]                  from /home/j/colcon_ws/ORB_SLAM3/include/Tracking.h:26,
[81.295s]                  from /home/j/colcon_ws/ORB_SLAM3/include/System.h:31,
[81.295s]                  from /home/j/colcon_ws/src/orbslam3_ros2/src/stereo-inertial/stereo-inertial-node.hpp:10,
[81.295s]                  from /home/j/colcon_ws/src/orbslam3_ros2/src/stereo-inertial/stereo-inertial.cpp:7:
[81.295s] /usr/include/eigen3/Eigen/src/Core/util/Constants.h:167:37: note: declared here
[81.295s]   167 | EIGEN_DEPRECATED const unsigned int AlignedBit = 0x80;
[81.295s]       |                                     ^~~~~~~~~~
[81.802s] In file included from /home/j/colcon_ws/ORB_SLAM3/include/Atlas.h:26,
[81.802s]                  from /home/j/colcon_ws/ORB_SLAM3/include/FrameDrawer.h:25,
[81.802s]                  from /home/j/colcon_ws/ORB_SLAM3/include/Viewer.h:23,
[81.802s]                  from /home/j/colcon_ws/ORB_SLAM3/include/Tracking.h:26,
[81.802s]                  from /home/j/colcon_ws/ORB_SLAM3/include/System.h:31,
[81.802s]                  from /home/j/colcon_ws/src/orbslam3_ros2/src/stereo-inertial/stereo-inertial-node.hpp:10,
[81.802s]                  from /home/j/colcon_ws/src/orbslam3_ros2/src/stereo-inertial/stereo-inertial.cpp:7:
[81.802s] /home/j/colcon_ws/ORB_SLAM3/include/CameraModels/Pinhole.h: In member function ‘virtual bool ORB_SLAM3::Pinhole::matchAndtriangulate(const cv::KeyPoint&, const cv::KeyPoint&, ORB_SLAM3::GeometricCamera*, Sophus::SE3f&, Sophus::SE3f&, float, float, Eigen::Vector3f&)’:
[81.802s] /home/j/colcon_ws/ORB_SLAM3/include/CameraModels/Pinhole.h:83:54: warning: unused parameter ‘kp1’ [-Wunused-parameter]
[81.802s]    83 |         bool matchAndtriangulate(const cv::KeyPoint& kp1, const cv::KeyPoint& kp2, GeometricCamera* pOther,
[81.802s]       |                                  ~~~~~~~~~~~~~~~~~~~~^~~
[81.802s] /home/j/colcon_ws/ORB_SLAM3/include/CameraModels/Pinhole.h:83:79: warning: unused parameter ‘kp2’ [-Wunused-parameter]
[81.802s]    83 |         bool matchAndtriangulate(const cv::KeyPoint& kp1, const cv::KeyPoint& kp2, GeometricCamera* pOther,
[81.803s]       |                                                           ~~~~~~~~~~~~~~~~~~~~^~~
[81.803s] /home/j/colcon_ws/ORB_SLAM3/include/CameraModels/Pinhole.h:83:101: warning: unused parameter ‘pOther’ [-Wunused-parameter]
[81.803s]    83 |         bool matchAndtriangulate(const cv::KeyPoint& kp1, const cv::KeyPoint& kp2, GeometricCamera* pOther,
[81.803s]       |                                                                                    ~~~~~~~~~~~~~~~~~^~~~~~
[81.803s] /home/j/colcon_ws/ORB_SLAM3/include/CameraModels/Pinhole.h:84:48: warning: unused parameter ‘Tcw1’ [-Wunused-parameter]
[81.803s]    84 |                                  Sophus::SE3f& Tcw1, Sophus::SE3f& Tcw2,
[81.803s]       |                                  ~~~~~~~~~~~~~~^~~~
[81.803s] /home/j/colcon_ws/ORB_SLAM3/include/CameraModels/Pinhole.h:84:68: warning: unused parameter ‘Tcw2’ [-Wunused-parameter]
[81.803s]    84 |                                  Sophus::SE3f& Tcw1, Sophus::SE3f& Tcw2,
[81.803s]       |                                                      ~~~~~~~~~~~~~~^~~~
[81.803s] /home/j/colcon_ws/ORB_SLAM3/include/CameraModels/Pinhole.h:85:46: warning: unused parameter ‘sigmaLevel1’ [-Wunused-parameter]
[81.803s]    85 |                                  const float sigmaLevel1, const float sigmaLevel2,
[81.803s]       |                                  ~~~~~~~~~~~~^~~~~~~~~~~
[81.803s] /home/j/colcon_ws/ORB_SLAM3/include/CameraModels/Pinhole.h:85:71: warning: unused parameter ‘sigmaLevel2’ [-Wunused-parameter]
[81.803s]    85 |                                  const float sigmaLevel1, const float sigmaLevel2,
[81.803s]       |                                                           ~~~~~~~~~~~~^~~~~~~~~~~
[81.803s] /home/j/colcon_ws/ORB_SLAM3/include/CameraModels/Pinhole.h:86:51: warning: unused parameter ‘x3Dtriangulated’ [-Wunused-parameter]
[81.803s]    86 |                                  Eigen::Vector3f& x3Dtriangulated) { return false;}
[81.803s]       |                                  ~~~~~~~~~~~~~~~~~^~~~~~~~~~~~~~~
[81.803s] In file included from /home/j/colcon_ws/ORB_SLAM3/include/Atlas.h:27,
[81.803s]                  from /home/j/colcon_ws/ORB_SLAM3/include/FrameDrawer.h:25,
[81.803s]                  from /home/j/colcon_ws/ORB_SLAM3/include/Viewer.h:23,
[81.803s]                  from /home/j/colcon_ws/ORB_SLAM3/include/Tracking.h:26,
[81.803s]                  from /home/j/colcon_ws/ORB_SLAM3/include/System.h:31,
[81.803s]                  from /home/j/colcon_ws/src/orbslam3_ros2/src/stereo-inertial/stereo-inertial-node.hpp:10,
[81.803s]                  from /home/j/colcon_ws/src/orbslam3_ros2/src/stereo-inertial/stereo-inertial.cpp:7:
[81.803s] /home/j/colcon_ws/ORB_SLAM3/include/CameraModels/KannalaBrandt8.h: In constructor ‘ORB_SLAM3::KannalaBrandt8::KannalaBrandt8(std::vector<float>)’:
[81.803s] /home/j/colcon_ws/ORB_SLAM3/include/CameraModels/KannalaBrandt8.h:102:21: warning: ‘ORB_SLAM3::KannalaBrandt8::precision’ will be initialized after [-Wreorder]
[81.803s]   102 |         const float precision;
[81.803s]       |                     ^~~~~~~~~
[81.803s] /home/j/colcon_ws/ORB_SLAM3/include/CameraModels/KannalaBrandt8.h:88:26: warning:   ‘std::vector<int> ORB_SLAM3::KannalaBrandt8::mvLappingArea’ [-Wreorder]
[81.803s]    88 |         std::vector<int> mvLappingArea;
[81.803s]       |                          ^~~~~~~~~~~~~
[81.803s] In file included from /home/j/colcon_ws/ORB_SLAM3/include/Atlas.h:27,
[81.803s]                  from /home/j/colcon_ws/ORB_SLAM3/include/FrameDrawer.h:25,
[81.803s]                  from /home/j/colcon_ws/ORB_SLAM3/include/Viewer.h:23,
[81.803s]                  from /home/j/colcon_ws/ORB_SLAM3/include/Tracking.h:26,
[81.803s]                  from /home/j/colcon_ws/ORB_SLAM3/include/System.h:31,
[81.803s]                  from /home/j/colcon_ws/src/orbslam3_ros2/src/stereo-inertial/stereo-inertial-node.hpp:10,
[81.803s]                  from /home/j/colcon_ws/src/orbslam3_ros2/src/stereo-inertial/stereo-inertial.cpp:7:
[81.803s] /home/j/colcon_ws/ORB_SLAM3/include/CameraModels/KannalaBrandt8.h:47:9: warning:   when initialized here [-Wreorder]
[81.803s]    47 |         KannalaBrandt8(const std::vector<float> _vParameters) : GeometricCamera(_vParameters), precision(1e-6), mvLappingArea(2,0) ,tvr(nullptr) {
[81.803s]       |         ^~~~~~~~~~~~~~
[81.803s] In file included from /home/j/colcon_ws/ORB_SLAM3/include/Atlas.h:27,
[81.803s]                  from /home/j/colcon_ws/ORB_SLAM3/include/FrameDrawer.h:25,
[81.803s]                  from /home/j/colcon_ws/ORB_SLAM3/include/Viewer.h:23,
[81.803s]                  from /home/j/colcon_ws/ORB_SLAM3/include/Tracking.h:26,
[81.804s]                  from /home/j/colcon_ws/ORB_SLAM3/include/System.h:31,
[81.804s]                  from /home/j/colcon_ws/src/orbslam3_ros2/src/stereo-inertial/stereo-inertial-node.hpp:10,
[81.804s]                  from /home/j/colcon_ws/src/orbslam3_ros2/src/stereo-inertial/stereo-inertial.cpp:7:
[81.804s] /home/j/colcon_ws/ORB_SLAM3/include/CameraModels/KannalaBrandt8.h: In constructor ‘ORB_SLAM3::KannalaBrandt8::KannalaBrandt8(std::vector<float>, float)’:
[81.804s] /home/j/colcon_ws/ORB_SLAM3/include/CameraModels/KannalaBrandt8.h:102:21: warning: ‘ORB_SLAM3::KannalaBrandt8::precision’ will be initialized after [-Wreorder]
[81.804s]   102 |         const float precision;
[81.804s]       |                     ^~~~~~~~~
[81.804s] /home/j/colcon_ws/ORB_SLAM3/include/CameraModels/KannalaBrandt8.h:88:26: warning:   ‘std::vector<int> ORB_SLAM3::KannalaBrandt8::mvLappingArea’ [-Wreorder]
[81.804s]    88 |         std::vector<int> mvLappingArea;
[81.804s]       |                          ^~~~~~~~~~~~~
[81.804s] /home/j/colcon_ws/ORB_SLAM3/include/CameraModels/KannalaBrandt8.h:53:9: warning:   when initialized here [-Wreorder]
[81.804s]    53 |         KannalaBrandt8(const std::vector<float> _vParameters, const float _precision) : GeometricCamera(_vParameters),
[81.804s]       |         ^~~~~~~~~~~~~~
[81.804s] /home/j/colcon_ws/ORB_SLAM3/include/CameraModels/KannalaBrandt8.h: In constructor ‘ORB_SLAM3::KannalaBrandt8::KannalaBrandt8(ORB_SLAM3::KannalaBrandt8*)’:
[81.804s] /home/j/colcon_ws/ORB_SLAM3/include/CameraModels/KannalaBrandt8.h:102:21: warning: ‘ORB_SLAM3::KannalaBrandt8::precision’ will be initialized after [-Wreorder]
[81.804s]   102 |         const float precision;
[81.804s]       |                     ^~~~~~~~~
[81.804s] /home/j/colcon_ws/ORB_SLAM3/include/CameraModels/KannalaBrandt8.h:88:26: warning:   ‘std::vector<int> ORB_SLAM3::KannalaBrandt8::mvLappingArea’ [-Wreorder]
[81.804s]    88 |         std::vector<int> mvLappingArea;
[81.804s]       |                          ^~~~~~~~~~~~~
[81.804s] /home/j/colcon_ws/ORB_SLAM3/include/CameraModels/KannalaBrandt8.h:59:9: warning:   when initialized here [-Wreorder]
[81.804s]    59 |         KannalaBrandt8(KannalaBrandt8* pKannala) : GeometricCamera(pKannala->mvParameters), precision(pKannala->precision), mvLappingArea(2,0) ,tvr(nullptr) {
[81.804s]       |         ^~~~~~~~~~~~~~
[81.933s] /home/j/colcon_ws/src/orbslam3_ros2/src/stereo-inertial/stereo-inertial.cpp: In function ‘int main(int, char**)’:
[81.933s] /home/j/colcon_ws/src/orbslam3_ros2/src/stereo-inertial/stereo-inertial.cpp:22:19: warning: ISO C++ forbids converting a string constant to ‘char*’ [-Wwrite-strings]
[81.933s]    22 |         argv[4] = "false";
[81.933s]       |                   ^~~~~~~
[82.832s] [ 75%] [32mBuilding CXX object CMakeFiles/stereo.dir/src/stereo/stereo-slam-node.cpp.o[0m
[84.583s] [ 83%] [32mBuilding CXX object CMakeFiles/stereo-inertial.dir/src/stereo-inertial/stereo-inertial-node.cpp.o[0m
[85.132s] In file included from /home/j/colcon_ws/ORB_SLAM3/include/Frame.h:30,
[85.132s]                  from /home/j/colcon_ws/ORB_SLAM3/include/KeyFrame.h:28,
[85.132s]                  from /home/j/colcon_ws/ORB_SLAM3/include/MapPoint.h:23,
[85.132s]                  from /home/j/colcon_ws/ORB_SLAM3/include/FrameDrawer.h:24,
[85.132s]                  from /home/j/colcon_ws/ORB_SLAM3/include/Viewer.h:23,
[85.133s]                  from /home/j/colcon_ws/ORB_SLAM3/include/Tracking.h:26,
[85.133s]                  from /home/j/colcon_ws/ORB_SLAM3/include/System.h:31,
[85.133s]                  from /home/j/colcon_ws/src/orbslam3_ros2/src/stereo/stereo-slam-node.hpp:13,
[85.133s]                  from /home/j/colcon_ws/src/orbslam3_ros2/src/stereo/stereo-slam-node.cpp:1:
[85.133s] /home/j/colcon_ws/ORB_SLAM3/include/ImuTypes.h: In member function ‘void ORB_SLAM3::IMU::Preintegrated::printMeasurements() const’:
[85.133s] /home/j/colcon_ws/ORB_SLAM3/include/ImuTypes.h:204:23: warning: comparison of integer expressions of different signedness: ‘int’ and ‘std::vector<ORB_SLAM3::IMU::Preintegrated::integrable>::size_type’ {aka ‘long unsigned int’} [-Wsign-compare]
[85.133s]   204 |         for(int i=0; i<mvMeasurements.size(); i++){
[85.133s]       |                      ~^~~~~~~~~~~~~~~~~~~~~~
[85.176s] In file included from /home/j/colcon_ws/ORB_SLAM3/Thirdparty/g2o/g2o/types/types_six_dof_expmap.h:37,
[85.176s]                  from /home/j/colcon_ws/ORB_SLAM3/include/Converter.h:26,
[85.176s]                  from /home/j/colcon_ws/ORB_SLAM3/include/Frame.h:33,
[85.176s]                  from /home/j/colcon_ws/ORB_SLAM3/include/KeyFrame.h:28,
[85.176s]                  from /home/j/colcon_ws/ORB_SLAM3/include/MapPoint.h:23,
[85.176s]                  from /home/j/colcon_ws/ORB_SLAM3/include/FrameDrawer.h:24,
[85.176s]                  from /home/j/colcon_ws/ORB_SLAM3/include/Viewer.h:23,
[85.176s]                  from /home/j/colcon_ws/ORB_SLAM3/include/Tracking.h:26,
[85.176s]                  from /home/j/colcon_ws/ORB_SLAM3/include/System.h:31,
[85.176s]                  from /home/j/colcon_ws/src/orbslam3_ros2/src/stereo/stereo-slam-node.hpp:13,
[85.176s]                  from /home/j/colcon_ws/src/orbslam3_ros2/src/stereo/stereo-slam-node.cpp:1:
[85.176s] /home/j/colcon_ws/ORB_SLAM3/Thirdparty/g2o/g2o/types/../core/base_vertex.h: At global scope:
[85.176s] /home/j/colcon_ws/ORB_SLAM3/Thirdparty/g2o/g2o/types/../core/base_vertex.h:62:74: warning: ‘Eigen::AlignedBit’ is deprecated [-Wdeprecated-declarations]
[85.176s]    62 | igen::Map<Matrix<double, D, D>, Matrix<double,D,D>::Flags & AlignedBit ? Aligned : Unaligned >  HessianBlockType;
[85.176s]       |                                                             ^~~~~~~~~~
[85.176s] 
[85.176s] In file included from /usr/include/eigen3/Eigen/Core:161,
[85.176s]                  from /usr/include/eigen3/Eigen/LU:11,
[85.176s]                  from /home/j/colcon_ws/ORB_SLAM3/Thirdparty/Sophus/sophus/so2.hpp:12,
[85.176s]                  from /home/j/colcon_ws/ORB_SLAM3/Thirdparty/Sophus/sophus/se2.hpp:7,
[85.176s]                  from /home/j/colcon_ws/ORB_SLAM3/Thirdparty/Sophus/sophus/geometry.hpp:7,
[85.176s]                  from /home/j/colcon_ws/ORB_SLAM3/include/Frame.h:28,
[85.176s]                  from /home/j/colcon_ws/ORB_SLAM3/include/KeyFrame.h:28,
[85.176s]                  from /home/j/colcon_ws/ORB_SLAM3/include/MapPoint.h:23,
[85.176s]                  from /home/j/colcon_ws/ORB_SLAM3/include/FrameDrawer.h:24,
[85.176s]                  from /home/j/colcon_ws/ORB_SLAM3/include/Viewer.h:23,
[85.176s]                  from /home/j/colcon_ws/ORB_SLAM3/include/Tracking.h:26,
[85.176s]                  from /home/j/colcon_ws/ORB_SLAM3/include/System.h:31,
[85.176s]                  from /home/j/colcon_ws/src/orbslam3_ros2/src/stereo/stereo-slam-node.hpp:13,
[85.176s]                  from /home/j/colcon_ws/src/orbslam3_ros2/src/stereo/stereo-slam-node.cpp:1:
[85.176s] /usr/include/eigen3/Eigen/src/Core/util/Constants.h:167:37: note: declared here
[85.176s]   167 | EIGEN_DEPRECATED const unsigned int AlignedBit = 0x80;
[85.176s]       |                                     ^~~~~~~~~~
[85.187s] In file included from /home/j/colcon_ws/ORB_SLAM3/Thirdparty/g2o/g2o/types/types_six_dof_expmap.h:38,
[85.187s]                  from /home/j/colcon_ws/ORB_SLAM3/include/Converter.h:26,
[85.187s]                  from /home/j/colcon_ws/ORB_SLAM3/include/Frame.h:33,
[85.187s]                  from /home/j/colcon_ws/ORB_SLAM3/include/KeyFrame.h:28,
[85.187s]                  from /home/j/colcon_ws/ORB_SLAM3/include/MapPoint.h:23,
[85.187s]                  from /home/j/colcon_ws/ORB_SLAM3/include/FrameDrawer.h:24,
[85.187s]                  from /home/j/colcon_ws/ORB_SLAM3/include/Viewer.h:23,
[85.187s]                  from /home/j/colcon_ws/ORB_SLAM3/include/Tracking.h:26,
[85.187s]                  from /home/j/colcon_ws/ORB_SLAM3/include/System.h:31,
[85.187s]                  from /home/j/colcon_ws/src/orbslam3_ros2/src/stereo/stereo-slam-node.hpp:13,
[85.187s]                  from /home/j/colcon_ws/src/orbslam3_ros2/src/stereo/stereo-slam-node.cpp:1:
[85.187s] /home/j/colcon_ws/ORB_SLAM3/Thirdparty/g2o/g2o/types/../core/base_binary_edge.h:59:82: warning: ‘Eigen::AlignedBit’ is deprecated [-Wdeprecated-declarations]
[85.187s]    59 | Map<Matrix<double, Di, Dj>, Matrix<double, Di, Dj>::Flags & AlignedBit ? Aligned : Unaligned > HessianBlockType;
[85.187s]       |                                                             ^~~~~~~~~~
[85.187s] 
[85.187s] In file included from /usr/include/eigen3/Eigen/Core:161,
[85.187s]                  from /usr/include/eigen3/Eigen/LU:11,
[85.187s]                  from /home/j/colcon_ws/ORB_SLAM3/Thirdparty/Sophus/sophus/so2.hpp:12,
[85.187s]                  from /home/j/colcon_ws/ORB_SLAM3/Thirdparty/Sophus/sophus/se2.hpp:7,
[85.187s]                  from /home/j/colcon_ws/ORB_SLAM3/Thirdparty/Sophus/sophus/geometry.hpp:7,
[85.187s]                  from /home/j/colcon_ws/ORB_SLAM3/include/Frame.h:28,
[85.187s]                  from /home/j/colcon_ws/ORB_SLAM3/include/KeyFrame.h:28,
[85.187s]                  from /home/j/colcon_ws/ORB_SLAM3/include/MapPoint.h:23,
[85.187s]                  from /home/j/colcon_ws/ORB_SLAM3/include/FrameDrawer.h:24,
[85.188s]                  from /home/j/colcon_ws/ORB_SLAM3/include/Viewer.h:23,
[85.188s]                  from /home/j/colcon_ws/ORB_SLAM3/include/Tracking.h:26,
[85.188s]                  from /home/j/colcon_ws/ORB_SLAM3/include/System.h:31,
[85.188s]                  from /home/j/colcon_ws/src/orbslam3_ros2/src/stereo/stereo-slam-node.hpp:13,
[85.188s]                  from /home/j/colcon_ws/src/orbslam3_ros2/src/stereo/stereo-slam-node.cpp:1:
[85.188s] /usr/include/eigen3/Eigen/src/Core/util/Constants.h:167:37: note: declared here
[85.188s]   167 | EIGEN_DEPRECATED const unsigned int AlignedBit = 0x80;
[85.188s]       |                                     ^~~~~~~~~~
[85.188s] In file included from /home/j/colcon_ws/ORB_SLAM3/Thirdparty/g2o/g2o/types/types_six_dof_expmap.h:38,
[85.188s]                  from /home/j/colcon_ws/ORB_SLAM3/include/Converter.h:26,
[85.188s]                  from /home/j/colcon_ws/ORB_SLAM3/include/Frame.h:33,
[85.188s]                  from /home/j/colcon_ws/ORB_SLAM3/include/KeyFrame.h:28,
[85.188s]                  from /home/j/colcon_ws/ORB_SLAM3/include/MapPoint.h:23,
[85.188s]                  from /home/j/colcon_ws/ORB_SLAM3/include/FrameDrawer.h:24,
[85.188s]                  from /home/j/colcon_ws/ORB_SLAM3/include/Viewer.h:23,
[85.188s]                  from /home/j/colcon_ws/ORB_SLAM3/include/Tracking.h:26,
[85.188s]                  from /home/j/colcon_ws/ORB_SLAM3/include/System.h:31,
[85.188s]                  from /home/j/colcon_ws/src/orbslam3_ros2/src/stereo/stereo-slam-node.hpp:13,
[85.188s]                  from /home/j/colcon_ws/src/orbslam3_ros2/src/stereo/stereo-slam-node.cpp:1:
[85.188s] /home/j/colcon_ws/ORB_SLAM3/Thirdparty/g2o/g2o/types/../core/base_binary_edge.h:60:82: warning: ‘Eigen::AlignedBit’ is deprecated [-Wdeprecated-declarations]
[85.188s]    60 | Map<Matrix<double, Dj, Di>, Matrix<double, Dj, Di>::Flags & AlignedBit ? Aligned : Unaligned > HessianBlockTransposedType;
[85.188s]       |                                                             ^~~~~~~~~~
[85.188s] 
[85.188s] In file included from /usr/include/eigen3/Eigen/Core:161,
[85.188s]                  from /usr/include/eigen3/Eigen/LU:11,
[85.188s]                  from /home/j/colcon_ws/ORB_SLAM3/Thirdparty/Sophus/sophus/so2.hpp:12,
[85.188s]                  from /home/j/colcon_ws/ORB_SLAM3/Thirdparty/Sophus/sophus/se2.hpp:7,
[85.188s]                  from /home/j/colcon_ws/ORB_SLAM3/Thirdparty/Sophus/sophus/geometry.hpp:7,
[85.188s]                  from /home/j/colcon_ws/ORB_SLAM3/include/Frame.h:28,
[85.188s]                  from /home/j/colcon_ws/ORB_SLAM3/include/KeyFrame.h:28,
[85.188s]                  from /home/j/colcon_ws/ORB_SLAM3/include/MapPoint.h:23,
[85.188s]                  from /home/j/colcon_ws/ORB_SLAM3/include/FrameDrawer.h:24,
[85.188s]                  from /home/j/colcon_ws/ORB_SLAM3/include/Viewer.h:23,
[85.188s]                  from /home/j/colcon_ws/ORB_SLAM3/include/Tracking.h:26,
[85.188s]                  from /home/j/colcon_ws/ORB_SLAM3/include/System.h:31,
[85.188s]                  from /home/j/colcon_ws/src/orbslam3_ros2/src/stereo/stereo-slam-node.hpp:13,
[85.188s]                  from /home/j/colcon_ws/src/orbslam3_ros2/src/stereo/stereo-slam-node.cpp:1:
[85.188s] /usr/include/eigen3/Eigen/src/Core/util/Constants.h:167:37: note: declared here
[85.188s]   167 | EIGEN_DEPRECATED const unsigned int AlignedBit = 0x80;
[85.188s]       |                                     ^~~~~~~~~~
[85.211s] In file included from /home/j/colcon_ws/ORB_SLAM3/Thirdparty/g2o/g2o/types/types_six_dof_expmap.h:41,
[85.211s]                  from /home/j/colcon_ws/ORB_SLAM3/include/Converter.h:26,
[85.211s]                  from /home/j/colcon_ws/ORB_SLAM3/include/Frame.h:33,
[85.211s]                  from /home/j/colcon_ws/ORB_SLAM3/include/KeyFrame.h:28,
[85.211s]                  from /home/j/colcon_ws/ORB_SLAM3/include/MapPoint.h:23,
[85.211s]                  from /home/j/colcon_ws/ORB_SLAM3/include/FrameDrawer.h:24,
[85.211s]                  from /home/j/colcon_ws/ORB_SLAM3/include/Viewer.h:23,
[85.211s]                  from /home/j/colcon_ws/ORB_SLAM3/include/Tracking.h:26,
[85.211s]                  from /home/j/colcon_ws/ORB_SLAM3/include/System.h:31,
[85.211s]                  from /home/j/colcon_ws/src/orbslam3_ros2/src/stereo/stereo-slam-node.hpp:13,
[85.211s]                  from /home/j/colcon_ws/src/orbslam3_ros2/src/stereo/stereo-slam-node.cpp:1:
[85.211s] /home/j/colcon_ws/ORB_SLAM3/Thirdparty/g2o/g2o/types/se3quat.h:43:38: warning: extra ‘;’ [-Wpedantic]
[85.211s]    43 |       EIGEN_MAKE_ALIGNED_OPERATOR_NEW;
[85.211s]       |                                      ^
[85.211s]       |                                      -
[85.395s] In file included from /home/j/colcon_ws/ORB_SLAM3/Thirdparty/g2o/g2o/types/types_six_dof_expmap.h:37,
[85.395s]                  from /home/j/colcon_ws/ORB_SLAM3/include/Converter.h:26,
[85.395s]                  from /home/j/colcon_ws/ORB_SLAM3/include/Frame.h:33,
[85.396s]                  from /home/j/colcon_ws/ORB_SLAM3/include/KeyFrame.h:28,
[85.396s]                  from /home/j/colcon_ws/ORB_SLAM3/include/MapPoint.h:23,
[85.396s]                  from /home/j/colcon_ws/ORB_SLAM3/include/FrameDrawer.h:24,
[85.396s]                  from /home/j/colcon_ws/ORB_SLAM3/include/Viewer.h:23,
[85.396s]                  from /home/j/colcon_ws/ORB_SLAM3/include/Tracking.h:26,
[85.396s]                  from /home/j/colcon_ws/ORB_SLAM3/include/System.h:31,
[85.396s]                  from /home/j/colcon_ws/src/orbslam3_ros2/src/stereo/stereo-slam-node.hpp:13,
[85.396s]                  from /home/j/colcon_ws/src/orbslam3_ros2/src/stereo/stereo-slam-node.cpp:1:
[85.396s] /home/j/colcon_ws/ORB_SLAM3/Thirdparty/g2o/g2o/types/../core/base_vertex.h: In instantiation of ‘class g2o::BaseVertex<3, Eigen::Matrix<double, 3, 1> >’:
[85.396s] /home/j/colcon_ws/ORB_SLAM3/Thirdparty/g2o/g2o/types/types_sba.h:40:35:   required from here
[85.396s] /home/j/colcon_ws/ORB_SLAM3/Thirdparty/g2o/g2o/types/../core/base_vertex.h:62:72: warning: ‘Eigen::AlignedBit’ is deprecated [-Wdeprecated-declarations]
[85.396s]    62 |  Eigen::Map<Matrix<double, D, D>, Matrix<double,D,D>::Flags & AlignedBit ? Aligned : Unaligned >  HessianBlockType;
[85.396s]       |                                                       ~~~~~~^~~~~~~~~~~~
[85.396s] 
[85.396s] In file included from /usr/include/eigen3/Eigen/Core:161,
[85.396s]                  from /usr/include/eigen3/Eigen/LU:11,
[85.396s]                  from /home/j/colcon_ws/ORB_SLAM3/Thirdparty/Sophus/sophus/so2.hpp:12,
[85.396s]                  from /home/j/colcon_ws/ORB_SLAM3/Thirdparty/Sophus/sophus/se2.hpp:7,
[85.396s]                  from /home/j/colcon_ws/ORB_SLAM3/Thirdparty/Sophus/sophus/geometry.hpp:7,
[85.396s]                  from /home/j/colcon_ws/ORB_SLAM3/include/Frame.h:28,
[85.396s]                  from /home/j/colcon_ws/ORB_SLAM3/include/KeyFrame.h:28,
[85.396s]                  from /home/j/colcon_ws/ORB_SLAM3/include/MapPoint.h:23,
[85.396s]                  from /home/j/colcon_ws/ORB_SLAM3/include/FrameDrawer.h:24,
[85.396s]                  from /home/j/colcon_ws/ORB_SLAM3/include/Viewer.h:23,
[85.396s]                  from /home/j/colcon_ws/ORB_SLAM3/include/Tracking.h:26,
[85.396s]                  from /home/j/colcon_ws/ORB_SLAM3/include/System.h:31,
[85.396s]                  from /home/j/colcon_ws/src/orbslam3_ros2/src/stereo/stereo-slam-node.hpp:13,
[85.396s]                  from /home/j/colcon_ws/src/orbslam3_ros2/src/stereo/stereo-slam-node.cpp:1:
[85.396s] /usr/include/eigen3/Eigen/src/Core/util/Constants.h:167:37: note: declared here
[85.396s]   167 | EIGEN_DEPRECATED const unsigned int AlignedBit = 0x80;
[85.396s]       |                                     ^~~~~~~~~~
[85.409s] In file included from /home/j/colcon_ws/ORB_SLAM3/Thirdparty/g2o/g2o/types/types_six_dof_expmap.h:37,
[85.409s]                  from /home/j/colcon_ws/ORB_SLAM3/include/Converter.h:26,
[85.409s]                  from /home/j/colcon_ws/ORB_SLAM3/include/Frame.h:33,
[85.409s]                  from /home/j/colcon_ws/ORB_SLAM3/include/KeyFrame.h:28,
[85.409s]                  from /home/j/colcon_ws/ORB_SLAM3/include/MapPoint.h:23,
[85.409s]                  from /home/j/colcon_ws/ORB_SLAM3/include/FrameDrawer.h:24,
[85.409s]                  from /home/j/colcon_ws/ORB_SLAM3/include/Viewer.h:23,
[85.409s]                  from /home/j/colcon_ws/ORB_SLAM3/include/Tracking.h:26,
[85.409s]                  from /home/j/colcon_ws/ORB_SLAM3/include/System.h:31,
[85.409s]                  from /home/j/colcon_ws/src/orbslam3_ros2/src/stereo/stereo-slam-node.hpp:13,
[85.409s]                  from /home/j/colcon_ws/src/orbslam3_ros2/src/stereo/stereo-slam-node.cpp:1:
[85.410s] /home/j/colcon_ws/ORB_SLAM3/Thirdparty/g2o/g2o/types/../core/base_vertex.h: In instantiation of ‘class g2o::BaseVertex<6, g2o::SE3Quat>’:
[85.410s] /home/j/colcon_ws/ORB_SLAM3/Thirdparty/g2o/g2o/types/types_six_dof_expmap.h:59:33:   required from here
[85.410s] /home/j/colcon_ws/ORB_SLAM3/Thirdparty/g2o/g2o/types/../core/base_vertex.h:62:72: warning: ‘Eigen::AlignedBit’ is deprecated [-Wdeprecated-declarations]
[85.410s]    62 |  Eigen::Map<Matrix<double, D, D>, Matrix<double,D,D>::Flags & AlignedBit ? Aligned : Unaligned >  HessianBlockType;
[85.410s]       |                                                       ~~~~~~^~~~~~~~~~~~
[85.410s] 
[85.410s] In file included from /usr/include/eigen3/Eigen/Core:161,
[85.410s]                  from /usr/include/eigen3/Eigen/LU:11,
[85.410s]                  from /home/j/colcon_ws/ORB_SLAM3/Thirdparty/Sophus/sophus/so2.hpp:12,
[85.410s]                  from /home/j/colcon_ws/ORB_SLAM3/Thirdparty/Sophus/sophus/se2.hpp:7,
[85.410s]                  from /home/j/colcon_ws/ORB_SLAM3/Thirdparty/Sophus/sophus/geometry.hpp:7,
[85.410s]                  from /home/j/colcon_ws/ORB_SLAM3/include/Frame.h:28,
[85.410s]                  from /home/j/colcon_ws/ORB_SLAM3/include/KeyFrame.h:28,
[85.410s]                  from /home/j/colcon_ws/ORB_SLAM3/include/MapPoint.h:23,
[85.410s]                  from /home/j/colcon_ws/ORB_SLAM3/include/FrameDrawer.h:24,
[85.410s]                  from /home/j/colcon_ws/ORB_SLAM3/include/Viewer.h:23,
[85.410s]                  from /home/j/colcon_ws/ORB_SLAM3/include/Tracking.h:26,
[85.410s]                  from /home/j/colcon_ws/ORB_SLAM3/include/System.h:31,
[85.410s]                  from /home/j/colcon_ws/src/orbslam3_ros2/src/stereo/stereo-slam-node.hpp:13,
[85.410s]                  from /home/j/colcon_ws/src/orbslam3_ros2/src/stereo/stereo-slam-node.cpp:1:
[85.410s] /usr/include/eigen3/Eigen/src/Core/util/Constants.h:167:37: note: declared here
[85.410s]   167 | EIGEN_DEPRECATED const unsigned int AlignedBit = 0x80;
[85.410s]       |                                     ^~~~~~~~~~
[85.424s] In file included from /home/j/colcon_ws/ORB_SLAM3/Thirdparty/g2o/g2o/types/types_six_dof_expmap.h:38,
[85.424s]                  from /home/j/colcon_ws/ORB_SLAM3/include/Converter.h:26,
[85.424s]                  from /home/j/colcon_ws/ORB_SLAM3/include/Frame.h:33,
[85.424s]                  from /home/j/colcon_ws/ORB_SLAM3/include/KeyFrame.h:28,
[85.424s]                  from /home/j/colcon_ws/ORB_SLAM3/include/MapPoint.h:23,
[85.424s]                  from /home/j/colcon_ws/ORB_SLAM3/include/FrameDrawer.h:24,
[85.424s]                  from /home/j/colcon_ws/ORB_SLAM3/include/Viewer.h:23,
[85.424s]                  from /home/j/colcon_ws/ORB_SLAM3/include/Tracking.h:26,
[85.424s]                  from /home/j/colcon_ws/ORB_SLAM3/include/System.h:31,
[85.424s]                  from /home/j/colcon_ws/src/orbslam3_ros2/src/stereo/stereo-slam-node.hpp:13,
[85.424s]                  from /home/j/colcon_ws/src/orbslam3_ros2/src/stereo/stereo-slam-node.cpp:1:
[85.424s] /home/j/colcon_ws/ORB_SLAM3/Thirdparty/g2o/g2o/types/../core/base_binary_edge.h: In instantiation of ‘class g2o::BaseBinaryEdge<6, g2o::SE3Quat, g2o::VertexSE3Expmap, g2o::VertexSE3Expmap>’:
[85.424s] /home/j/colcon_ws/ORB_SLAM3/Thirdparty/g2o/g2o/types/types_six_dof_expmap.h:83:24:   required from here
[85.424s] /home/j/colcon_ws/ORB_SLAM3/Thirdparty/g2o/g2o/types/../core/base_binary_edge.h:59:80: warning: ‘Eigen::AlignedBit’ is deprecated [-Wdeprecated-declarations]
[85.424s]    59 | ::Map<Matrix<double, Di, Dj>, Matrix<double, Di, Dj>::Flags & AlignedBit ? Aligned : Unaligned > HessianBlockType;
[85.424s]       |                                                       ~~~~~~^~~~~~~~~~~~
[85.424s] 
[85.424s] In file included from /usr/include/eigen3/Eigen/Core:161,
[85.424s]                  from /usr/include/eigen3/Eigen/LU:11,
[85.424s]                  from /home/j/colcon_ws/ORB_SLAM3/Thirdparty/Sophus/sophus/so2.hpp:12,
[85.424s]                  from /home/j/colcon_ws/ORB_SLAM3/Thirdparty/Sophus/sophus/se2.hpp:7,
[85.424s]                  from /home/j/colcon_ws/ORB_SLAM3/Thirdparty/Sophus/sophus/geometry.hpp:7,
[85.424s]                  from /home/j/colcon_ws/ORB_SLAM3/include/Frame.h:28,
[85.424s]                  from /home/j/colcon_ws/ORB_SLAM3/include/KeyFrame.h:28,
[85.424s]                  from /home/j/colcon_ws/ORB_SLAM3/include/MapPoint.h:23,
[85.424s]                  from /home/j/colcon_ws/ORB_SLAM3/include/FrameDrawer.h:24,
[85.424s]                  from /home/j/colcon_ws/ORB_SLAM3/include/Viewer.h:23,
[85.424s]                  from /home/j/colcon_ws/ORB_SLAM3/include/Tracking.h:26,
[85.424s]                  from /home/j/colcon_ws/ORB_SLAM3/include/System.h:31,
[85.424s]                  from /home/j/colcon_ws/src/orbslam3_ros2/src/stereo/stereo-slam-node.hpp:13,
[85.424s]                  from /home/j/colcon_ws/src/orbslam3_ros2/src/stereo/stereo-slam-node.cpp:1:
[85.424s] /usr/include/eigen3/Eigen/src/Core/util/Constants.h:167:37: note: declared here
[85.424s]   167 | EIGEN_DEPRECATED const unsigned int AlignedBit = 0x80;
[85.424s]       |                                     ^~~~~~~~~~
[85.424s] In file included from /home/j/colcon_ws/ORB_SLAM3/Thirdparty/g2o/g2o/types/types_six_dof_expmap.h:38,
[85.424s]                  from /home/j/colcon_ws/ORB_SLAM3/include/Converter.h:26,
[85.424s]                  from /home/j/colcon_ws/ORB_SLAM3/include/Frame.h:33,
[85.424s]                  from /home/j/colcon_ws/ORB_SLAM3/include/KeyFrame.h:28,
[85.424s]                  from /home/j/colcon_ws/ORB_SLAM3/include/MapPoint.h:23,
[85.424s]                  from /home/j/colcon_ws/ORB_SLAM3/include/FrameDrawer.h:24,
[85.424s]                  from /home/j/colcon_ws/ORB_SLAM3/include/Viewer.h:23,
[85.424s]                  from /home/j/colcon_ws/ORB_SLAM3/include/Tracking.h:26,
[85.424s]                  from /home/j/colcon_ws/ORB_SLAM3/include/System.h:31,
[85.424s]                  from /home/j/colcon_ws/src/orbslam3_ros2/src/stereo/stereo-slam-node.hpp:13,
[85.424s]                  from /home/j/colcon_ws/src/orbslam3_ros2/src/stereo/stereo-slam-node.cpp:1:
[85.425s] /home/j/colcon_ws/ORB_SLAM3/Thirdparty/g2o/g2o/types/../core/base_binary_edge.h:60:80: warning: ‘Eigen::AlignedBit’ is deprecated [-Wdeprecated-declarations]
[85.425s]    60 | ::Map<Matrix<double, Dj, Di>, Matrix<double, Dj, Di>::Flags & AlignedBit ? Aligned : Unaligned > HessianBlockTransposedType;
[85.425s]       |                                                       ~~~~~~^~~~~~~~~~~~
[85.425s] 
[85.425s] In file included from /usr/include/eigen3/Eigen/Core:161,
[85.425s]                  from /usr/include/eigen3/Eigen/LU:11,
[85.425s]                  from /home/j/colcon_ws/ORB_SLAM3/Thirdparty/Sophus/sophus/so2.hpp:12,
[85.425s]                  from /home/j/colcon_ws/ORB_SLAM3/Thirdparty/Sophus/sophus/se2.hpp:7,
[85.425s]                  from /home/j/colcon_ws/ORB_SLAM3/Thirdparty/Sophus/sophus/geometry.hpp:7,
[85.425s]                  from /home/j/colcon_ws/ORB_SLAM3/include/Frame.h:28,
[85.425s]                  from /home/j/colcon_ws/ORB_SLAM3/include/KeyFrame.h:28,
[85.425s]                  from /home/j/colcon_ws/ORB_SLAM3/include/MapPoint.h:23,
[85.425s]                  from /home/j/colcon_ws/ORB_SLAM3/include/FrameDrawer.h:24,
[85.425s]                  from /home/j/colcon_ws/ORB_SLAM3/include/Viewer.h:23,
[85.425s]                  from /home/j/colcon_ws/ORB_SLAM3/include/Tracking.h:26,
[85.425s]                  from /home/j/colcon_ws/ORB_SLAM3/include/System.h:31,
[85.425s]                  from /home/j/colcon_ws/src/orbslam3_ros2/src/stereo/stereo-slam-node.hpp:13,
[85.425s]                  from /home/j/colcon_ws/src/orbslam3_ros2/src/stereo/stereo-slam-node.cpp:1:
[85.425s] /usr/include/eigen3/Eigen/src/Core/util/Constants.h:167:37: note: declared here
[85.425s]   167 | EIGEN_DEPRECATED const unsigned int AlignedBit = 0x80;
[85.425s]       |                                     ^~~~~~~~~~
[85.458s] In file included from /home/j/colcon_ws/ORB_SLAM3/Thirdparty/g2o/g2o/types/types_six_dof_expmap.h:38,
[85.458s]                  from /home/j/colcon_ws/ORB_SLAM3/include/Converter.h:26,
[85.458s]                  from /home/j/colcon_ws/ORB_SLAM3/include/Frame.h:33,
[85.458s]                  from /home/j/colcon_ws/ORB_SLAM3/include/KeyFrame.h:28,
[85.458s]                  from /home/j/colcon_ws/ORB_SLAM3/include/MapPoint.h:23,
[85.458s]                  from /home/j/colcon_ws/ORB_SLAM3/include/FrameDrawer.h:24,
[85.458s]                  from /home/j/colcon_ws/ORB_SLAM3/include/Viewer.h:23,
[85.458s]                  from /home/j/colcon_ws/ORB_SLAM3/include/Tracking.h:26,
[85.458s]                  from /home/j/colcon_ws/ORB_SLAM3/include/System.h:31,
[85.458s]                  from /home/j/colcon_ws/src/orbslam3_ros2/src/stereo/stereo-slam-node.hpp:13,
[85.458s]                  from /home/j/colcon_ws/src/orbslam3_ros2/src/stereo/stereo-slam-node.cpp:1:
[85.458s] /home/j/colcon_ws/ORB_SLAM3/Thirdparty/g2o/g2o/types/../core/base_binary_edge.h: In instantiation of ‘class g2o::BaseBinaryEdge<2, Eigen::Matrix<double, 2, 1>, g2o::VertexSBAPointXYZ, g2o::VertexSE3Expmap>’:
[85.458s] /home/j/colcon_ws/ORB_SLAM3/Thirdparty/g2o/g2o/types/types_six_dof_expmap.h:114:35:   required from here
[85.458s] /home/j/colcon_ws/ORB_SLAM3/Thirdparty/g2o/g2o/types/../core/base_binary_edge.h:59:80: warning: ‘Eigen::AlignedBit’ is deprecated [-Wdeprecated-declarations]
[85.458s]    59 | ::Map<Matrix<double, Di, Dj>, Matrix<double, Di, Dj>::Flags & AlignedBit ? Aligned : Unaligned > HessianBlockType;
[85.458s]       |                                                       ~~~~~~^~~~~~~~~~~~
[85.458s] 
[85.458s] In file included from /usr/include/eigen3/Eigen/Core:161,
[85.459s]                  from /usr/include/eigen3/Eigen/LU:11,
[85.459s]                  from /home/j/colcon_ws/ORB_SLAM3/Thirdparty/Sophus/sophus/so2.hpp:12,
[85.459s]                  from /home/j/colcon_ws/ORB_SLAM3/Thirdparty/Sophus/sophus/se2.hpp:7,
[85.459s]                  from /home/j/colcon_ws/ORB_SLAM3/Thirdparty/Sophus/sophus/geometry.hpp:7,
[85.459s]                  from /home/j/colcon_ws/ORB_SLAM3/include/Frame.h:28,
[85.459s]                  from /home/j/colcon_ws/ORB_SLAM3/include/KeyFrame.h:28,
[85.459s]                  from /home/j/colcon_ws/ORB_SLAM3/include/MapPoint.h:23,
[85.459s]                  from /home/j/colcon_ws/ORB_SLAM3/include/FrameDrawer.h:24,
[85.459s]                  from /home/j/colcon_ws/ORB_SLAM3/include/Viewer.h:23,
[85.459s]                  from /home/j/colcon_ws/ORB_SLAM3/include/Tracking.h:26,
[85.459s]                  from /home/j/colcon_ws/ORB_SLAM3/include/System.h:31,
[85.459s]                  from /home/j/colcon_ws/src/orbslam3_ros2/src/stereo/stereo-slam-node.hpp:13,
[85.459s]                  from /home/j/colcon_ws/src/orbslam3_ros2/src/stereo/stereo-slam-node.cpp:1:
[85.459s] /usr/include/eigen3/Eigen/src/Core/util/Constants.h:167:37: note: declared here
[85.459s]   167 | EIGEN_DEPRECATED const unsigned int AlignedBit = 0x80;
[85.459s]       |                                     ^~~~~~~~~~
[85.465s] In file included from /home/j/colcon_ws/ORB_SLAM3/Thirdparty/g2o/g2o/types/types_six_dof_expmap.h:38,
[85.465s]                  from /home/j/colcon_ws/ORB_SLAM3/include/Converter.h:26,
[85.465s]                  from /home/j/colcon_ws/ORB_SLAM3/include/Frame.h:33,
[85.465s]                  from /home/j/colcon_ws/ORB_SLAM3/include/KeyFrame.h:28,
[85.465s]                  from /home/j/colcon_ws/ORB_SLAM3/include/MapPoint.h:23,
[85.465s]                  from /home/j/colcon_ws/ORB_SLAM3/include/FrameDrawer.h:24,
[85.465s]                  from /home/j/colcon_ws/ORB_SLAM3/include/Viewer.h:23,
[85.465s]                  from /home/j/colcon_ws/ORB_SLAM3/include/Tracking.h:26,
[85.465s]                  from /home/j/colcon_ws/ORB_SLAM3/include/System.h:31,
[85.465s]                  from /home/j/colcon_ws/src/orbslam3_ros2/src/stereo/stereo-slam-node.hpp:13,
[85.465s]                  from /home/j/colcon_ws/src/orbslam3_ros2/src/stereo/stereo-slam-node.cpp:1:
[85.465s] /home/j/colcon_ws/ORB_SLAM3/Thirdparty/g2o/g2o/types/../core/base_binary_edge.h:60:80: warning: ‘Eigen::AlignedBit’ is deprecated [-Wdeprecated-declarations]
[85.465s]    60 | ::Map<Matrix<double, Dj, Di>, Matrix<double, Dj, Di>::Flags & AlignedBit ? Aligned : Unaligned > HessianBlockTransposedType;
[85.465s]       |                                                       ~~~~~~^~~~~~~~~~~~
[85.465s] 
[85.465s] In file included from /usr/include/eigen3/Eigen/Core:161,
[85.465s]                  from /usr/include/eigen3/Eigen/LU:11,
[85.465s]                  from /home/j/colcon_ws/ORB_SLAM3/Thirdparty/Sophus/sophus/so2.hpp:12,
[85.465s]                  from /home/j/colcon_ws/ORB_SLAM3/Thirdparty/Sophus/sophus/se2.hpp:7,
[85.465s]                  from /home/j/colcon_ws/ORB_SLAM3/Thirdparty/Sophus/sophus/geometry.hpp:7,
[85.465s]                  from /home/j/colcon_ws/ORB_SLAM3/include/Frame.h:28,
[85.465s]                  from /home/j/colcon_ws/ORB_SLAM3/include/KeyFrame.h:28,
[85.465s]                  from /home/j/colcon_ws/ORB_SLAM3/include/MapPoint.h:23,
[85.465s]                  from /home/j/colcon_ws/ORB_SLAM3/include/FrameDrawer.h:24,
[85.465s]                  from /home/j/colcon_ws/ORB_SLAM3/include/Viewer.h:23,
[85.466s]                  from /home/j/colcon_ws/ORB_SLAM3/include/Tracking.h:26,
[85.466s]                  from /home/j/colcon_ws/ORB_SLAM3/include/System.h:31,
[85.466s]                  from /home/j/colcon_ws/src/orbslam3_ros2/src/stereo/stereo-slam-node.hpp:13,
[85.466s]                  from /home/j/colcon_ws/src/orbslam3_ros2/src/stereo/stereo-slam-node.cpp:1:
[85.466s] /usr/include/eigen3/Eigen/src/Core/util/Constants.h:167:37: note: declared here
[85.466s]   167 | EIGEN_DEPRECATED const unsigned int AlignedBit = 0x80;
[85.466s]       |                                     ^~~~~~~~~~
[85.495s] In file included from /home/j/colcon_ws/ORB_SLAM3/Thirdparty/g2o/g2o/types/types_six_dof_expmap.h:38,
[85.495s]                  from /home/j/colcon_ws/ORB_SLAM3/include/Converter.h:26,
[85.495s]                  from /home/j/colcon_ws/ORB_SLAM3/include/Frame.h:33,
[85.495s]                  from /home/j/colcon_ws/ORB_SLAM3/include/KeyFrame.h:28,
[85.495s]                  from /home/j/colcon_ws/ORB_SLAM3/include/MapPoint.h:23,
[85.495s]                  from /home/j/colcon_ws/ORB_SLAM3/include/FrameDrawer.h:24,
[85.495s]                  from /home/j/colcon_ws/ORB_SLAM3/include/Viewer.h:23,
[85.495s]                  from /home/j/colcon_ws/ORB_SLAM3/include/Tracking.h:26,
[85.495s]                  from /home/j/colcon_ws/ORB_SLAM3/include/System.h:31,
[85.495s]                  from /home/j/colcon_ws/src/orbslam3_ros2/src/stereo/stereo-slam-node.hpp:13,
[85.495s]                  from /home/j/colcon_ws/src/orbslam3_ros2/src/stereo/stereo-slam-node.cpp:1:
[85.495s] /home/j/colcon_ws/ORB_SLAM3/Thirdparty/g2o/g2o/types/../core/base_binary_edge.h: In instantiation of ‘class g2o::BaseBinaryEdge<3, Eigen::Matrix<double, 3, 1>, g2o::VertexSBAPointXYZ, g2o::VertexSE3Expmap>’:
[85.495s] /home/j/colcon_ws/ORB_SLAM3/Thirdparty/g2o/g2o/types/types_six_dof_expmap.h:146:41:   required from here
[85.495s] /home/j/colcon_ws/ORB_SLAM3/Thirdparty/g2o/g2o/types/../core/base_binary_edge.h:59:80: warning: ‘Eigen::AlignedBit’ is deprecated [-Wdeprecated-declarations]
[85.495s]    59 | ::Map<Matrix<double, Di, Dj>, Matrix<double, Di, Dj>::Flags & AlignedBit ? Aligned : Unaligned > HessianBlockType;
[85.495s]       |                                                       ~~~~~~^~~~~~~~~~~~
[85.496s] 
[85.496s] In file included from /usr/include/eigen3/Eigen/Core:161,
[85.496s]                  from /usr/include/eigen3/Eigen/LU:11,
[85.496s]                  from /home/j/colcon_ws/ORB_SLAM3/Thirdparty/Sophus/sophus/so2.hpp:12,
[85.496s]                  from /home/j/colcon_ws/ORB_SLAM3/Thirdparty/Sophus/sophus/se2.hpp:7,
[85.496s]                  from /home/j/colcon_ws/ORB_SLAM3/Thirdparty/Sophus/sophus/geometry.hpp:7,
[85.496s]                  from /home/j/colcon_ws/ORB_SLAM3/include/Frame.h:28,
[85.496s]                  from /home/j/colcon_ws/ORB_SLAM3/include/KeyFrame.h:28,
[85.496s]                  from /home/j/colcon_ws/ORB_SLAM3/include/MapPoint.h:23,
[85.496s]                  from /home/j/colcon_ws/ORB_SLAM3/include/FrameDrawer.h:24,
[85.496s]                  from /home/j/colcon_ws/ORB_SLAM3/include/Viewer.h:23,
[85.496s]                  from /home/j/colcon_ws/ORB_SLAM3/include/Tracking.h:26,
[85.496s]                  from /home/j/colcon_ws/ORB_SLAM3/include/System.h:31,
[85.496s]                  from /home/j/colcon_ws/src/orbslam3_ros2/src/stereo/stereo-slam-node.hpp:13,
[85.496s]                  from /home/j/colcon_ws/src/orbslam3_ros2/src/stereo/stereo-slam-node.cpp:1:
[85.496s] /usr/include/eigen3/Eigen/src/Core/util/Constants.h:167:37: note: declared here
[85.496s]   167 | EIGEN_DEPRECATED const unsigned int AlignedBit = 0x80;
[85.496s]       |                                     ^~~~~~~~~~
[85.496s] In file included from /home/j/colcon_ws/ORB_SLAM3/Thirdparty/g2o/g2o/types/types_six_dof_expmap.h:38,
[85.496s]                  from /home/j/colcon_ws/ORB_SLAM3/include/Converter.h:26,
[85.496s]                  from /home/j/colcon_ws/ORB_SLAM3/include/Frame.h:33,
[85.496s]                  from /home/j/colcon_ws/ORB_SLAM3/include/KeyFrame.h:28,
[85.496s]                  from /home/j/colcon_ws/ORB_SLAM3/include/MapPoint.h:23,
[85.496s]                  from /home/j/colcon_ws/ORB_SLAM3/include/FrameDrawer.h:24,
[85.496s]                  from /home/j/colcon_ws/ORB_SLAM3/include/Viewer.h:23,
[85.496s]                  from /home/j/colcon_ws/ORB_SLAM3/include/Tracking.h:26,
[85.496s]                  from /home/j/colcon_ws/ORB_SLAM3/include/System.h:31,
[85.496s]                  from /home/j/colcon_ws/src/orbslam3_ros2/src/stereo/stereo-slam-node.hpp:13,
[85.496s]                  from /home/j/colcon_ws/src/orbslam3_ros2/src/stereo/stereo-slam-node.cpp:1:
[85.496s] /home/j/colcon_ws/ORB_SLAM3/Thirdparty/g2o/g2o/types/../core/base_binary_edge.h:60:80: warning: ‘Eigen::AlignedBit’ is deprecated [-Wdeprecated-declarations]
[85.496s]    60 | ::Map<Matrix<double, Dj, Di>, Matrix<double, Dj, Di>::Flags & AlignedBit ? Aligned : Unaligned > HessianBlockTransposedType;
[85.496s]       |                                                       ~~~~~~^~~~~~~~~~~~
[85.496s] 
[85.496s] In file included from /usr/include/eigen3/Eigen/Core:161,
[85.496s]                  from /usr/include/eigen3/Eigen/LU:11,
[85.496s]                  from /home/j/colcon_ws/ORB_SLAM3/Thirdparty/Sophus/sophus/so2.hpp:12,
[85.496s]                  from /home/j/colcon_ws/ORB_SLAM3/Thirdparty/Sophus/sophus/se2.hpp:7,
[85.496s]                  from /home/j/colcon_ws/ORB_SLAM3/Thirdparty/Sophus/sophus/geometry.hpp:7,
[85.496s]                  from /home/j/colcon_ws/ORB_SLAM3/include/Frame.h:28,
[85.496s]                  from /home/j/colcon_ws/ORB_SLAM3/include/KeyFrame.h:28,
[85.496s]                  from /home/j/colcon_ws/ORB_SLAM3/include/MapPoint.h:23,
[85.496s]                  from /home/j/colcon_ws/ORB_SLAM3/include/FrameDrawer.h:24,
[85.496s]                  from /home/j/colcon_ws/ORB_SLAM3/include/Viewer.h:23,
[85.496s]                  from /home/j/colcon_ws/ORB_SLAM3/include/Tracking.h:26,
[85.496s]                  from /home/j/colcon_ws/ORB_SLAM3/include/System.h:31,
[85.496s]                  from /home/j/colcon_ws/src/orbslam3_ros2/src/stereo/stereo-slam-node.hpp:13,
[85.496s]                  from /home/j/colcon_ws/src/orbslam3_ros2/src/stereo/stereo-slam-node.cpp:1:
[85.496s] /usr/include/eigen3/Eigen/src/Core/util/Constants.h:167:37: note: declared here
[85.497s]   167 | EIGEN_DEPRECATED const unsigned int AlignedBit = 0x80;
[85.497s]       |                                     ^~~~~~~~~~
[85.600s] In file included from /home/j/colcon_ws/ORB_SLAM3/Thirdparty/g2o/g2o/types/types_six_dof_expmap.h:37,
[85.600s]                  from /home/j/colcon_ws/ORB_SLAM3/include/Converter.h:26,
[85.600s]                  from /home/j/colcon_ws/ORB_SLAM3/include/Frame.h:33,
[85.600s]                  from /home/j/colcon_ws/ORB_SLAM3/include/KeyFrame.h:28,
[85.600s]                  from /home/j/colcon_ws/ORB_SLAM3/include/MapPoint.h:23,
[85.600s]                  from /home/j/colcon_ws/ORB_SLAM3/include/FrameDrawer.h:24,
[85.600s]                  from /home/j/colcon_ws/ORB_SLAM3/include/Viewer.h:23,
[85.600s]                  from /home/j/colcon_ws/ORB_SLAM3/include/Tracking.h:26,
[85.600s]                  from /home/j/colcon_ws/ORB_SLAM3/include/System.h:31,
[85.600s]                  from /home/j/colcon_ws/src/orbslam3_ros2/src/stereo/stereo-slam-node.hpp:13,
[85.600s]                  from /home/j/colcon_ws/src/orbslam3_ros2/src/stereo/stereo-slam-node.cpp:1:
[85.600s] /home/j/colcon_ws/ORB_SLAM3/Thirdparty/g2o/g2o/types/../core/base_vertex.h: In instantiation of ‘class g2o::BaseVertex<7, g2o::Sim3>’:
[85.600s] /home/j/colcon_ws/ORB_SLAM3/Thirdparty/g2o/g2o/types/types_seven_dof_expmap.h:48:35:   required from here
[85.600s] /home/j/colcon_ws/ORB_SLAM3/Thirdparty/g2o/g2o/types/../core/base_vertex.h:62:72: warning: ‘Eigen::AlignedBit’ is deprecated [-Wdeprecated-declarations]
[85.600s]    62 |  Eigen::Map<Matrix<double, D, D>, Matrix<double,D,D>::Flags & AlignedBit ? Aligned : Unaligned >  HessianBlockType;
[85.600s]       |                                                       ~~~~~~^~~~~~~~~~~~
[85.600s] 
[85.600s] In file included from /usr/include/eigen3/Eigen/Core:161,
[85.600s]                  from /usr/include/eigen3/Eigen/LU:11,
[85.600s]                  from /home/j/colcon_ws/ORB_SLAM3/Thirdparty/Sophus/sophus/so2.hpp:12,
[85.601s]                  from /home/j/colcon_ws/ORB_SLAM3/Thirdparty/Sophus/sophus/se2.hpp:7,
[85.601s]                  from /home/j/colcon_ws/ORB_SLAM3/Thirdparty/Sophus/sophus/geometry.hpp:7,
[85.601s]                  from /home/j/colcon_ws/ORB_SLAM3/include/Frame.h:28,
[85.601s]                  from /home/j/colcon_ws/ORB_SLAM3/include/KeyFrame.h:28,
[85.601s]                  from /home/j/colcon_ws/ORB_SLAM3/include/MapPoint.h:23,
[85.601s]                  from /home/j/colcon_ws/ORB_SLAM3/include/FrameDrawer.h:24,
[85.601s]                  from /home/j/colcon_ws/ORB_SLAM3/include/Viewer.h:23,
[85.601s]                  from /home/j/colcon_ws/ORB_SLAM3/include/Tracking.h:26,
[85.601s]                  from /home/j/colcon_ws/ORB_SLAM3/include/System.h:31,
[85.601s]                  from /home/j/colcon_ws/src/orbslam3_ros2/src/stereo/stereo-slam-node.hpp:13,
[85.601s]                  from /home/j/colcon_ws/src/orbslam3_ros2/src/stereo/stereo-slam-node.cpp:1:
[85.601s] /usr/include/eigen3/Eigen/src/Core/util/Constants.h:167:37: note: declared here
[85.601s]   167 | EIGEN_DEPRECATED const unsigned int AlignedBit = 0x80;
[85.601s]       |                                     ^~~~~~~~~~
[85.616s] In file included from /home/j/colcon_ws/ORB_SLAM3/Thirdparty/g2o/g2o/types/types_six_dof_expmap.h:38,
[85.616s]                  from /home/j/colcon_ws/ORB_SLAM3/include/Converter.h:26,
[85.616s]                  from /home/j/colcon_ws/ORB_SLAM3/include/Frame.h:33,
[85.616s]                  from /home/j/colcon_ws/ORB_SLAM3/include/KeyFrame.h:28,
[85.616s]                  from /home/j/colcon_ws/ORB_SLAM3/include/MapPoint.h:23,
[85.616s]                  from /home/j/colcon_ws/ORB_SLAM3/include/FrameDrawer.h:24,
[85.616s]                  from /home/j/colcon_ws/ORB_SLAM3/include/Viewer.h:23,
[85.616s]                  from /home/j/colcon_ws/ORB_SLAM3/include/Tracking.h:26,
[85.616s]                  from /home/j/colcon_ws/ORB_SLAM3/include/System.h:31,
[85.616s]                  from /home/j/colcon_ws/src/orbslam3_ros2/src/stereo/stereo-slam-node.hpp:13,
[85.616s]                  from /home/j/colcon_ws/src/orbslam3_ros2/src/stereo/stereo-slam-node.cpp:1:
[85.616s] /home/j/colcon_ws/ORB_SLAM3/Thirdparty/g2o/g2o/types/../core/base_binary_edge.h: In instantiation of ‘class g2o::BaseBinaryEdge<7, g2o::Sim3, g2o::VertexSim3Expmap, g2o::VertexSim3Expmap>’:
[85.616s] /home/j/colcon_ws/ORB_SLAM3/Thirdparty/g2o/g2o/types/types_seven_dof_expmap.h:99:27:   required from here
[85.616s] /home/j/colcon_ws/ORB_SLAM3/Thirdparty/g2o/g2o/types/../core/base_binary_edge.h:59:80: warning: ‘Eigen::AlignedBit’ is deprecated [-Wdeprecated-declarations]
[85.616s]    59 | ::Map<Matrix<double, Di, Dj>, Matrix<double, Di, Dj>::Flags & AlignedBit ? Aligned : Unaligned > HessianBlockType;
[85.616s]       |                                                       ~~~~~~^~~~~~~~~~~~
[85.616s] 
[85.616s] In file included from /usr/include/eigen3/Eigen/Core:161,
[85.616s]                  from /usr/include/eigen3/Eigen/LU:11,
[85.616s]                  from /home/j/colcon_ws/ORB_SLAM3/Thirdparty/Sophus/sophus/so2.hpp:12,
[85.616s]                  from /home/j/colcon_ws/ORB_SLAM3/Thirdparty/Sophus/sophus/se2.hpp:7,
[85.616s]                  from /home/j/colcon_ws/ORB_SLAM3/Thirdparty/Sophus/sophus/geometry.hpp:7,
[85.616s]                  from /home/j/colcon_ws/ORB_SLAM3/include/Frame.h:28,
[85.616s]                  from /home/j/colcon_ws/ORB_SLAM3/include/KeyFrame.h:28,
[85.616s]                  from /home/j/colcon_ws/ORB_SLAM3/include/MapPoint.h:23,
[85.616s]                  from /home/j/colcon_ws/ORB_SLAM3/include/FrameDrawer.h:24,
[85.616s]                  from /home/j/colcon_ws/ORB_SLAM3/include/Viewer.h:23,
[85.616s]                  from /home/j/colcon_ws/ORB_SLAM3/include/Tracking.h:26,
[85.616s]                  from /home/j/colcon_ws/ORB_SLAM3/include/System.h:31,
[85.616s]                  from /home/j/colcon_ws/src/orbslam3_ros2/src/stereo/stereo-slam-node.hpp:13,
[85.616s]                  from /home/j/colcon_ws/src/orbslam3_ros2/src/stereo/stereo-slam-node.cpp:1:
[85.617s] /usr/include/eigen3/Eigen/src/Core/util/Constants.h:167:37: note: declared here
[85.617s]   167 | EIGEN_DEPRECATED const unsigned int AlignedBit = 0x80;
[85.617s]       |                                     ^~~~~~~~~~
[85.617s] In file included from /home/j/colcon_ws/ORB_SLAM3/Thirdparty/g2o/g2o/types/types_six_dof_expmap.h:38,
[85.617s]                  from /home/j/colcon_ws/ORB_SLAM3/include/Converter.h:26,
[85.617s]                  from /home/j/colcon_ws/ORB_SLAM3/include/Frame.h:33,
[85.617s]                  from /home/j/colcon_ws/ORB_SLAM3/include/KeyFrame.h:28,
[85.617s]                  from /home/j/colcon_ws/ORB_SLAM3/include/MapPoint.h:23,
[85.617s]                  from /home/j/colcon_ws/ORB_SLAM3/include/FrameDrawer.h:24,
[85.617s]                  from /home/j/colcon_ws/ORB_SLAM3/include/Viewer.h:23,
[85.617s]                  from /home/j/colcon_ws/ORB_SLAM3/include/Tracking.h:26,
[85.617s]                  from /home/j/colcon_ws/ORB_SLAM3/include/System.h:31,
[85.617s]                  from /home/j/colcon_ws/src/orbslam3_ros2/src/stereo/stereo-slam-node.hpp:13,
[85.617s]                  from /home/j/colcon_ws/src/orbslam3_ros2/src/stereo/stereo-slam-node.cpp:1:
[85.617s] /home/j/colcon_ws/ORB_SLAM3/Thirdparty/g2o/g2o/types/../core/base_binary_edge.h:60:80: warning: ‘Eigen::AlignedBit’ is deprecated [-Wdeprecated-declarations]
[85.617s]    60 | ::Map<Matrix<double, Dj, Di>, Matrix<double, Dj, Di>::Flags & AlignedBit ? Aligned : Unaligned > HessianBlockTransposedType;
[85.617s]       |                                                       ~~~~~~^~~~~~~~~~~~
[85.617s] 
[85.617s] In file included from /usr/include/eigen3/Eigen/Core:161,
[85.617s]                  from /usr/include/eigen3/Eigen/LU:11,
[85.617s]                  from /home/j/colcon_ws/ORB_SLAM3/Thirdparty/Sophus/sophus/so2.hpp:12,
[85.617s]                  from /home/j/colcon_ws/ORB_SLAM3/Thirdparty/Sophus/sophus/se2.hpp:7,
[85.617s]                  from /home/j/colcon_ws/ORB_SLAM3/Thirdparty/Sophus/sophus/geometry.hpp:7,
[85.617s]                  from /home/j/colcon_ws/ORB_SLAM3/include/Frame.h:28,
[85.617s]                  from /home/j/colcon_ws/ORB_SLAM3/include/KeyFrame.h:28,
[85.617s]                  from /home/j/colcon_ws/ORB_SLAM3/include/MapPoint.h:23,
[85.617s]                  from /home/j/colcon_ws/ORB_SLAM3/include/FrameDrawer.h:24,
[85.617s]                  from /home/j/colcon_ws/ORB_SLAM3/include/Viewer.h:23,
[85.617s]                  from /home/j/colcon_ws/ORB_SLAM3/include/Tracking.h:26,
[85.617s]                  from /home/j/colcon_ws/ORB_SLAM3/include/System.h:31,
[85.617s]                  from /home/j/colcon_ws/src/orbslam3_ros2/src/stereo/stereo-slam-node.hpp:13,
[85.617s]                  from /home/j/colcon_ws/src/orbslam3_ros2/src/stereo/stereo-slam-node.cpp:1:
[85.617s] /usr/include/eigen3/Eigen/src/Core/util/Constants.h:167:37: note: declared here
[85.617s]   167 | EIGEN_DEPRECATED const unsigned int AlignedBit = 0x80;
[85.617s]       |                                     ^~~~~~~~~~
[85.637s] In file included from /home/j/colcon_ws/ORB_SLAM3/Thirdparty/g2o/g2o/types/types_six_dof_expmap.h:38,
[85.638s]                  from /home/j/colcon_ws/ORB_SLAM3/include/Converter.h:26,
[85.638s]                  from /home/j/colcon_ws/ORB_SLAM3/include/Frame.h:33,
[85.638s]                  from /home/j/colcon_ws/ORB_SLAM3/include/KeyFrame.h:28,
[85.638s]                  from /home/j/colcon_ws/ORB_SLAM3/include/MapPoint.h:23,
[85.638s]                  from /home/j/colcon_ws/ORB_SLAM3/include/FrameDrawer.h:24,
[85.638s]                  from /home/j/colcon_ws/ORB_SLAM3/include/Viewer.h:23,
[85.638s]                  from /home/j/colcon_ws/ORB_SLAM3/include/Tracking.h:26,
[85.638s]                  from /home/j/colcon_ws/ORB_SLAM3/include/System.h:31,
[85.638s]                  from /home/j/colcon_ws/src/orbslam3_ros2/src/stereo/stereo-slam-node.hpp:13,
[85.638s]                  from /home/j/colcon_ws/src/orbslam3_ros2/src/stereo/stereo-slam-node.cpp:1:
[85.638s] /home/j/colcon_ws/ORB_SLAM3/Thirdparty/g2o/g2o/types/../core/base_binary_edge.h: In instantiation of ‘class g2o::BaseBinaryEdge<2, Eigen::Matrix<double, 2, 1>, g2o::VertexSBAPointXYZ, g2o::VertexSim3Expmap>’:
[85.638s] /home/j/colcon_ws/ORB_SLAM3/Thirdparty/g2o/g2o/types/types_seven_dof_expmap.h:130:36:   required from here
[85.638s] /home/j/colcon_ws/ORB_SLAM3/Thirdparty/g2o/g2o/types/../core/base_binary_edge.h:59:80: warning: ‘Eigen::AlignedBit’ is deprecated [-Wdeprecated-declarations]
[85.638s]    59 | ::Map<Matrix<double, Di, Dj>, Matrix<double, Di, Dj>::Flags & AlignedBit ? Aligned : Unaligned > HessianBlockType;
[85.638s]       |                                                       ~~~~~~^~~~~~~~~~~~
[85.638s] 
[85.638s] In file included from /usr/include/eigen3/Eigen/Core:161,
[85.638s]                  from /usr/include/eigen3/Eigen/LU:11,
[85.638s]                  from /home/j/colcon_ws/ORB_SLAM3/Thirdparty/Sophus/sophus/so2.hpp:12,
[85.638s]                  from /home/j/colcon_ws/ORB_SLAM3/Thirdparty/Sophus/sophus/se2.hpp:7,
[85.638s]                  from /home/j/colcon_ws/ORB_SLAM3/Thirdparty/Sophus/sophus/geometry.hpp:7,
[85.638s]                  from /home/j/colcon_ws/ORB_SLAM3/include/Frame.h:28,
[85.638s]                  from /home/j/colcon_ws/ORB_SLAM3/include/KeyFrame.h:28,
[85.638s]                  from /home/j/colcon_ws/ORB_SLAM3/include/MapPoint.h:23,
[85.638s]                  from /home/j/colcon_ws/ORB_SLAM3/include/FrameDrawer.h:24,
[85.638s]                  from /home/j/colcon_ws/ORB_SLAM3/include/Viewer.h:23,
[85.638s]                  from /home/j/colcon_ws/ORB_SLAM3/include/Tracking.h:26,
[85.638s]                  from /home/j/colcon_ws/ORB_SLAM3/include/System.h:31,
[85.638s]                  from /home/j/colcon_ws/src/orbslam3_ros2/src/stereo/stereo-slam-node.hpp:13,
[85.638s]                  from /home/j/colcon_ws/src/orbslam3_ros2/src/stereo/stereo-slam-node.cpp:1:
[85.638s] /usr/include/eigen3/Eigen/src/Core/util/Constants.h:167:37: note: declared here
[85.638s]   167 | EIGEN_DEPRECATED const unsigned int AlignedBit = 0x80;
[85.638s]       |                                     ^~~~~~~~~~
[85.645s] In file included from /home/j/colcon_ws/ORB_SLAM3/Thirdparty/g2o/g2o/types/types_six_dof_expmap.h:38,
[85.645s]                  from /home/j/colcon_ws/ORB_SLAM3/include/Converter.h:26,
[85.645s]                  from /home/j/colcon_ws/ORB_SLAM3/include/Frame.h:33,
[85.645s]                  from /home/j/colcon_ws/ORB_SLAM3/include/KeyFrame.h:28,
[85.645s]                  from /home/j/colcon_ws/ORB_SLAM3/include/MapPoint.h:23,
[85.645s]                  from /home/j/colcon_ws/ORB_SLAM3/include/FrameDrawer.h:24,
[85.645s]                  from /home/j/colcon_ws/ORB_SLAM3/include/Viewer.h:23,
[85.645s]                  from /home/j/colcon_ws/ORB_SLAM3/include/Tracking.h:26,
[85.645s]                  from /home/j/colcon_ws/ORB_SLAM3/include/System.h:31,
[85.645s]                  from /home/j/colcon_ws/src/orbslam3_ros2/src/stereo/stereo-slam-node.hpp:13,
[85.645s]                  from /home/j/colcon_ws/src/orbslam3_ros2/src/stereo/stereo-slam-node.cpp:1:
[85.645s] /home/j/colcon_ws/ORB_SLAM3/Thirdparty/g2o/g2o/types/../core/base_binary_edge.h:60:80: warning: ‘Eigen::AlignedBit’ is deprecated [-Wdeprecated-declarations]
[85.645s]    60 | ::Map<Matrix<double, Dj, Di>, Matrix<double, Dj, Di>::Flags & AlignedBit ? Aligned : Unaligned > HessianBlockTransposedType;
[85.645s]       |                                                       ~~~~~~^~~~~~~~~~~~
[85.645s] 
[85.645s] In file included from /usr/include/eigen3/Eigen/Core:161,
[85.645s]                  from /usr/include/eigen3/Eigen/LU:11,
[85.645s]                  from /home/j/colcon_ws/ORB_SLAM3/Thirdparty/Sophus/sophus/so2.hpp:12,
[85.645s]                  from /home/j/colcon_ws/ORB_SLAM3/Thirdparty/Sophus/sophus/se2.hpp:7,
[85.645s]                  from /home/j/colcon_ws/ORB_SLAM3/Thirdparty/Sophus/sophus/geometry.hpp:7,
[85.645s]                  from /home/j/colcon_ws/ORB_SLAM3/include/Frame.h:28,
[85.645s]                  from /home/j/colcon_ws/ORB_SLAM3/include/KeyFrame.h:28,
[85.645s]                  from /home/j/colcon_ws/ORB_SLAM3/include/MapPoint.h:23,
[85.645s]                  from /home/j/colcon_ws/ORB_SLAM3/include/FrameDrawer.h:24,
[85.645s]                  from /home/j/colcon_ws/ORB_SLAM3/include/Viewer.h:23,
[85.645s]                  from /home/j/colcon_ws/ORB_SLAM3/include/Tracking.h:26,
[85.645s]                  from /home/j/colcon_ws/ORB_SLAM3/include/System.h:31,
[85.645s]                  from /home/j/colcon_ws/src/orbslam3_ros2/src/stereo/stereo-slam-node.hpp:13,
[85.645s]                  from /home/j/colcon_ws/src/orbslam3_ros2/src/stereo/stereo-slam-node.cpp:1:
[85.645s] /usr/include/eigen3/Eigen/src/Core/util/Constants.h:167:37: note: declared here
[85.645s]   167 | EIGEN_DEPRECATED const unsigned int AlignedBit = 0x80;
[85.645s]       |                                     ^~~~~~~~~~
[86.148s] In file included from /home/j/colcon_ws/ORB_SLAM3/include/Atlas.h:26,
[86.148s]                  from /home/j/colcon_ws/ORB_SLAM3/include/FrameDrawer.h:25,
[86.148s]                  from /home/j/colcon_ws/ORB_SLAM3/include/Viewer.h:23,
[86.148s]                  from /home/j/colcon_ws/ORB_SLAM3/include/Tracking.h:26,
[86.148s]                  from /home/j/colcon_ws/ORB_SLAM3/include/System.h:31,
[86.148s]                  from /home/j/colcon_ws/src/orbslam3_ros2/src/stereo/stereo-slam-node.hpp:13,
[86.148s]                  from /home/j/colcon_ws/src/orbslam3_ros2/src/stereo/stereo-slam-node.cpp:1:
[86.148s] /home/j/colcon_ws/ORB_SLAM3/include/CameraModels/Pinhole.h: In member function ‘virtual bool ORB_SLAM3::Pinhole::matchAndtriangulate(const cv::KeyPoint&, const cv::KeyPoint&, ORB_SLAM3::GeometricCamera*, Sophus::SE3f&, Sophus::SE3f&, float, float, Eigen::Vector3f&)’:
[86.148s] /home/j/colcon_ws/ORB_SLAM3/include/CameraModels/Pinhole.h:83:54: warning: unused parameter ‘kp1’ [-Wunused-parameter]
[86.148s]    83 |         bool matchAndtriangulate(const cv::KeyPoint& kp1, const cv::KeyPoint& kp2, GeometricCamera* pOther,
[86.148s]       |                                  ~~~~~~~~~~~~~~~~~~~~^~~
[86.148s] /home/j/colcon_ws/ORB_SLAM3/include/CameraModels/Pinhole.h:83:79: warning: unused parameter ‘kp2’ [-Wunused-parameter]
[86.148s]    83 | Andtriangulate(const cv::KeyPoint& kp1, const cv::KeyPoint& kp2, GeometricCamera* pOther,
[86.148s]       |                                         ~~~~~~~~~~~~~~~~~~~~^~~
[86.148s] 
[86.148s] /home/j/colcon_ws/ORB_SLAM3/include/CameraModels/Pinhole.h:83:101: warning: unused parameter ‘pOther’ [-Wunused-parameter]
[86.148s]    83 | st cv::KeyPoint& kp1, const cv::KeyPoint& kp2, GeometricCamera* pOther,
[86.148s]       |                                                ~~~~~~~~~~~~~~~~~^~~~~~
[86.148s] 
[86.149s] /home/j/colcon_ws/ORB_SLAM3/include/CameraModels/Pinhole.h:84:48: warning: unused parameter ‘Tcw1’ [-Wunused-parameter]
[86.149s]    84 |                                  Sophus::SE3f& Tcw1, Sophus::SE3f& Tcw2,
[86.149s]       |                                  ~~~~~~~~~~~~~~^~~~
[86.149s] /home/j/colcon_ws/ORB_SLAM3/include/CameraModels/Pinhole.h:84:68: warning: unused parameter ‘Tcw2’ [-Wunused-parameter]
[86.149s]    84 |                                 Sophus::SE3f& Tcw1, Sophus::SE3f& Tcw2,
[86.149s]       |                                                     ~~~~~~~~~~~~~~^~~~
[86.149s] 
[86.149s] /home/j/colcon_ws/ORB_SLAM3/include/CameraModels/Pinhole.h:85:46: warning: unused parameter ‘sigmaLevel1’ [-Wunused-parameter]
[86.149s]    85 |                                  const float sigmaLevel1, const float sigmaLevel2,
[86.149s]       |                                  ~~~~~~~~~~~~^~~~~~~~~~~
[86.149s] /home/j/colcon_ws/ORB_SLAM3/include/CameraModels/Pinhole.h:85:71: warning: unused parameter ‘sigmaLevel2’ [-Wunused-parameter]
[86.149s]    85 |                        const float sigmaLevel1, const float sigmaLevel2,
[86.149s]       |                                                 ~~~~~~~~~~~~^~~~~~~~~~~
[86.149s] 
[86.149s] /home/j/colcon_ws/ORB_SLAM3/include/CameraModels/Pinhole.h:86:51: warning: unused parameter ‘x3Dtriangulated’ [-Wunused-parameter]
[86.149s]    86 |                                  Eigen::Vector3f& x3Dtriangulated) { return false;}
[86.149s]       |                                  ~~~~~~~~~~~~~~~~~^~~~~~~~~~~~~~~
[86.149s] In file included from /home/j/colcon_ws/ORB_SLAM3/include/Atlas.h:27,
[86.149s]                  from /home/j/colcon_ws/ORB_SLAM3/include/FrameDrawer.h:25,
[86.149s]                  from /home/j/colcon_ws/ORB_SLAM3/include/Viewer.h:23,
[86.149s]                  from /home/j/colcon_ws/ORB_SLAM3/include/Tracking.h:26,
[86.149s]                  from /home/j/colcon_ws/ORB_SLAM3/include/System.h:31,
[86.149s]                  from /home/j/colcon_ws/src/orbslam3_ros2/src/stereo/stereo-slam-node.hpp:13,
[86.149s]                  from /home/j/colcon_ws/src/orbslam3_ros2/src/stereo/stereo-slam-node.cpp:1:
[86.149s] /home/j/colcon_ws/ORB_SLAM3/include/CameraModels/KannalaBrandt8.h: In constructor ‘ORB_SLAM3::KannalaBrandt8::KannalaBrandt8(std::vector<float>)’:
[86.149s] /home/j/colcon_ws/ORB_SLAM3/include/CameraModels/KannalaBrandt8.h:102:21: warning: ‘ORB_SLAM3::KannalaBrandt8::precision’ will be initialized after [-Wreorder]
[86.149s]   102 |         const float precision;
[86.149s]       |                     ^~~~~~~~~
[86.149s] /home/j/colcon_ws/ORB_SLAM3/include/CameraModels/KannalaBrandt8.h:88:26: warning:   ‘std::vector<int> ORB_SLAM3::KannalaBrandt8::mvLappingArea’ [-Wreorder]
[86.149s]    88 |         std::vector<int> mvLappingArea;
[86.149s]       |                          ^~~~~~~~~~~~~
[86.149s] In file included from /home/j/colcon_ws/ORB_SLAM3/include/Atlas.h:27,
[86.149s]                  from /home/j/colcon_ws/ORB_SLAM3/include/FrameDrawer.h:25,
[86.149s]                  from /home/j/colcon_ws/ORB_SLAM3/include/Viewer.h:23,
[86.149s]                  from /home/j/colcon_ws/ORB_SLAM3/include/Tracking.h:26,
[86.149s]                  from /home/j/colcon_ws/ORB_SLAM3/include/System.h:31,
[86.149s]                  from /home/j/colcon_ws/src/orbslam3_ros2/src/stereo/stereo-slam-node.hpp:13,
[86.149s]                  from /home/j/colcon_ws/src/orbslam3_ros2/src/stereo/stereo-slam-node.cpp:1:
[86.150s] /home/j/colcon_ws/ORB_SLAM3/include/CameraModels/KannalaBrandt8.h:47:9: warning:   when initialized here [-Wreorder]
[86.150s]    47 |         KannalaBrandt8(const std::vector<float> _vParameters) : GeometricCamera(_vParameters), precision(1e-6), mvLappingArea(2,0) ,tvr(nullptr) {
[86.150s]       |         ^~~~~~~~~~~~~~
[86.150s] In file included from /home/j/colcon_ws/ORB_SLAM3/include/Atlas.h:27,
[86.150s]                  from /home/j/colcon_ws/ORB_SLAM3/include/FrameDrawer.h:25,
[86.150s]                  from /home/j/colcon_ws/ORB_SLAM3/include/Viewer.h:23,
[86.150s]                  from /home/j/colcon_ws/ORB_SLAM3/include/Tracking.h:26,
[86.150s]                  from /home/j/colcon_ws/ORB_SLAM3/include/System.h:31,
[86.150s]                  from /home/j/colcon_ws/src/orbslam3_ros2/src/stereo/stereo-slam-node.hpp:13,
[86.150s]                  from /home/j/colcon_ws/src/orbslam3_ros2/src/stereo/stereo-slam-node.cpp:1:
[86.150s] /home/j/colcon_ws/ORB_SLAM3/include/CameraModels/KannalaBrandt8.h: In constructor ‘ORB_SLAM3::KannalaBrandt8::KannalaBrandt8(std::vector<float>, float)’:
[86.150s] /home/j/colcon_ws/ORB_SLAM3/include/CameraModels/KannalaBrandt8.h:102:21: warning: ‘ORB_SLAM3::KannalaBrandt8::precision’ will be initialized after [-Wreorder]
[86.150s]   102 |         const float precision;
[86.150s]       |                     ^~~~~~~~~
[86.150s] /home/j/colcon_ws/ORB_SLAM3/include/CameraModels/KannalaBrandt8.h:88:26: warning:   ‘std::vector<int> ORB_SLAM3::KannalaBrandt8::mvLappingArea’ [-Wreorder]
[86.150s]    88 |         std::vector<int> mvLappingArea;
[86.150s]       |                          ^~~~~~~~~~~~~
[86.150s] /home/j/colcon_ws/ORB_SLAM3/include/CameraModels/KannalaBrandt8.h:53:9: warning:   when initialized here [-Wreorder]
[86.150s]    53 |         KannalaBrandt8(const std::vector<float> _vParameters, const float _precision) : GeometricCamera(_vParameters),
[86.150s]       |         ^~~~~~~~~~~~~~
[86.150s] /home/j/colcon_ws/ORB_SLAM3/include/CameraModels/KannalaBrandt8.h: In constructor ‘ORB_SLAM3::KannalaBrandt8::KannalaBrandt8(ORB_SLAM3::KannalaBrandt8*)’:
[86.150s] /home/j/colcon_ws/ORB_SLAM3/include/CameraModels/KannalaBrandt8.h:102:21: warning: ‘ORB_SLAM3::KannalaBrandt8::precision’ will be initialized after [-Wreorder]
[86.150s]   102 |         const float precision;
[86.150s]       |                     ^~~~~~~~~
[86.150s] /home/j/colcon_ws/ORB_SLAM3/include/CameraModels/KannalaBrandt8.h:88:26: warning:   ‘std::vector<int> ORB_SLAM3::KannalaBrandt8::mvLappingArea’ [-Wreorder]
[86.150s]    88 |         std::vector<int> mvLappingArea;
[86.150s]       |                          ^~~~~~~~~~~~~
[86.150s] /home/j/colcon_ws/ORB_SLAM3/include/CameraModels/KannalaBrandt8.h:59:9: warning:   when initialized here [-Wreorder]
[86.150s]    59 |         KannalaBrandt8(KannalaBrandt8* pKannala) : GeometricCamera(pKannala->mvParameters), precision(pKannala->precision), mvLappingArea(2,0) ,tvr(nullptr) {
[86.150s]       |         ^~~~~~~~~~~~~~
[86.953s] In file included from /home/j/colcon_ws/ORB_SLAM3/include/Frame.h:30,
[86.953s]                  from /home/j/colcon_ws/ORB_SLAM3/include/KeyFrame.h:28,
[86.953s]                  from /home/j/colcon_ws/ORB_SLAM3/include/MapPoint.h:23,
[86.953s]                  from /home/j/colcon_ws/ORB_SLAM3/include/FrameDrawer.h:24,
[86.953s]                  from /home/j/colcon_ws/ORB_SLAM3/include/Viewer.h:23,
[86.953s]                  from /home/j/colcon_ws/ORB_SLAM3/include/Tracking.h:26,
[86.953s]                  from /home/j/colcon_ws/ORB_SLAM3/include/System.h:31,
[86.953s]                  from /home/j/colcon_ws/src/orbslam3_ros2/src/stereo-inertial/stereo-inertial-node.hpp:10,
[86.953s]                  from /home/j/colcon_ws/src/orbslam3_ros2/src/stereo-inertial/stereo-inertial-node.cpp:1:
[86.953s] /home/j/colcon_ws/ORB_SLAM3/include/ImuTypes.h: In member function ‘void ORB_SLAM3::IMU::Preintegrated::printMeasurements() const’:
[86.953s] /home/j/colcon_ws/ORB_SLAM3/include/ImuTypes.h:204:23: warning: comparison of integer expressions of different signedness: ‘int’ and ‘std::vector<ORB_SLAM3::IMU::Preintegrated::integrable>::size_type’ {aka ‘long unsigned int’} [-Wsign-compare]
[86.953s]   204 |         for(int i=0; i<mvMeasurements.size(); i++){
[86.953s]       |                      ~^~~~~~~~~~~~~~~~~~~~~~
[86.998s] In file included from /home/j/colcon_ws/ORB_SLAM3/Thirdparty/g2o/g2o/types/types_six_dof_expmap.h:37,
[86.998s]                  from /home/j/colcon_ws/ORB_SLAM3/include/Converter.h:26,
[86.998s]                  from /home/j/colcon_ws/ORB_SLAM3/include/Frame.h:33,
[86.998s]                  from /home/j/colcon_ws/ORB_SLAM3/include/KeyFrame.h:28,
[86.998s]                  from /home/j/colcon_ws/ORB_SLAM3/include/MapPoint.h:23,
[86.998s]                  from /home/j/colcon_ws/ORB_SLAM3/include/FrameDrawer.h:24,
[86.998s]                  from /home/j/colcon_ws/ORB_SLAM3/include/Viewer.h:23,
[86.998s]                  from /home/j/colcon_ws/ORB_SLAM3/include/Tracking.h:26,
[86.998s]                  from /home/j/colcon_ws/ORB_SLAM3/include/System.h:31,
[86.998s]                  from /home/j/colcon_ws/src/orbslam3_ros2/src/stereo-inertial/stereo-inertial-node.hpp:10,
[86.998s]                  from /home/j/colcon_ws/src/orbslam3_ros2/src/stereo-inertial/stereo-inertial-node.cpp:1:
[86.998s] /home/j/colcon_ws/ORB_SLAM3/Thirdparty/g2o/g2o/types/../core/base_vertex.h: At global scope:
[86.998s] /home/j/colcon_ws/ORB_SLAM3/Thirdparty/g2o/g2o/types/../core/base_vertex.h:62:74: warning: ‘Eigen::AlignedBit’ is deprecated [-Wdeprecated-declarations]
[86.998s]    62 |     typedef Eigen::Map<Matrix<double, D, D>, Matrix<double,D,D>::Flags & AlignedBit ? Aligned : Unaligned >  HessianBlockType;
[86.998s]       |                                                                          ^~~~~~~~~~
[86.998s] In file included from /usr/include/eigen3/Eigen/Core:161,
[86.998s]                  from /usr/include/eigen3/Eigen/LU:11,
[86.998s]                  from /home/j/colcon_ws/ORB_SLAM3/Thirdparty/Sophus/sophus/so2.hpp:12,
[86.998s]                  from /home/j/colcon_ws/ORB_SLAM3/Thirdparty/Sophus/sophus/se2.hpp:7,
[86.998s]                  from /home/j/colcon_ws/ORB_SLAM3/Thirdparty/Sophus/sophus/geometry.hpp:7,
[86.998s]                  from /home/j/colcon_ws/ORB_SLAM3/include/Frame.h:28,
[86.998s]                  from /home/j/colcon_ws/ORB_SLAM3/include/KeyFrame.h:28,
[86.998s]                  from /home/j/colcon_ws/ORB_SLAM3/include/MapPoint.h:23,
[86.998s]                  from /home/j/colcon_ws/ORB_SLAM3/include/FrameDrawer.h:24,
[86.998s]                  from /home/j/colcon_ws/ORB_SLAM3/include/Viewer.h:23,
[86.998s]                  from /home/j/colcon_ws/ORB_SLAM3/include/Tracking.h:26,
[86.998s]                  from /home/j/colcon_ws/ORB_SLAM3/include/System.h:31,
[86.998s]                  from /home/j/colcon_ws/src/orbslam3_ros2/src/stereo-inertial/stereo-inertial-node.hpp:10,
[86.998s]                  from /home/j/colcon_ws/src/orbslam3_ros2/src/stereo-inertial/stereo-inertial-node.cpp:1:
[86.998s] /usr/include/eigen3/Eigen/src/Core/util/Constants.h:167:37: note: declared here
[86.998s]   167 | EIGEN_DEPRECATED const unsigned int AlignedBit = 0x80;
[86.998s]       |                                     ^~~~~~~~~~
[87.009s] In file included from /home/j/colcon_ws/ORB_SLAM3/Thirdparty/g2o/g2o/types/types_six_dof_expmap.h:38,
[87.009s]                  from /home/j/colcon_ws/ORB_SLAM3/include/Converter.h:26,
[87.009s]                  from /home/j/colcon_ws/ORB_SLAM3/include/Frame.h:33,
[87.009s]                  from /home/j/colcon_ws/ORB_SLAM3/include/KeyFrame.h:28,
[87.009s]                  from /home/j/colcon_ws/ORB_SLAM3/include/MapPoint.h:23,
[87.009s]                  from /home/j/colcon_ws/ORB_SLAM3/include/FrameDrawer.h:24,
[87.009s]                  from /home/j/colcon_ws/ORB_SLAM3/include/Viewer.h:23,
[87.009s]                  from /home/j/colcon_ws/ORB_SLAM3/include/Tracking.h:26,
[87.009s]                  from /home/j/colcon_ws/ORB_SLAM3/include/System.h:31,
[87.009s]                  from /home/j/colcon_ws/src/orbslam3_ros2/src/stereo-inertial/stereo-inertial-node.hpp:10,
[87.009s]                  from /home/j/colcon_ws/src/orbslam3_ros2/src/stereo-inertial/stereo-inertial-node.cpp:1:
[87.009s] /home/j/colcon_ws/ORB_SLAM3/Thirdparty/g2o/g2o/types/../core/base_binary_edge.h:59:82: warning: ‘Eigen::AlignedBit’ is deprecated [-Wdeprecated-declarations]
[87.009s]    59 |       typedef Eigen::Map<Matrix<double, Di, Dj>, Matrix<double, Di, Dj>::Flags & AlignedBit ? Aligned : Unaligned > HessianBlockType;
[87.009s]       |                                                                                  ^~~~~~~~~~
[87.009s] In file included from /usr/include/eigen3/Eigen/Core:161,
[87.009s]                  from /usr/include/eigen3/Eigen/LU:11,
[87.009s]                  from /home/j/colcon_ws/ORB_SLAM3/Thirdparty/Sophus/sophus/so2.hpp:12,
[87.009s]                  from /home/j/colcon_ws/ORB_SLAM3/Thirdparty/Sophus/sophus/se2.hpp:7,
[87.009s]                  from /home/j/colcon_ws/ORB_SLAM3/Thirdparty/Sophus/sophus/geometry.hpp:7,
[87.009s]                  from /home/j/colcon_ws/ORB_SLAM3/include/Frame.h:28,
[87.009s]                  from /home/j/colcon_ws/ORB_SLAM3/include/KeyFrame.h:28,
[87.009s]                  from /home/j/colcon_ws/ORB_SLAM3/include/MapPoint.h:23,
[87.009s]                  from /home/j/colcon_ws/ORB_SLAM3/include/FrameDrawer.h:24,
[87.009s]                  from /home/j/colcon_ws/ORB_SLAM3/include/Viewer.h:23,
[87.009s]                  from /home/j/colcon_ws/ORB_SLAM3/include/Tracking.h:26,
[87.009s]                  from /home/j/colcon_ws/ORB_SLAM3/include/System.h:31,
[87.009s]                  from /home/j/colcon_ws/src/orbslam3_ros2/src/stereo-inertial/stereo-inertial-node.hpp:10,
[87.009s]                  from /home/j/colcon_ws/src/orbslam3_ros2/src/stereo-inertial/stereo-inertial-node.cpp:1:
[87.009s] /usr/include/eigen3/Eigen/src/Core/util/Constants.h:167:37: note: declared here
[87.009s]   167 | EIGEN_DEPRECATED const unsigned int AlignedBit = 0x80;
[87.009s]       |                                     ^~~~~~~~~~
[87.009s] In file included from /home/j/colcon_ws/ORB_SLAM3/Thirdparty/g2o/g2o/types/types_six_dof_expmap.h:38,
[87.010s]                  from /home/j/colcon_ws/ORB_SLAM3/include/Converter.h:26,
[87.010s]                  from /home/j/colcon_ws/ORB_SLAM3/include/Frame.h:33,
[87.010s]                  from /home/j/colcon_ws/ORB_SLAM3/include/KeyFrame.h:28,
[87.010s]                  from /home/j/colcon_ws/ORB_SLAM3/include/MapPoint.h:23,
[87.010s]                  from /home/j/colcon_ws/ORB_SLAM3/include/FrameDrawer.h:24,
[87.010s]                  from /home/j/colcon_ws/ORB_SLAM3/include/Viewer.h:23,
[87.010s]                  from /home/j/colcon_ws/ORB_SLAM3/include/Tracking.h:26,
[87.010s]                  from /home/j/colcon_ws/ORB_SLAM3/include/System.h:31,
[87.010s]                  from /home/j/colcon_ws/src/orbslam3_ros2/src/stereo-inertial/stereo-inertial-node.hpp:10,
[87.010s]                  from /home/j/colcon_ws/src/orbslam3_ros2/src/stereo-inertial/stereo-inertial-node.cpp:1:
[87.010s] /home/j/colcon_ws/ORB_SLAM3/Thirdparty/g2o/g2o/types/../core/base_binary_edge.h:60:82: warning: ‘Eigen::AlignedBit’ is deprecated [-Wdeprecated-declarations]
[87.010s]    60 |       typedef Eigen::Map<Matrix<double, Dj, Di>, Matrix<double, Dj, Di>::Flags & AlignedBit ? Aligned : Unaligned > HessianBlockTransposedType;
[87.010s]       |                                                                                  ^~~~~~~~~~
[87.010s] In file included from /usr/include/eigen3/Eigen/Core:161,
[87.010s]                  from /usr/include/eigen3/Eigen/LU:11,
[87.010s]                  from /home/j/colcon_ws/ORB_SLAM3/Thirdparty/Sophus/sophus/so2.hpp:12,
[87.010s]                  from /home/j/colcon_ws/ORB_SLAM3/Thirdparty/Sophus/sophus/se2.hpp:7,
[87.010s]                  from /home/j/colcon_ws/ORB_SLAM3/Thirdparty/Sophus/sophus/geometry.hpp:7,
[87.010s]                  from /home/j/colcon_ws/ORB_SLAM3/include/Frame.h:28,
[87.010s]                  from /home/j/colcon_ws/ORB_SLAM3/include/KeyFrame.h:28,
[87.010s]                  from /home/j/colcon_ws/ORB_SLAM3/include/MapPoint.h:23,
[87.010s]                  from /home/j/colcon_ws/ORB_SLAM3/include/FrameDrawer.h:24,
[87.010s]                  from /home/j/colcon_ws/ORB_SLAM3/include/Viewer.h:23,
[87.010s]                  from /home/j/colcon_ws/ORB_SLAM3/include/Tracking.h:26,
[87.010s]                  from /home/j/colcon_ws/ORB_SLAM3/include/System.h:31,
[87.010s]                  from /home/j/colcon_ws/src/orbslam3_ros2/src/stereo-inertial/stereo-inertial-node.hpp:10,
[87.010s]                  from /home/j/colcon_ws/src/orbslam3_ros2/src/stereo-inertial/stereo-inertial-node.cpp:1:
[87.010s] /usr/include/eigen3/Eigen/src/Core/util/Constants.h:167:37: note: declared here
[87.010s]   167 | EIGEN_DEPRECATED const unsigned int AlignedBit = 0x80;
[87.010s]       |                                     ^~~~~~~~~~
[87.033s] In file included from /home/j/colcon_ws/ORB_SLAM3/Thirdparty/g2o/g2o/types/types_six_dof_expmap.h:41,
[87.033s]                  from /home/j/colcon_ws/ORB_SLAM3/include/Converter.h:26,
[87.033s]                  from /home/j/colcon_ws/ORB_SLAM3/include/Frame.h:33,
[87.033s]                  from /home/j/colcon_ws/ORB_SLAM3/include/KeyFrame.h:28,
[87.033s]                  from /home/j/colcon_ws/ORB_SLAM3/include/MapPoint.h:23,
[87.033s]                  from /home/j/colcon_ws/ORB_SLAM3/include/FrameDrawer.h:24,
[87.033s]                  from /home/j/colcon_ws/ORB_SLAM3/include/Viewer.h:23,
[87.033s]                  from /home/j/colcon_ws/ORB_SLAM3/include/Tracking.h:26,
[87.033s]                  from /home/j/colcon_ws/ORB_SLAM3/include/System.h:31,
[87.033s]                  from /home/j/colcon_ws/src/orbslam3_ros2/src/stereo-inertial/stereo-inertial-node.hpp:10,
[87.033s]                  from /home/j/colcon_ws/src/orbslam3_ros2/src/stereo-inertial/stereo-inertial-node.cpp:1:
[87.033s] /home/j/colcon_ws/ORB_SLAM3/Thirdparty/g2o/g2o/types/se3quat.h:43:38: warning: extra ‘;’ [-Wpedantic]
[87.033s]    43 |       EIGEN_MAKE_ALIGNED_OPERATOR_NEW;
[87.033s]       |                                      ^
[87.033s]       |                                      -
[87.220s] In file included from /home/j/colcon_ws/ORB_SLAM3/Thirdparty/g2o/g2o/types/types_six_dof_expmap.h:37,
[87.220s]                  from /home/j/colcon_ws/ORB_SLAM3/include/Converter.h:26,
[87.220s]                  from /home/j/colcon_ws/ORB_SLAM3/include/Frame.h:33,
[87.220s]                  from /home/j/colcon_ws/ORB_SLAM3/include/KeyFrame.h:28,
[87.220s]                  from /home/j/colcon_ws/ORB_SLAM3/include/MapPoint.h:23,
[87.220s]                  from /home/j/colcon_ws/ORB_SLAM3/include/FrameDrawer.h:24,
[87.220s]                  from /home/j/colcon_ws/ORB_SLAM3/include/Viewer.h:23,
[87.220s]                  from /home/j/colcon_ws/ORB_SLAM3/include/Tracking.h:26,
[87.220s]                  from /home/j/colcon_ws/ORB_SLAM3/include/System.h:31,
[87.220s]                  from /home/j/colcon_ws/src/orbslam3_ros2/src/stereo-inertial/stereo-inertial-node.hpp:10,
[87.220s]                  from /home/j/colcon_ws/src/orbslam3_ros2/src/stereo-inertial/stereo-inertial-node.cpp:1:
[87.220s] /home/j/colcon_ws/ORB_SLAM3/Thirdparty/g2o/g2o/types/../core/base_vertex.h: In instantiation of ‘class g2o::BaseVertex<3, Eigen::Matrix<double, 3, 1> >’:
[87.220s] /home/j/colcon_ws/ORB_SLAM3/Thirdparty/g2o/g2o/types/types_sba.h:40:35:   required from here
[87.220s] /home/j/colcon_ws/ORB_SLAM3/Thirdparty/g2o/g2o/types/../core/base_vertex.h:62:72: warning: ‘Eigen::AlignedBit’ is deprecated [-Wdeprecated-declarations]
[87.220s]    62 |     typedef Eigen::Map<Matrix<double, D, D>, Matrix<double,D,D>::Flags & AlignedBit ? Aligned : Unaligned >  HessianBlockType;
[87.220s]       |                                                                  ~~~~~~^~~~~~~~~~~~
[87.220s] In file included from /usr/include/eigen3/Eigen/Core:161,
[87.220s]                  from /usr/include/eigen3/Eigen/LU:11,
[87.220s]                  from /home/j/colcon_ws/ORB_SLAM3/Thirdparty/Sophus/sophus/so2.hpp:12,
[87.220s]                  from /home/j/colcon_ws/ORB_SLAM3/Thirdparty/Sophus/sophus/se2.hpp:7,
[87.220s]                  from /home/j/colcon_ws/ORB_SLAM3/Thirdparty/Sophus/sophus/geometry.hpp:7,
[87.220s]                  from /home/j/colcon_ws/ORB_SLAM3/include/Frame.h:28,
[87.220s]                  from /home/j/colcon_ws/ORB_SLAM3/include/KeyFrame.h:28,
[87.221s]                  from /home/j/colcon_ws/ORB_SLAM3/include/MapPoint.h:23,
[87.221s]                  from /home/j/colcon_ws/ORB_SLAM3/include/FrameDrawer.h:24,
[87.221s]                  from /home/j/colcon_ws/ORB_SLAM3/include/Viewer.h:23,
[87.221s]                  from /home/j/colcon_ws/ORB_SLAM3/include/Tracking.h:26,
[87.221s]                  from /home/j/colcon_ws/ORB_SLAM3/include/System.h:31,
[87.221s]                  from /home/j/colcon_ws/src/orbslam3_ros2/src/stereo-inertial/stereo-inertial-node.hpp:10,
[87.221s]                  from /home/j/colcon_ws/src/orbslam3_ros2/src/stereo-inertial/stereo-inertial-node.cpp:1:
[87.221s] /usr/include/eigen3/Eigen/src/Core/util/Constants.h:167:37: note: declared here
[87.221s]   167 | EIGEN_DEPRECATED const unsigned int AlignedBit = 0x80;
[87.221s]       |                                     ^~~~~~~~~~
[87.235s] In file included from /home/j/colcon_ws/ORB_SLAM3/Thirdparty/g2o/g2o/types/types_six_dof_expmap.h:37,
[87.235s]                  from /home/j/colcon_ws/ORB_SLAM3/include/Converter.h:26,
[87.235s]                  from /home/j/colcon_ws/ORB_SLAM3/include/Frame.h:33,
[87.235s]                  from /home/j/colcon_ws/ORB_SLAM3/include/KeyFrame.h:28,
[87.235s]                  from /home/j/colcon_ws/ORB_SLAM3/include/MapPoint.h:23,
[87.235s]                  from /home/j/colcon_ws/ORB_SLAM3/include/FrameDrawer.h:24,
[87.235s]                  from /home/j/colcon_ws/ORB_SLAM3/include/Viewer.h:23,
[87.235s]                  from /home/j/colcon_ws/ORB_SLAM3/include/Tracking.h:26,
[87.235s]                  from /home/j/colcon_ws/ORB_SLAM3/include/System.h:31,
[87.235s]                  from /home/j/colcon_ws/src/orbslam3_ros2/src/stereo-inertial/stereo-inertial-node.hpp:10,
[87.235s]                  from /home/j/colcon_ws/src/orbslam3_ros2/src/stereo-inertial/stereo-inertial-node.cpp:1:
[87.235s] /home/j/colcon_ws/ORB_SLAM3/Thirdparty/g2o/g2o/types/../core/base_vertex.h: In instantiation of ‘class g2o::BaseVertex<6, g2o::SE3Quat>’:
[87.235s] /home/j/colcon_ws/ORB_SLAM3/Thirdparty/g2o/g2o/types/types_six_dof_expmap.h:59:33:   required from here
[87.235s] /home/j/colcon_ws/ORB_SLAM3/Thirdparty/g2o/g2o/types/../core/base_vertex.h:62:72: warning: ‘Eigen::AlignedBit’ is deprecated [-Wdeprecated-declarations]
[87.235s]    62 |     typedef Eigen::Map<Matrix<double, D, D>, Matrix<double,D,D>::Flags & AlignedBit ? Aligned : Unaligned >  HessianBlockType;
[87.235s]       |                                                                  ~~~~~~^~~~~~~~~~~~
[87.235s] In file included from /usr/include/eigen3/Eigen/Core:161,
[87.235s]                  from /usr/include/eigen3/Eigen/LU:11,
[87.235s]                  from /home/j/colcon_ws/ORB_SLAM3/Thirdparty/Sophus/sophus/so2.hpp:12,
[87.235s]                  from /home/j/colcon_ws/ORB_SLAM3/Thirdparty/Sophus/sophus/se2.hpp:7,
[87.236s]                  from /home/j/colcon_ws/ORB_SLAM3/Thirdparty/Sophus/sophus/geometry.hpp:7,
[87.236s]                  from /home/j/colcon_ws/ORB_SLAM3/include/Frame.h:28,
[87.236s]                  from /home/j/colcon_ws/ORB_SLAM3/include/KeyFrame.h:28,
[87.236s]                  from /home/j/colcon_ws/ORB_SLAM3/include/MapPoint.h:23,
[87.236s]                  from /home/j/colcon_ws/ORB_SLAM3/include/FrameDrawer.h:24,
[87.236s]                  from /home/j/colcon_ws/ORB_SLAM3/include/Viewer.h:23,
[87.236s]                  from /home/j/colcon_ws/ORB_SLAM3/include/Tracking.h:26,
[87.236s]                  from /home/j/colcon_ws/ORB_SLAM3/include/System.h:31,
[87.236s]                  from /home/j/colcon_ws/src/orbslam3_ros2/src/stereo-inertial/stereo-inertial-node.hpp:10,
[87.236s]                  from /home/j/colcon_ws/src/orbslam3_ros2/src/stereo-inertial/stereo-inertial-node.cpp:1:
[87.236s] /usr/include/eigen3/Eigen/src/Core/util/Constants.h:167:37: note: declared here
[87.236s]   167 | EIGEN_DEPRECATED const unsigned int AlignedBit = 0x80;
[87.236s]       |                                     ^~~~~~~~~~
[87.250s] In file included from /home/j/colcon_ws/ORB_SLAM3/Thirdparty/g2o/g2o/types/types_six_dof_expmap.h:38,
[87.250s]                  from /home/j/colcon_ws/ORB_SLAM3/include/Converter.h:26,
[87.250s]                  from /home/j/colcon_ws/ORB_SLAM3/include/Frame.h:33,
[87.250s]                  from /home/j/colcon_ws/ORB_SLAM3/include/KeyFrame.h:28,
[87.250s]                  from /home/j/colcon_ws/ORB_SLAM3/include/MapPoint.h:23,
[87.250s]                  from /home/j/colcon_ws/ORB_SLAM3/include/FrameDrawer.h:24,
[87.250s]                  from /home/j/colcon_ws/ORB_SLAM3/include/Viewer.h:23,
[87.250s]                  from /home/j/colcon_ws/ORB_SLAM3/include/Tracking.h:26,
[87.250s]                  from /home/j/colcon_ws/ORB_SLAM3/include/System.h:31,
[87.250s]                  from /home/j/colcon_ws/src/orbslam3_ros2/src/stereo-inertial/stereo-inertial-node.hpp:10,
[87.250s]                  from /home/j/colcon_ws/src/orbslam3_ros2/src/stereo-inertial/stereo-inertial-node.cpp:1:
[87.250s] /home/j/colcon_ws/ORB_SLAM3/Thirdparty/g2o/g2o/types/../core/base_binary_edge.h: In instantiation of ‘class g2o::BaseBinaryEdge<6, g2o::SE3Quat, g2o::VertexSE3Expmap, g2o::VertexSE3Expmap>’:
[87.250s] /home/j/colcon_ws/ORB_SLAM3/Thirdparty/g2o/g2o/types/types_six_dof_expmap.h:83:24:   required from here
[87.250s] /home/j/colcon_ws/ORB_SLAM3/Thirdparty/g2o/g2o/types/../core/base_binary_edge.h:59:80: warning: ‘Eigen::AlignedBit’ is deprecated [-Wdeprecated-declarations]
[87.250s]    59 |       typedef Eigen::Map<Matrix<double, Di, Dj>, Matrix<double, Di, Dj>::Flags & AlignedBit ? Aligned : Unaligned > HessianBlockType;
[87.250s]       |                                                                          ~~~~~~^~~~~~~~~~~~
[87.250s] In file included from /usr/include/eigen3/Eigen/Core:161,
[87.250s]                  from /usr/include/eigen3/Eigen/LU:11,
[87.250s]                  from /home/j/colcon_ws/ORB_SLAM3/Thirdparty/Sophus/sophus/so2.hpp:12,
[87.250s]                  from /home/j/colcon_ws/ORB_SLAM3/Thirdparty/Sophus/sophus/se2.hpp:7,
[87.250s]                  from /home/j/colcon_ws/ORB_SLAM3/Thirdparty/Sophus/sophus/geometry.hpp:7,
[87.250s]                  from /home/j/colcon_ws/ORB_SLAM3/include/Frame.h:28,
[87.250s]                  from /home/j/colcon_ws/ORB_SLAM3/include/KeyFrame.h:28,
[87.250s]                  from /home/j/colcon_ws/ORB_SLAM3/include/MapPoint.h:23,
[87.250s]                  from /home/j/colcon_ws/ORB_SLAM3/include/FrameDrawer.h:24,
[87.250s]                  from /home/j/colcon_ws/ORB_SLAM3/include/Viewer.h:23,
[87.250s]                  from /home/j/colcon_ws/ORB_SLAM3/include/Tracking.h:26,
[87.250s]                  from /home/j/colcon_ws/ORB_SLAM3/include/System.h:31,
[87.251s]                  from /home/j/colcon_ws/src/orbslam3_ros2/src/stereo-inertial/stereo-inertial-node.hpp:10,
[87.251s]                  from /home/j/colcon_ws/src/orbslam3_ros2/src/stereo-inertial/stereo-inertial-node.cpp:1:
[87.251s] /usr/include/eigen3/Eigen/src/Core/util/Constants.h:167:37: note: declared here
[87.251s]   167 | EIGEN_DEPRECATED const unsigned int AlignedBit = 0x80;
[87.251s]       |                                     ^~~~~~~~~~
[87.251s] In file included from /home/j/colcon_ws/ORB_SLAM3/Thirdparty/g2o/g2o/types/types_six_dof_expmap.h:38,
[87.251s]                  from /home/j/colcon_ws/ORB_SLAM3/include/Converter.h:26,
[87.251s]                  from /home/j/colcon_ws/ORB_SLAM3/include/Frame.h:33,
[87.251s]                  from /home/j/colcon_ws/ORB_SLAM3/include/KeyFrame.h:28,
[87.251s]                  from /home/j/colcon_ws/ORB_SLAM3/include/MapPoint.h:23,
[87.251s]                  from /home/j/colcon_ws/ORB_SLAM3/include/FrameDrawer.h:24,
[87.251s]                  from /home/j/colcon_ws/ORB_SLAM3/include/Viewer.h:23,
[87.251s]                  from /home/j/colcon_ws/ORB_SLAM3/include/Tracking.h:26,
[87.251s]                  from /home/j/colcon_ws/ORB_SLAM3/include/System.h:31,
[87.251s]                  from /home/j/colcon_ws/src/orbslam3_ros2/src/stereo-inertial/stereo-inertial-node.hpp:10,
[87.251s]                  from /home/j/colcon_ws/src/orbslam3_ros2/src/stereo-inertial/stereo-inertial-node.cpp:1:
[87.251s] /home/j/colcon_ws/ORB_SLAM3/Thirdparty/g2o/g2o/types/../core/base_binary_edge.h:60:80: warning: ‘Eigen::AlignedBit’ is deprecated [-Wdeprecated-declarations]
[87.251s]    60 |       typedef Eigen::Map<Matrix<double, Dj, Di>, Matrix<double, Dj, Di>::Flags & AlignedBit ? Aligned : Unaligned > HessianBlockTransposedType;
[87.251s]       |                                                                          ~~~~~~^~~~~~~~~~~~
[87.251s] In file included from /usr/include/eigen3/Eigen/Core:161,
[87.251s]                  from /usr/include/eigen3/Eigen/LU:11,
[87.251s]                  from /home/j/colcon_ws/ORB_SLAM3/Thirdparty/Sophus/sophus/so2.hpp:12,
[87.251s]                  from /home/j/colcon_ws/ORB_SLAM3/Thirdparty/Sophus/sophus/se2.hpp:7,
[87.251s]                  from /home/j/colcon_ws/ORB_SLAM3/Thirdparty/Sophus/sophus/geometry.hpp:7,
[87.251s]                  from /home/j/colcon_ws/ORB_SLAM3/include/Frame.h:28,
[87.251s]                  from /home/j/colcon_ws/ORB_SLAM3/include/KeyFrame.h:28,
[87.251s]                  from /home/j/colcon_ws/ORB_SLAM3/include/MapPoint.h:23,
[87.251s]                  from /home/j/colcon_ws/ORB_SLAM3/include/FrameDrawer.h:24,
[87.251s]                  from /home/j/colcon_ws/ORB_SLAM3/include/Viewer.h:23,
[87.251s]                  from /home/j/colcon_ws/ORB_SLAM3/include/Tracking.h:26,
[87.251s]                  from /home/j/colcon_ws/ORB_SLAM3/include/System.h:31,
[87.251s]                  from /home/j/colcon_ws/src/orbslam3_ros2/src/stereo-inertial/stereo-inertial-node.hpp:10,
[87.251s]                  from /home/j/colcon_ws/src/orbslam3_ros2/src/stereo-inertial/stereo-inertial-node.cpp:1:
[87.251s] /usr/include/eigen3/Eigen/src/Core/util/Constants.h:167:37: note: declared here
[87.251s]   167 | EIGEN_DEPRECATED const unsigned int AlignedBit = 0x80;
[87.251s]       |                                     ^~~~~~~~~~
[87.285s] In file included from /home/j/colcon_ws/ORB_SLAM3/Thirdparty/g2o/g2o/types/types_six_dof_expmap.h:38,
[87.285s]                  from /home/j/colcon_ws/ORB_SLAM3/include/Converter.h:26,
[87.285s]                  from /home/j/colcon_ws/ORB_SLAM3/include/Frame.h:33,
[87.285s]                  from /home/j/colcon_ws/ORB_SLAM3/include/KeyFrame.h:28,
[87.285s]                  from /home/j/colcon_ws/ORB_SLAM3/include/MapPoint.h:23,
[87.285s]                  from /home/j/colcon_ws/ORB_SLAM3/include/FrameDrawer.h:24,
[87.285s]                  from /home/j/colcon_ws/ORB_SLAM3/include/Viewer.h:23,
[87.285s]                  from /home/j/colcon_ws/ORB_SLAM3/include/Tracking.h:26,
[87.285s]                  from /home/j/colcon_ws/ORB_SLAM3/include/System.h:31,
[87.285s]                  from /home/j/colcon_ws/src/orbslam3_ros2/src/stereo-inertial/stereo-inertial-node.hpp:10,
[87.285s]                  from /home/j/colcon_ws/src/orbslam3_ros2/src/stereo-inertial/stereo-inertial-node.cpp:1:
[87.285s] /home/j/colcon_ws/ORB_SLAM3/Thirdparty/g2o/g2o/types/../core/base_binary_edge.h: In instantiation of ‘class g2o::BaseBinaryEdge<2, Eigen::Matrix<double, 2, 1>, g2o::VertexSBAPointXYZ, g2o::VertexSE3Expmap>’:
[87.285s] /home/j/colcon_ws/ORB_SLAM3/Thirdparty/g2o/g2o/types/types_six_dof_expmap.h:114:35:   required from here
[87.285s] /home/j/colcon_ws/ORB_SLAM3/Thirdparty/g2o/g2o/types/../core/base_binary_edge.h:59:80: warning: ‘Eigen::AlignedBit’ is deprecated [-Wdeprecated-declarations]
[87.285s]    59 |       typedef Eigen::Map<Matrix<double, Di, Dj>, Matrix<double, Di, Dj>::Flags & AlignedBit ? Aligned : Unaligned > HessianBlockType;
[87.285s]       |                                                                          ~~~~~~^~~~~~~~~~~~
[87.285s] In file included from /usr/include/eigen3/Eigen/Core:161,
[87.285s]                  from /usr/include/eigen3/Eigen/LU:11,
[87.285s]                  from /home/j/colcon_ws/ORB_SLAM3/Thirdparty/Sophus/sophus/so2.hpp:12,
[87.285s]                  from /home/j/colcon_ws/ORB_SLAM3/Thirdparty/Sophus/sophus/se2.hpp:7,
[87.285s]                  from /home/j/colcon_ws/ORB_SLAM3/Thirdparty/Sophus/sophus/geometry.hpp:7,
[87.285s]                  from /home/j/colcon_ws/ORB_SLAM3/include/Frame.h:28,
[87.285s]                  from /home/j/colcon_ws/ORB_SLAM3/include/KeyFrame.h:28,
[87.285s]                  from /home/j/colcon_ws/ORB_SLAM3/include/MapPoint.h:23,
[87.285s]                  from /home/j/colcon_ws/ORB_SLAM3/include/FrameDrawer.h:24,
[87.285s]                  from /home/j/colcon_ws/ORB_SLAM3/include/Viewer.h:23,
[87.285s]                  from /home/j/colcon_ws/ORB_SLAM3/include/Tracking.h:26,
[87.285s]                  from /home/j/colcon_ws/ORB_SLAM3/include/System.h:31,
[87.285s]                  from /home/j/colcon_ws/src/orbslam3_ros2/src/stereo-inertial/stereo-inertial-node.hpp:10,
[87.285s]                  from /home/j/colcon_ws/src/orbslam3_ros2/src/stereo-inertial/stereo-inertial-node.cpp:1:
[87.285s] /usr/include/eigen3/Eigen/src/Core/util/Constants.h:167:37: note: declared here
[87.285s]   167 | EIGEN_DEPRECATED const unsigned int AlignedBit = 0x80;
[87.285s]       |                                     ^~~~~~~~~~
[87.292s] In file included from /home/j/colcon_ws/ORB_SLAM3/Thirdparty/g2o/g2o/types/types_six_dof_expmap.h:38,
[87.292s]                  from /home/j/colcon_ws/ORB_SLAM3/include/Converter.h:26,
[87.292s]                  from /home/j/colcon_ws/ORB_SLAM3/include/Frame.h:33,
[87.292s]                  from /home/j/colcon_ws/ORB_SLAM3/include/KeyFrame.h:28,
[87.292s]                  from /home/j/colcon_ws/ORB_SLAM3/include/MapPoint.h:23,
[87.292s]                  from /home/j/colcon_ws/ORB_SLAM3/include/FrameDrawer.h:24,
[87.292s]                  from /home/j/colcon_ws/ORB_SLAM3/include/Viewer.h:23,
[87.292s]                  from /home/j/colcon_ws/ORB_SLAM3/include/Tracking.h:26,
[87.292s]                  from /home/j/colcon_ws/ORB_SLAM3/include/System.h:31,
[87.292s]                  from /home/j/colcon_ws/src/orbslam3_ros2/src/stereo-inertial/stereo-inertial-node.hpp:10,
[87.292s]                  from /home/j/colcon_ws/src/orbslam3_ros2/src/stereo-inertial/stereo-inertial-node.cpp:1:
[87.292s] /home/j/colcon_ws/ORB_SLAM3/Thirdparty/g2o/g2o/types/../core/base_binary_edge.h:60:80: warning: ‘Eigen::AlignedBit’ is deprecated [-Wdeprecated-declarations]
[87.292s]    60 |       typedef Eigen::Map<Matrix<double, Dj, Di>, Matrix<double, Dj, Di>::Flags & AlignedBit ? Aligned : Unaligned > HessianBlockTransposedType;
[87.292s]       |                                                                          ~~~~~~^~~~~~~~~~~~
[87.292s] In file included from /usr/include/eigen3/Eigen/Core:161,
[87.292s]                  from /usr/include/eigen3/Eigen/LU:11,
[87.292s]                  from /home/j/colcon_ws/ORB_SLAM3/Thirdparty/Sophus/sophus/so2.hpp:12,
[87.292s]                  from /home/j/colcon_ws/ORB_SLAM3/Thirdparty/Sophus/sophus/se2.hpp:7,
[87.292s]                  from /home/j/colcon_ws/ORB_SLAM3/Thirdparty/Sophus/sophus/geometry.hpp:7,
[87.292s]                  from /home/j/colcon_ws/ORB_SLAM3/include/Frame.h:28,
[87.292s]                  from /home/j/colcon_ws/ORB_SLAM3/include/KeyFrame.h:28,
[87.292s]                  from /home/j/colcon_ws/ORB_SLAM3/include/MapPoint.h:23,
[87.292s]                  from /home/j/colcon_ws/ORB_SLAM3/include/FrameDrawer.h:24,
[87.292s]                  from /home/j/colcon_ws/ORB_SLAM3/include/Viewer.h:23,
[87.292s]                  from /home/j/colcon_ws/ORB_SLAM3/include/Tracking.h:26,
[87.292s]                  from /home/j/colcon_ws/ORB_SLAM3/include/System.h:31,
[87.292s]                  from /home/j/colcon_ws/src/orbslam3_ros2/src/stereo-inertial/stereo-inertial-node.hpp:10,
[87.292s]                  from /home/j/colcon_ws/src/orbslam3_ros2/src/stereo-inertial/stereo-inertial-node.cpp:1:
[87.292s] /usr/include/eigen3/Eigen/src/Core/util/Constants.h:167:37: note: declared here
[87.292s]   167 | EIGEN_DEPRECATED const unsigned int AlignedBit = 0x80;
[87.292s]       |                                     ^~~~~~~~~~
[87.321s] In file included from /home/j/colcon_ws/ORB_SLAM3/Thirdparty/g2o/g2o/types/types_six_dof_expmap.h:38,
[87.321s]                  from /home/j/colcon_ws/ORB_SLAM3/include/Converter.h:26,
[87.321s]                  from /home/j/colcon_ws/ORB_SLAM3/include/Frame.h:33,
[87.321s]                  from /home/j/colcon_ws/ORB_SLAM3/include/KeyFrame.h:28,
[87.321s]                  from /home/j/colcon_ws/ORB_SLAM3/include/MapPoint.h:23,
[87.321s]                  from /home/j/colcon_ws/ORB_SLAM3/include/FrameDrawer.h:24,
[87.321s]                  from /home/j/colcon_ws/ORB_SLAM3/include/Viewer.h:23,
[87.321s]                  from /home/j/colcon_ws/ORB_SLAM3/include/Tracking.h:26,
[87.321s]                  from /home/j/colcon_ws/ORB_SLAM3/include/System.h:31,
[87.321s]                  from /home/j/colcon_ws/src/orbslam3_ros2/src/stereo-inertial/stereo-inertial-node.hpp:10,
[87.321s]                  from /home/j/colcon_ws/src/orbslam3_ros2/src/stereo-inertial/stereo-inertial-node.cpp:1:
[87.321s] /home/j/colcon_ws/ORB_SLAM3/Thirdparty/g2o/g2o/types/../core/base_binary_edge.h: In instantiation of ‘class g2o::BaseBinaryEdge<3, Eigen::Matrix<double, 3, 1>, g2o::VertexSBAPointXYZ, g2o::VertexSE3Expmap>’:
[87.321s] /home/j/colcon_ws/ORB_SLAM3/Thirdparty/g2o/g2o/types/types_six_dof_expmap.h:146:41:   required from here
[87.321s] /home/j/colcon_ws/ORB_SLAM3/Thirdparty/g2o/g2o/types/../core/base_binary_edge.h:59:80: warning: ‘Eigen::AlignedBit’ is deprecated [-Wdeprecated-declarations]
[87.321s]    59 |       typedef Eigen::Map<Matrix<double, Di, Dj>, Matrix<double, Di, Dj>::Flags & AlignedBit ? Aligned : Unaligned > HessianBlockType;
[87.321s]       |                                                                          ~~~~~~^~~~~~~~~~~~
[87.321s] In file included from /usr/include/eigen3/Eigen/Core:161,
[87.321s]                  from /usr/include/eigen3/Eigen/LU:11,
[87.321s]                  from /home/j/colcon_ws/ORB_SLAM3/Thirdparty/Sophus/sophus/so2.hpp:12,
[87.321s]                  from /home/j/colcon_ws/ORB_SLAM3/Thirdparty/Sophus/sophus/se2.hpp:7,
[87.321s]                  from /home/j/colcon_ws/ORB_SLAM3/Thirdparty/Sophus/sophus/geometry.hpp:7,
[87.321s]                  from /home/j/colcon_ws/ORB_SLAM3/include/Frame.h:28,
[87.321s]                  from /home/j/colcon_ws/ORB_SLAM3/include/KeyFrame.h:28,
[87.321s]                  from /home/j/colcon_ws/ORB_SLAM3/include/MapPoint.h:23,
[87.321s]                  from /home/j/colcon_ws/ORB_SLAM3/include/FrameDrawer.h:24,
[87.321s]                  from /home/j/colcon_ws/ORB_SLAM3/include/Viewer.h:23,
[87.321s]                  from /home/j/colcon_ws/ORB_SLAM3/include/Tracking.h:26,
[87.321s]                  from /home/j/colcon_ws/ORB_SLAM3/include/System.h:31,
[87.322s]                  from /home/j/colcon_ws/src/orbslam3_ros2/src/stereo-inertial/stereo-inertial-node.hpp:10,
[87.322s]                  from /home/j/colcon_ws/src/orbslam3_ros2/src/stereo-inertial/stereo-inertial-node.cpp:1:
[87.322s] /usr/include/eigen3/Eigen/src/Core/util/Constants.h:167:37: note: declared here
[87.322s]   167 | EIGEN_DEPRECATED const unsigned int AlignedBit = 0x80;
[87.322s]       |                                     ^~~~~~~~~~
[87.322s] In file included from /home/j/colcon_ws/ORB_SLAM3/Thirdparty/g2o/g2o/types/types_six_dof_expmap.h:38,
[87.322s]                  from /home/j/colcon_ws/ORB_SLAM3/include/Converter.h:26,
[87.322s]                  from /home/j/colcon_ws/ORB_SLAM3/include/Frame.h:33,
[87.322s]                  from /home/j/colcon_ws/ORB_SLAM3/include/KeyFrame.h:28,
[87.322s]                  from /home/j/colcon_ws/ORB_SLAM3/include/MapPoint.h:23,
[87.322s]                  from /home/j/colcon_ws/ORB_SLAM3/include/FrameDrawer.h:24,
[87.322s]                  from /home/j/colcon_ws/ORB_SLAM3/include/Viewer.h:23,
[87.322s]                  from /home/j/colcon_ws/ORB_SLAM3/include/Tracking.h:26,
[87.322s]                  from /home/j/colcon_ws/ORB_SLAM3/include/System.h:31,
[87.322s]                  from /home/j/colcon_ws/src/orbslam3_ros2/src/stereo-inertial/stereo-inertial-node.hpp:10,
[87.322s]                  from /home/j/colcon_ws/src/orbslam3_ros2/src/stereo-inertial/stereo-inertial-node.cpp:1:
[87.322s] /home/j/colcon_ws/ORB_SLAM3/Thirdparty/g2o/g2o/types/../core/base_binary_edge.h:60:80: warning: ‘Eigen::AlignedBit’ is deprecated [-Wdeprecated-declarations]
[87.322s]    60 |       typedef Eigen::Map<Matrix<double, Dj, Di>, Matrix<double, Dj, Di>::Flags & AlignedBit ? Aligned : Unaligned > HessianBlockTransposedType;
[87.322s]       |                                                                          ~~~~~~^~~~~~~~~~~~
[87.322s] In file included from /usr/include/eigen3/Eigen/Core:161,
[87.322s]                  from /usr/include/eigen3/Eigen/LU:11,
[87.322s]                  from /home/j/colcon_ws/ORB_SLAM3/Thirdparty/Sophus/sophus/so2.hpp:12,
[87.322s]                  from /home/j/colcon_ws/ORB_SLAM3/Thirdparty/Sophus/sophus/se2.hpp:7,
[87.322s]                  from /home/j/colcon_ws/ORB_SLAM3/Thirdparty/Sophus/sophus/geometry.hpp:7,
[87.322s]                  from /home/j/colcon_ws/ORB_SLAM3/include/Frame.h:28,
[87.322s]                  from /home/j/colcon_ws/ORB_SLAM3/include/KeyFrame.h:28,
[87.322s]                  from /home/j/colcon_ws/ORB_SLAM3/include/MapPoint.h:23,
[87.322s]                  from /home/j/colcon_ws/ORB_SLAM3/include/FrameDrawer.h:24,
[87.322s]                  from /home/j/colcon_ws/ORB_SLAM3/include/Viewer.h:23,
[87.322s]                  from /home/j/colcon_ws/ORB_SLAM3/include/Tracking.h:26,
[87.322s]                  from /home/j/colcon_ws/ORB_SLAM3/include/System.h:31,
[87.322s]                  from /home/j/colcon_ws/src/orbslam3_ros2/src/stereo-inertial/stereo-inertial-node.hpp:10,
[87.322s]                  from /home/j/colcon_ws/src/orbslam3_ros2/src/stereo-inertial/stereo-inertial-node.cpp:1:
[87.322s] /usr/include/eigen3/Eigen/src/Core/util/Constants.h:167:37: note: declared here
[87.322s]   167 | EIGEN_DEPRECATED const unsigned int AlignedBit = 0x80;
[87.322s]       |                                     ^~~~~~~~~~
[87.423s] In file included from /home/j/colcon_ws/ORB_SLAM3/Thirdparty/g2o/g2o/types/types_six_dof_expmap.h:37,
[87.423s]                  from /home/j/colcon_ws/ORB_SLAM3/include/Converter.h:26,
[87.423s]                  from /home/j/colcon_ws/ORB_SLAM3/include/Frame.h:33,
[87.423s]                  from /home/j/colcon_ws/ORB_SLAM3/include/KeyFrame.h:28,
[87.423s]                  from /home/j/colcon_ws/ORB_SLAM3/include/MapPoint.h:23,
[87.423s]                  from /home/j/colcon_ws/ORB_SLAM3/include/FrameDrawer.h:24,
[87.423s]                  from /home/j/colcon_ws/ORB_SLAM3/include/Viewer.h:23,
[87.423s]                  from /home/j/colcon_ws/ORB_SLAM3/include/Tracking.h:26,
[87.423s]                  from /home/j/colcon_ws/ORB_SLAM3/include/System.h:31,
[87.423s]                  from /home/j/colcon_ws/src/orbslam3_ros2/src/stereo-inertial/stereo-inertial-node.hpp:10,
[87.423s]                  from /home/j/colcon_ws/src/orbslam3_ros2/src/stereo-inertial/stereo-inertial-node.cpp:1:
[87.423s] /home/j/colcon_ws/ORB_SLAM3/Thirdparty/g2o/g2o/types/../core/base_vertex.h: In instantiation of ‘class g2o::BaseVertex<7, g2o::Sim3>’:
[87.423s] /home/j/colcon_ws/ORB_SLAM3/Thirdparty/g2o/g2o/types/types_seven_dof_expmap.h:48:35:   required from here
[87.423s] /home/j/colcon_ws/ORB_SLAM3/Thirdparty/g2o/g2o/types/../core/base_vertex.h:62:72: warning: ‘Eigen::AlignedBit’ is deprecated [-Wdeprecated-declarations]
[87.423s]    62 |     typedef Eigen::Map<Matrix<double, D, D>, Matrix<double,D,D>::Flags & AlignedBit ? Aligned : Unaligned >  HessianBlockType;
[87.423s]       |                                                                  ~~~~~~^~~~~~~~~~~~
[87.423s] In file included from /usr/include/eigen3/Eigen/Core:161,
[87.423s]                  from /usr/include/eigen3/Eigen/LU:11,
[87.423s]                  from /home/j/colcon_ws/ORB_SLAM3/Thirdparty/Sophus/sophus/so2.hpp:12,
[87.423s]                  from /home/j/colcon_ws/ORB_SLAM3/Thirdparty/Sophus/sophus/se2.hpp:7,
[87.423s]                  from /home/j/colcon_ws/ORB_SLAM3/Thirdparty/Sophus/sophus/geometry.hpp:7,
[87.423s]                  from /home/j/colcon_ws/ORB_SLAM3/include/Frame.h:28,
[87.423s]                  from /home/j/colcon_ws/ORB_SLAM3/include/KeyFrame.h:28,
[87.423s]                  from /home/j/colcon_ws/ORB_SLAM3/include/MapPoint.h:23,
[87.424s]                  from /home/j/colcon_ws/ORB_SLAM3/include/FrameDrawer.h:24,
[87.424s]                  from /home/j/colcon_ws/ORB_SLAM3/include/Viewer.h:23,
[87.424s]                  from /home/j/colcon_ws/ORB_SLAM3/include/Tracking.h:26,
[87.424s]                  from /home/j/colcon_ws/ORB_SLAM3/include/System.h:31,
[87.424s]                  from /home/j/colcon_ws/src/orbslam3_ros2/src/stereo-inertial/stereo-inertial-node.hpp:10,
[87.424s]                  from /home/j/colcon_ws/src/orbslam3_ros2/src/stereo-inertial/stereo-inertial-node.cpp:1:
[87.424s] /usr/include/eigen3/Eigen/src/Core/util/Constants.h:167:37: note: declared here
[87.424s]   167 | EIGEN_DEPRECATED const unsigned int AlignedBit = 0x80;
[87.424s]       |                                     ^~~~~~~~~~
[87.439s] In file included from /home/j/colcon_ws/ORB_SLAM3/Thirdparty/g2o/g2o/types/types_six_dof_expmap.h:38,
[87.439s]                  from /home/j/colcon_ws/ORB_SLAM3/include/Converter.h:26,
[87.439s]                  from /home/j/colcon_ws/ORB_SLAM3/include/Frame.h:33,
[87.439s]                  from /home/j/colcon_ws/ORB_SLAM3/include/KeyFrame.h:28,
[87.439s]                  from /home/j/colcon_ws/ORB_SLAM3/include/MapPoint.h:23,
[87.439s]                  from /home/j/colcon_ws/ORB_SLAM3/include/FrameDrawer.h:24,
[87.439s]                  from /home/j/colcon_ws/ORB_SLAM3/include/Viewer.h:23,
[87.439s]                  from /home/j/colcon_ws/ORB_SLAM3/include/Tracking.h:26,
[87.439s]                  from /home/j/colcon_ws/ORB_SLAM3/include/System.h:31,
[87.440s]                  from /home/j/colcon_ws/src/orbslam3_ros2/src/stereo-inertial/stereo-inertial-node.hpp:10,
[87.440s]                  from /home/j/colcon_ws/src/orbslam3_ros2/src/stereo-inertial/stereo-inertial-node.cpp:1:
[87.440s] /home/j/colcon_ws/ORB_SLAM3/Thirdparty/g2o/g2o/types/../core/base_binary_edge.h: In instantiation of ‘class g2o::BaseBinaryEdge<7, g2o::Sim3, g2o::VertexSim3Expmap, g2o::VertexSim3Expmap>’:
[87.440s] /home/j/colcon_ws/ORB_SLAM3/Thirdparty/g2o/g2o/types/types_seven_dof_expmap.h:99:27:   required from here
[87.440s] /home/j/colcon_ws/ORB_SLAM3/Thirdparty/g2o/g2o/types/../core/base_binary_edge.h:59:80: warning: ‘Eigen::AlignedBit’ is deprecated [-Wdeprecated-declarations]
[87.440s]    59 |       typedef Eigen::Map<Matrix<double, Di, Dj>, Matrix<double, Di, Dj>::Flags & AlignedBit ? Aligned : Unaligned > HessianBlockType;
[87.440s]       |                                                                          ~~~~~~^~~~~~~~~~~~
[87.440s] In file included from /usr/include/eigen3/Eigen/Core:161,
[87.440s]                  from /usr/include/eigen3/Eigen/LU:11,
[87.440s]                  from /home/j/colcon_ws/ORB_SLAM3/Thirdparty/Sophus/sophus/so2.hpp:12,
[87.440s]                  from /home/j/colcon_ws/ORB_SLAM3/Thirdparty/Sophus/sophus/se2.hpp:7,
[87.440s]                  from /home/j/colcon_ws/ORB_SLAM3/Thirdparty/Sophus/sophus/geometry.hpp:7,
[87.440s]                  from /home/j/colcon_ws/ORB_SLAM3/include/Frame.h:28,
[87.440s]                  from /home/j/colcon_ws/ORB_SLAM3/include/KeyFrame.h:28,
[87.440s]                  from /home/j/colcon_ws/ORB_SLAM3/include/MapPoint.h:23,
[87.440s]                  from /home/j/colcon_ws/ORB_SLAM3/include/FrameDrawer.h:24,
[87.440s]                  from /home/j/colcon_ws/ORB_SLAM3/include/Viewer.h:23,
[87.440s]                  from /home/j/colcon_ws/ORB_SLAM3/include/Tracking.h:26,
[87.440s]                  from /home/j/colcon_ws/ORB_SLAM3/include/System.h:31,
[87.440s]                  from /home/j/colcon_ws/src/orbslam3_ros2/src/stereo-inertial/stereo-inertial-node.hpp:10,
[87.440s]                  from /home/j/colcon_ws/src/orbslam3_ros2/src/stereo-inertial/stereo-inertial-node.cpp:1:
[87.440s] /usr/include/eigen3/Eigen/src/Core/util/Constants.h:167:37: note: declared here
[87.440s]   167 | EIGEN_DEPRECATED const unsigned int AlignedBit = 0x80;
[87.440s]       |                                     ^~~~~~~~~~
[87.440s] In file included from /home/j/colcon_ws/ORB_SLAM3/Thirdparty/g2o/g2o/types/types_six_dof_expmap.h:38,
[87.440s]                  from /home/j/colcon_ws/ORB_SLAM3/include/Converter.h:26,
[87.440s]                  from /home/j/colcon_ws/ORB_SLAM3/include/Frame.h:33,
[87.440s]                  from /home/j/colcon_ws/ORB_SLAM3/include/KeyFrame.h:28,
[87.440s]                  from /home/j/colcon_ws/ORB_SLAM3/include/MapPoint.h:23,
[87.440s]                  from /home/j/colcon_ws/ORB_SLAM3/include/FrameDrawer.h:24,
[87.440s]                  from /home/j/colcon_ws/ORB_SLAM3/include/Viewer.h:23,
[87.440s]                  from /home/j/colcon_ws/ORB_SLAM3/include/Tracking.h:26,
[87.440s]                  from /home/j/colcon_ws/ORB_SLAM3/include/System.h:31,
[87.440s]                  from /home/j/colcon_ws/src/orbslam3_ros2/src/stereo-inertial/stereo-inertial-node.hpp:10,
[87.440s]                  from /home/j/colcon_ws/src/orbslam3_ros2/src/stereo-inertial/stereo-inertial-node.cpp:1:
[87.440s] /home/j/colcon_ws/ORB_SLAM3/Thirdparty/g2o/g2o/types/../core/base_binary_edge.h:60:80: warning: ‘Eigen::AlignedBit’ is deprecated [-Wdeprecated-declarations]
[87.440s]    60 |       typedef Eigen::Map<Matrix<double, Dj, Di>, Matrix<double, Dj, Di>::Flags & AlignedBit ? Aligned : Unaligned > HessianBlockTransposedType;
[87.440s]       |                                                                          ~~~~~~^~~~~~~~~~~~
[87.440s] In file included from /usr/include/eigen3/Eigen/Core:161,
[87.440s]                  from /usr/include/eigen3/Eigen/LU:11,
[87.440s]                  from /home/j/colcon_ws/ORB_SLAM3/Thirdparty/Sophus/sophus/so2.hpp:12,
[87.440s]                  from /home/j/colcon_ws/ORB_SLAM3/Thirdparty/Sophus/sophus/se2.hpp:7,
[87.440s]                  from /home/j/colcon_ws/ORB_SLAM3/Thirdparty/Sophus/sophus/geometry.hpp:7,
[87.440s]                  from /home/j/colcon_ws/ORB_SLAM3/include/Frame.h:28,
[87.440s]                  from /home/j/colcon_ws/ORB_SLAM3/include/KeyFrame.h:28,
[87.440s]                  from /home/j/colcon_ws/ORB_SLAM3/include/MapPoint.h:23,
[87.440s]                  from /home/j/colcon_ws/ORB_SLAM3/include/FrameDrawer.h:24,
[87.440s]                  from /home/j/colcon_ws/ORB_SLAM3/include/Viewer.h:23,
[87.441s]                  from /home/j/colcon_ws/ORB_SLAM3/include/Tracking.h:26,
[87.441s]                  from /home/j/colcon_ws/ORB_SLAM3/include/System.h:31,
[87.441s]                  from /home/j/colcon_ws/src/orbslam3_ros2/src/stereo-inertial/stereo-inertial-node.hpp:10,
[87.441s]                  from /home/j/colcon_ws/src/orbslam3_ros2/src/stereo-inertial/stereo-inertial-node.cpp:1:
[87.441s] /usr/include/eigen3/Eigen/src/Core/util/Constants.h:167:37: note: declared here
[87.441s]   167 | EIGEN_DEPRECATED const unsigned int AlignedBit = 0x80;
[87.441s]       |                                     ^~~~~~~~~~
[87.461s] In file included from /home/j/colcon_ws/ORB_SLAM3/Thirdparty/g2o/g2o/types/types_six_dof_expmap.h:38,
[87.461s]                  from /home/j/colcon_ws/ORB_SLAM3/include/Converter.h:26,
[87.461s]                  from /home/j/colcon_ws/ORB_SLAM3/include/Frame.h:33,
[87.461s]                  from /home/j/colcon_ws/ORB_SLAM3/include/KeyFrame.h:28,
[87.461s]                  from /home/j/colcon_ws/ORB_SLAM3/include/MapPoint.h:23,
[87.461s]                  from /home/j/colcon_ws/ORB_SLAM3/include/FrameDrawer.h:24,
[87.461s]                  from /home/j/colcon_ws/ORB_SLAM3/include/Viewer.h:23,
[87.461s]                  from /home/j/colcon_ws/ORB_SLAM3/include/Tracking.h:26,
[87.461s]                  from /home/j/colcon_ws/ORB_SLAM3/include/System.h:31,
[87.461s]                  from /home/j/colcon_ws/src/orbslam3_ros2/src/stereo-inertial/stereo-inertial-node.hpp:10,
[87.461s]                  from /home/j/colcon_ws/src/orbslam3_ros2/src/stereo-inertial/stereo-inertial-node.cpp:1:
[87.461s] /home/j/colcon_ws/ORB_SLAM3/Thirdparty/g2o/g2o/types/../core/base_binary_edge.h: In instantiation of ‘class g2o::BaseBinaryEdge<2, Eigen::Matrix<double, 2, 1>, g2o::VertexSBAPointXYZ, g2o::VertexSim3Expmap>’:
[87.461s] /home/j/colcon_ws/ORB_SLAM3/Thirdparty/g2o/g2o/types/types_seven_dof_expmap.h:130:36:   required from here
[87.461s] /home/j/colcon_ws/ORB_SLAM3/Thirdparty/g2o/g2o/types/../core/base_binary_edge.h:59:80: warning: ‘Eigen::AlignedBit’ is deprecated [-Wdeprecated-declarations]
[87.461s]    59 |       typedef Eigen::Map<Matrix<double, Di, Dj>, Matrix<double, Di, Dj>::Flags & AlignedBit ? Aligned : Unaligned > HessianBlockType;
[87.461s]       |                                                                          ~~~~~~^~~~~~~~~~~~
[87.461s] In file included from /usr/include/eigen3/Eigen/Core:161,
[87.461s]                  from /usr/include/eigen3/Eigen/LU:11,
[87.461s]                  from /home/j/colcon_ws/ORB_SLAM3/Thirdparty/Sophus/sophus/so2.hpp:12,
[87.461s]                  from /home/j/colcon_ws/ORB_SLAM3/Thirdparty/Sophus/sophus/se2.hpp:7,
[87.461s]                  from /home/j/colcon_ws/ORB_SLAM3/Thirdparty/Sophus/sophus/geometry.hpp:7,
[87.461s]                  from /home/j/colcon_ws/ORB_SLAM3/include/Frame.h:28,
[87.461s]                  from /home/j/colcon_ws/ORB_SLAM3/include/KeyFrame.h:28,
[87.461s]                  from /home/j/colcon_ws/ORB_SLAM3/include/MapPoint.h:23,
[87.461s]                  from /home/j/colcon_ws/ORB_SLAM3/include/FrameDrawer.h:24,
[87.461s]                  from /home/j/colcon_ws/ORB_SLAM3/include/Viewer.h:23,
[87.461s]                  from /home/j/colcon_ws/ORB_SLAM3/include/Tracking.h:26,
[87.461s]                  from /home/j/colcon_ws/ORB_SLAM3/include/System.h:31,
[87.461s]                  from /home/j/colcon_ws/src/orbslam3_ros2/src/stereo-inertial/stereo-inertial-node.hpp:10,
[87.461s]                  from /home/j/colcon_ws/src/orbslam3_ros2/src/stereo-inertial/stereo-inertial-node.cpp:1:
[87.461s] /usr/include/eigen3/Eigen/src/Core/util/Constants.h:167:37: note: declared here
[87.461s]   167 | EIGEN_DEPRECATED const unsigned int AlignedBit = 0x80;
[87.461s]       |                                     ^~~~~~~~~~
[87.468s] In file included from /home/j/colcon_ws/ORB_SLAM3/Thirdparty/g2o/g2o/types/types_six_dof_expmap.h:38,
[87.468s]                  from /home/j/colcon_ws/ORB_SLAM3/include/Converter.h:26,
[87.468s]                  from /home/j/colcon_ws/ORB_SLAM3/include/Frame.h:33,
[87.468s]                  from /home/j/colcon_ws/ORB_SLAM3/include/KeyFrame.h:28,
[87.468s]                  from /home/j/colcon_ws/ORB_SLAM3/include/MapPoint.h:23,
[87.468s]                  from /home/j/colcon_ws/ORB_SLAM3/include/FrameDrawer.h:24,
[87.468s]                  from /home/j/colcon_ws/ORB_SLAM3/include/Viewer.h:23,
[87.468s]                  from /home/j/colcon_ws/ORB_SLAM3/include/Tracking.h:26,
[87.468s]                  from /home/j/colcon_ws/ORB_SLAM3/include/System.h:31,
[87.468s]                  from /home/j/colcon_ws/src/orbslam3_ros2/src/stereo-inertial/stereo-inertial-node.hpp:10,
[87.468s]                  from /home/j/colcon_ws/src/orbslam3_ros2/src/stereo-inertial/stereo-inertial-node.cpp:1:
[87.468s] /home/j/colcon_ws/ORB_SLAM3/Thirdparty/g2o/g2o/types/../core/base_binary_edge.h:60:80: warning: ‘Eigen::AlignedBit’ is deprecated [-Wdeprecated-declarations]
[87.468s]    60 |       typedef Eigen::Map<Matrix<double, Dj, Di>, Matrix<double, Dj, Di>::Flags & AlignedBit ? Aligned : Unaligned > HessianBlockTransposedType;
[87.468s]       |                                                                          ~~~~~~^~~~~~~~~~~~
[87.468s] In file included from /usr/include/eigen3/Eigen/Core:161,
[87.468s]                  from /usr/include/eigen3/Eigen/LU:11,
[87.468s]                  from /home/j/colcon_ws/ORB_SLAM3/Thirdparty/Sophus/sophus/so2.hpp:12,
[87.468s]                  from /home/j/colcon_ws/ORB_SLAM3/Thirdparty/Sophus/sophus/se2.hpp:7,
[87.468s]                  from /home/j/colcon_ws/ORB_SLAM3/Thirdparty/Sophus/sophus/geometry.hpp:7,
[87.468s]                  from /home/j/colcon_ws/ORB_SLAM3/include/Frame.h:28,
[87.468s]                  from /home/j/colcon_ws/ORB_SLAM3/include/KeyFrame.h:28,
[87.468s]                  from /home/j/colcon_ws/ORB_SLAM3/include/MapPoint.h:23,
[87.468s]                  from /home/j/colcon_ws/ORB_SLAM3/include/FrameDrawer.h:24,
[87.469s]                  from /home/j/colcon_ws/ORB_SLAM3/include/Viewer.h:23,
[87.469s]                  from /home/j/colcon_ws/ORB_SLAM3/include/Tracking.h:26,
[87.469s]                  from /home/j/colcon_ws/ORB_SLAM3/include/System.h:31,
[87.469s]                  from /home/j/colcon_ws/src/orbslam3_ros2/src/stereo-inertial/stereo-inertial-node.hpp:10,
[87.469s]                  from /home/j/colcon_ws/src/orbslam3_ros2/src/stereo-inertial/stereo-inertial-node.cpp:1:
[87.469s] /usr/include/eigen3/Eigen/src/Core/util/Constants.h:167:37: note: declared here
[87.469s]   167 | EIGEN_DEPRECATED const unsigned int AlignedBit = 0x80;
[87.469s]       |                                     ^~~~~~~~~~
[87.986s] In file included from /home/j/colcon_ws/ORB_SLAM3/include/Atlas.h:26,
[87.986s]                  from /home/j/colcon_ws/ORB_SLAM3/include/FrameDrawer.h:25,
[87.986s]                  from /home/j/colcon_ws/ORB_SLAM3/include/Viewer.h:23,
[87.986s]                  from /home/j/colcon_ws/ORB_SLAM3/include/Tracking.h:26,
[87.986s]                  from /home/j/colcon_ws/ORB_SLAM3/include/System.h:31,
[87.986s]                  from /home/j/colcon_ws/src/orbslam3_ros2/src/stereo-inertial/stereo-inertial-node.hpp:10,
[87.986s]                  from /home/j/colcon_ws/src/orbslam3_ros2/src/stereo-inertial/stereo-inertial-node.cpp:1:
[87.986s] /home/j/colcon_ws/ORB_SLAM3/include/CameraModels/Pinhole.h: In member function ‘virtual bool ORB_SLAM3::Pinhole::matchAndtriangulate(const cv::KeyPoint&, const cv::KeyPoint&, ORB_SLAM3::GeometricCamera*, Sophus::SE3f&, Sophus::SE3f&, float, float, Eigen::Vector3f&)’:
[87.986s] /home/j/colcon_ws/ORB_SLAM3/include/CameraModels/Pinhole.h:83:54: warning: unused parameter ‘kp1’ [-Wunused-parameter]
[87.986s]    83 |         bool matchAndtriangulate(const cv::KeyPoint& kp1, const cv::KeyPoint& kp2, GeometricCamera* pOther,
[87.986s]       |                                  ~~~~~~~~~~~~~~~~~~~~^~~
[87.986s] /home/j/colcon_ws/ORB_SLAM3/include/CameraModels/Pinhole.h:83:79: warning: unused parameter ‘kp2’ [-Wunused-parameter]
[87.986s]    83 |         bool matchAndtriangulate(const cv::KeyPoint& kp1, const cv::KeyPoint& kp2, GeometricCamera* pOther,
[87.986s]       |                                                           ~~~~~~~~~~~~~~~~~~~~^~~
[87.986s] /home/j/colcon_ws/ORB_SLAM3/include/CameraModels/Pinhole.h:83:101: warning: unused parameter ‘pOther’ [-Wunused-parameter]
[87.986s]    83 |         bool matchAndtriangulate(const cv::KeyPoint& kp1, const cv::KeyPoint& kp2, GeometricCamera* pOther,
[87.986s]       |                                                                                    ~~~~~~~~~~~~~~~~~^~~~~~
[87.986s] /home/j/colcon_ws/ORB_SLAM3/include/CameraModels/Pinhole.h:84:48: warning: unused parameter ‘Tcw1’ [-Wunused-parameter]
[87.986s]    84 |                                  Sophus::SE3f& Tcw1, Sophus::SE3f& Tcw2,
[87.987s]       |                                  ~~~~~~~~~~~~~~^~~~
[87.987s] /home/j/colcon_ws/ORB_SLAM3/include/CameraModels/Pinhole.h:84:68: warning: unused parameter ‘Tcw2’ [-Wunused-parameter]
[87.987s]    84 |                                  Sophus::SE3f& Tcw1, Sophus::SE3f& Tcw2,
[87.987s]       |                                                      ~~~~~~~~~~~~~~^~~~
[87.987s] /home/j/colcon_ws/ORB_SLAM3/include/CameraModels/Pinhole.h:85:46: warning: unused parameter ‘sigmaLevel1’ [-Wunused-parameter]
[87.987s]    85 |                                  const float sigmaLevel1, const float sigmaLevel2,
[87.987s]       |                                  ~~~~~~~~~~~~^~~~~~~~~~~
[87.987s] /home/j/colcon_ws/ORB_SLAM3/include/CameraModels/Pinhole.h:85:71: warning: unused parameter ‘sigmaLevel2’ [-Wunused-parameter]
[87.987s]    85 |                                  const float sigmaLevel1, const float sigmaLevel2,
[87.987s]       |                                                           ~~~~~~~~~~~~^~~~~~~~~~~
[87.987s] /home/j/colcon_ws/ORB_SLAM3/include/CameraModels/Pinhole.h:86:51: warning: unused parameter ‘x3Dtriangulated’ [-Wunused-parameter]
[87.987s]    86 |                                  Eigen::Vector3f& x3Dtriangulated) { return false;}
[87.987s]       |                                  ~~~~~~~~~~~~~~~~~^~~~~~~~~~~~~~~
[87.987s] In file included from /home/j/colcon_ws/ORB_SLAM3/include/Atlas.h:27,
[87.987s]                  from /home/j/colcon_ws/ORB_SLAM3/include/FrameDrawer.h:25,
[87.987s]                  from /home/j/colcon_ws/ORB_SLAM3/include/Viewer.h:23,
[87.987s]                  from /home/j/colcon_ws/ORB_SLAM3/include/Tracking.h:26,
[87.987s]                  from /home/j/colcon_ws/ORB_SLAM3/include/System.h:31,
[87.987s]                  from /home/j/colcon_ws/src/orbslam3_ros2/src/stereo-inertial/stereo-inertial-node.hpp:10,
[87.987s]                  from /home/j/colcon_ws/src/orbslam3_ros2/src/stereo-inertial/stereo-inertial-node.cpp:1:
[87.987s] /home/j/colcon_ws/ORB_SLAM3/include/CameraModels/KannalaBrandt8.h: In constructor ‘ORB_SLAM3::KannalaBrandt8::KannalaBrandt8(std::vector<float>)’:
[87.987s] /home/j/colcon_ws/ORB_SLAM3/include/CameraModels/KannalaBrandt8.h:102:21: warning: ‘ORB_SLAM3::KannalaBrandt8::precision’ will be initialized after [-Wreorder]
[87.987s]   102 |         const float precision;
[87.987s]       |                     ^~~~~~~~~
[87.987s] /home/j/colcon_ws/ORB_SLAM3/include/CameraModels/KannalaBrandt8.h:88:26: warning:   ‘std::vector<int> ORB_SLAM3::KannalaBrandt8::mvLappingArea’ [-Wreorder]
[87.987s]    88 |         std::vector<int> mvLappingArea;
[87.987s]       |                          ^~~~~~~~~~~~~
[87.987s] In file included from /home/j/colcon_ws/ORB_SLAM3/include/Atlas.h:27,
[87.987s]                  from /home/j/colcon_ws/ORB_SLAM3/include/FrameDrawer.h:25,
[87.987s]                  from /home/j/colcon_ws/ORB_SLAM3/include/Viewer.h:23,
[87.987s]                  from /home/j/colcon_ws/ORB_SLAM3/include/Tracking.h:26,
[87.987s]                  from /home/j/colcon_ws/ORB_SLAM3/include/System.h:31,
[87.987s]                  from /home/j/colcon_ws/src/orbslam3_ros2/src/stereo-inertial/stereo-inertial-node.hpp:10,
[87.987s]                  from /home/j/colcon_ws/src/orbslam3_ros2/src/stereo-inertial/stereo-inertial-node.cpp:1:
[87.987s] /home/j/colcon_ws/ORB_SLAM3/include/CameraModels/KannalaBrandt8.h:47:9: warning:   when initialized here [-Wreorder]
[87.987s]    47 |         KannalaBrandt8(const std::vector<float> _vParameters) : GeometricCamera(_vParameters), precision(1e-6), mvLappingArea(2,0) ,tvr(nullptr) {
[87.987s]       |         ^~~~~~~~~~~~~~
[87.987s] In file included from /home/j/colcon_ws/ORB_SLAM3/include/Atlas.h:27,
[87.987s]                  from /home/j/colcon_ws/ORB_SLAM3/include/FrameDrawer.h:25,
[87.987s]                  from /home/j/colcon_ws/ORB_SLAM3/include/Viewer.h:23,
[87.987s]                  from /home/j/colcon_ws/ORB_SLAM3/include/Tracking.h:26,
[87.987s]                  from /home/j/colcon_ws/ORB_SLAM3/include/System.h:31,
[87.987s]                  from /home/j/colcon_ws/src/orbslam3_ros2/src/stereo-inertial/stereo-inertial-node.hpp:10,
[87.988s]                  from /home/j/colcon_ws/src/orbslam3_ros2/src/stereo-inertial/stereo-inertial-node.cpp:1:
[87.988s] /home/j/colcon_ws/ORB_SLAM3/include/CameraModels/KannalaBrandt8.h: In constructor ‘ORB_SLAM3::KannalaBrandt8::KannalaBrandt8(std::vector<float>, float)’:
[87.988s] /home/j/colcon_ws/ORB_SLAM3/include/CameraModels/KannalaBrandt8.h:102:21: warning: ‘ORB_SLAM3::KannalaBrandt8::precision’ will be initialized after [-Wreorder]
[87.988s]   102 |         const float precision;
[87.988s]       |                     ^~~~~~~~~
[87.988s] /home/j/colcon_ws/ORB_SLAM3/include/CameraModels/KannalaBrandt8.h:88:26: warning:   ‘std::vector<int> ORB_SLAM3::KannalaBrandt8::mvLappingArea’ [-Wreorder]
[87.988s]    88 |         std::vector<int> mvLappingArea;
[87.988s]       |                          ^~~~~~~~~~~~~
[87.988s] /home/j/colcon_ws/ORB_SLAM3/include/CameraModels/KannalaBrandt8.h:53:9: warning:   when initialized here [-Wreorder]
[87.988s]    53 |         KannalaBrandt8(const std::vector<float> _vParameters, const float _precision) : GeometricCamera(_vParameters),
[87.988s]       |         ^~~~~~~~~~~~~~
[87.988s] /home/j/colcon_ws/ORB_SLAM3/include/CameraModels/KannalaBrandt8.h: In constructor ‘ORB_SLAM3::KannalaBrandt8::KannalaBrandt8(ORB_SLAM3::KannalaBrandt8*)’:
[87.988s] /home/j/colcon_ws/ORB_SLAM3/include/CameraModels/KannalaBrandt8.h:102:21: warning: ‘ORB_SLAM3::KannalaBrandt8::precision’ will be initialized after [-Wreorder]
[87.988s]   102 |         const float precision;
[87.988s]       |                     ^~~~~~~~~
[87.988s] /home/j/colcon_ws/ORB_SLAM3/include/CameraModels/KannalaBrandt8.h:88:26: warning:   ‘std::vector<int> ORB_SLAM3::KannalaBrandt8::mvLappingArea’ [-Wreorder]
[87.988s]    88 |         std::vector<int> mvLappingArea;
[87.988s]       |                          ^~~~~~~~~~~~~
[87.988s] /home/j/colcon_ws/ORB_SLAM3/include/CameraModels/KannalaBrandt8.h:59:9: warning:   when initialized here [-Wreorder]
[87.988s]    59 |         KannalaBrandt8(KannalaBrandt8* pKannala) : GeometricCamera(pKannala->mvParameters), precision(pKannala->precision), mvLappingArea(2,0) ,tvr(nullptr) {
[87.988s]       |         ^~~~~~~~~~~~~~
[94.642s] [ 91%] [32m[1mLinking CXX executable stereo[0m
[94.743s] /usr/bin/ld: CMakeFiles/stereo.dir/src/stereo/stereo-slam-node.cpp.o: undefined reference to symbol '_ZN2cv23initUndistortRectifyMapERKNS_11_InputArrayES2_S2_S2_NS_5Size_IiEEiRKNS_12_OutputArrayES7_'
[94.743s] /usr/bin/ld: /lib/x86_64-linux-gnu/libopencv_calib3d.so.4.5d: error adding symbols: DSO missing from command line
[94.745s] collect2: error: ld returned 1 exit status
[94.748s] gmake[2]: *** [CMakeFiles/stereo.dir/build.make:218：stereo] 错误 1
[94.748s] gmake[1]: *** [CMakeFiles/Makefile2:195：CMakeFiles/stereo.dir/all] 错误 2
[94.748s] gmake[1]: *** 正在等待未完成的任务....
[96.416s] [100%] [32m[1mLinking CXX executable stereo-inertial[0m
[96.517s] /usr/bin/ld: CMakeFiles/stereo-inertial.dir/src/stereo-inertial/stereo-inertial-node.cpp.o: undefined reference to symbol '_ZN2cv23initUndistortRectifyMapERKNS_11_InputArrayES2_S2_S2_NS_5Size_IiEEiRKNS_12_OutputArrayES7_'
[96.517s] /usr/bin/ld: /lib/x86_64-linux-gnu/libopencv_calib3d.so.4.5d: error adding symbols: DSO missing from command line
[96.519s] collect2: error: ld returned 1 exit status
[96.520s] gmake[2]: *** [CMakeFiles/stereo-inertial.dir/build.make:217：stereo-inertial] 错误 1
[96.520s] gmake[1]: *** [CMakeFiles/Makefile2:221：CMakeFiles/stereo-inertial.dir/all] 错误 2
[96.520s] gmake: *** [Makefile:146：all] 错误 2
[150.116s] Invoked command in '/home/j/colcon_ws/build/orbslam3' returned '2': CMAKE_PREFIX_PATH=${CMAKE_PREFIX_PATH}:/opt/ros/humble /usr/bin/cmake --build /home/j/colcon_ws/build/orbslam3
