-- Found ament_cmake: 1.3.14 (/opt/ros/humble/share/ament_cmake/cmake)
-- Override CMake install command with custom implementation using symlinks instead of copying resources
-- Found rclcpp: 16.0.19 (/opt/ros/humble/share/rclcpp/cmake)
-- Found rosidl_generator_c: 3.1.8 (/opt/ros/humble/share/rosidl_generator_c/cmake)
-- Found rosidl_adapter: 3.1.8 (/opt/ros/humble/share/rosidl_adapter/cmake)
-- Found rosidl_generator_cpp: 3.1.8 (/opt/ros/humble/share/rosidl_generator_cpp/cmake)
-- Using all available rosidl_typesupport_c: rosidl_typesupport_fastrtps_c;rosidl_typesupport_introspection_c
-- Using all available rosidl_typesupport_cpp: rosidl_typesupport_fastrtps_cpp;rosidl_typesupport_introspection_cpp
-- Found rmw_implementation_cmake: 6.1.2 (/opt/ros/humble/share/rmw_implementation_cmake/cmake)
-- Found rmw_fastrtps_cpp: 6.2.10 (/opt/ros/humble/share/rmw_fastrtps_cpp/cmake)
-- Using RMW implementation 'rmw_fastrtps_cpp' as default
-- Found sensor_msgs: 4.9.1 (/opt/ros/humble/share/sensor_msgs/cmake)
-- Found cv_bridge: 3.2.1 (/opt/ros/humble/share/cv_bridge/cmake)
-- Found message_filters: 4.3.16 (/opt/ros/humble/share/message_filters/cmake)
-- Configuring done
-- Generating done
-- Build files have been written to: /home/j/colcon_ws/build/orbslam3
Consolidate compiler generated dependencies of target rgbd
Consolidate compiler generated dependencies of target mono
Consolidate compiler generated dependencies of target stereo-inertial
Consolidate compiler generated dependencies of target stereo
[  8%] Building CXX object CMakeFiles/stereo.dir/src/stereo/stereo-slam-node.cpp.o
[ 16%] Building CXX object CMakeFiles/rgbd.dir/src/rgbd/rgbd-slam-node.cpp.o
[ 41%] Built target mono
[ 66%] Built target stereo-inertial
In file included from /home/j/colcon_ws/ORB_SLAM3/include/Frame.h:30,
                 from /home/j/colcon_ws/ORB_SLAM3/include/KeyFrame.h:28,
                 from /home/j/colcon_ws/ORB_SLAM3/include/MapPoint.h:23,
                 from /home/j/colcon_ws/ORB_SLAM3/include/FrameDrawer.h:24,
                 from /home/j/colcon_ws/ORB_SLAM3/include/Viewer.h:23,
                 from /home/j/colcon_ws/ORB_SLAM3/include/Tracking.h:26,
                 from /home/j/colcon_ws/ORB_SLAM3/include/System.h:31,
                 from /home/j/colcon_ws/src/orbslam3_ros2/src/stereo/stereo-slam-node.hpp:13,
                 from /home/j/colcon_ws/src/orbslam3_ros2/src/stereo/stereo-slam-node.cpp:1:
/home/j/colcon_ws/ORB_SLAM3/include/ImuTypes.h: In member function ‘void ORB_SLAM3::IMU::Preintegrated::printMeasurements() const’:
/home/j/colcon_ws/ORB_SLAM3/include/ImuTypes.h:204:23: warning: comparison of integer expressions of different signedness: ‘int’ and ‘std::vector<ORB_SLAM3::IMU::Preintegrated::integrable>::size_type’ {aka ‘long unsigned int’} [-Wsign-compare]
  204 |         for(int i=0; i<mvMeasurements.size(); i++){
      |                      ~^~~~~~~~~~~~~~~~~~~~~~
In file included from /home/j/colcon_ws/ORB_SLAM3/include/Frame.h:30,
                 from /home/j/colcon_ws/ORB_SLAM3/include/KeyFrame.h:28,
                 from /home/j/colcon_ws/ORB_SLAM3/include/MapPoint.h:23,
                 from /home/j/colcon_ws/ORB_SLAM3/include/FrameDrawer.h:24,
                 from /home/j/colcon_ws/ORB_SLAM3/include/Viewer.h:23,
                 from /home/j/colcon_ws/ORB_SLAM3/include/Tracking.h:26,
                 from /home/j/colcon_ws/ORB_SLAM3/include/System.h:31,
                 from /home/j/colcon_ws/src/orbslam3_ros2/src/rgbd/rgbd-slam-node.hpp:18,
                 from /home/j/colcon_ws/src/orbslam3_ros2/src/rgbd/rgbd-slam-node.cpp:1:
/home/j/colcon_ws/ORB_SLAM3/include/ImuTypes.h: In member function ‘void ORB_SLAM3::IMU::Preintegrated::printMeasurements() const’:
/home/j/colcon_ws/ORB_SLAM3/include/ImuTypes.h:204:23: warning: comparison of integer expressions of different signedness: ‘int’ and ‘std::vector<ORB_SLAM3::IMU::Preintegrated::integrable>::size_type’ {aka ‘long unsigned int’} [-Wsign-compare]
  204 |         for(int i=0; i<mvMeasurements.size(); i++){
      |                      ~^~~~~~~~~~~~~~~~~~~~~~
In file included from /home/j/colcon_ws/ORB_SLAM3/Thirdparty/g2o/g2o/types/types_six_dof_expmap.h:37,
                 from /home/j/colcon_ws/ORB_SLAM3/include/Converter.h:26,
                 from /home/j/colcon_ws/ORB_SLAM3/include/Frame.h:33,
                 from /home/j/colcon_ws/ORB_SLAM3/include/KeyFrame.h:28,
                 from /home/j/colcon_ws/ORB_SLAM3/include/MapPoint.h:23,
                 from /home/j/colcon_ws/ORB_SLAM3/include/FrameDrawer.h:24,
                 from /home/j/colcon_ws/ORB_SLAM3/include/Viewer.h:23,
                 from /home/j/colcon_ws/ORB_SLAM3/include/Tracking.h:26,
                 from /home/j/colcon_ws/ORB_SLAM3/include/System.h:31,
                 from /home/j/colcon_ws/src/orbslam3_ros2/src/stereo/stereo-slam-node.hpp:13,
                 from /home/j/colcon_ws/src/orbslam3_ros2/src/stereo/stereo-slam-node.cpp:1:
/home/j/colcon_ws/ORB_SLAM3/Thirdparty/g2o/g2o/types/../core/base_vertex.h: At global scope:
/home/j/colcon_ws/ORB_SLAM3/Thirdparty/g2o/g2o/types/../core/base_vertex.h:62:74: warning: ‘Eigen::AlignedBit’ is deprecated [-Wdeprecated-declarations]
   62 |     typedef Eigen::Map<Matrix<double, D, D>, Matrix<double,D,D>::Flags & AlignedBit ? Aligned : Unaligned >  HessianBlockType;
      |                                                                          ^~~~~~~~~~
In file included from /home/j/colcon_ws/ORB_SLAM3/Thirdparty/g2o/g2o/types/types_six_dof_expmap.h:37,
                 from /home/j/colcon_ws/ORB_SLAM3/include/Converter.h:26,
                 from /home/j/colcon_ws/ORB_SLAM3/include/Frame.h:33,
                 from /home/j/colcon_ws/ORB_SLAM3/include/KeyFrame.h:28,
                 from /home/j/colcon_ws/ORB_SLAM3/include/MapPoint.h:23,
                 from /home/j/colcon_ws/ORB_SLAM3/include/FrameDrawer.h:24,
                 from /home/j/colcon_ws/ORB_SLAM3/include/Viewer.h:23,
                 from /home/j/colcon_ws/ORB_SLAM3/include/Tracking.h:26,
                 from /home/j/colcon_ws/ORB_SLAM3/include/System.h:31,
                 from /home/j/colcon_ws/src/orbslam3_ros2/src/rgbd/rgbd-slam-node.hpp:18,
                 from /home/j/colcon_ws/src/orbslam3_ros2/src/rgbd/rgbd-slam-node.cpp:1:
/home/j/colcon_ws/ORB_SLAM3/Thirdparty/g2o/g2o/types/../core/base_vertex.h: At global scope:
/home/j/colcon_ws/ORB_SLAM3/Thirdparty/g2o/g2o/types/../core/base_vertex.h:62:74: warning: ‘Eigen::AlignedBit’ is deprecated [-Wdeprecated-declarations]
   62 |     typedef Eigen::Map<Matrix<double, D, D>, Matrix<double,D,D>::Flags & AlignedBit ? Aligned : Unaligned >  HessianBlockType;
      |                                                                          ^~~~~~~~~~
In file included from /usr/include/eigen3/Eigen/Core:161,
                 from /usr/include/eigen3/Eigen/LU:11,
                 from /home/j/colcon_ws/ORB_SLAM3/Thirdparty/Sophus/sophus/so2.hpp:12,
                 from /home/j/colcon_ws/ORB_SLAM3/Thirdparty/Sophus/sophus/se2.hpp:7,
                 from /home/j/colcon_ws/ORB_SLAM3/Thirdparty/Sophus/sophus/geometry.hpp:7,
                 from /home/j/colcon_ws/ORB_SLAM3/include/Frame.h:28,
                 from /home/j/colcon_ws/ORB_SLAM3/include/KeyFrame.h:28,
                 from /home/j/colcon_ws/ORB_SLAM3/include/MapPoint.h:23,
                 from /home/j/colcon_ws/ORB_SLAM3/include/FrameDrawer.h:24,
                 from /home/j/colcon_ws/ORB_SLAM3/include/Viewer.h:23,
                 from /home/j/colcon_ws/ORB_SLAM3/include/Tracking.h:26,
                 from /home/j/colcon_ws/ORB_SLAM3/include/System.h:31,
                 from /home/j/colcon_ws/src/orbslam3_ros2/src/rgbd/rgbd-slam-node.hpp:18,
                 from /home/j/colcon_ws/src/orbslam3_ros2/src/rgbd/rgbd-slam-node.cpp:1:
/usr/include/eigen3/Eigen/src/Core/util/Constants.h:167:37: note: declared here
  167 | EIGEN_DEPRECATED const unsigned int AlignedBit = 0x80;
      |                                     ^~~~~~~~~~
In file included from /usr/include/eigen3/Eigen/Core:161,
                 from /usr/include/eigen3/Eigen/LU:11,
                 from /home/j/colcon_ws/ORB_SLAM3/Thirdparty/Sophus/sophus/so2.hpp:12,
                 from /home/j/colcon_ws/ORB_SLAM3/Thirdparty/Sophus/sophus/se2.hpp:7,
                 from /home/j/colcon_ws/ORB_SLAM3/Thirdparty/Sophus/sophus/geometry.hpp:7,
                 from /home/j/colcon_ws/ORB_SLAM3/include/Frame.h:28,
                 from /home/j/colcon_ws/ORB_SLAM3/include/KeyFrame.h:28,
                 from /home/j/colcon_ws/ORB_SLAM3/include/MapPoint.h:23,
                 from /home/j/colcon_ws/ORB_SLAM3/include/FrameDrawer.h:24,
                 from /home/j/colcon_ws/ORB_SLAM3/include/Viewer.h:23,
                 from /home/j/colcon_ws/ORB_SLAM3/include/Tracking.h:26,
                 from /home/j/colcon_ws/ORB_SLAM3/include/System.h:31,
                 from /home/j/colcon_ws/src/orbslam3_ros2/src/stereo/stereo-slam-node.hpp:13,
                 from /home/j/colcon_ws/src/orbslam3_ros2/src/stereo/stereo-slam-node.cpp:1:
/usr/include/eigen3/Eigen/src/Core/util/Constants.h:167:37: note: declared here
  167 | EIGEN_DEPRECATED const unsigned int AlignedBit = 0x80;
      |                                     ^~~~~~~~~~
In file included from /home/j/colcon_ws/ORB_SLAM3/Thirdparty/g2o/g2o/types/types_six_dof_expmap.h:38,
                 from /home/j/colcon_ws/ORB_SLAM3/include/Converter.h:26,
                 from /home/j/colcon_ws/ORB_SLAM3/include/Frame.h:33,
                 from /home/j/colcon_ws/ORB_SLAM3/include/KeyFrame.h:28,
                 from /home/j/colcon_ws/ORB_SLAM3/include/MapPoint.h:23,
                 from /home/j/colcon_ws/ORB_SLAM3/include/FrameDrawer.h:24,
                 from /home/j/colcon_ws/ORB_SLAM3/include/Viewer.h:23,
                 from /home/j/colcon_ws/ORB_SLAM3/include/Tracking.h:26,
                 from /home/j/colcon_ws/ORB_SLAM3/include/System.h:31,
                 from /home/j/colcon_ws/src/orbslam3_ros2/src/stereo/stereo-slam-node.hpp:13,
                 from /home/j/colcon_ws/src/orbslam3_ros2/src/stereo/stereo-slam-node.cpp:1:
/home/j/colcon_ws/ORB_SLAM3/Thirdparty/g2o/g2o/types/../core/base_binary_edge.h:59:82: warning: ‘Eigen::AlignedBit’ is deprecated [-Wdeprecated-declarations]
   59 |       typedef Eigen::Map<Matrix<double, Di, Dj>, Matrix<double, Di, Dj>::Flags & AlignedBit ? Aligned : Unaligned > HessianBlockType;
      |                                                                                  ^~~~~~~~~~
In file included from /home/j/colcon_ws/ORB_SLAM3/Thirdparty/g2o/g2o/types/types_six_dof_expmap.h:38,
                 from /home/j/colcon_ws/ORB_SLAM3/include/Converter.h:26,
                 from /home/j/colcon_ws/ORB_SLAM3/include/Frame.h:33,
                 from /home/j/colcon_ws/ORB_SLAM3/include/KeyFrame.h:28,
                 from /home/j/colcon_ws/ORB_SLAM3/include/MapPoint.h:23,
                 from /home/j/colcon_ws/ORB_SLAM3/include/FrameDrawer.h:24,
                 from /home/j/colcon_ws/ORB_SLAM3/include/Viewer.h:23,
                 from /home/j/colcon_ws/ORB_SLAM3/include/Tracking.h:26,
                 from /home/j/colcon_ws/ORB_SLAM3/include/System.h:31,
                 from /home/j/colcon_ws/src/orbslam3_ros2/src/rgbd/rgbd-slam-node.hpp:18,
                 from /home/j/colcon_ws/src/orbslam3_ros2/src/rgbd/rgbd-slam-node.cpp:1:
/home/j/colcon_ws/ORB_SLAM3/Thirdparty/g2o/g2o/types/../core/base_binary_edge.h:59:82: warning: ‘Eigen::AlignedBit’ is deprecated [-Wdeprecated-declarations]
   59 |       typedef Eigen::Map<Matrix<double, Di, Dj>, Matrix<double, Di, Dj>::Flags & AlignedBit ? Aligned : Unaligned > HessianBlockType;
      |                                                                                  ^~~~~~~~~~
In file included from /usr/include/eigen3/Eigen/Core:161,
                 from /usr/include/eigen3/Eigen/LU:11,
                 from /home/j/colcon_ws/ORB_SLAM3/Thirdparty/Sophus/sophus/so2.hpp:12,
                 from /home/j/colcon_ws/ORB_SLAM3/Thirdparty/Sophus/sophus/se2.hpp:7,
                 from /home/j/colcon_ws/ORB_SLAM3/Thirdparty/Sophus/sophus/geometry.hpp:7,
                 from /home/j/colcon_ws/ORB_SLAM3/include/Frame.h:28,
                 from /home/j/colcon_ws/ORB_SLAM3/include/KeyFrame.h:28,
                 from /home/j/colcon_ws/ORB_SLAM3/include/MapPoint.h:23,
                 from /home/j/colcon_ws/ORB_SLAM3/include/FrameDrawer.h:24,
                 from /home/j/colcon_ws/ORB_SLAM3/include/Viewer.h:23,
                 from /home/j/colcon_ws/ORB_SLAM3/include/Tracking.h:26,
                 from /home/j/colcon_ws/ORB_SLAM3/include/System.h:31,
                 from /home/j/colcon_ws/src/orbslam3_ros2/src/stereo/stereo-slam-node.hpp:13,
                 from /home/j/colcon_ws/src/orbslam3_ros2/src/stereo/stereo-slam-node.cpp:1:
/usr/include/eigen3/Eigen/src/Core/util/Constants.h:167:37: note: declared here
  167 | EIGEN_DEPRECATED const unsigned int AlignedBit = 0x80;
      |                                     ^~~~~~~~~~
In file included from /usr/include/eigen3/Eigen/Core:161,
                 from /usr/include/eigen3/Eigen/LU:11,
                 from /home/j/colcon_ws/ORB_SLAM3/Thirdparty/Sophus/sophus/so2.hpp:12,
                 from /home/j/colcon_ws/ORB_SLAM3/Thirdparty/Sophus/sophus/se2.hpp:7,
                 from /home/j/colcon_ws/ORB_SLAM3/Thirdparty/Sophus/sophus/geometry.hpp:7,
                 from /home/j/colcon_ws/ORB_SLAM3/include/Frame.h:28,
                 from /home/j/colcon_ws/ORB_SLAM3/include/KeyFrame.h:28,
                 from /home/j/colcon_ws/ORB_SLAM3/include/MapPoint.h:23,
                 from /home/j/colcon_ws/ORB_SLAM3/include/FrameDrawer.h:24,
                 from /home/j/colcon_ws/ORB_SLAM3/include/Viewer.h:23,
                 from /home/j/colcon_ws/ORB_SLAM3/include/Tracking.h:26,
                 from /home/j/colcon_ws/ORB_SLAM3/include/System.h:31,
                 from /home/j/colcon_ws/src/orbslam3_ros2/src/rgbd/rgbd-slam-node.hpp:18,
                 from /home/j/colcon_ws/src/orbslam3_ros2/src/rgbd/rgbd-slam-node.cpp:1:
/usr/include/eigen3/Eigen/src/Core/util/Constants.h:167:37: note: declared here
  167 | EIGEN_DEPRECATED const unsigned int AlignedBit = 0x80;
      |                                     ^~~~~~~~~~
In file included from /home/j/colcon_ws/ORB_SLAM3/Thirdparty/g2o/g2o/types/types_six_dof_expmap.h:38,
                 from /home/j/colcon_ws/ORB_SLAM3/include/Converter.h:26,
                 from /home/j/colcon_ws/ORB_SLAM3/include/Frame.h:33,
                 from /home/j/colcon_ws/ORB_SLAM3/include/KeyFrame.h:28,
                 from /home/j/colcon_ws/ORB_SLAM3/include/MapPoint.h:23,
                 from /home/j/colcon_ws/ORB_SLAM3/include/FrameDrawer.h:24,
                 from /home/j/colcon_ws/ORB_SLAM3/include/Viewer.h:23,
                 from /home/j/colcon_ws/ORB_SLAM3/include/Tracking.h:26,
                 from /home/j/colcon_ws/ORB_SLAM3/include/System.h:31,
                 from /home/j/colcon_ws/src/orbslam3_ros2/src/stereo/stereo-slam-node.hpp:13,
                 from /home/j/colcon_ws/src/orbslam3_ros2/src/stereo/stereo-slam-node.cpp:1:
/home/j/colcon_ws/ORB_SLAM3/Thirdparty/g2o/g2o/types/../core/base_binary_edge.h:60:82: warning: ‘Eigen::AlignedBit’ is deprecated [-Wdeprecated-declarations]
   60 |       typedef Eigen::Map<Matrix<double, Dj, Di>, Matrix<double, Dj, Di>::Flags & AlignedBit ? Aligned : Unaligned > HessianBlockTransposedType;
      |                                                                                  ^~~~~~~~~~
In file included from /home/j/colcon_ws/ORB_SLAM3/Thirdparty/g2o/g2o/types/types_six_dof_expmap.h:38,
                 from /home/j/colcon_ws/ORB_SLAM3/include/Converter.h:26,
                 from /home/j/colcon_ws/ORB_SLAM3/include/Frame.h:33,
                 from /home/j/colcon_ws/ORB_SLAM3/include/KeyFrame.h:28,
                 from /home/j/colcon_ws/ORB_SLAM3/include/MapPoint.h:23,
                 from /home/j/colcon_ws/ORB_SLAM3/include/FrameDrawer.h:24,
                 from /home/j/colcon_ws/ORB_SLAM3/include/Viewer.h:23,
                 from /home/j/colcon_ws/ORB_SLAM3/include/Tracking.h:26,
                 from /home/j/colcon_ws/ORB_SLAM3/include/System.h:31,
                 from /home/j/colcon_ws/src/orbslam3_ros2/src/rgbd/rgbd-slam-node.hpp:18,
                 from /home/j/colcon_ws/src/orbslam3_ros2/src/rgbd/rgbd-slam-node.cpp:1:
/home/j/colcon_ws/ORB_SLAM3/Thirdparty/g2o/g2o/types/../core/base_binary_edge.h:60:82: warning: ‘Eigen::AlignedBit’ is deprecated [-Wdeprecated-declarations]
   60 |       typedef Eigen::Map<Matrix<double, Dj, Di>, Matrix<double, Dj, Di>::Flags & AlignedBit ? Aligned : Unaligned > HessianBlockTransposedType;
      |                                                                                  ^~~~~~~~~~
In file included from /usr/include/eigen3/Eigen/Core:161,
                 from /usr/include/eigen3/Eigen/LU:11,
                 from /home/j/colcon_ws/ORB_SLAM3/Thirdparty/Sophus/sophus/so2.hpp:12,
                 from /home/j/colcon_ws/ORB_SLAM3/Thirdparty/Sophus/sophus/se2.hpp:7,
                 from /home/j/colcon_ws/ORB_SLAM3/Thirdparty/Sophus/sophus/geometry.hpp:7,
                 from /home/j/colcon_ws/ORB_SLAM3/include/Frame.h:28,
                 from /home/j/colcon_ws/ORB_SLAM3/include/KeyFrame.h:28,
                 from /home/j/colcon_ws/ORB_SLAM3/include/MapPoint.h:23,
                 from /home/j/colcon_ws/ORB_SLAM3/include/FrameDrawer.h:24,
                 from /home/j/colcon_ws/ORB_SLAM3/include/Viewer.h:23,
                 from /home/j/colcon_ws/ORB_SLAM3/include/Tracking.h:26,
                 from /home/j/colcon_ws/ORB_SLAM3/include/System.h:31,
                 from /home/j/colcon_ws/src/orbslam3_ros2/src/stereo/stereo-slam-node.hpp:13,
                 from /home/j/colcon_ws/src/orbslam3_ros2/src/stereo/stereo-slam-node.cpp:1:
/usr/include/eigen3/Eigen/src/Core/util/Constants.h:167:37: note: declared here
  167 | EIGEN_DEPRECATED const unsigned int AlignedBit = 0x80;
      |                                     ^~~~~~~~~~
In file included from /usr/include/eigen3/Eigen/Core:161,
                 from /usr/include/eigen3/Eigen/LU:11,
                 from /home/j/colcon_ws/ORB_SLAM3/Thirdparty/Sophus/sophus/so2.hpp:12,
                 from /home/j/colcon_ws/ORB_SLAM3/Thirdparty/Sophus/sophus/se2.hpp:7,
                 from /home/j/colcon_ws/ORB_SLAM3/Thirdparty/Sophus/sophus/geometry.hpp:7,
                 from /home/j/colcon_ws/ORB_SLAM3/include/Frame.h:28,
                 from /home/j/colcon_ws/ORB_SLAM3/include/KeyFrame.h:28,
                 from /home/j/colcon_ws/ORB_SLAM3/include/MapPoint.h:23,
                 from /home/j/colcon_ws/ORB_SLAM3/include/FrameDrawer.h:24,
                 from /home/j/colcon_ws/ORB_SLAM3/include/Viewer.h:23,
                 from /home/j/colcon_ws/ORB_SLAM3/include/Tracking.h:26,
                 from /home/j/colcon_ws/ORB_SLAM3/include/System.h:31,
                 from /home/j/colcon_ws/src/orbslam3_ros2/src/rgbd/rgbd-slam-node.hpp:18,
                 from /home/j/colcon_ws/src/orbslam3_ros2/src/rgbd/rgbd-slam-node.cpp:1:
/usr/include/eigen3/Eigen/src/Core/util/Constants.h:167:37: note: declared here
  167 | EIGEN_DEPRECATED const unsigned int AlignedBit = 0x80;
      |                                     ^~~~~~~~~~
In file included from /home/j/colcon_ws/ORB_SLAM3/Thirdparty/g2o/g2o/types/types_six_dof_expmap.h:41,
                 from /home/j/colcon_ws/ORB_SLAM3/include/Converter.h:26,
                 from /home/j/colcon_ws/ORB_SLAM3/include/Frame.h:33,
                 from /home/j/colcon_ws/ORB_SLAM3/include/KeyFrame.h:28,
                 from /home/j/colcon_ws/ORB_SLAM3/include/MapPoint.h:23,
                 from /home/j/colcon_ws/ORB_SLAM3/include/FrameDrawer.h:24,
                 from /home/j/colcon_ws/ORB_SLAM3/include/Viewer.h:23,
                 from /home/j/colcon_ws/ORB_SLAM3/include/Tracking.h:26,
                 from /home/j/colcon_ws/ORB_SLAM3/include/System.h:31,
                 from /home/j/colcon_ws/src/orbslam3_ros2/src/rgbd/rgbd-slam-node.hpp:18,
                 from /home/j/colcon_ws/src/orbslam3_ros2/src/rgbd/rgbd-slam-node.cpp:1:
/home/j/colcon_ws/ORB_SLAM3/Thirdparty/g2o/g2o/types/se3quat.h:43:38: warning: extra ‘;’ [-Wpedantic]
   43 |       EIGEN_MAKE_ALIGNED_OPERATOR_NEW;
      |                                      ^
      |                                      -
In file included from /home/j/colcon_ws/ORB_SLAM3/Thirdparty/g2o/g2o/types/types_six_dof_expmap.h:41,
                 from /home/j/colcon_ws/ORB_SLAM3/include/Converter.h:26,
                 from /home/j/colcon_ws/ORB_SLAM3/include/Frame.h:33,
                 from /home/j/colcon_ws/ORB_SLAM3/include/KeyFrame.h:28,
                 from /home/j/colcon_ws/ORB_SLAM3/include/MapPoint.h:23,
                 from /home/j/colcon_ws/ORB_SLAM3/include/FrameDrawer.h:24,
                 from /home/j/colcon_ws/ORB_SLAM3/include/Viewer.h:23,
                 from /home/j/colcon_ws/ORB_SLAM3/include/Tracking.h:26,
                 from /home/j/colcon_ws/ORB_SLAM3/include/System.h:31,
                 from /home/j/colcon_ws/src/orbslam3_ros2/src/stereo/stereo-slam-node.hpp:13,
                 from /home/j/colcon_ws/src/orbslam3_ros2/src/stereo/stereo-slam-node.cpp:1:
/home/j/colcon_ws/ORB_SLAM3/Thirdparty/g2o/g2o/types/se3quat.h:43:38: warning: extra ‘;’ [-Wpedantic]
   43 |       EIGEN_MAKE_ALIGNED_OPERATOR_NEW;
      |                                      ^
      |                                      -
In file included from /home/j/colcon_ws/ORB_SLAM3/Thirdparty/g2o/g2o/types/types_six_dof_expmap.h:37,
                 from /home/j/colcon_ws/ORB_SLAM3/include/Converter.h:26,
                 from /home/j/colcon_ws/ORB_SLAM3/include/Frame.h:33,
                 from /home/j/colcon_ws/ORB_SLAM3/include/KeyFrame.h:28,
                 from /home/j/colcon_ws/ORB_SLAM3/include/MapPoint.h:23,
                 from /home/j/colcon_ws/ORB_SLAM3/include/FrameDrawer.h:24,
                 from /home/j/colcon_ws/ORB_SLAM3/include/Viewer.h:23,
                 from /home/j/colcon_ws/ORB_SLAM3/include/Tracking.h:26,
                 from /home/j/colcon_ws/ORB_SLAM3/include/System.h:31,
                 from /home/j/colcon_ws/src/orbslam3_ros2/src/stereo/stereo-slam-node.hpp:13,
                 from /home/j/colcon_ws/src/orbslam3_ros2/src/stereo/stereo-slam-node.cpp:1:
/home/j/colcon_ws/ORB_SLAM3/Thirdparty/g2o/g2o/types/../core/base_vertex.h: In instantiation of ‘class g2o::BaseVertex<3, Eigen::Matrix<double, 3, 1> >’:
/home/j/colcon_ws/ORB_SLAM3/Thirdparty/g2o/g2o/types/types_sba.h:40:35:   required from here
/home/j/colcon_ws/ORB_SLAM3/Thirdparty/g2o/g2o/types/../core/base_vertex.h:62:72: warning: ‘Eigen::AlignedBit’ is deprecated [-Wdeprecated-declarations]
   62 |     typedef Eigen::Map<Matrix<double, D, D>, Matrix<double,D,D>::Flags & AlignedBit ? Aligned : Unaligned >  HessianBlockType;
      |                                                                  ~~~~~~^~~~~~~~~~~~
In file included from /usr/include/eigen3/Eigen/Core:161,
                 from /usr/include/eigen3/Eigen/LU:11,
                 from /home/j/colcon_ws/ORB_SLAM3/Thirdparty/Sophus/sophus/so2.hpp:12,
                 from /home/j/colcon_ws/ORB_SLAM3/Thirdparty/Sophus/sophus/se2.hpp:7,
                 from /home/j/colcon_ws/ORB_SLAM3/Thirdparty/Sophus/sophus/geometry.hpp:7,
                 from /home/j/colcon_ws/ORB_SLAM3/include/Frame.h:28,
                 from /home/j/colcon_ws/ORB_SLAM3/include/KeyFrame.h:28,
                 from /home/j/colcon_ws/ORB_SLAM3/include/MapPoint.h:23,
                 from /home/j/colcon_ws/ORB_SLAM3/include/FrameDrawer.h:24,
                 from /home/j/colcon_ws/ORB_SLAM3/include/Viewer.h:23,
                 from /home/j/colcon_ws/ORB_SLAM3/include/Tracking.h:26,
                 from /home/j/colcon_ws/ORB_SLAM3/include/System.h:31,
                 from /home/j/colcon_ws/src/orbslam3_ros2/src/stereo/stereo-slam-node.hpp:13,
                 from /home/j/colcon_ws/src/orbslam3_ros2/src/stereo/stereo-slam-node.cpp:1:
/usr/include/eigen3/Eigen/src/Core/util/Constants.h:167:37: note: declared here
  167 | EIGEN_DEPRECATED const unsigned int AlignedBit = 0x80;
      |                                     ^~~~~~~~~~
In file included from /home/j/colcon_ws/ORB_SLAM3/Thirdparty/g2o/g2o/types/types_six_dof_expmap.h:37,
                 from /home/j/colcon_ws/ORB_SLAM3/include/Converter.h:26,
                 from /home/j/colcon_ws/ORB_SLAM3/include/Frame.h:33,
                 from /home/j/colcon_ws/ORB_SLAM3/include/KeyFrame.h:28,
                 from /home/j/colcon_ws/ORB_SLAM3/include/MapPoint.h:23,
                 from /home/j/colcon_ws/ORB_SLAM3/include/FrameDrawer.h:24,
                 from /home/j/colcon_ws/ORB_SLAM3/include/Viewer.h:23,
                 from /home/j/colcon_ws/ORB_SLAM3/include/Tracking.h:26,
                 from /home/j/colcon_ws/ORB_SLAM3/include/System.h:31,
                 from /home/j/colcon_ws/src/orbslam3_ros2/src/rgbd/rgbd-slam-node.hpp:18,
                 from /home/j/colcon_ws/src/orbslam3_ros2/src/rgbd/rgbd-slam-node.cpp:1:
/home/j/colcon_ws/ORB_SLAM3/Thirdparty/g2o/g2o/types/../core/base_vertex.h: In instantiation of ‘class g2o::BaseVertex<3, Eigen::Matrix<double, 3, 1> >’:
/home/j/colcon_ws/ORB_SLAM3/Thirdparty/g2o/g2o/types/types_sba.h:40:35:   required from here
/home/j/colcon_ws/ORB_SLAM3/Thirdparty/g2o/g2o/types/../core/base_vertex.h:62:72: warning: ‘Eigen::AlignedBit’ is deprecated [-Wdeprecated-declarations]
   62 |     typedef Eigen::Map<Matrix<double, D, D>, Matrix<double,D,D>::Flags & AlignedBit ? Aligned : Unaligned >  HessianBlockType;
      |                                                                  ~~~~~~^~~~~~~~~~~~
In file included from /usr/include/eigen3/Eigen/Core:161,
                 from /usr/include/eigen3/Eigen/LU:11,
                 from /home/j/colcon_ws/ORB_SLAM3/Thirdparty/Sophus/sophus/so2.hpp:12,
                 from /home/j/colcon_ws/ORB_SLAM3/Thirdparty/Sophus/sophus/se2.hpp:7,
                 from /home/j/colcon_ws/ORB_SLAM3/Thirdparty/Sophus/sophus/geometry.hpp:7,
                 from /home/j/colcon_ws/ORB_SLAM3/include/Frame.h:28,
                 from /home/j/colcon_ws/ORB_SLAM3/include/KeyFrame.h:28,
                 from /home/j/colcon_ws/ORB_SLAM3/include/MapPoint.h:23,
                 from /home/j/colcon_ws/ORB_SLAM3/include/FrameDrawer.h:24,
                 from /home/j/colcon_ws/ORB_SLAM3/include/Viewer.h:23,
                 from /home/j/colcon_ws/ORB_SLAM3/include/Tracking.h:26,
                 from /home/j/colcon_ws/ORB_SLAM3/include/System.h:31,
                 from /home/j/colcon_ws/src/orbslam3_ros2/src/rgbd/rgbd-slam-node.hpp:18,
                 from /home/j/colcon_ws/src/orbslam3_ros2/src/rgbd/rgbd-slam-node.cpp:1:
/usr/include/eigen3/Eigen/src/Core/util/Constants.h:167:37: note: declared here
  167 | EIGEN_DEPRECATED const unsigned int AlignedBit = 0x80;
      |                                     ^~~~~~~~~~
In file included from /home/j/colcon_ws/ORB_SLAM3/Thirdparty/g2o/g2o/types/types_six_dof_expmap.h:37,
                 from /home/j/colcon_ws/ORB_SLAM3/include/Converter.h:26,
                 from /home/j/colcon_ws/ORB_SLAM3/include/Frame.h:33,
                 from /home/j/colcon_ws/ORB_SLAM3/include/KeyFrame.h:28,
                 from /home/j/colcon_ws/ORB_SLAM3/include/MapPoint.h:23,
                 from /home/j/colcon_ws/ORB_SLAM3/include/FrameDrawer.h:24,
                 from /home/j/colcon_ws/ORB_SLAM3/include/Viewer.h:23,
                 from /home/j/colcon_ws/ORB_SLAM3/include/Tracking.h:26,
                 from /home/j/colcon_ws/ORB_SLAM3/include/System.h:31,
                 from /home/j/colcon_ws/src/orbslam3_ros2/src/stereo/stereo-slam-node.hpp:13,
                 from /home/j/colcon_ws/src/orbslam3_ros2/src/stereo/stereo-slam-node.cpp:1:
/home/j/colcon_ws/ORB_SLAM3/Thirdparty/g2o/g2o/types/../core/base_vertex.h: In instantiation of ‘class g2o::BaseVertex<6, g2o::SE3Quat>’:
/home/j/colcon_ws/ORB_SLAM3/Thirdparty/g2o/g2o/types/types_six_dof_expmap.h:59:33:   required from here
/home/j/colcon_ws/ORB_SLAM3/Thirdparty/g2o/g2o/types/../core/base_vertex.h:62:72: warning: ‘Eigen::AlignedBit’ is deprecated [-Wdeprecated-declarations]
   62 |     typedef Eigen::Map<Matrix<double, D, D>, Matrix<double,D,D>::Flags & AlignedBit ? Aligned : Unaligned >  HessianBlockType;
      |                                                                  ~~~~~~^~~~~~~~~~~~
In file included from /usr/include/eigen3/Eigen/Core:161,
                 from /usr/include/eigen3/Eigen/LU:11,
                 from /home/j/colcon_ws/ORB_SLAM3/Thirdparty/Sophus/sophus/so2.hpp:12,
                 from /home/j/colcon_ws/ORB_SLAM3/Thirdparty/Sophus/sophus/se2.hpp:7,
                 from /home/j/colcon_ws/ORB_SLAM3/Thirdparty/Sophus/sophus/geometry.hpp:7,
                 from /home/j/colcon_ws/ORB_SLAM3/include/Frame.h:28,
                 from /home/j/colcon_ws/ORB_SLAM3/include/KeyFrame.h:28,
                 from /home/j/colcon_ws/ORB_SLAM3/include/MapPoint.h:23,
                 from /home/j/colcon_ws/ORB_SLAM3/include/FrameDrawer.h:24,
                 from /home/j/colcon_ws/ORB_SLAM3/include/Viewer.h:23,
                 from /home/j/colcon_ws/ORB_SLAM3/include/Tracking.h:26,
                 from /home/j/colcon_ws/ORB_SLAM3/include/System.h:31,
                 from /home/j/colcon_ws/src/orbslam3_ros2/src/stereo/stereo-slam-node.hpp:13,
                 from /home/j/colcon_ws/src/orbslam3_ros2/src/stereo/stereo-slam-node.cpp:1:
/usr/include/eigen3/Eigen/src/Core/util/Constants.h:167:37: note: declared here
  167 | EIGEN_DEPRECATED const unsigned int AlignedBit = 0x80;
      |                                     ^~~~~~~~~~
In file included from /home/j/colcon_ws/ORB_SLAM3/Thirdparty/g2o/g2o/types/types_six_dof_expmap.h:37,
                 from /home/j/colcon_ws/ORB_SLAM3/include/Converter.h:26,
                 from /home/j/colcon_ws/ORB_SLAM3/include/Frame.h:33,
                 from /home/j/colcon_ws/ORB_SLAM3/include/KeyFrame.h:28,
                 from /home/j/colcon_ws/ORB_SLAM3/include/MapPoint.h:23,
                 from /home/j/colcon_ws/ORB_SLAM3/include/FrameDrawer.h:24,
                 from /home/j/colcon_ws/ORB_SLAM3/include/Viewer.h:23,
                 from /home/j/colcon_ws/ORB_SLAM3/include/Tracking.h:26,
                 from /home/j/colcon_ws/ORB_SLAM3/include/System.h:31,
                 from /home/j/colcon_ws/src/orbslam3_ros2/src/rgbd/rgbd-slam-node.hpp:18,
                 from /home/j/colcon_ws/src/orbslam3_ros2/src/rgbd/rgbd-slam-node.cpp:1:
/home/j/colcon_ws/ORB_SLAM3/Thirdparty/g2o/g2o/types/../core/base_vertex.h: In instantiation of ‘class g2o::BaseVertex<6, g2o::SE3Quat>’:
/home/j/colcon_ws/ORB_SLAM3/Thirdparty/g2o/g2o/types/types_six_dof_expmap.h:59:33:   required from here
/home/j/colcon_ws/ORB_SLAM3/Thirdparty/g2o/g2o/types/../core/base_vertex.h:62:72: warning: ‘Eigen::AlignedBit’ is deprecated [-Wdeprecated-declarations]
   62 |     typedef Eigen::Map<Matrix<double, D, D>, Matrix<double,D,D>::Flags & AlignedBit ? Aligned : Unaligned >  HessianBlockType;
      |                                                                  ~~~~~~^~~~~~~~~~~~
In file included from /usr/include/eigen3/Eigen/Core:161,
                 from /usr/include/eigen3/Eigen/LU:11,
                 from /home/j/colcon_ws/ORB_SLAM3/Thirdparty/Sophus/sophus/so2.hpp:12,
                 from /home/j/colcon_ws/ORB_SLAM3/Thirdparty/Sophus/sophus/se2.hpp:7,
                 from /home/j/colcon_ws/ORB_SLAM3/Thirdparty/Sophus/sophus/geometry.hpp:7,
                 from /home/j/colcon_ws/ORB_SLAM3/include/Frame.h:28,
                 from /home/j/colcon_ws/ORB_SLAM3/include/KeyFrame.h:28,
                 from /home/j/colcon_ws/ORB_SLAM3/include/MapPoint.h:23,
                 from /home/j/colcon_ws/ORB_SLAM3/include/FrameDrawer.h:24,
                 from /home/j/colcon_ws/ORB_SLAM3/include/Viewer.h:23,
                 from /home/j/colcon_ws/ORB_SLAM3/include/Tracking.h:26,
                 from /home/j/colcon_ws/ORB_SLAM3/include/System.h:31,
                 from /home/j/colcon_ws/src/orbslam3_ros2/src/rgbd/rgbd-slam-node.hpp:18,
                 from /home/j/colcon_ws/src/orbslam3_ros2/src/rgbd/rgbd-slam-node.cpp:1:
/usr/include/eigen3/Eigen/src/Core/util/Constants.h:167:37: note: declared here
  167 | EIGEN_DEPRECATED const unsigned int AlignedBit = 0x80;
      |                                     ^~~~~~~~~~
In file included from /home/j/colcon_ws/ORB_SLAM3/Thirdparty/g2o/g2o/types/types_six_dof_expmap.h:38,
                 from /home/j/colcon_ws/ORB_SLAM3/include/Converter.h:26,
                 from /home/j/colcon_ws/ORB_SLAM3/include/Frame.h:33,
                 from /home/j/colcon_ws/ORB_SLAM3/include/KeyFrame.h:28,
                 from /home/j/colcon_ws/ORB_SLAM3/include/MapPoint.h:23,
                 from /home/j/colcon_ws/ORB_SLAM3/include/FrameDrawer.h:24,
                 from /home/j/colcon_ws/ORB_SLAM3/include/Viewer.h:23,
                 from /home/j/colcon_ws/ORB_SLAM3/include/Tracking.h:26,
                 from /home/j/colcon_ws/ORB_SLAM3/include/System.h:31,
                 from /home/j/colcon_ws/src/orbslam3_ros2/src/stereo/stereo-slam-node.hpp:13,
                 from /home/j/colcon_ws/src/orbslam3_ros2/src/stereo/stereo-slam-node.cpp:1:
/home/j/colcon_ws/ORB_SLAM3/Thirdparty/g2o/g2o/types/../core/base_binary_edge.h: In instantiation of ‘class g2o::BaseBinaryEdge<6, g2o::SE3Quat, g2o::VertexSE3Expmap, g2o::VertexSE3Expmap>’:
/home/j/colcon_ws/ORB_SLAM3/Thirdparty/g2o/g2o/types/types_six_dof_expmap.h:83:24:   required from here
/home/j/colcon_ws/ORB_SLAM3/Thirdparty/g2o/g2o/types/../core/base_binary_edge.h:59:80: warning: ‘Eigen::AlignedBit’ is deprecated [-Wdeprecated-declarations]
   59 |       typedef Eigen::Map<Matrix<double, Di, Dj>, Matrix<double, Di, Dj>::Flags & AlignedBit ? Aligned : Unaligned > HessianBlockType;
      |                                                                          ~~~~~~^~~~~~~~~~~~
In file included from /usr/include/eigen3/Eigen/Core:161,
                 from /usr/include/eigen3/Eigen/LU:11,
                 from /home/j/colcon_ws/ORB_SLAM3/Thirdparty/Sophus/sophus/so2.hpp:12,
                 from /home/j/colcon_ws/ORB_SLAM3/Thirdparty/Sophus/sophus/se2.hpp:7,
                 from /home/j/colcon_ws/ORB_SLAM3/Thirdparty/Sophus/sophus/geometry.hpp:7,
                 from /home/j/colcon_ws/ORB_SLAM3/include/Frame.h:28,
                 from /home/j/colcon_ws/ORB_SLAM3/include/KeyFrame.h:28,
                 from /home/j/colcon_ws/ORB_SLAM3/include/MapPoint.h:23,
                 from /home/j/colcon_ws/ORB_SLAM3/include/FrameDrawer.h:24,
                 from /home/j/colcon_ws/ORB_SLAM3/include/Viewer.h:23,
                 from /home/j/colcon_ws/ORB_SLAM3/include/Tracking.h:26,
                 from /home/j/colcon_ws/ORB_SLAM3/include/System.h:31,
                 from /home/j/colcon_ws/src/orbslam3_ros2/src/stereo/stereo-slam-node.hpp:13,
                 from /home/j/colcon_ws/src/orbslam3_ros2/src/stereo/stereo-slam-node.cpp:1:
/usr/include/eigen3/Eigen/src/Core/util/Constants.h:167:37: note: declared here
  167 | EIGEN_DEPRECATED const unsigned int AlignedBit = 0x80;
      |                                     ^~~~~~~~~~
In file included from /home/j/colcon_ws/ORB_SLAM3/Thirdparty/g2o/g2o/types/types_six_dof_expmap.h:38,
                 from /home/j/colcon_ws/ORB_SLAM3/include/Converter.h:26,
                 from /home/j/colcon_ws/ORB_SLAM3/include/Frame.h:33,
                 from /home/j/colcon_ws/ORB_SLAM3/include/KeyFrame.h:28,
                 from /home/j/colcon_ws/ORB_SLAM3/include/MapPoint.h:23,
                 from /home/j/colcon_ws/ORB_SLAM3/include/FrameDrawer.h:24,
                 from /home/j/colcon_ws/ORB_SLAM3/include/Viewer.h:23,
                 from /home/j/colcon_ws/ORB_SLAM3/include/Tracking.h:26,
                 from /home/j/colcon_ws/ORB_SLAM3/include/System.h:31,
                 from /home/j/colcon_ws/src/orbslam3_ros2/src/stereo/stereo-slam-node.hpp:13,
                 from /home/j/colcon_ws/src/orbslam3_ros2/src/stereo/stereo-slam-node.cpp:1:
/home/j/colcon_ws/ORB_SLAM3/Thirdparty/g2o/g2o/types/../core/base_binary_edge.h:60:80: warning: ‘Eigen::AlignedBit’ is deprecated [-Wdeprecated-declarations]
   60 |       typedef Eigen::Map<Matrix<double, Dj, Di>, Matrix<double, Dj, Di>::Flags & AlignedBit ? Aligned : Unaligned > HessianBlockTransposedType;
      |                                                                          ~~~~~~^~~~~~~~~~~~
In file included from /usr/include/eigen3/Eigen/Core:161,
                 from /usr/include/eigen3/Eigen/LU:11,
                 from /home/j/colcon_ws/ORB_SLAM3/Thirdparty/Sophus/sophus/so2.hpp:12,
                 from /home/j/colcon_ws/ORB_SLAM3/Thirdparty/Sophus/sophus/se2.hpp:7,
                 from /home/j/colcon_ws/ORB_SLAM3/Thirdparty/Sophus/sophus/geometry.hpp:7,
                 from /home/j/colcon_ws/ORB_SLAM3/include/Frame.h:28,
                 from /home/j/colcon_ws/ORB_SLAM3/include/KeyFrame.h:28,
                 from /home/j/colcon_ws/ORB_SLAM3/include/MapPoint.h:23,
                 from /home/j/colcon_ws/ORB_SLAM3/include/FrameDrawer.h:24,
                 from /home/j/colcon_ws/ORB_SLAM3/include/Viewer.h:23,
                 from /home/j/colcon_ws/ORB_SLAM3/include/Tracking.h:26,
                 from /home/j/colcon_ws/ORB_SLAM3/include/System.h:31,
                 from /home/j/colcon_ws/src/orbslam3_ros2/src/stereo/stereo-slam-node.hpp:13,
                 from /home/j/colcon_ws/src/orbslam3_ros2/src/stereo/stereo-slam-node.cpp:1:
/usr/include/eigen3/Eigen/src/Core/util/Constants.h:167:37: note: declared here
  167 | EIGEN_DEPRECATED const unsigned int AlignedBit = 0x80;
      |                                     ^~~~~~~~~~
In file included from /home/j/colcon_ws/ORB_SLAM3/Thirdparty/g2o/g2o/types/types_six_dof_expmap.h:38,
                 from /home/j/colcon_ws/ORB_SLAM3/include/Converter.h:26,
                 from /home/j/colcon_ws/ORB_SLAM3/include/Frame.h:33,
                 from /home/j/colcon_ws/ORB_SLAM3/include/KeyFrame.h:28,
                 from /home/j/colcon_ws/ORB_SLAM3/include/MapPoint.h:23,
                 from /home/j/colcon_ws/ORB_SLAM3/include/FrameDrawer.h:24,
                 from /home/j/colcon_ws/ORB_SLAM3/include/Viewer.h:23,
                 from /home/j/colcon_ws/ORB_SLAM3/include/Tracking.h:26,
                 from /home/j/colcon_ws/ORB_SLAM3/include/System.h:31,
                 from /home/j/colcon_ws/src/orbslam3_ros2/src/rgbd/rgbd-slam-node.hpp:18,
                 from /home/j/colcon_ws/src/orbslam3_ros2/src/rgbd/rgbd-slam-node.cpp:1:
/home/j/colcon_ws/ORB_SLAM3/Thirdparty/g2o/g2o/types/../core/base_binary_edge.h: In instantiation of ‘class g2o::BaseBinaryEdge<6, g2o::SE3Quat, g2o::VertexSE3Expmap, g2o::VertexSE3Expmap>’:
/home/j/colcon_ws/ORB_SLAM3/Thirdparty/g2o/g2o/types/types_six_dof_expmap.h:83:24:   required from here
/home/j/colcon_ws/ORB_SLAM3/Thirdparty/g2o/g2o/types/../core/base_binary_edge.h:59:80: warning: ‘Eigen::AlignedBit’ is deprecated [-Wdeprecated-declarations]
   59 |       typedef Eigen::Map<Matrix<double, Di, Dj>, Matrix<double, Di, Dj>::Flags & AlignedBit ? Aligned : Unaligned > HessianBlockType;
      |                                                                          ~~~~~~^~~~~~~~~~~~
In file included from /usr/include/eigen3/Eigen/Core:161,
                 from /usr/include/eigen3/Eigen/LU:11,
                 from /home/j/colcon_ws/ORB_SLAM3/Thirdparty/Sophus/sophus/so2.hpp:12,
                 from /home/j/colcon_ws/ORB_SLAM3/Thirdparty/Sophus/sophus/se2.hpp:7,
                 from /home/j/colcon_ws/ORB_SLAM3/Thirdparty/Sophus/sophus/geometry.hpp:7,
                 from /home/j/colcon_ws/ORB_SLAM3/include/Frame.h:28,
                 from /home/j/colcon_ws/ORB_SLAM3/include/KeyFrame.h:28,
                 from /home/j/colcon_ws/ORB_SLAM3/include/MapPoint.h:23,
                 from /home/j/colcon_ws/ORB_SLAM3/include/FrameDrawer.h:24,
                 from /home/j/colcon_ws/ORB_SLAM3/include/Viewer.h:23,
                 from /home/j/colcon_ws/ORB_SLAM3/include/Tracking.h:26,
                 from /home/j/colcon_ws/ORB_SLAM3/include/System.h:31,
                 from /home/j/colcon_ws/src/orbslam3_ros2/src/rgbd/rgbd-slam-node.hpp:18,
                 from /home/j/colcon_ws/src/orbslam3_ros2/src/rgbd/rgbd-slam-node.cpp:1:
/usr/include/eigen3/Eigen/src/Core/util/Constants.h:167:37: note: declared here
  167 | EIGEN_DEPRECATED const unsigned int AlignedBit = 0x80;
      |                                     ^~~~~~~~~~
In file included from /home/j/colcon_ws/ORB_SLAM3/Thirdparty/g2o/g2o/types/types_six_dof_expmap.h:38,
                 from /home/j/colcon_ws/ORB_SLAM3/include/Converter.h:26,
                 from /home/j/colcon_ws/ORB_SLAM3/include/Frame.h:33,
                 from /home/j/colcon_ws/ORB_SLAM3/include/KeyFrame.h:28,
                 from /home/j/colcon_ws/ORB_SLAM3/include/MapPoint.h:23,
                 from /home/j/colcon_ws/ORB_SLAM3/include/FrameDrawer.h:24,
                 from /home/j/colcon_ws/ORB_SLAM3/include/Viewer.h:23,
                 from /home/j/colcon_ws/ORB_SLAM3/include/Tracking.h:26,
                 from /home/j/colcon_ws/ORB_SLAM3/include/System.h:31,
                 from /home/j/colcon_ws/src/orbslam3_ros2/src/rgbd/rgbd-slam-node.hpp:18,
                 from /home/j/colcon_ws/src/orbslam3_ros2/src/rgbd/rgbd-slam-node.cpp:1:
/home/j/colcon_ws/ORB_SLAM3/Thirdparty/g2o/g2o/types/../core/base_binary_edge.h:60:80: warning: ‘Eigen::AlignedBit’ is deprecated [-Wdeprecated-declarations]
   60 |       typedef Eigen::Map<Matrix<double, Dj, Di>, Matrix<double, Dj, Di>::Flags & AlignedBit ? Aligned : Unaligned > HessianBlockTransposedType;
      |                                                                          ~~~~~~^~~~~~~~~~~~
In file included from /usr/include/eigen3/Eigen/Core:161,
                 from /usr/include/eigen3/Eigen/LU:11,
                 from /home/j/colcon_ws/ORB_SLAM3/Thirdparty/Sophus/sophus/so2.hpp:12,
                 from /home/j/colcon_ws/ORB_SLAM3/Thirdparty/Sophus/sophus/se2.hpp:7,
                 from /home/j/colcon_ws/ORB_SLAM3/Thirdparty/Sophus/sophus/geometry.hpp:7,
                 from /home/j/colcon_ws/ORB_SLAM3/include/Frame.h:28,
                 from /home/j/colcon_ws/ORB_SLAM3/include/KeyFrame.h:28,
                 from /home/j/colcon_ws/ORB_SLAM3/include/MapPoint.h:23,
                 from /home/j/colcon_ws/ORB_SLAM3/include/FrameDrawer.h:24,
                 from /home/j/colcon_ws/ORB_SLAM3/include/Viewer.h:23,
                 from /home/j/colcon_ws/ORB_SLAM3/include/Tracking.h:26,
                 from /home/j/colcon_ws/ORB_SLAM3/include/System.h:31,
                 from /home/j/colcon_ws/src/orbslam3_ros2/src/rgbd/rgbd-slam-node.hpp:18,
                 from /home/j/colcon_ws/src/orbslam3_ros2/src/rgbd/rgbd-slam-node.cpp:1:
/usr/include/eigen3/Eigen/src/Core/util/Constants.h:167:37: note: declared here
  167 | EIGEN_DEPRECATED const unsigned int AlignedBit = 0x80;
      |                                     ^~~~~~~~~~
In file included from /home/j/colcon_ws/ORB_SLAM3/Thirdparty/g2o/g2o/types/types_six_dof_expmap.h:38,
                 from /home/j/colcon_ws/ORB_SLAM3/include/Converter.h:26,
                 from /home/j/colcon_ws/ORB_SLAM3/include/Frame.h:33,
                 from /home/j/colcon_ws/ORB_SLAM3/include/KeyFrame.h:28,
                 from /home/j/colcon_ws/ORB_SLAM3/include/MapPoint.h:23,
                 from /home/j/colcon_ws/ORB_SLAM3/include/FrameDrawer.h:24,
                 from /home/j/colcon_ws/ORB_SLAM3/include/Viewer.h:23,
                 from /home/j/colcon_ws/ORB_SLAM3/include/Tracking.h:26,
                 from /home/j/colcon_ws/ORB_SLAM3/include/System.h:31,
                 from /home/j/colcon_ws/src/orbslam3_ros2/src/stereo/stereo-slam-node.hpp:13,
                 from /home/j/colcon_ws/src/orbslam3_ros2/src/stereo/stereo-slam-node.cpp:1:
/home/j/colcon_ws/ORB_SLAM3/Thirdparty/g2o/g2o/types/../core/base_binary_edge.h: In instantiation of ‘class g2o::BaseBinaryEdge<2, Eigen::Matrix<double, 2, 1>, g2o::VertexSBAPointXYZ, g2o::VertexSE3Expmap>’:
/home/j/colcon_ws/ORB_SLAM3/Thirdparty/g2o/g2o/types/types_six_dof_expmap.h:114:35:   required from here
/home/j/colcon_ws/ORB_SLAM3/Thirdparty/g2o/g2o/types/../core/base_binary_edge.h:59:80: warning: ‘Eigen::AlignedBit’ is deprecated [-Wdeprecated-declarations]
   59 |       typedef Eigen::Map<Matrix<double, Di, Dj>, Matrix<double, Di, Dj>::Flags & AlignedBit ? Aligned : Unaligned > HessianBlockType;
      |                                                                          ~~~~~~^~~~~~~~~~~~
In file included from /usr/include/eigen3/Eigen/Core:161,
                 from /usr/include/eigen3/Eigen/LU:11,
                 from /home/j/colcon_ws/ORB_SLAM3/Thirdparty/Sophus/sophus/so2.hpp:12,
                 from /home/j/colcon_ws/ORB_SLAM3/Thirdparty/Sophus/sophus/se2.hpp:7,
                 from /home/j/colcon_ws/ORB_SLAM3/Thirdparty/Sophus/sophus/geometry.hpp:7,
                 from /home/j/colcon_ws/ORB_SLAM3/include/Frame.h:28,
                 from /home/j/colcon_ws/ORB_SLAM3/include/KeyFrame.h:28,
                 from /home/j/colcon_ws/ORB_SLAM3/include/MapPoint.h:23,
                 from /home/j/colcon_ws/ORB_SLAM3/include/FrameDrawer.h:24,
                 from /home/j/colcon_ws/ORB_SLAM3/include/Viewer.h:23,
                 from /home/j/colcon_ws/ORB_SLAM3/include/Tracking.h:26,
                 from /home/j/colcon_ws/ORB_SLAM3/include/System.h:31,
                 from /home/j/colcon_ws/src/orbslam3_ros2/src/stereo/stereo-slam-node.hpp:13,
                 from /home/j/colcon_ws/src/orbslam3_ros2/src/stereo/stereo-slam-node.cpp:1:
/usr/include/eigen3/Eigen/src/Core/util/Constants.h:167:37: note: declared here
  167 | EIGEN_DEPRECATED const unsigned int AlignedBit = 0x80;
      |                                     ^~~~~~~~~~
In file included from /home/j/colcon_ws/ORB_SLAM3/Thirdparty/g2o/g2o/types/types_six_dof_expmap.h:38,
                 from /home/j/colcon_ws/ORB_SLAM3/include/Converter.h:26,
                 from /home/j/colcon_ws/ORB_SLAM3/include/Frame.h:33,
                 from /home/j/colcon_ws/ORB_SLAM3/include/KeyFrame.h:28,
                 from /home/j/colcon_ws/ORB_SLAM3/include/MapPoint.h:23,
                 from /home/j/colcon_ws/ORB_SLAM3/include/FrameDrawer.h:24,
                 from /home/j/colcon_ws/ORB_SLAM3/include/Viewer.h:23,
                 from /home/j/colcon_ws/ORB_SLAM3/include/Tracking.h:26,
                 from /home/j/colcon_ws/ORB_SLAM3/include/System.h:31,
                 from /home/j/colcon_ws/src/orbslam3_ros2/src/rgbd/rgbd-slam-node.hpp:18,
                 from /home/j/colcon_ws/src/orbslam3_ros2/src/rgbd/rgbd-slam-node.cpp:1:
/home/j/colcon_ws/ORB_SLAM3/Thirdparty/g2o/g2o/types/../core/base_binary_edge.h: In instantiation of ‘class g2o::BaseBinaryEdge<2, Eigen::Matrix<double, 2, 1>, g2o::VertexSBAPointXYZ, g2o::VertexSE3Expmap>’:
/home/j/colcon_ws/ORB_SLAM3/Thirdparty/g2o/g2o/types/types_six_dof_expmap.h:114:35:   required from here
/home/j/colcon_ws/ORB_SLAM3/Thirdparty/g2o/g2o/types/../core/base_binary_edge.h:59:80: warning: ‘Eigen::AlignedBit’ is deprecated [-Wdeprecated-declarations]
   59 |       typedef Eigen::Map<Matrix<double, Di, Dj>, Matrix<double, Di, Dj>::Flags & AlignedBit ? Aligned : Unaligned > HessianBlockType;
      |                                                                          ~~~~~~^~~~~~~~~~~~
In file included from /usr/include/eigen3/Eigen/Core:161,
                 from /usr/include/eigen3/Eigen/LU:11,
                 from /home/j/colcon_ws/ORB_SLAM3/Thirdparty/Sophus/sophus/so2.hpp:12,
                 from /home/j/colcon_ws/ORB_SLAM3/Thirdparty/Sophus/sophus/se2.hpp:7,
                 from /home/j/colcon_ws/ORB_SLAM3/Thirdparty/Sophus/sophus/geometry.hpp:7,
                 from /home/j/colcon_ws/ORB_SLAM3/include/Frame.h:28,
                 from /home/j/colcon_ws/ORB_SLAM3/include/KeyFrame.h:28,
                 from /home/j/colcon_ws/ORB_SLAM3/include/MapPoint.h:23,
                 from /home/j/colcon_ws/ORB_SLAM3/include/FrameDrawer.h:24,
                 from /home/j/colcon_ws/ORB_SLAM3/include/Viewer.h:23,
                 from /home/j/colcon_ws/ORB_SLAM3/include/Tracking.h:26,
                 from /home/j/colcon_ws/ORB_SLAM3/include/System.h:31,
                 from /home/j/colcon_ws/src/orbslam3_ros2/src/rgbd/rgbd-slam-node.hpp:18,
                 from /home/j/colcon_ws/src/orbslam3_ros2/src/rgbd/rgbd-slam-node.cpp:1:
/usr/include/eigen3/Eigen/src/Core/util/Constants.h:167:37: note: declared here
  167 | EIGEN_DEPRECATED const unsigned int AlignedBit = 0x80;
      |                                     ^~~~~~~~~~
In file included from /home/j/colcon_ws/ORB_SLAM3/Thirdparty/g2o/g2o/types/types_six_dof_expmap.h:38,
                 from /home/j/colcon_ws/ORB_SLAM3/include/Converter.h:26,
                 from /home/j/colcon_ws/ORB_SLAM3/include/Frame.h:33,
                 from /home/j/colcon_ws/ORB_SLAM3/include/KeyFrame.h:28,
                 from /home/j/colcon_ws/ORB_SLAM3/include/MapPoint.h:23,
                 from /home/j/colcon_ws/ORB_SLAM3/include/FrameDrawer.h:24,
                 from /home/j/colcon_ws/ORB_SLAM3/include/Viewer.h:23,
                 from /home/j/colcon_ws/ORB_SLAM3/include/Tracking.h:26,
                 from /home/j/colcon_ws/ORB_SLAM3/include/System.h:31,
                 from /home/j/colcon_ws/src/orbslam3_ros2/src/stereo/stereo-slam-node.hpp:13,
                 from /home/j/colcon_ws/src/orbslam3_ros2/src/stereo/stereo-slam-node.cpp:1:
/home/j/colcon_ws/ORB_SLAM3/Thirdparty/g2o/g2o/types/../core/base_binary_edge.h:60:80: warning: ‘Eigen::AlignedBit’ is deprecated [-Wdeprecated-declarations]
   60 |       typedef Eigen::Map<Matrix<double, Dj, Di>, Matrix<double, Dj, Di>::Flags & AlignedBit ? Aligned : Unaligned > HessianBlockTransposedType;
      |                                                                          ~~~~~~^~~~~~~~~~~~
In file included from /usr/include/eigen3/Eigen/Core:161,
                 from /usr/include/eigen3/Eigen/LU:11,
                 from /home/j/colcon_ws/ORB_SLAM3/Thirdparty/Sophus/sophus/so2.hpp:12,
                 from /home/j/colcon_ws/ORB_SLAM3/Thirdparty/Sophus/sophus/se2.hpp:7,
                 from /home/j/colcon_ws/ORB_SLAM3/Thirdparty/Sophus/sophus/geometry.hpp:7,
                 from /home/j/colcon_ws/ORB_SLAM3/include/Frame.h:28,
                 from /home/j/colcon_ws/ORB_SLAM3/include/KeyFrame.h:28,
                 from /home/j/colcon_ws/ORB_SLAM3/include/MapPoint.h:23,
                 from /home/j/colcon_ws/ORB_SLAM3/include/FrameDrawer.h:24,
                 from /home/j/colcon_ws/ORB_SLAM3/include/Viewer.h:23,
                 from /home/j/colcon_ws/ORB_SLAM3/include/Tracking.h:26,
                 from /home/j/colcon_ws/ORB_SLAM3/include/System.h:31,
                 from /home/j/colcon_ws/src/orbslam3_ros2/src/stereo/stereo-slam-node.hpp:13,
                 from /home/j/colcon_ws/src/orbslam3_ros2/src/stereo/stereo-slam-node.cpp:1:
/usr/include/eigen3/Eigen/src/Core/util/Constants.h:167:37: note: declared here
  167 | EIGEN_DEPRECATED const unsigned int AlignedBit = 0x80;
      |                                     ^~~~~~~~~~
In file included from /home/j/colcon_ws/ORB_SLAM3/Thirdparty/g2o/g2o/types/types_six_dof_expmap.h:38,
                 from /home/j/colcon_ws/ORB_SLAM3/include/Converter.h:26,
                 from /home/j/colcon_ws/ORB_SLAM3/include/Frame.h:33,
                 from /home/j/colcon_ws/ORB_SLAM3/include/KeyFrame.h:28,
                 from /home/j/colcon_ws/ORB_SLAM3/include/MapPoint.h:23,
                 from /home/j/colcon_ws/ORB_SLAM3/include/FrameDrawer.h:24,
                 from /home/j/colcon_ws/ORB_SLAM3/include/Viewer.h:23,
                 from /home/j/colcon_ws/ORB_SLAM3/include/Tracking.h:26,
                 from /home/j/colcon_ws/ORB_SLAM3/include/System.h:31,
                 from /home/j/colcon_ws/src/orbslam3_ros2/src/rgbd/rgbd-slam-node.hpp:18,
                 from /home/j/colcon_ws/src/orbslam3_ros2/src/rgbd/rgbd-slam-node.cpp:1:
/home/j/colcon_ws/ORB_SLAM3/Thirdparty/g2o/g2o/types/../core/base_binary_edge.h:60:80: warning: ‘Eigen::AlignedBit’ is deprecated [-Wdeprecated-declarations]
   60 |       typedef Eigen::Map<Matrix<double, Dj, Di>, Matrix<double, Dj, Di>::Flags & AlignedBit ? Aligned : Unaligned > HessianBlockTransposedType;
      |                                                                          ~~~~~~^~~~~~~~~~~~
In file included from /usr/include/eigen3/Eigen/Core:161,
                 from /usr/include/eigen3/Eigen/LU:11,
                 from /home/j/colcon_ws/ORB_SLAM3/Thirdparty/Sophus/sophus/so2.hpp:12,
                 from /home/j/colcon_ws/ORB_SLAM3/Thirdparty/Sophus/sophus/se2.hpp:7,
                 from /home/j/colcon_ws/ORB_SLAM3/Thirdparty/Sophus/sophus/geometry.hpp:7,
                 from /home/j/colcon_ws/ORB_SLAM3/include/Frame.h:28,
                 from /home/j/colcon_ws/ORB_SLAM3/include/KeyFrame.h:28,
                 from /home/j/colcon_ws/ORB_SLAM3/include/MapPoint.h:23,
                 from /home/j/colcon_ws/ORB_SLAM3/include/FrameDrawer.h:24,
                 from /home/j/colcon_ws/ORB_SLAM3/include/Viewer.h:23,
                 from /home/j/colcon_ws/ORB_SLAM3/include/Tracking.h:26,
                 from /home/j/colcon_ws/ORB_SLAM3/include/System.h:31,
                 from /home/j/colcon_ws/src/orbslam3_ros2/src/rgbd/rgbd-slam-node.hpp:18,
                 from /home/j/colcon_ws/src/orbslam3_ros2/src/rgbd/rgbd-slam-node.cpp:1:
/usr/include/eigen3/Eigen/src/Core/util/Constants.h:167:37: note: declared here
  167 | EIGEN_DEPRECATED const unsigned int AlignedBit = 0x80;
      |                                     ^~~~~~~~~~
In file included from /home/j/colcon_ws/ORB_SLAM3/Thirdparty/g2o/g2o/types/types_six_dof_expmap.h:38,
                 from /home/j/colcon_ws/ORB_SLAM3/include/Converter.h:26,
                 from /home/j/colcon_ws/ORB_SLAM3/include/Frame.h:33,
                 from /home/j/colcon_ws/ORB_SLAM3/include/KeyFrame.h:28,
                 from /home/j/colcon_ws/ORB_SLAM3/include/MapPoint.h:23,
                 from /home/j/colcon_ws/ORB_SLAM3/include/FrameDrawer.h:24,
                 from /home/j/colcon_ws/ORB_SLAM3/include/Viewer.h:23,
                 from /home/j/colcon_ws/ORB_SLAM3/include/Tracking.h:26,
                 from /home/j/colcon_ws/ORB_SLAM3/include/System.h:31,
                 from /home/j/colcon_ws/src/orbslam3_ros2/src/stereo/stereo-slam-node.hpp:13,
                 from /home/j/colcon_ws/src/orbslam3_ros2/src/stereo/stereo-slam-node.cpp:1:
/home/j/colcon_ws/ORB_SLAM3/Thirdparty/g2o/g2o/types/../core/base_binary_edge.h: In instantiation of ‘class g2o::BaseBinaryEdge<3, Eigen::Matrix<double, 3, 1>, g2o::VertexSBAPointXYZ, g2o::VertexSE3Expmap>’:
/home/j/colcon_ws/ORB_SLAM3/Thirdparty/g2o/g2o/types/types_six_dof_expmap.h:146:41:   required from here
/home/j/colcon_ws/ORB_SLAM3/Thirdparty/g2o/g2o/types/../core/base_binary_edge.h:59:80: warning: ‘Eigen::AlignedBit’ is deprecated [-Wdeprecated-declarations]
   59 |       typedef Eigen::Map<Matrix<double, Di, Dj>, Matrix<double, Di, Dj>::Flags & AlignedBit ? Aligned : Unaligned > HessianBlockType;
      |                                                                          ~~~~~~^~~~~~~~~~~~
In file included from /usr/include/eigen3/Eigen/Core:161,
                 from /usr/include/eigen3/Eigen/LU:11,
                 from /home/j/colcon_ws/ORB_SLAM3/Thirdparty/Sophus/sophus/so2.hpp:12,
                 from /home/j/colcon_ws/ORB_SLAM3/Thirdparty/Sophus/sophus/se2.hpp:7,
                 from /home/j/colcon_ws/ORB_SLAM3/Thirdparty/Sophus/sophus/geometry.hpp:7,
                 from /home/j/colcon_ws/ORB_SLAM3/include/Frame.h:28,
                 from /home/j/colcon_ws/ORB_SLAM3/include/KeyFrame.h:28,
                 from /home/j/colcon_ws/ORB_SLAM3/include/MapPoint.h:23,
                 from /home/j/colcon_ws/ORB_SLAM3/include/FrameDrawer.h:24,
                 from /home/j/colcon_ws/ORB_SLAM3/include/Viewer.h:23,
                 from /home/j/colcon_ws/ORB_SLAM3/include/Tracking.h:26,
                 from /home/j/colcon_ws/ORB_SLAM3/include/System.h:31,
                 from /home/j/colcon_ws/src/orbslam3_ros2/src/stereo/stereo-slam-node.hpp:13,
                 from /home/j/colcon_ws/src/orbslam3_ros2/src/stereo/stereo-slam-node.cpp:1:
/usr/include/eigen3/Eigen/src/Core/util/Constants.h:167:37: note: declared here
  167 | EIGEN_DEPRECATED const unsigned int AlignedBit = 0x80;
      |                                     ^~~~~~~~~~
In file included from /home/j/colcon_ws/ORB_SLAM3/Thirdparty/g2o/g2o/types/types_six_dof_expmap.h:38,
                 from /home/j/colcon_ws/ORB_SLAM3/include/Converter.h:26,
                 from /home/j/colcon_ws/ORB_SLAM3/include/Frame.h:33,
                 from /home/j/colcon_ws/ORB_SLAM3/include/KeyFrame.h:28,
                 from /home/j/colcon_ws/ORB_SLAM3/include/MapPoint.h:23,
                 from /home/j/colcon_ws/ORB_SLAM3/include/FrameDrawer.h:24,
                 from /home/j/colcon_ws/ORB_SLAM3/include/Viewer.h:23,
                 from /home/j/colcon_ws/ORB_SLAM3/include/Tracking.h:26,
                 from /home/j/colcon_ws/ORB_SLAM3/include/System.h:31,
                 from /home/j/colcon_ws/src/orbslam3_ros2/src/stereo/stereo-slam-node.hpp:13,
                 from /home/j/colcon_ws/src/orbslam3_ros2/src/stereo/stereo-slam-node.cpp:1:
/home/j/colcon_ws/ORB_SLAM3/Thirdparty/g2o/g2o/types/../core/base_binary_edge.h:60:80: warning: ‘Eigen::AlignedBit’ is deprecated [-Wdeprecated-declarations]
   60 |       typedef Eigen::Map<Matrix<double, Dj, Di>, Matrix<double, Dj, Di>::Flags & AlignedBit ? Aligned : Unaligned > HessianBlockTransposedType;
      |                                                                          ~~~~~~^~~~~~~~~~~~
In file included from /usr/include/eigen3/Eigen/Core:161,
                 from /usr/include/eigen3/Eigen/LU:11,
                 from /home/j/colcon_ws/ORB_SLAM3/Thirdparty/Sophus/sophus/so2.hpp:12,
                 from /home/j/colcon_ws/ORB_SLAM3/Thirdparty/Sophus/sophus/se2.hpp:7,
                 from /home/j/colcon_ws/ORB_SLAM3/Thirdparty/Sophus/sophus/geometry.hpp:7,
                 from /home/j/colcon_ws/ORB_SLAM3/include/Frame.h:28,
                 from /home/j/colcon_ws/ORB_SLAM3/include/KeyFrame.h:28,
                 from /home/j/colcon_ws/ORB_SLAM3/include/MapPoint.h:23,
                 from /home/j/colcon_ws/ORB_SLAM3/include/FrameDrawer.h:24,
                 from /home/j/colcon_ws/ORB_SLAM3/include/Viewer.h:23,
                 from /home/j/colcon_ws/ORB_SLAM3/include/Tracking.h:26,
                 from /home/j/colcon_ws/ORB_SLAM3/include/System.h:31,
                 from /home/j/colcon_ws/src/orbslam3_ros2/src/stereo/stereo-slam-node.hpp:13,
                 from /home/j/colcon_ws/src/orbslam3_ros2/src/stereo/stereo-slam-node.cpp:1:
/usr/include/eigen3/Eigen/src/Core/util/Constants.h:167:37: note: declared here
  167 | EIGEN_DEPRECATED const unsigned int AlignedBit = 0x80;
      |                                     ^~~~~~~~~~
In file included from /home/j/colcon_ws/ORB_SLAM3/Thirdparty/g2o/g2o/types/types_six_dof_expmap.h:38,
                 from /home/j/colcon_ws/ORB_SLAM3/include/Converter.h:26,
                 from /home/j/colcon_ws/ORB_SLAM3/include/Frame.h:33,
                 from /home/j/colcon_ws/ORB_SLAM3/include/KeyFrame.h:28,
                 from /home/j/colcon_ws/ORB_SLAM3/include/MapPoint.h:23,
                 from /home/j/colcon_ws/ORB_SLAM3/include/FrameDrawer.h:24,
                 from /home/j/colcon_ws/ORB_SLAM3/include/Viewer.h:23,
                 from /home/j/colcon_ws/ORB_SLAM3/include/Tracking.h:26,
                 from /home/j/colcon_ws/ORB_SLAM3/include/System.h:31,
                 from /home/j/colcon_ws/src/orbslam3_ros2/src/rgbd/rgbd-slam-node.hpp:18,
                 from /home/j/colcon_ws/src/orbslam3_ros2/src/rgbd/rgbd-slam-node.cpp:1:
/home/j/colcon_ws/ORB_SLAM3/Thirdparty/g2o/g2o/types/../core/base_binary_edge.h: In instantiation of ‘class g2o::BaseBinaryEdge<3, Eigen::Matrix<double, 3, 1>, g2o::VertexSBAPointXYZ, g2o::VertexSE3Expmap>’:
/home/j/colcon_ws/ORB_SLAM3/Thirdparty/g2o/g2o/types/types_six_dof_expmap.h:146:41:   required from here
/home/j/colcon_ws/ORB_SLAM3/Thirdparty/g2o/g2o/types/../core/base_binary_edge.h:59:80: warning: ‘Eigen::AlignedBit’ is deprecated [-Wdeprecated-declarations]
   59 |       typedef Eigen::Map<Matrix<double, Di, Dj>, Matrix<double, Di, Dj>::Flags & AlignedBit ? Aligned : Unaligned > HessianBlockType;
      |                                                                          ~~~~~~^~~~~~~~~~~~
In file included from /usr/include/eigen3/Eigen/Core:161,
                 from /usr/include/eigen3/Eigen/LU:11,
                 from /home/j/colcon_ws/ORB_SLAM3/Thirdparty/Sophus/sophus/so2.hpp:12,
                 from /home/j/colcon_ws/ORB_SLAM3/Thirdparty/Sophus/sophus/se2.hpp:7,
                 from /home/j/colcon_ws/ORB_SLAM3/Thirdparty/Sophus/sophus/geometry.hpp:7,
                 from /home/j/colcon_ws/ORB_SLAM3/include/Frame.h:28,
                 from /home/j/colcon_ws/ORB_SLAM3/include/KeyFrame.h:28,
                 from /home/j/colcon_ws/ORB_SLAM3/include/MapPoint.h:23,
                 from /home/j/colcon_ws/ORB_SLAM3/include/FrameDrawer.h:24,
                 from /home/j/colcon_ws/ORB_SLAM3/include/Viewer.h:23,
                 from /home/j/colcon_ws/ORB_SLAM3/include/Tracking.h:26,
                 from /home/j/colcon_ws/ORB_SLAM3/include/System.h:31,
                 from /home/j/colcon_ws/src/orbslam3_ros2/src/rgbd/rgbd-slam-node.hpp:18,
                 from /home/j/colcon_ws/src/orbslam3_ros2/src/rgbd/rgbd-slam-node.cpp:1:
/usr/include/eigen3/Eigen/src/Core/util/Constants.h:167:37: note: declared here
  167 | EIGEN_DEPRECATED const unsigned int AlignedBit = 0x80;
      |                                     ^~~~~~~~~~
In file included from /home/j/colcon_ws/ORB_SLAM3/Thirdparty/g2o/g2o/types/types_six_dof_expmap.h:38,
                 from /home/j/colcon_ws/ORB_SLAM3/include/Converter.h:26,
                 from /home/j/colcon_ws/ORB_SLAM3/include/Frame.h:33,
                 from /home/j/colcon_ws/ORB_SLAM3/include/KeyFrame.h:28,
                 from /home/j/colcon_ws/ORB_SLAM3/include/MapPoint.h:23,
                 from /home/j/colcon_ws/ORB_SLAM3/include/FrameDrawer.h:24,
                 from /home/j/colcon_ws/ORB_SLAM3/include/Viewer.h:23,
                 from /home/j/colcon_ws/ORB_SLAM3/include/Tracking.h:26,
                 from /home/j/colcon_ws/ORB_SLAM3/include/System.h:31,
                 from /home/j/colcon_ws/src/orbslam3_ros2/src/rgbd/rgbd-slam-node.hpp:18,
                 from /home/j/colcon_ws/src/orbslam3_ros2/src/rgbd/rgbd-slam-node.cpp:1:
/home/j/colcon_ws/ORB_SLAM3/Thirdparty/g2o/g2o/types/../core/base_binary_edge.h:60:80: warning: ‘Eigen::AlignedBit’ is deprecated [-Wdeprecated-declarations]
   60 |       typedef Eigen::Map<Matrix<double, Dj, Di>, Matrix<double, Dj, Di>::Flags & AlignedBit ? Aligned : Unaligned > HessianBlockTransposedType;
      |                                                                          ~~~~~~^~~~~~~~~~~~
In file included from /usr/include/eigen3/Eigen/Core:161,
                 from /usr/include/eigen3/Eigen/LU:11,
                 from /home/j/colcon_ws/ORB_SLAM3/Thirdparty/Sophus/sophus/so2.hpp:12,
                 from /home/j/colcon_ws/ORB_SLAM3/Thirdparty/Sophus/sophus/se2.hpp:7,
                 from /home/j/colcon_ws/ORB_SLAM3/Thirdparty/Sophus/sophus/geometry.hpp:7,
                 from /home/j/colcon_ws/ORB_SLAM3/include/Frame.h:28,
                 from /home/j/colcon_ws/ORB_SLAM3/include/KeyFrame.h:28,
                 from /home/j/colcon_ws/ORB_SLAM3/include/MapPoint.h:23,
                 from /home/j/colcon_ws/ORB_SLAM3/include/FrameDrawer.h:24,
                 from /home/j/colcon_ws/ORB_SLAM3/include/Viewer.h:23,
                 from /home/j/colcon_ws/ORB_SLAM3/include/Tracking.h:26,
                 from /home/j/colcon_ws/ORB_SLAM3/include/System.h:31,
                 from /home/j/colcon_ws/src/orbslam3_ros2/src/rgbd/rgbd-slam-node.hpp:18,
                 from /home/j/colcon_ws/src/orbslam3_ros2/src/rgbd/rgbd-slam-node.cpp:1:
/usr/include/eigen3/Eigen/src/Core/util/Constants.h:167:37: note: declared here
  167 | EIGEN_DEPRECATED const unsigned int AlignedBit = 0x80;
      |                                     ^~~~~~~~~~
In file included from /home/j/colcon_ws/ORB_SLAM3/Thirdparty/g2o/g2o/types/types_six_dof_expmap.h:37,
                 from /home/j/colcon_ws/ORB_SLAM3/include/Converter.h:26,
                 from /home/j/colcon_ws/ORB_SLAM3/include/Frame.h:33,
                 from /home/j/colcon_ws/ORB_SLAM3/include/KeyFrame.h:28,
                 from /home/j/colcon_ws/ORB_SLAM3/include/MapPoint.h:23,
                 from /home/j/colcon_ws/ORB_SLAM3/include/FrameDrawer.h:24,
                 from /home/j/colcon_ws/ORB_SLAM3/include/Viewer.h:23,
                 from /home/j/colcon_ws/ORB_SLAM3/include/Tracking.h:26,
                 from /home/j/colcon_ws/ORB_SLAM3/include/System.h:31,
                 from /home/j/colcon_ws/src/orbslam3_ros2/src/rgbd/rgbd-slam-node.hpp:18,
                 from /home/j/colcon_ws/src/orbslam3_ros2/src/rgbd/rgbd-slam-node.cpp:1:
/home/j/colcon_ws/ORB_SLAM3/Thirdparty/g2o/g2o/types/../core/base_vertex.h: In instantiation of ‘class g2o::BaseVertex<7, g2o::Sim3>’:
/home/j/colcon_ws/ORB_SLAM3/Thirdparty/g2o/g2o/types/types_seven_dof_expmap.h:48:35:   required from here
/home/j/colcon_ws/ORB_SLAM3/Thirdparty/g2o/g2o/types/../core/base_vertex.h:62:72: warning: ‘Eigen::AlignedBit’ is deprecated [-Wdeprecated-declarations]
   62 |     typedef Eigen::Map<Matrix<double, D, D>, Matrix<double,D,D>::Flags & AlignedBit ? Aligned : Unaligned >  HessianBlockType;
      |                                                                  ~~~~~~^~~~~~~~~~~~
In file included from /usr/include/eigen3/Eigen/Core:161,
                 from /usr/include/eigen3/Eigen/LU:11,
                 from /home/j/colcon_ws/ORB_SLAM3/Thirdparty/Sophus/sophus/so2.hpp:12,
                 from /home/j/colcon_ws/ORB_SLAM3/Thirdparty/Sophus/sophus/se2.hpp:7,
                 from /home/j/colcon_ws/ORB_SLAM3/Thirdparty/Sophus/sophus/geometry.hpp:7,
                 from /home/j/colcon_ws/ORB_SLAM3/include/Frame.h:28,
                 from /home/j/colcon_ws/ORB_SLAM3/include/KeyFrame.h:28,
                 from /home/j/colcon_ws/ORB_SLAM3/include/MapPoint.h:23,
                 from /home/j/colcon_ws/ORB_SLAM3/include/FrameDrawer.h:24,
                 from /home/j/colcon_ws/ORB_SLAM3/include/Viewer.h:23,
                 from /home/j/colcon_ws/ORB_SLAM3/include/Tracking.h:26,
                 from /home/j/colcon_ws/ORB_SLAM3/include/System.h:31,
                 from /home/j/colcon_ws/src/orbslam3_ros2/src/rgbd/rgbd-slam-node.hpp:18,
                 from /home/j/colcon_ws/src/orbslam3_ros2/src/rgbd/rgbd-slam-node.cpp:1:
/usr/include/eigen3/Eigen/src/Core/util/Constants.h:167:37: note: declared here
  167 | EIGEN_DEPRECATED const unsigned int AlignedBit = 0x80;
      |                                     ^~~~~~~~~~
In file included from /home/j/colcon_ws/ORB_SLAM3/Thirdparty/g2o/g2o/types/types_six_dof_expmap.h:37,
                 from /home/j/colcon_ws/ORB_SLAM3/include/Converter.h:26,
                 from /home/j/colcon_ws/ORB_SLAM3/include/Frame.h:33,
                 from /home/j/colcon_ws/ORB_SLAM3/include/KeyFrame.h:28,
                 from /home/j/colcon_ws/ORB_SLAM3/include/MapPoint.h:23,
                 from /home/j/colcon_ws/ORB_SLAM3/include/FrameDrawer.h:24,
                 from /home/j/colcon_ws/ORB_SLAM3/include/Viewer.h:23,
                 from /home/j/colcon_ws/ORB_SLAM3/include/Tracking.h:26,
                 from /home/j/colcon_ws/ORB_SLAM3/include/System.h:31,
                 from /home/j/colcon_ws/src/orbslam3_ros2/src/stereo/stereo-slam-node.hpp:13,
                 from /home/j/colcon_ws/src/orbslam3_ros2/src/stereo/stereo-slam-node.cpp:1:
/home/j/colcon_ws/ORB_SLAM3/Thirdparty/g2o/g2o/types/../core/base_vertex.h: In instantiation of ‘class g2o::BaseVertex<7, g2o::Sim3>’:
/home/j/colcon_ws/ORB_SLAM3/Thirdparty/g2o/g2o/types/types_seven_dof_expmap.h:48:35:   required from here
/home/j/colcon_ws/ORB_SLAM3/Thirdparty/g2o/g2o/types/../core/base_vertex.h:62:72: warning: ‘Eigen::AlignedBit’ is deprecated [-Wdeprecated-declarations]
   62 |     typedef Eigen::Map<Matrix<double, D, D>, Matrix<double,D,D>::Flags & AlignedBit ? Aligned : Unaligned >  HessianBlockType;
      |                                                                  ~~~~~~^~~~~~~~~~~~
In file included from /usr/include/eigen3/Eigen/Core:161,
                 from /usr/include/eigen3/Eigen/LU:11,
                 from /home/j/colcon_ws/ORB_SLAM3/Thirdparty/Sophus/sophus/so2.hpp:12,
                 from /home/j/colcon_ws/ORB_SLAM3/Thirdparty/Sophus/sophus/se2.hpp:7,
                 from /home/j/colcon_ws/ORB_SLAM3/Thirdparty/Sophus/sophus/geometry.hpp:7,
                 from /home/j/colcon_ws/ORB_SLAM3/include/Frame.h:28,
                 from /home/j/colcon_ws/ORB_SLAM3/include/KeyFrame.h:28,
                 from /home/j/colcon_ws/ORB_SLAM3/include/MapPoint.h:23,
                 from /home/j/colcon_ws/ORB_SLAM3/include/FrameDrawer.h:24,
                 from /home/j/colcon_ws/ORB_SLAM3/include/Viewer.h:23,
                 from /home/j/colcon_ws/ORB_SLAM3/include/Tracking.h:26,
                 from /home/j/colcon_ws/ORB_SLAM3/include/System.h:31,
                 from /home/j/colcon_ws/src/orbslam3_ros2/src/stereo/stereo-slam-node.hpp:13,
                 from /home/j/colcon_ws/src/orbslam3_ros2/src/stereo/stereo-slam-node.cpp:1:
/usr/include/eigen3/Eigen/src/Core/util/Constants.h:167:37: note: declared here
  167 | EIGEN_DEPRECATED const unsigned int AlignedBit = 0x80;
      |                                     ^~~~~~~~~~
In file included from /home/j/colcon_ws/ORB_SLAM3/Thirdparty/g2o/g2o/types/types_six_dof_expmap.h:38,
                 from /home/j/colcon_ws/ORB_SLAM3/include/Converter.h:26,
                 from /home/j/colcon_ws/ORB_SLAM3/include/Frame.h:33,
                 from /home/j/colcon_ws/ORB_SLAM3/include/KeyFrame.h:28,
                 from /home/j/colcon_ws/ORB_SLAM3/include/MapPoint.h:23,
                 from /home/j/colcon_ws/ORB_SLAM3/include/FrameDrawer.h:24,
                 from /home/j/colcon_ws/ORB_SLAM3/include/Viewer.h:23,
                 from /home/j/colcon_ws/ORB_SLAM3/include/Tracking.h:26,
                 from /home/j/colcon_ws/ORB_SLAM3/include/System.h:31,
                 from /home/j/colcon_ws/src/orbslam3_ros2/src/rgbd/rgbd-slam-node.hpp:18,
                 from /home/j/colcon_ws/src/orbslam3_ros2/src/rgbd/rgbd-slam-node.cpp:1:
/home/j/colcon_ws/ORB_SLAM3/Thirdparty/g2o/g2o/types/../core/base_binary_edge.h: In instantiation of ‘class g2o::BaseBinaryEdge<7, g2o::Sim3, g2o::VertexSim3Expmap, g2o::VertexSim3Expmap>’:
/home/j/colcon_ws/ORB_SLAM3/Thirdparty/g2o/g2o/types/types_seven_dof_expmap.h:99:27:   required from here
/home/j/colcon_ws/ORB_SLAM3/Thirdparty/g2o/g2o/types/../core/base_binary_edge.h:59:80: warning: ‘Eigen::AlignedBit’ is deprecated [-Wdeprecated-declarations]
   59 |       typedef Eigen::Map<Matrix<double, Di, Dj>, Matrix<double, Di, Dj>::Flags & AlignedBit ? Aligned : Unaligned > HessianBlockType;
      |                                                                          ~~~~~~^~~~~~~~~~~~
In file included from /usr/include/eigen3/Eigen/Core:161,
                 from /usr/include/eigen3/Eigen/LU:11,
                 from /home/j/colcon_ws/ORB_SLAM3/Thirdparty/Sophus/sophus/so2.hpp:12,
                 from /home/j/colcon_ws/ORB_SLAM3/Thirdparty/Sophus/sophus/se2.hpp:7,
                 from /home/j/colcon_ws/ORB_SLAM3/Thirdparty/Sophus/sophus/geometry.hpp:7,
                 from /home/j/colcon_ws/ORB_SLAM3/include/Frame.h:28,
                 from /home/j/colcon_ws/ORB_SLAM3/include/KeyFrame.h:28,
                 from /home/j/colcon_ws/ORB_SLAM3/include/MapPoint.h:23,
                 from /home/j/colcon_ws/ORB_SLAM3/include/FrameDrawer.h:24,
                 from /home/j/colcon_ws/ORB_SLAM3/include/Viewer.h:23,
                 from /home/j/colcon_ws/ORB_SLAM3/include/Tracking.h:26,
                 from /home/j/colcon_ws/ORB_SLAM3/include/System.h:31,
                 from /home/j/colcon_ws/src/orbslam3_ros2/src/rgbd/rgbd-slam-node.hpp:18,
                 from /home/j/colcon_ws/src/orbslam3_ros2/src/rgbd/rgbd-slam-node.cpp:1:
/usr/include/eigen3/Eigen/src/Core/util/Constants.h:167:37: note: declared here
  167 | EIGEN_DEPRECATED const unsigned int AlignedBit = 0x80;
      |                                     ^~~~~~~~~~
In file included from /home/j/colcon_ws/ORB_SLAM3/Thirdparty/g2o/g2o/types/types_six_dof_expmap.h:38,
                 from /home/j/colcon_ws/ORB_SLAM3/include/Converter.h:26,
                 from /home/j/colcon_ws/ORB_SLAM3/include/Frame.h:33,
                 from /home/j/colcon_ws/ORB_SLAM3/include/KeyFrame.h:28,
                 from /home/j/colcon_ws/ORB_SLAM3/include/MapPoint.h:23,
                 from /home/j/colcon_ws/ORB_SLAM3/include/FrameDrawer.h:24,
                 from /home/j/colcon_ws/ORB_SLAM3/include/Viewer.h:23,
                 from /home/j/colcon_ws/ORB_SLAM3/include/Tracking.h:26,
                 from /home/j/colcon_ws/ORB_SLAM3/include/System.h:31,
                 from /home/j/colcon_ws/src/orbslam3_ros2/src/rgbd/rgbd-slam-node.hpp:18,
                 from /home/j/colcon_ws/src/orbslam3_ros2/src/rgbd/rgbd-slam-node.cpp:1:
/home/j/colcon_ws/ORB_SLAM3/Thirdparty/g2o/g2o/types/../core/base_binary_edge.h:60:80: warning: ‘Eigen::AlignedBit’ is deprecated [-Wdeprecated-declarations]
   60 |       typedef Eigen::Map<Matrix<double, Dj, Di>, Matrix<double, Dj, Di>::Flags & AlignedBit ? Aligned : Unaligned > HessianBlockTransposedType;
      |                                                                          ~~~~~~^~~~~~~~~~~~
In file included from /usr/include/eigen3/Eigen/Core:161,
                 from /usr/include/eigen3/Eigen/LU:11,
                 from /home/j/colcon_ws/ORB_SLAM3/Thirdparty/Sophus/sophus/so2.hpp:12,
                 from /home/j/colcon_ws/ORB_SLAM3/Thirdparty/Sophus/sophus/se2.hpp:7,
                 from /home/j/colcon_ws/ORB_SLAM3/Thirdparty/Sophus/sophus/geometry.hpp:7,
                 from /home/j/colcon_ws/ORB_SLAM3/include/Frame.h:28,
                 from /home/j/colcon_ws/ORB_SLAM3/include/KeyFrame.h:28,
                 from /home/j/colcon_ws/ORB_SLAM3/include/MapPoint.h:23,
                 from /home/j/colcon_ws/ORB_SLAM3/include/FrameDrawer.h:24,
                 from /home/j/colcon_ws/ORB_SLAM3/include/Viewer.h:23,
                 from /home/j/colcon_ws/ORB_SLAM3/include/Tracking.h:26,
                 from /home/j/colcon_ws/ORB_SLAM3/include/System.h:31,
                 from /home/j/colcon_ws/src/orbslam3_ros2/src/rgbd/rgbd-slam-node.hpp:18,
                 from /home/j/colcon_ws/src/orbslam3_ros2/src/rgbd/rgbd-slam-node.cpp:1:
/usr/include/eigen3/Eigen/src/Core/util/Constants.h:167:37: note: declared here
  167 | EIGEN_DEPRECATED const unsigned int AlignedBit = 0x80;
      |                                     ^~~~~~~~~~
In file included from /home/j/colcon_ws/ORB_SLAM3/Thirdparty/g2o/g2o/types/types_six_dof_expmap.h:38,
                 from /home/j/colcon_ws/ORB_SLAM3/include/Converter.h:26,
                 from /home/j/colcon_ws/ORB_SLAM3/include/Frame.h:33,
                 from /home/j/colcon_ws/ORB_SLAM3/include/KeyFrame.h:28,
                 from /home/j/colcon_ws/ORB_SLAM3/include/MapPoint.h:23,
                 from /home/j/colcon_ws/ORB_SLAM3/include/FrameDrawer.h:24,
                 from /home/j/colcon_ws/ORB_SLAM3/include/Viewer.h:23,
                 from /home/j/colcon_ws/ORB_SLAM3/include/Tracking.h:26,
                 from /home/j/colcon_ws/ORB_SLAM3/include/System.h:31,
                 from /home/j/colcon_ws/src/orbslam3_ros2/src/stereo/stereo-slam-node.hpp:13,
                 from /home/j/colcon_ws/src/orbslam3_ros2/src/stereo/stereo-slam-node.cpp:1:
/home/j/colcon_ws/ORB_SLAM3/Thirdparty/g2o/g2o/types/../core/base_binary_edge.h: In instantiation of ‘class g2o::BaseBinaryEdge<7, g2o::Sim3, g2o::VertexSim3Expmap, g2o::VertexSim3Expmap>’:
/home/j/colcon_ws/ORB_SLAM3/Thirdparty/g2o/g2o/types/types_seven_dof_expmap.h:99:27:   required from here
/home/j/colcon_ws/ORB_SLAM3/Thirdparty/g2o/g2o/types/../core/base_binary_edge.h:59:80: warning: ‘Eigen::AlignedBit’ is deprecated [-Wdeprecated-declarations]
   59 |       typedef Eigen::Map<Matrix<double, Di, Dj>, Matrix<double, Di, Dj>::Flags & AlignedBit ? Aligned : Unaligned > HessianBlockType;
      |                                                                          ~~~~~~^~~~~~~~~~~~
In file included from /usr/include/eigen3/Eigen/Core:161,
                 from /usr/include/eigen3/Eigen/LU:11,
                 from /home/j/colcon_ws/ORB_SLAM3/Thirdparty/Sophus/sophus/so2.hpp:12,
                 from /home/j/colcon_ws/ORB_SLAM3/Thirdparty/Sophus/sophus/se2.hpp:7,
                 from /home/j/colcon_ws/ORB_SLAM3/Thirdparty/Sophus/sophus/geometry.hpp:7,
                 from /home/j/colcon_ws/ORB_SLAM3/include/Frame.h:28,
                 from /home/j/colcon_ws/ORB_SLAM3/include/KeyFrame.h:28,
                 from /home/j/colcon_ws/ORB_SLAM3/include/MapPoint.h:23,
                 from /home/j/colcon_ws/ORB_SLAM3/include/FrameDrawer.h:24,
                 from /home/j/colcon_ws/ORB_SLAM3/include/Viewer.h:23,
                 from /home/j/colcon_ws/ORB_SLAM3/include/Tracking.h:26,
                 from /home/j/colcon_ws/ORB_SLAM3/include/System.h:31,
                 from /home/j/colcon_ws/src/orbslam3_ros2/src/stereo/stereo-slam-node.hpp:13,
                 from /home/j/colcon_ws/src/orbslam3_ros2/src/stereo/stereo-slam-node.cpp:1:
/usr/include/eigen3/Eigen/src/Core/util/Constants.h:167:37: note: declared here
  167 | EIGEN_DEPRECATED const unsigned int AlignedBit = 0x80;
      |                                     ^~~~~~~~~~
In file included from /home/j/colcon_ws/ORB_SLAM3/Thirdparty/g2o/g2o/types/types_six_dof_expmap.h:38,
                 from /home/j/colcon_ws/ORB_SLAM3/include/Converter.h:26,
                 from /home/j/colcon_ws/ORB_SLAM3/include/Frame.h:33,
                 from /home/j/colcon_ws/ORB_SLAM3/include/KeyFrame.h:28,
                 from /home/j/colcon_ws/ORB_SLAM3/include/MapPoint.h:23,
                 from /home/j/colcon_ws/ORB_SLAM3/include/FrameDrawer.h:24,
                 from /home/j/colcon_ws/ORB_SLAM3/include/Viewer.h:23,
                 from /home/j/colcon_ws/ORB_SLAM3/include/Tracking.h:26,
                 from /home/j/colcon_ws/ORB_SLAM3/include/System.h:31,
                 from /home/j/colcon_ws/src/orbslam3_ros2/src/stereo/stereo-slam-node.hpp:13,
                 from /home/j/colcon_ws/src/orbslam3_ros2/src/stereo/stereo-slam-node.cpp:1:
/home/j/colcon_ws/ORB_SLAM3/Thirdparty/g2o/g2o/types/../core/base_binary_edge.h:60:80: warning: ‘Eigen::AlignedBit’ is deprecated [-Wdeprecated-declarations]
   60 |       typedef Eigen::Map<Matrix<double, Dj, Di>, Matrix<double, Dj, Di>::Flags & AlignedBit ? Aligned : Unaligned > HessianBlockTransposedType;
      |                                                                          ~~~~~~^~~~~~~~~~~~
In file included from /usr/include/eigen3/Eigen/Core:161,
                 from /usr/include/eigen3/Eigen/LU:11,
                 from /home/j/colcon_ws/ORB_SLAM3/Thirdparty/Sophus/sophus/so2.hpp:12,
                 from /home/j/colcon_ws/ORB_SLAM3/Thirdparty/Sophus/sophus/se2.hpp:7,
                 from /home/j/colcon_ws/ORB_SLAM3/Thirdparty/Sophus/sophus/geometry.hpp:7,
                 from /home/j/colcon_ws/ORB_SLAM3/include/Frame.h:28,
                 from /home/j/colcon_ws/ORB_SLAM3/include/KeyFrame.h:28,
                 from /home/j/colcon_ws/ORB_SLAM3/include/MapPoint.h:23,
                 from /home/j/colcon_ws/ORB_SLAM3/include/FrameDrawer.h:24,
                 from /home/j/colcon_ws/ORB_SLAM3/include/Viewer.h:23,
                 from /home/j/colcon_ws/ORB_SLAM3/include/Tracking.h:26,
                 from /home/j/colcon_ws/ORB_SLAM3/include/System.h:31,
                 from /home/j/colcon_ws/src/orbslam3_ros2/src/stereo/stereo-slam-node.hpp:13,
                 from /home/j/colcon_ws/src/orbslam3_ros2/src/stereo/stereo-slam-node.cpp:1:
/usr/include/eigen3/Eigen/src/Core/util/Constants.h:167:37: note: declared here
  167 | EIGEN_DEPRECATED const unsigned int AlignedBit = 0x80;
      |                                     ^~~~~~~~~~
In file included from /home/j/colcon_ws/ORB_SLAM3/Thirdparty/g2o/g2o/types/types_six_dof_expmap.h:38,
                 from /home/j/colcon_ws/ORB_SLAM3/include/Converter.h:26,
                 from /home/j/colcon_ws/ORB_SLAM3/include/Frame.h:33,
                 from /home/j/colcon_ws/ORB_SLAM3/include/KeyFrame.h:28,
                 from /home/j/colcon_ws/ORB_SLAM3/include/MapPoint.h:23,
                 from /home/j/colcon_ws/ORB_SLAM3/include/FrameDrawer.h:24,
                 from /home/j/colcon_ws/ORB_SLAM3/include/Viewer.h:23,
                 from /home/j/colcon_ws/ORB_SLAM3/include/Tracking.h:26,
                 from /home/j/colcon_ws/ORB_SLAM3/include/System.h:31,
                 from /home/j/colcon_ws/src/orbslam3_ros2/src/stereo/stereo-slam-node.hpp:13,
                 from /home/j/colcon_ws/src/orbslam3_ros2/src/stereo/stereo-slam-node.cpp:1:
/home/j/colcon_ws/ORB_SLAM3/Thirdparty/g2o/g2o/types/../core/base_binary_edge.h: In instantiation of ‘class g2o::BaseBinaryEdge<2, Eigen::Matrix<double, 2, 1>, g2o::VertexSBAPointXYZ, g2o::VertexSim3Expmap>’:
/home/j/colcon_ws/ORB_SLAM3/Thirdparty/g2o/g2o/types/types_seven_dof_expmap.h:130:36:   required from here
/home/j/colcon_ws/ORB_SLAM3/Thirdparty/g2o/g2o/types/../core/base_binary_edge.h:59:80: warning: ‘Eigen::AlignedBit’ is deprecated [-Wdeprecated-declarations]
   59 |       typedef Eigen::Map<Matrix<double, Di, Dj>, Matrix<double, Di, Dj>::Flags & AlignedBit ? Aligned : Unaligned > HessianBlockType;
      |                                                                          ~~~~~~^~~~~~~~~~~~
In file included from /usr/include/eigen3/Eigen/Core:161,
                 from /usr/include/eigen3/Eigen/LU:11,
                 from /home/j/colcon_ws/ORB_SLAM3/Thirdparty/Sophus/sophus/so2.hpp:12,
                 from /home/j/colcon_ws/ORB_SLAM3/Thirdparty/Sophus/sophus/se2.hpp:7,
                 from /home/j/colcon_ws/ORB_SLAM3/Thirdparty/Sophus/sophus/geometry.hpp:7,
                 from /home/j/colcon_ws/ORB_SLAM3/include/Frame.h:28,
                 from /home/j/colcon_ws/ORB_SLAM3/include/KeyFrame.h:28,
                 from /home/j/colcon_ws/ORB_SLAM3/include/MapPoint.h:23,
                 from /home/j/colcon_ws/ORB_SLAM3/include/FrameDrawer.h:24,
                 from /home/j/colcon_ws/ORB_SLAM3/include/Viewer.h:23,
                 from /home/j/colcon_ws/ORB_SLAM3/include/Tracking.h:26,
                 from /home/j/colcon_ws/ORB_SLAM3/include/System.h:31,
                 from /home/j/colcon_ws/src/orbslam3_ros2/src/stereo/stereo-slam-node.hpp:13,
                 from /home/j/colcon_ws/src/orbslam3_ros2/src/stereo/stereo-slam-node.cpp:1:
/usr/include/eigen3/Eigen/src/Core/util/Constants.h:167:37: note: declared here
  167 | EIGEN_DEPRECATED const unsigned int AlignedBit = 0x80;
      |                                     ^~~~~~~~~~
In file included from /home/j/colcon_ws/ORB_SLAM3/Thirdparty/g2o/g2o/types/types_six_dof_expmap.h:38,
                 from /home/j/colcon_ws/ORB_SLAM3/include/Converter.h:26,
                 from /home/j/colcon_ws/ORB_SLAM3/include/Frame.h:33,
                 from /home/j/colcon_ws/ORB_SLAM3/include/KeyFrame.h:28,
                 from /home/j/colcon_ws/ORB_SLAM3/include/MapPoint.h:23,
                 from /home/j/colcon_ws/ORB_SLAM3/include/FrameDrawer.h:24,
                 from /home/j/colcon_ws/ORB_SLAM3/include/Viewer.h:23,
                 from /home/j/colcon_ws/ORB_SLAM3/include/Tracking.h:26,
                 from /home/j/colcon_ws/ORB_SLAM3/include/System.h:31,
                 from /home/j/colcon_ws/src/orbslam3_ros2/src/rgbd/rgbd-slam-node.hpp:18,
                 from /home/j/colcon_ws/src/orbslam3_ros2/src/rgbd/rgbd-slam-node.cpp:1:
/home/j/colcon_ws/ORB_SLAM3/Thirdparty/g2o/g2o/types/../core/base_binary_edge.h: In instantiation of ‘class g2o::BaseBinaryEdge<2, Eigen::Matrix<double, 2, 1>, g2o::VertexSBAPointXYZ, g2o::VertexSim3Expmap>’:
/home/j/colcon_ws/ORB_SLAM3/Thirdparty/g2o/g2o/types/types_seven_dof_expmap.h:130:36:   required from here
/home/j/colcon_ws/ORB_SLAM3/Thirdparty/g2o/g2o/types/../core/base_binary_edge.h:59:80: warning: ‘Eigen::AlignedBit’ is deprecated [-Wdeprecated-declarations]
   59 |       typedef Eigen::Map<Matrix<double, Di, Dj>, Matrix<double, Di, Dj>::Flags & AlignedBit ? Aligned : Unaligned > HessianBlockType;
      |                                                                          ~~~~~~^~~~~~~~~~~~
In file included from /usr/include/eigen3/Eigen/Core:161,
                 from /usr/include/eigen3/Eigen/LU:11,
                 from /home/j/colcon_ws/ORB_SLAM3/Thirdparty/Sophus/sophus/so2.hpp:12,
                 from /home/j/colcon_ws/ORB_SLAM3/Thirdparty/Sophus/sophus/se2.hpp:7,
                 from /home/j/colcon_ws/ORB_SLAM3/Thirdparty/Sophus/sophus/geometry.hpp:7,
                 from /home/j/colcon_ws/ORB_SLAM3/include/Frame.h:28,
                 from /home/j/colcon_ws/ORB_SLAM3/include/KeyFrame.h:28,
                 from /home/j/colcon_ws/ORB_SLAM3/include/MapPoint.h:23,
                 from /home/j/colcon_ws/ORB_SLAM3/include/FrameDrawer.h:24,
                 from /home/j/colcon_ws/ORB_SLAM3/include/Viewer.h:23,
                 from /home/j/colcon_ws/ORB_SLAM3/include/Tracking.h:26,
                 from /home/j/colcon_ws/ORB_SLAM3/include/System.h:31,
                 from /home/j/colcon_ws/src/orbslam3_ros2/src/rgbd/rgbd-slam-node.hpp:18,
                 from /home/j/colcon_ws/src/orbslam3_ros2/src/rgbd/rgbd-slam-node.cpp:1:
/usr/include/eigen3/Eigen/src/Core/util/Constants.h:167:37: note: declared here
  167 | EIGEN_DEPRECATED const unsigned int AlignedBit = 0x80;
      |                                     ^~~~~~~~~~
In file included from /home/j/colcon_ws/ORB_SLAM3/Thirdparty/g2o/g2o/types/types_six_dof_expmap.h:38,
                 from /home/j/colcon_ws/ORB_SLAM3/include/Converter.h:26,
                 from /home/j/colcon_ws/ORB_SLAM3/include/Frame.h:33,
                 from /home/j/colcon_ws/ORB_SLAM3/include/KeyFrame.h:28,
                 from /home/j/colcon_ws/ORB_SLAM3/include/MapPoint.h:23,
                 from /home/j/colcon_ws/ORB_SLAM3/include/FrameDrawer.h:24,
                 from /home/j/colcon_ws/ORB_SLAM3/include/Viewer.h:23,
                 from /home/j/colcon_ws/ORB_SLAM3/include/Tracking.h:26,
                 from /home/j/colcon_ws/ORB_SLAM3/include/System.h:31,
                 from /home/j/colcon_ws/src/orbslam3_ros2/src/stereo/stereo-slam-node.hpp:13,
                 from /home/j/colcon_ws/src/orbslam3_ros2/src/stereo/stereo-slam-node.cpp:1:
/home/j/colcon_ws/ORB_SLAM3/Thirdparty/g2o/g2o/types/../core/base_binary_edge.h:60:80: warning: ‘Eigen::AlignedBit’ is deprecated [-Wdeprecated-declarations]
   60 |       typedef Eigen::Map<Matrix<double, Dj, Di>, Matrix<double, Dj, Di>::Flags & AlignedBit ? Aligned : Unaligned > HessianBlockTransposedType;
      |                                                                          ~~~~~~^~~~~~~~~~~~
In file included from /usr/include/eigen3/Eigen/Core:161,
                 from /usr/include/eigen3/Eigen/LU:11,
                 from /home/j/colcon_ws/ORB_SLAM3/Thirdparty/Sophus/sophus/so2.hpp:12,
                 from /home/j/colcon_ws/ORB_SLAM3/Thirdparty/Sophus/sophus/se2.hpp:7,
                 from /home/j/colcon_ws/ORB_SLAM3/Thirdparty/Sophus/sophus/geometry.hpp:7,
                 from /home/j/colcon_ws/ORB_SLAM3/include/Frame.h:28,
                 from /home/j/colcon_ws/ORB_SLAM3/include/KeyFrame.h:28,
                 from /home/j/colcon_ws/ORB_SLAM3/include/MapPoint.h:23,
                 from /home/j/colcon_ws/ORB_SLAM3/include/FrameDrawer.h:24,
                 from /home/j/colcon_ws/ORB_SLAM3/include/Viewer.h:23,
                 from /home/j/colcon_ws/ORB_SLAM3/include/Tracking.h:26,
                 from /home/j/colcon_ws/ORB_SLAM3/include/System.h:31,
                 from /home/j/colcon_ws/src/orbslam3_ros2/src/stereo/stereo-slam-node.hpp:13,
                 from /home/j/colcon_ws/src/orbslam3_ros2/src/stereo/stereo-slam-node.cpp:1:
/usr/include/eigen3/Eigen/src/Core/util/Constants.h:167:37: note: declared here
  167 | EIGEN_DEPRECATED const unsigned int AlignedBit = 0x80;
      |                                     ^~~~~~~~~~
In file included from /home/j/colcon_ws/ORB_SLAM3/Thirdparty/g2o/g2o/types/types_six_dof_expmap.h:38,
                 from /home/j/colcon_ws/ORB_SLAM3/include/Converter.h:26,
                 from /home/j/colcon_ws/ORB_SLAM3/include/Frame.h:33,
                 from /home/j/colcon_ws/ORB_SLAM3/include/KeyFrame.h:28,
                 from /home/j/colcon_ws/ORB_SLAM3/include/MapPoint.h:23,
                 from /home/j/colcon_ws/ORB_SLAM3/include/FrameDrawer.h:24,
                 from /home/j/colcon_ws/ORB_SLAM3/include/Viewer.h:23,
                 from /home/j/colcon_ws/ORB_SLAM3/include/Tracking.h:26,
                 from /home/j/colcon_ws/ORB_SLAM3/include/System.h:31,
                 from /home/j/colcon_ws/src/orbslam3_ros2/src/rgbd/rgbd-slam-node.hpp:18,
                 from /home/j/colcon_ws/src/orbslam3_ros2/src/rgbd/rgbd-slam-node.cpp:1:
/home/j/colcon_ws/ORB_SLAM3/Thirdparty/g2o/g2o/types/../core/base_binary_edge.h:60:80: warning: ‘Eigen::AlignedBit’ is deprecated [-Wdeprecated-declarations]
   60 |       typedef Eigen::Map<Matrix<double, Dj, Di>, Matrix<double, Dj, Di>::Flags & AlignedBit ? Aligned : Unaligned > HessianBlockTransposedType;
      |                                                                          ~~~~~~^~~~~~~~~~~~
In file included from /usr/include/eigen3/Eigen/Core:161,
                 from /usr/include/eigen3/Eigen/LU:11,
                 from /home/j/colcon_ws/ORB_SLAM3/Thirdparty/Sophus/sophus/so2.hpp:12,
                 from /home/j/colcon_ws/ORB_SLAM3/Thirdparty/Sophus/sophus/se2.hpp:7,
                 from /home/j/colcon_ws/ORB_SLAM3/Thirdparty/Sophus/sophus/geometry.hpp:7,
                 from /home/j/colcon_ws/ORB_SLAM3/include/Frame.h:28,
                 from /home/j/colcon_ws/ORB_SLAM3/include/KeyFrame.h:28,
                 from /home/j/colcon_ws/ORB_SLAM3/include/MapPoint.h:23,
                 from /home/j/colcon_ws/ORB_SLAM3/include/FrameDrawer.h:24,
                 from /home/j/colcon_ws/ORB_SLAM3/include/Viewer.h:23,
                 from /home/j/colcon_ws/ORB_SLAM3/include/Tracking.h:26,
                 from /home/j/colcon_ws/ORB_SLAM3/include/System.h:31,
                 from /home/j/colcon_ws/src/orbslam3_ros2/src/rgbd/rgbd-slam-node.hpp:18,
                 from /home/j/colcon_ws/src/orbslam3_ros2/src/rgbd/rgbd-slam-node.cpp:1:
/usr/include/eigen3/Eigen/src/Core/util/Constants.h:167:37: note: declared here
  167 | EIGEN_DEPRECATED const unsigned int AlignedBit = 0x80;
      |                                     ^~~~~~~~~~
In file included from /home/j/colcon_ws/ORB_SLAM3/include/Atlas.h:26,
                 from /home/j/colcon_ws/ORB_SLAM3/include/FrameDrawer.h:25,
                 from /home/j/colcon_ws/ORB_SLAM3/include/Viewer.h:23,
                 from /home/j/colcon_ws/ORB_SLAM3/include/Tracking.h:26,
                 from /home/j/colcon_ws/ORB_SLAM3/include/System.h:31,
                 from /home/j/colcon_ws/src/orbslam3_ros2/src/stereo/stereo-slam-node.hpp:13,
                 from /home/j/colcon_ws/src/orbslam3_ros2/src/stereo/stereo-slam-node.cpp:1:
/home/j/colcon_ws/ORB_SLAM3/include/CameraModels/Pinhole.h: In member function ‘virtual bool ORB_SLAM3::Pinhole::matchAndtriangulate(const cv::KeyPoint&, const cv::KeyPoint&, ORB_SLAM3::GeometricCamera*, Sophus::SE3f&, Sophus::SE3f&, float, float, Eigen::Vector3f&)’:
/home/j/colcon_ws/ORB_SLAM3/include/CameraModels/Pinhole.h:83:54: warning: unused parameter ‘kp1’ [-Wunused-parameter]
   83 |         bool matchAndtriangulate(const cv::KeyPoint& kp1, const cv::KeyPoint& kp2, GeometricCamera* pOther,
      |                                  ~~~~~~~~~~~~~~~~~~~~^~~
/home/j/colcon_ws/ORB_SLAM3/include/CameraModels/Pinhole.h:83:79: warning: unused parameter ‘kp2’ [-Wunused-parameter]
   83 |         bool matchAndtriangulate(const cv::KeyPoint& kp1, const cv::KeyPoint& kp2, GeometricCamera* pOther,
      |                                                           ~~~~~~~~~~~~~~~~~~~~^~~
/home/j/colcon_ws/ORB_SLAM3/include/CameraModels/Pinhole.h:83:101: warning: unused parameter ‘pOther’ [-Wunused-parameter]
   83 |         bool matchAndtriangulate(const cv::KeyPoint& kp1, const cv::KeyPoint& kp2, GeometricCamera* pOther,
      |                                                                                    ~~~~~~~~~~~~~~~~~^~~~~~
/home/j/colcon_ws/ORB_SLAM3/include/CameraModels/Pinhole.h:84:48: warning: unused parameter ‘Tcw1’ [-Wunused-parameter]
   84 |                                  Sophus::SE3f& Tcw1, Sophus::SE3f& Tcw2,
      |                                  ~~~~~~~~~~~~~~^~~~
/home/j/colcon_ws/ORB_SLAM3/include/CameraModels/Pinhole.h:84:68: warning: unused parameter ‘Tcw2’ [-Wunused-parameter]
   84 |                                  Sophus::SE3f& Tcw1, Sophus::SE3f& Tcw2,
      |                                                      ~~~~~~~~~~~~~~^~~~
/home/j/colcon_ws/ORB_SLAM3/include/CameraModels/Pinhole.h:85:46: warning: unused parameter ‘sigmaLevel1’ [-Wunused-parameter]
   85 |                                  const float sigmaLevel1, const float sigmaLevel2,
      |                                  ~~~~~~~~~~~~^~~~~~~~~~~
/home/j/colcon_ws/ORB_SLAM3/include/CameraModels/Pinhole.h:85:71: warning: unused parameter ‘sigmaLevel2’ [-Wunused-parameter]
   85 |                                  const float sigmaLevel1, const float sigmaLevel2,
      |                                                           ~~~~~~~~~~~~^~~~~~~~~~~
/home/j/colcon_ws/ORB_SLAM3/include/CameraModels/Pinhole.h:86:51: warning: unused parameter ‘x3Dtriangulated’ [-Wunused-parameter]
   86 |                                  Eigen::Vector3f& x3Dtriangulated) { return false;}
      |                                  ~~~~~~~~~~~~~~~~~^~~~~~~~~~~~~~~
In file included from /home/j/colcon_ws/ORB_SLAM3/include/Atlas.h:27,
                 from /home/j/colcon_ws/ORB_SLAM3/include/FrameDrawer.h:25,
                 from /home/j/colcon_ws/ORB_SLAM3/include/Viewer.h:23,
                 from /home/j/colcon_ws/ORB_SLAM3/include/Tracking.h:26,
                 from /home/j/colcon_ws/ORB_SLAM3/include/System.h:31,
                 from /home/j/colcon_ws/src/orbslam3_ros2/src/stereo/stereo-slam-node.hpp:13,
                 from /home/j/colcon_ws/src/orbslam3_ros2/src/stereo/stereo-slam-node.cpp:1:
/home/j/colcon_ws/ORB_SLAM3/include/CameraModels/KannalaBrandt8.h: In constructor ‘ORB_SLAM3::KannalaBrandt8::KannalaBrandt8(std::vector<float>)’:
/home/j/colcon_ws/ORB_SLAM3/include/CameraModels/KannalaBrandt8.h:102:21: warning: ‘ORB_SLAM3::KannalaBrandt8::precision’ will be initialized after [-Wreorder]
  102 |         const float precision;
      |                     ^~~~~~~~~
/home/j/colcon_ws/ORB_SLAM3/include/CameraModels/KannalaBrandt8.h:88:26: warning:   ‘std::vector<int> ORB_SLAM3::KannalaBrandt8::mvLappingArea’ [-Wreorder]
   88 |         std::vector<int> mvLappingArea;
      |                          ^~~~~~~~~~~~~
In file included from /home/j/colcon_ws/ORB_SLAM3/include/Atlas.h:27,
                 from /home/j/colcon_ws/ORB_SLAM3/include/FrameDrawer.h:25,
                 from /home/j/colcon_ws/ORB_SLAM3/include/Viewer.h:23,
                 from /home/j/colcon_ws/ORB_SLAM3/include/Tracking.h:26,
                 from /home/j/colcon_ws/ORB_SLAM3/include/System.h:31,
                 from /home/j/colcon_ws/src/orbslam3_ros2/src/stereo/stereo-slam-node.hpp:13,
                 from /home/j/colcon_ws/src/orbslam3_ros2/src/stereo/stereo-slam-node.cpp:1:
/home/j/colcon_ws/ORB_SLAM3/include/CameraModels/KannalaBrandt8.h:47:9: warning:   when initialized here [-Wreorder]
   47 |         KannalaBrandt8(const std::vector<float> _vParameters) : GeometricCamera(_vParameters), precision(1e-6), mvLappingArea(2,0) ,tvr(nullptr) {
      |         ^~~~~~~~~~~~~~
In file included from /home/j/colcon_ws/ORB_SLAM3/include/Atlas.h:27,
                 from /home/j/colcon_ws/ORB_SLAM3/include/FrameDrawer.h:25,
                 from /home/j/colcon_ws/ORB_SLAM3/include/Viewer.h:23,
                 from /home/j/colcon_ws/ORB_SLAM3/include/Tracking.h:26,
                 from /home/j/colcon_ws/ORB_SLAM3/include/System.h:31,
                 from /home/j/colcon_ws/src/orbslam3_ros2/src/stereo/stereo-slam-node.hpp:13,
                 from /home/j/colcon_ws/src/orbslam3_ros2/src/stereo/stereo-slam-node.cpp:1:
/home/j/colcon_ws/ORB_SLAM3/include/CameraModels/KannalaBrandt8.h: In constructor ‘ORB_SLAM3::KannalaBrandt8::KannalaBrandt8(std::vector<float>, float)’:
/home/j/colcon_ws/ORB_SLAM3/include/CameraModels/KannalaBrandt8.h:102:21: warning: ‘ORB_SLAM3::KannalaBrandt8::precision’ will be initialized after [-Wreorder]
  102 |         const float precision;
      |                     ^~~~~~~~~
/home/j/colcon_ws/ORB_SLAM3/include/CameraModels/KannalaBrandt8.h:88:26: warning:   ‘std::vector<int> ORB_SLAM3::KannalaBrandt8::mvLappingArea’ [-Wreorder]
   88 |         std::vector<int> mvLappingArea;
      |                          ^~~~~~~~~~~~~
/home/j/colcon_ws/ORB_SLAM3/include/CameraModels/KannalaBrandt8.h:53:9: warning:   when initialized here [-Wreorder]
   53 |         KannalaBrandt8(const std::vector<float> _vParameters, const float _precision) : GeometricCamera(_vParameters),
      |         ^~~~~~~~~~~~~~
/home/j/colcon_ws/ORB_SLAM3/include/CameraModels/KannalaBrandt8.h: In constructor ‘ORB_SLAM3::KannalaBrandt8::KannalaBrandt8(ORB_SLAM3::KannalaBrandt8*)’:
/home/j/colcon_ws/ORB_SLAM3/include/CameraModels/KannalaBrandt8.h:102:21: warning: ‘ORB_SLAM3::KannalaBrandt8::precision’ will be initialized after [-Wreorder]
  102 |         const float precision;
      |                     ^~~~~~~~~
/home/j/colcon_ws/ORB_SLAM3/include/CameraModels/KannalaBrandt8.h:88:26: warning:   ‘std::vector<int> ORB_SLAM3::KannalaBrandt8::mvLappingArea’ [-Wreorder]
   88 |         std::vector<int> mvLappingArea;
      |                          ^~~~~~~~~~~~~
/home/j/colcon_ws/ORB_SLAM3/include/CameraModels/KannalaBrandt8.h:59:9: warning:   when initialized here [-Wreorder]
   59 |         KannalaBrandt8(KannalaBrandt8* pKannala) : GeometricCamera(pKannala->mvParameters), precision(pKannala->precision), mvLappingArea(2,0) ,tvr(nullptr) {
      |         ^~~~~~~~~~~~~~
In file included from /home/j/colcon_ws/ORB_SLAM3/include/Atlas.h:26,
                 from /home/j/colcon_ws/ORB_SLAM3/include/FrameDrawer.h:25,
                 from /home/j/colcon_ws/ORB_SLAM3/include/Viewer.h:23,
                 from /home/j/colcon_ws/ORB_SLAM3/include/Tracking.h:26,
                 from /home/j/colcon_ws/ORB_SLAM3/include/System.h:31,
                 from /home/j/colcon_ws/src/orbslam3_ros2/src/rgbd/rgbd-slam-node.hpp:18,
                 from /home/j/colcon_ws/src/orbslam3_ros2/src/rgbd/rgbd-slam-node.cpp:1:
/home/j/colcon_ws/ORB_SLAM3/include/CameraModels/Pinhole.h: In member function ‘virtual bool ORB_SLAM3::Pinhole::matchAndtriangulate(const cv::KeyPoint&, const cv::KeyPoint&, ORB_SLAM3::GeometricCamera*, Sophus::SE3f&, Sophus::SE3f&, float, float, Eigen::Vector3f&)’:
/home/j/colcon_ws/ORB_SLAM3/include/CameraModels/Pinhole.h:83:54: warning: unused parameter ‘kp1’ [-Wunused-parameter]
   83 |         bool matchAndtriangulate(const cv::KeyPoint& kp1, const cv::KeyPoint& kp2, GeometricCamera* pOther,
      |                                  ~~~~~~~~~~~~~~~~~~~~^~~
/home/j/colcon_ws/ORB_SLAM3/include/CameraModels/Pinhole.h:83:79: warning: unused parameter ‘kp2’ [-Wunused-parameter]
   83 |         bool matchAndtriangulate(const cv::KeyPoint& kp1, const cv::KeyPoint& kp2, GeometricCamera* pOther,
      |                                                           ~~~~~~~~~~~~~~~~~~~~^~~
/home/j/colcon_ws/ORB_SLAM3/include/CameraModels/Pinhole.h:83:101: warning: unused parameter ‘pOther’ [-Wunused-parameter]
   83 |         bool matchAndtriangulate(const cv::KeyPoint& kp1, const cv::KeyPoint& kp2, GeometricCamera* pOther,
      |                                                                                    ~~~~~~~~~~~~~~~~~^~~~~~
/home/j/colcon_ws/ORB_SLAM3/include/CameraModels/Pinhole.h:84:48: warning: unused parameter ‘Tcw1’ [-Wunused-parameter]
   84 |                                  Sophus::SE3f& Tcw1, Sophus::SE3f& Tcw2,
      |                                  ~~~~~~~~~~~~~~^~~~
/home/j/colcon_ws/ORB_SLAM3/include/CameraModels/Pinhole.h:84:68: warning: unused parameter ‘Tcw2’ [-Wunused-parameter]
   84 |                                  Sophus::SE3f& Tcw1, Sophus::SE3f& Tcw2,
      |                                                      ~~~~~~~~~~~~~~^~~~
/home/j/colcon_ws/ORB_SLAM3/include/CameraModels/Pinhole.h:85:46: warning: unused parameter ‘sigmaLevel1’ [-Wunused-parameter]
   85 |                                  const float sigmaLevel1, const float sigmaLevel2,
      |                                  ~~~~~~~~~~~~^~~~~~~~~~~
/home/j/colcon_ws/ORB_SLAM3/include/CameraModels/Pinhole.h:85:71: warning: unused parameter ‘sigmaLevel2’ [-Wunused-parameter]
   85 |                                  const float sigmaLevel1, const float sigmaLevel2,
      |                                                           ~~~~~~~~~~~~^~~~~~~~~~~
/home/j/colcon_ws/ORB_SLAM3/include/CameraModels/Pinhole.h:86:51: warning: unused parameter ‘x3Dtriangulated’ [-Wunused-parameter]
   86 |                                  Eigen::Vector3f& x3Dtriangulated) { return false;}
      |                                  ~~~~~~~~~~~~~~~~~^~~~~~~~~~~~~~~
In file included from /home/j/colcon_ws/ORB_SLAM3/include/Atlas.h:27,
                 from /home/j/colcon_ws/ORB_SLAM3/include/FrameDrawer.h:25,
                 from /home/j/colcon_ws/ORB_SLAM3/include/Viewer.h:23,
                 from /home/j/colcon_ws/ORB_SLAM3/include/Tracking.h:26,
                 from /home/j/colcon_ws/ORB_SLAM3/include/System.h:31,
                 from /home/j/colcon_ws/src/orbslam3_ros2/src/rgbd/rgbd-slam-node.hpp:18,
                 from /home/j/colcon_ws/src/orbslam3_ros2/src/rgbd/rgbd-slam-node.cpp:1:
/home/j/colcon_ws/ORB_SLAM3/include/CameraModels/KannalaBrandt8.h: In constructor ‘ORB_SLAM3::KannalaBrandt8::KannalaBrandt8(std::vector<float>)’:
/home/j/colcon_ws/ORB_SLAM3/include/CameraModels/KannalaBrandt8.h:102:21: warning: ‘ORB_SLAM3::KannalaBrandt8::precision’ will be initialized after [-Wreorder]
  102 |         const float precision;
      |                     ^~~~~~~~~
/home/j/colcon_ws/ORB_SLAM3/include/CameraModels/KannalaBrandt8.h:88:26: warning:   ‘std::vector<int> ORB_SLAM3::KannalaBrandt8::mvLappingArea’ [-Wreorder]
   88 |         std::vector<int> mvLappingArea;
      |                          ^~~~~~~~~~~~~
In file included from /home/j/colcon_ws/ORB_SLAM3/include/Atlas.h:27,
                 from /home/j/colcon_ws/ORB_SLAM3/include/FrameDrawer.h:25,
                 from /home/j/colcon_ws/ORB_SLAM3/include/Viewer.h:23,
                 from /home/j/colcon_ws/ORB_SLAM3/include/Tracking.h:26,
                 from /home/j/colcon_ws/ORB_SLAM3/include/System.h:31,
                 from /home/j/colcon_ws/src/orbslam3_ros2/src/rgbd/rgbd-slam-node.hpp:18,
                 from /home/j/colcon_ws/src/orbslam3_ros2/src/rgbd/rgbd-slam-node.cpp:1:
/home/j/colcon_ws/ORB_SLAM3/include/CameraModels/KannalaBrandt8.h:47:9: warning:   when initialized here [-Wreorder]
   47 |         KannalaBrandt8(const std::vector<float> _vParameters) : GeometricCamera(_vParameters), precision(1e-6), mvLappingArea(2,0) ,tvr(nullptr) {
      |         ^~~~~~~~~~~~~~
In file included from /home/j/colcon_ws/ORB_SLAM3/include/Atlas.h:27,
                 from /home/j/colcon_ws/ORB_SLAM3/include/FrameDrawer.h:25,
                 from /home/j/colcon_ws/ORB_SLAM3/include/Viewer.h:23,
                 from /home/j/colcon_ws/ORB_SLAM3/include/Tracking.h:26,
                 from /home/j/colcon_ws/ORB_SLAM3/include/System.h:31,
                 from /home/j/colcon_ws/src/orbslam3_ros2/src/rgbd/rgbd-slam-node.hpp:18,
                 from /home/j/colcon_ws/src/orbslam3_ros2/src/rgbd/rgbd-slam-node.cpp:1:
/home/j/colcon_ws/ORB_SLAM3/include/CameraModels/KannalaBrandt8.h: In constructor ‘ORB_SLAM3::KannalaBrandt8::KannalaBrandt8(std::vector<float>, float)’:
/home/j/colcon_ws/ORB_SLAM3/include/CameraModels/KannalaBrandt8.h:102:21: warning: ‘ORB_SLAM3::KannalaBrandt8::precision’ will be initialized after [-Wreorder]
  102 |         const float precision;
      |                     ^~~~~~~~~
/home/j/colcon_ws/ORB_SLAM3/include/CameraModels/KannalaBrandt8.h:88:26: warning:   ‘std::vector<int> ORB_SLAM3::KannalaBrandt8::mvLappingArea’ [-Wreorder]
   88 |         std::vector<int> mvLappingArea;
      |                          ^~~~~~~~~~~~~
/home/j/colcon_ws/ORB_SLAM3/include/CameraModels/KannalaBrandt8.h:53:9: warning:   when initialized here [-Wreorder]
   53 |         KannalaBrandt8(const std::vector<float> _vParameters, const float _precision) : GeometricCamera(_vParameters),
      |         ^~~~~~~~~~~~~~
/home/j/colcon_ws/ORB_SLAM3/include/CameraModels/KannalaBrandt8.h: In constructor ‘ORB_SLAM3::KannalaBrandt8::KannalaBrandt8(ORB_SLAM3::KannalaBrandt8*)’:
/home/j/colcon_ws/ORB_SLAM3/include/CameraModels/KannalaBrandt8.h:102:21: warning: ‘ORB_SLAM3::KannalaBrandt8::precision’ will be initialized after [-Wreorder]
  102 |         const float precision;
      |                     ^~~~~~~~~
/home/j/colcon_ws/ORB_SLAM3/include/CameraModels/KannalaBrandt8.h:88:26: warning:   ‘std::vector<int> ORB_SLAM3::KannalaBrandt8::mvLappingArea’ [-Wreorder]
   88 |         std::vector<int> mvLappingArea;
      |                          ^~~~~~~~~~~~~
/home/j/colcon_ws/ORB_SLAM3/include/CameraModels/KannalaBrandt8.h:59:9: warning:   when initialized here [-Wreorder]
   59 |         KannalaBrandt8(KannalaBrandt8* pKannala) : GeometricCamera(pKannala->mvParameters), precision(pKannala->precision), mvLappingArea(2,0) ,tvr(nullptr) {
      |         ^~~~~~~~~~~~~~
[ 75%] Linking CXX executable rgbd
[ 83%] Linking CXX executable stereo
[ 91%] Built target rgbd
[100%] Built target stereo
-- Install configuration: "Release"
-- Execute custom install script
-- Up-to-date symlink: /home/j/colcon_ws/install/orbslam3/lib/orbslam3/mono
-- Up-to-date symlink: /home/j/colcon_ws/install/orbslam3/lib/orbslam3/rgbd
-- Up-to-date symlink: /home/j/colcon_ws/install/orbslam3/lib/orbslam3/stereo
-- Up-to-date symlink: /home/j/colcon_ws/install/orbslam3/lib/orbslam3/stereo-inertial
-- Up-to-date symlink: /home/j/colcon_ws/install/orbslam3/share/ament_index/resource_index/package_run_dependencies/orbslam3
-- Up-to-date symlink: /home/j/colcon_ws/install/orbslam3/share/ament_index/resource_index/parent_prefix_path/orbslam3
-- Up-to-date symlink: /home/j/colcon_ws/install/orbslam3/share/orbslam3/environment/ament_prefix_path.sh
-- Up-to-date symlink: /home/j/colcon_ws/install/orbslam3/share/orbslam3/environment/ament_prefix_path.dsv
-- Up-to-date symlink: /home/j/colcon_ws/install/orbslam3/share/orbslam3/environment/path.sh
-- Up-to-date symlink: /home/j/colcon_ws/install/orbslam3/share/orbslam3/environment/path.dsv
-- Up-to-date symlink: /home/j/colcon_ws/install/orbslam3/share/orbslam3/local_setup.bash
-- Up-to-date symlink: /home/j/colcon_ws/install/orbslam3/share/orbslam3/local_setup.sh
-- Up-to-date symlink: /home/j/colcon_ws/install/orbslam3/share/orbslam3/local_setup.zsh
-- Up-to-date symlink: /home/j/colcon_ws/install/orbslam3/share/orbslam3/local_setup.dsv
-- Symlinking: /home/j/colcon_ws/install/orbslam3/share/orbslam3/package.dsv
-- Up-to-date symlink: /home/j/colcon_ws/install/orbslam3/share/ament_index/resource_index/packages/orbslam3
-- Up-to-date symlink: /home/j/colcon_ws/install/orbslam3/share/orbslam3/cmake/orbslam3Config.cmake
-- Up-to-date symlink: /home/j/colcon_ws/install/orbslam3/share/orbslam3/cmake/orbslam3Config-version.cmake
-- Up-to-date symlink: /home/j/colcon_ws/install/orbslam3/share/orbslam3/package.xml
