[0.009s] Invoking command in '/home/j/colcon_ws/build/orbslam3': CMAKE_PREFIX_PATH=/opt/ros/humble /usr/bin/cmake /home/j/colcon_ws/src/orbslam3_ros2 -DAMENT_CMAKE_SYMLINK_INSTALL=1 -DCMAKE_INSTALL_PREFIX=/home/j/colcon_ws/install/orbslam3
[0.031s] -- Found ament_cmake: 1.3.14 (/opt/ros/humble/share/ament_cmake/cmake)
[0.132s] -- Override CMake install command with custom implementation using symlinks instead of copying resources
[0.141s] -- Found rclcpp: 16.0.19 (/opt/ros/humble/share/rclcpp/cmake)
[0.175s] -- Found rosidl_generator_c: 3.1.8 (/opt/ros/humble/share/rosidl_generator_c/cmake)
[0.177s] -- Found rosidl_adapter: 3.1.8 (/opt/ros/humble/share/rosidl_adapter/cmake)
[0.181s] -- Found rosidl_generator_cpp: 3.1.8 (/opt/ros/humble/share/rosidl_generator_cpp/cmake)
[0.187s] -- Using all available rosidl_typesupport_c: rosidl_typesupport_fastrtps_c;rosidl_typesupport_introspection_c
[0.195s] -- Using all available rosidl_typesupport_cpp: rosidl_typesupport_fastrtps_cpp;rosidl_typesupport_introspection_cpp
[0.217s] -- Found rmw_implementation_cmake: 6.1.2 (/opt/ros/humble/share/rmw_implementation_cmake/cmake)
[0.218s] -- Found rmw_fastrtps_cpp: 6.2.10 (/opt/ros/humble/share/rmw_fastrtps_cpp/cmake)
[0.301s] -- Using RMW implementation 'rmw_fastrtps_cpp' as default
[0.339s] -- Found sensor_msgs: 4.9.1 (/opt/ros/humble/share/sensor_msgs/cmake)
[0.355s] -- Found cv_bridge: 3.2.1 (/opt/ros/humble/share/cv_bridge/cmake)
[0.361s] -- Found message_filters: 4.3.16 (/opt/ros/humble/share/message_filters/cmake)
[0.405s] -- Configuring done
[0.426s] -- Generating done
[0.433s] -- Build files have been written to: /home/j/colcon_ws/build/orbslam3
[0.437s] Invoked command in '/home/j/colcon_ws/build/orbslam3' returned '0': CMAKE_PREFIX_PATH=/opt/ros/humble /usr/bin/cmake /home/j/colcon_ws/src/orbslam3_ros2 -DAMENT_CMAKE_SYMLINK_INSTALL=1 -DCMAKE_INSTALL_PREFIX=/home/j/colcon_ws/install/orbslam3
[0.438s] Invoking command in '/home/j/colcon_ws/build/orbslam3': CMAKE_PREFIX_PATH=/opt/ros/humble /usr/bin/cmake --build /home/j/colcon_ws/build/orbslam3 -- -j24 -l24
[0.491s] Consolidate compiler generated dependencies of target rgbd
[0.491s] Consolidate compiler generated dependencies of target mono
[0.492s] Consolidate compiler generated dependencies of target stereo-inertial
[0.492s] Consolidate compiler generated dependencies of target stereo
[0.505s] [  8%] Building CXX object CMakeFiles/stereo.dir/src/stereo/stereo-slam-node.cpp.o
[0.505s] [ 16%] Building CXX object CMakeFiles/rgbd.dir/src/rgbd/rgbd-slam-node.cpp.o
[0.506s] [ 41%] Built target mono
[0.507s] [ 66%] Built target stereo-inertial
[2.889s] In file included from /home/j/colcon_ws/ORB_SLAM3/include/Frame.h:30,
[2.889s]                  from /home/j/colcon_ws/ORB_SLAM3/include/KeyFrame.h:28,
[2.889s]                  from /home/j/colcon_ws/ORB_SLAM3/include/MapPoint.h:23,
[2.889s]                  from /home/j/colcon_ws/ORB_SLAM3/include/FrameDrawer.h:24,
[2.889s]                  from /home/j/colcon_ws/ORB_SLAM3/include/Viewer.h:23,
[2.889s]                  from /home/j/colcon_ws/ORB_SLAM3/include/Tracking.h:26,
[2.889s]                  from /home/j/colcon_ws/ORB_SLAM3/include/System.h:31,
[2.889s]                  from /home/j/colcon_ws/src/orbslam3_ros2/src/stereo/stereo-slam-node.hpp:13,
[2.889s]                  from /home/j/colcon_ws/src/orbslam3_ros2/src/stereo/stereo-slam-node.cpp:1:
[2.889s] /home/j/colcon_ws/ORB_SLAM3/include/ImuTypes.h: In member function ‘void ORB_SLAM3::IMU::Preintegrated::printMeasurements() const’:
[2.889s] /home/j/colcon_ws/ORB_SLAM3/include/ImuTypes.h:204:23: warning: comparison of integer expressions of different signedness: ‘int’ and ‘std::vector<ORB_SLAM3::IMU::Preintegrated::integrable>::size_type’ {aka ‘long unsigned int’} [-Wsign-compare]
[2.889s]   204 |         for(int i=0; i<mvMeasurements.size(); i++){
[2.889s]       |                      ~^~~~~~~~~~~~~~~~~~~~~~
[2.889s] In file included from /home/j/colcon_ws/ORB_SLAM3/include/Frame.h:30,
[2.889s]                  from /home/j/colcon_ws/ORB_SLAM3/include/KeyFrame.h:28,
[2.889s]                  from /home/j/colcon_ws/ORB_SLAM3/include/MapPoint.h:23,
[2.889s]                  from /home/j/colcon_ws/ORB_SLAM3/include/FrameDrawer.h:24,
[2.889s]                  from /home/j/colcon_ws/ORB_SLAM3/include/Viewer.h:23,
[2.889s]                  from /home/j/colcon_ws/ORB_SLAM3/include/Tracking.h:26,
[2.889s]                  from /home/j/colcon_ws/ORB_SLAM3/include/System.h:31,
[2.889s]                  from /home/j/colcon_ws/src/orbslam3_ros2/src/rgbd/rgbd-slam-node.hpp:18,
[2.889s]                  from /home/j/colcon_ws/src/orbslam3_ros2/src/rgbd/rgbd-slam-node.cpp:1:
[2.889s] /home/j/colcon_ws/ORB_SLAM3/include/ImuTypes.h: In member function ‘void ORB_SLAM3::IMU::Preintegrated::printMeasurements() const’:
[2.889s] /home/j/colcon_ws/ORB_SLAM3/include/ImuTypes.h:204:23: warning: comparison of integer expressions of different signedness: ‘int’ and ‘std::vector<ORB_SLAM3::IMU::Preintegrated::integrable>::size_type’ {aka ‘long unsigned int’} [-Wsign-compare]
[2.890s]   204 |         for(int i=0; i<mvMeasurements.size(); i++){
[2.890s]       |                      ~^~~~~~~~~~~~~~~~~~~~~~
[2.934s] In file included from /home/j/colcon_ws/ORB_SLAM3/Thirdparty/g2o/g2o/types/types_six_dof_expmap.h:37,
[2.934s]                  from /home/j/colcon_ws/ORB_SLAM3/include/Converter.h:26,
[2.934s]                  from /home/j/colcon_ws/ORB_SLAM3/include/Frame.h:33,
[2.934s]                  from /home/j/colcon_ws/ORB_SLAM3/include/KeyFrame.h:28,
[2.934s]                  from /home/j/colcon_ws/ORB_SLAM3/include/MapPoint.h:23,
[2.934s]                  from /home/j/colcon_ws/ORB_SLAM3/include/FrameDrawer.h:24,
[2.934s]                  from /home/j/colcon_ws/ORB_SLAM3/include/Viewer.h:23,
[2.934s]                  from /home/j/colcon_ws/ORB_SLAM3/include/Tracking.h:26,
[2.934s]                  from /home/j/colcon_ws/ORB_SLAM3/include/System.h:31,
[2.934s]                  from /home/j/colcon_ws/src/orbslam3_ros2/src/stereo/stereo-slam-node.hpp:13,
[2.934s]                  from /home/j/colcon_ws/src/orbslam3_ros2/src/stereo/stereo-slam-node.cpp:1:
[2.934s] /home/j/colcon_ws/ORB_SLAM3/Thirdparty/g2o/g2o/types/../core/base_vertex.h: At global scope:
[2.934s] /home/j/colcon_ws/ORB_SLAM3/Thirdparty/g2o/g2o/types/../core/base_vertex.h:62:74: warning: ‘Eigen::AlignedBit’ is deprecated [-Wdeprecated-declarations]
[2.934s]    62 |     typedef Eigen::Map<Matrix<double, D, D>, Matrix<double,D,D>::Flags & AlignedBit ? Aligned : Unaligned >  HessianBlockType;
[2.934s]       |                                                                          ^~~~~~~~~~
[2.934s] In file included from /home/j/colcon_ws/ORB_SLAM3/Thirdparty/g2o/g2o/types/types_six_dof_expmap.h:37,
[2.934s]                  from /home/j/colcon_ws/ORB_SLAM3/include/Converter.h:26,
[2.934s]                  from /home/j/colcon_ws/ORB_SLAM3/include/Frame.h:33,
[2.934s]                  from /home/j/colcon_ws/ORB_SLAM3/include/KeyFrame.h:28,
[2.934s]                  from /home/j/colcon_ws/ORB_SLAM3/include/MapPoint.h:23,
[2.934s]                  from /home/j/colcon_ws/ORB_SLAM3/include/FrameDrawer.h:24,
[2.934s]                  from /home/j/colcon_ws/ORB_SLAM3/include/Viewer.h:23,
[2.934s]                  from /home/j/colcon_ws/ORB_SLAM3/include/Tracking.h:26,
[2.934s]                  from /home/j/colcon_ws/ORB_SLAM3/include/System.h:31,
[2.934s]                  from /home/j/colcon_ws/src/orbslam3_ros2/src/rgbd/rgbd-slam-node.hpp:18,
[2.934s]                  from /home/j/colcon_ws/src/orbslam3_ros2/src/rgbd/rgbd-slam-node.cpp:1:
[2.934s] /home/j/colcon_ws/ORB_SLAM3/Thirdparty/g2o/g2o/types/../core/base_vertex.h: At global scope:
[2.934s] /home/j/colcon_ws/ORB_SLAM3/Thirdparty/g2o/g2o/types/../core/base_vertex.h:62:74: warning: ‘Eigen::AlignedBit’ is deprecated [-Wdeprecated-declarations]
[2.934s]    62 |     typedef Eigen::Map<Matrix<double, D, D>, Matrix<double,D,D>::Flags & AlignedBit ? Aligned : Unaligned >  HessianBlockType;
[2.934s]       |                                                                          ^~~~~~~~~~
[2.935s] In file included from /usr/include/eigen3/Eigen/Core:161,
[2.935s]                  from /usr/include/eigen3/Eigen/LU:11,
[2.935s]                  from /home/j/colcon_ws/ORB_SLAM3/Thirdparty/Sophus/sophus/so2.hpp:12,
[2.935s]                  from /home/j/colcon_ws/ORB_SLAM3/Thirdparty/Sophus/sophus/se2.hpp:7,
[2.935s]                  from /home/j/colcon_ws/ORB_SLAM3/Thirdparty/Sophus/sophus/geometry.hpp:7,
[2.935s]                  from /home/j/colcon_ws/ORB_SLAM3/include/Frame.h:28,
[2.935s]                  from /home/j/colcon_ws/ORB_SLAM3/include/KeyFrame.h:28,
[2.935s]                  from /home/j/colcon_ws/ORB_SLAM3/include/MapPoint.h:23,
[2.935s]                  from /home/j/colcon_ws/ORB_SLAM3/include/FrameDrawer.h:24,
[2.935s]                  from /home/j/colcon_ws/ORB_SLAM3/include/Viewer.h:23,
[2.935s]                  from /home/j/colcon_ws/ORB_SLAM3/include/Tracking.h:26,
[2.935s]                  from /home/j/colcon_ws/ORB_SLAM3/include/System.h:31,
[2.935s]                  from /home/j/colcon_ws/src/orbslam3_ros2/src/rgbd/rgbd-slam-node.hpp:18,
[2.935s]                  from /home/j/colcon_ws/src/orbslam3_ros2/src/rgbd/rgbd-slam-node.cpp:1:
[2.935s] /usr/include/eigen3/Eigen/src/Core/util/Constants.h:167:37: note: declared here
[2.935s]   167 | EIGEN_DEPRECATED const unsigned int AlignedBit = 0x80;
[2.935s]       |                                     ^~~~~~~~~~
[2.935s] In file included from /usr/include/eigen3/Eigen/Core:161,
[2.935s]                  from /usr/include/eigen3/Eigen/LU:11,
[2.935s]                  from /home/j/colcon_ws/ORB_SLAM3/Thirdparty/Sophus/sophus/so2.hpp:12,
[2.935s]                  from /home/j/colcon_ws/ORB_SLAM3/Thirdparty/Sophus/sophus/se2.hpp:7,
[2.935s]                  from /home/j/colcon_ws/ORB_SLAM3/Thirdparty/Sophus/sophus/geometry.hpp:7,
[2.935s]                  from /home/j/colcon_ws/ORB_SLAM3/include/Frame.h:28,
[2.935s]                  from /home/j/colcon_ws/ORB_SLAM3/include/KeyFrame.h:28,
[2.935s]                  from /home/j/colcon_ws/ORB_SLAM3/include/MapPoint.h:23,
[2.935s]                  from /home/j/colcon_ws/ORB_SLAM3/include/FrameDrawer.h:24,
[2.935s]                  from /home/j/colcon_ws/ORB_SLAM3/include/Viewer.h:23,
[2.935s]                  from /home/j/colcon_ws/ORB_SLAM3/include/Tracking.h:26,
[2.935s]                  from /home/j/colcon_ws/ORB_SLAM3/include/System.h:31,
[2.935s]                  from /home/j/colcon_ws/src/orbslam3_ros2/src/stereo/stereo-slam-node.hpp:13,
[2.935s]                  from /home/j/colcon_ws/src/orbslam3_ros2/src/stereo/stereo-slam-node.cpp:1:
[2.935s] /usr/include/eigen3/Eigen/src/Core/util/Constants.h:167:37: note: declared here
[2.936s]   167 | EIGEN_DEPRECATED const unsigned int AlignedBit = 0x80;
[2.936s]       |                                     ^~~~~~~~~~
[2.946s] In file included from /home/j/colcon_ws/ORB_SLAM3/Thirdparty/g2o/g2o/types/types_six_dof_expmap.h:38,
[2.946s]                  from /home/j/colcon_ws/ORB_SLAM3/include/Converter.h:26,
[2.946s]                  from /home/j/colcon_ws/ORB_SLAM3/include/Frame.h:33,
[2.946s]                  from /home/j/colcon_ws/ORB_SLAM3/include/KeyFrame.h:28,
[2.946s]                  from /home/j/colcon_ws/ORB_SLAM3/include/MapPoint.h:23,
[2.946s]                  from /home/j/colcon_ws/ORB_SLAM3/include/FrameDrawer.h:24,
[2.946s]                  from /home/j/colcon_ws/ORB_SLAM3/include/Viewer.h:23,
[2.946s]                  from /home/j/colcon_ws/ORB_SLAM3/include/Tracking.h:26,
[2.946s]                  from /home/j/colcon_ws/ORB_SLAM3/include/System.h:31,
[2.946s]                  from /home/j/colcon_ws/src/orbslam3_ros2/src/stereo/stereo-slam-node.hpp:13,
[2.946s]                  from /home/j/colcon_ws/src/orbslam3_ros2/src/stereo/stereo-slam-node.cpp:1:
[2.947s] /home/j/colcon_ws/ORB_SLAM3/Thirdparty/g2o/g2o/types/../core/base_binary_edge.h:59:82: warning: ‘Eigen::AlignedBit’ is deprecated [-Wdeprecated-declarations]
[2.947s]    59 |       typedef Eigen::Map<Matrix<double, Di, Dj>, Matrix<double, Di, Dj>::Flags & AlignedBit ? Aligned : Unaligned > HessianBlockType;
[2.947s]       |                                                                                  ^~~~~~~~~~
[2.947s] In file included from /home/j/colcon_ws/ORB_SLAM3/Thirdparty/g2o/g2o/types/types_six_dof_expmap.h:38,
[2.947s]                  from /home/j/colcon_ws/ORB_SLAM3/include/Converter.h:26,
[2.947s]                  from /home/j/colcon_ws/ORB_SLAM3/include/Frame.h:33,
[2.947s]                  from /home/j/colcon_ws/ORB_SLAM3/include/KeyFrame.h:28,
[2.947s]                  from /home/j/colcon_ws/ORB_SLAM3/include/MapPoint.h:23,
[2.947s]                  from /home/j/colcon_ws/ORB_SLAM3/include/FrameDrawer.h:24,
[2.947s]                  from /home/j/colcon_ws/ORB_SLAM3/include/Viewer.h:23,
[2.947s]                  from /home/j/colcon_ws/ORB_SLAM3/include/Tracking.h:26,
[2.947s]                  from /home/j/colcon_ws/ORB_SLAM3/include/System.h:31,
[2.947s]                  from /home/j/colcon_ws/src/orbslam3_ros2/src/rgbd/rgbd-slam-node.hpp:18,
[2.947s]                  from /home/j/colcon_ws/src/orbslam3_ros2/src/rgbd/rgbd-slam-node.cpp:1:
[2.947s] /home/j/colcon_ws/ORB_SLAM3/Thirdparty/g2o/g2o/types/../core/base_binary_edge.h:59:82: warning: ‘Eigen::AlignedBit’ is deprecated [-Wdeprecated-declarations]
[2.947s]    59 |       typedef Eigen::Map<Matrix<double, Di, Dj>, Matrix<double, Di, Dj>::Flags & AlignedBit ? Aligned : Unaligned > HessianBlockType;
[2.947s]       |                                                                                  ^~~~~~~~~~
[2.947s] In file included from /usr/include/eigen3/Eigen/Core:161,
[2.947s]                  from /usr/include/eigen3/Eigen/LU:11,
[2.947s]                  from /home/j/colcon_ws/ORB_SLAM3/Thirdparty/Sophus/sophus/so2.hpp:12,
[2.947s]                  from /home/j/colcon_ws/ORB_SLAM3/Thirdparty/Sophus/sophus/se2.hpp:7,
[2.947s]                  from /home/j/colcon_ws/ORB_SLAM3/Thirdparty/Sophus/sophus/geometry.hpp:7,
[2.947s]                  from /home/j/colcon_ws/ORB_SLAM3/include/Frame.h:28,
[2.947s]                  from /home/j/colcon_ws/ORB_SLAM3/include/KeyFrame.h:28,
[2.947s]                  from /home/j/colcon_ws/ORB_SLAM3/include/MapPoint.h:23,
[2.947s]                  from /home/j/colcon_ws/ORB_SLAM3/include/FrameDrawer.h:24,
[2.947s]                  from /home/j/colcon_ws/ORB_SLAM3/include/Viewer.h:23,
[2.947s]                  from /home/j/colcon_ws/ORB_SLAM3/include/Tracking.h:26,
[2.947s]                  from /home/j/colcon_ws/ORB_SLAM3/include/System.h:31,
[2.947s]                  from /home/j/colcon_ws/src/orbslam3_ros2/src/stereo/stereo-slam-node.hpp:13,
[2.947s]                  from /home/j/colcon_ws/src/orbslam3_ros2/src/stereo/stereo-slam-node.cpp:1:
[2.947s] /usr/include/eigen3/Eigen/src/Core/util/Constants.h:167:37: note: declared here
[2.947s]   167 | EIGEN_DEPRECATED const unsigned int AlignedBit = 0x80;
[2.947s]       |                                     ^~~~~~~~~~
[2.947s] In file included from /usr/include/eigen3/Eigen/Core:161,
[2.947s]                  from /usr/include/eigen3/Eigen/LU:11,
[2.947s]                  from /home/j/colcon_ws/ORB_SLAM3/Thirdparty/Sophus/sophus/so2.hpp:12,
[2.947s]                  from /home/j/colcon_ws/ORB_SLAM3/Thirdparty/Sophus/sophus/se2.hpp:7,
[2.947s]                  from /home/j/colcon_ws/ORB_SLAM3/Thirdparty/Sophus/sophus/geometry.hpp:7,
[2.947s]                  from /home/j/colcon_ws/ORB_SLAM3/include/Frame.h:28,
[2.947s]                  from /home/j/colcon_ws/ORB_SLAM3/include/KeyFrame.h:28,
[2.947s]                  from /home/j/colcon_ws/ORB_SLAM3/include/MapPoint.h:23,
[2.947s]                  from /home/j/colcon_ws/ORB_SLAM3/include/FrameDrawer.h:24,
[2.947s]                  from /home/j/colcon_ws/ORB_SLAM3/include/Viewer.h:23,
[2.947s]                  from /home/j/colcon_ws/ORB_SLAM3/include/Tracking.h:26,
[2.947s]                  from /home/j/colcon_ws/ORB_SLAM3/include/System.h:31,
[2.948s]                  from /home/j/colcon_ws/src/orbslam3_ros2/src/rgbd/rgbd-slam-node.hpp:18,
[2.948s]                  from /home/j/colcon_ws/src/orbslam3_ros2/src/rgbd/rgbd-slam-node.cpp:1:
[2.948s] /usr/include/eigen3/Eigen/src/Core/util/Constants.h:167:37: note: declared here
[2.948s]   167 | EIGEN_DEPRECATED const unsigned int AlignedBit = 0x80;
[2.948s]       |                                     ^~~~~~~~~~
[2.948s] In file included from /home/j/colcon_ws/ORB_SLAM3/Thirdparty/g2o/g2o/types/types_six_dof_expmap.h:38,
[2.948s]                  from /home/j/colcon_ws/ORB_SLAM3/include/Converter.h:26,
[2.948s]                  from /home/j/colcon_ws/ORB_SLAM3/include/Frame.h:33,
[2.948s]                  from /home/j/colcon_ws/ORB_SLAM3/include/KeyFrame.h:28,
[2.948s]                  from /home/j/colcon_ws/ORB_SLAM3/include/MapPoint.h:23,
[2.948s]                  from /home/j/colcon_ws/ORB_SLAM3/include/FrameDrawer.h:24,
[2.948s]                  from /home/j/colcon_ws/ORB_SLAM3/include/Viewer.h:23,
[2.948s]                  from /home/j/colcon_ws/ORB_SLAM3/include/Tracking.h:26,
[2.948s]                  from /home/j/colcon_ws/ORB_SLAM3/include/System.h:31,
[2.948s]                  from /home/j/colcon_ws/src/orbslam3_ros2/src/stereo/stereo-slam-node.hpp:13,
[2.948s]                  from /home/j/colcon_ws/src/orbslam3_ros2/src/stereo/stereo-slam-node.cpp:1:
[2.948s] /home/j/colcon_ws/ORB_SLAM3/Thirdparty/g2o/g2o/types/../core/base_binary_edge.h:60:82: warning: ‘Eigen::AlignedBit’ is deprecated [-Wdeprecated-declarations]
[2.948s]    60 |       typedef Eigen::Map<Matrix<double, Dj, Di>, Matrix<double, Dj, Di>::Flags & AlignedBit ? Aligned : Unaligned > HessianBlockTransposedType;
[2.948s]       |                                                                                  ^~~~~~~~~~
[2.948s] In file included from /home/j/colcon_ws/ORB_SLAM3/Thirdparty/g2o/g2o/types/types_six_dof_expmap.h:38,
[2.948s]                  from /home/j/colcon_ws/ORB_SLAM3/include/Converter.h:26,
[2.948s]                  from /home/j/colcon_ws/ORB_SLAM3/include/Frame.h:33,
[2.948s]                  from /home/j/colcon_ws/ORB_SLAM3/include/KeyFrame.h:28,
[2.948s]                  from /home/j/colcon_ws/ORB_SLAM3/include/MapPoint.h:23,
[2.948s]                  from /home/j/colcon_ws/ORB_SLAM3/include/FrameDrawer.h:24,
[2.948s]                  from /home/j/colcon_ws/ORB_SLAM3/include/Viewer.h:23,
[2.948s]                  from /home/j/colcon_ws/ORB_SLAM3/include/Tracking.h:26,
[2.948s]                  from /home/j/colcon_ws/ORB_SLAM3/include/System.h:31,
[2.948s]                  from /home/j/colcon_ws/src/orbslam3_ros2/src/rgbd/rgbd-slam-node.hpp:18,
[2.948s]                  from /home/j/colcon_ws/src/orbslam3_ros2/src/rgbd/rgbd-slam-node.cpp:1:
[2.948s] /home/j/colcon_ws/ORB_SLAM3/Thirdparty/g2o/g2o/types/../core/base_binary_edge.h:60:82: warning: ‘Eigen::AlignedBit’ is deprecated [-Wdeprecated-declarations]
[2.948s]    60 |       typedef Eigen::Map<Matrix<double, Dj, Di>, Matrix<double, Dj, Di>::Flags & AlignedBit ? Aligned : Unaligned > HessianBlockTransposedType;
[2.948s]       |                                                                                  ^~~~~~~~~~
[2.948s] In file included from /usr/include/eigen3/Eigen/Core:161,
[2.948s]                  from /usr/include/eigen3/Eigen/LU:11,
[2.948s]                  from /home/j/colcon_ws/ORB_SLAM3/Thirdparty/Sophus/sophus/so2.hpp:12,
[2.948s]                  from /home/j/colcon_ws/ORB_SLAM3/Thirdparty/Sophus/sophus/se2.hpp:7,
[2.948s]                  from /home/j/colcon_ws/ORB_SLAM3/Thirdparty/Sophus/sophus/geometry.hpp:7,
[2.948s]                  from /home/j/colcon_ws/ORB_SLAM3/include/Frame.h:28,
[2.948s]                  from /home/j/colcon_ws/ORB_SLAM3/include/KeyFrame.h:28,
[2.948s]                  from /home/j/colcon_ws/ORB_SLAM3/include/MapPoint.h:23,
[2.948s]                  from /home/j/colcon_ws/ORB_SLAM3/include/FrameDrawer.h:24,
[2.948s]                  from /home/j/colcon_ws/ORB_SLAM3/include/Viewer.h:23,
[2.948s]                  from /home/j/colcon_ws/ORB_SLAM3/include/Tracking.h:26,
[2.948s]                  from /home/j/colcon_ws/ORB_SLAM3/include/System.h:31,
[2.948s]                  from /home/j/colcon_ws/src/orbslam3_ros2/src/stereo/stereo-slam-node.hpp:13,
[2.948s]                  from /home/j/colcon_ws/src/orbslam3_ros2/src/stereo/stereo-slam-node.cpp:1:
[2.948s] /usr/include/eigen3/Eigen/src/Core/util/Constants.h:167:37: note: declared here
[2.949s]   167 | EIGEN_DEPRECATED const unsigned int AlignedBit = 0x80;
[2.949s]       |                                     ^~~~~~~~~~
[2.949s] In file included from /usr/include/eigen3/Eigen/Core:161,
[2.949s]                  from /usr/include/eigen3/Eigen/LU:11,
[2.949s]                  from /home/j/colcon_ws/ORB_SLAM3/Thirdparty/Sophus/sophus/so2.hpp:12,
[2.949s]                  from /home/j/colcon_ws/ORB_SLAM3/Thirdparty/Sophus/sophus/se2.hpp:7,
[2.949s]                  from /home/j/colcon_ws/ORB_SLAM3/Thirdparty/Sophus/sophus/geometry.hpp:7,
[2.949s]                  from /home/j/colcon_ws/ORB_SLAM3/include/Frame.h:28,
[2.949s]                  from /home/j/colcon_ws/ORB_SLAM3/include/KeyFrame.h:28,
[2.949s]                  from /home/j/colcon_ws/ORB_SLAM3/include/MapPoint.h:23,
[2.949s]                  from /home/j/colcon_ws/ORB_SLAM3/include/FrameDrawer.h:24,
[2.949s]                  from /home/j/colcon_ws/ORB_SLAM3/include/Viewer.h:23,
[2.949s]                  from /home/j/colcon_ws/ORB_SLAM3/include/Tracking.h:26,
[2.949s]                  from /home/j/colcon_ws/ORB_SLAM3/include/System.h:31,
[2.949s]                  from /home/j/colcon_ws/src/orbslam3_ros2/src/rgbd/rgbd-slam-node.hpp:18,
[2.949s]                  from /home/j/colcon_ws/src/orbslam3_ros2/src/rgbd/rgbd-slam-node.cpp:1:
[2.949s] /usr/include/eigen3/Eigen/src/Core/util/Constants.h:167:37: note: declared here
[2.949s]   167 | EIGEN_DEPRECATED const unsigned int AlignedBit = 0x80;
[2.949s]       |                                     ^~~~~~~~~~
[2.969s] In file included from /home/j/colcon_ws/ORB_SLAM3/Thirdparty/g2o/g2o/types/types_six_dof_expmap.h:41,
[2.969s]                  from /home/j/colcon_ws/ORB_SLAM3/include/Converter.h:26,
[2.969s]                  from /home/j/colcon_ws/ORB_SLAM3/include/Frame.h:33,
[2.969s]                  from /home/j/colcon_ws/ORB_SLAM3/include/KeyFrame.h:28,
[2.969s]                  from /home/j/colcon_ws/ORB_SLAM3/include/MapPoint.h:23,
[2.969s]                  from /home/j/colcon_ws/ORB_SLAM3/include/FrameDrawer.h:24,
[2.969s]                  from /home/j/colcon_ws/ORB_SLAM3/include/Viewer.h:23,
[2.969s]                  from /home/j/colcon_ws/ORB_SLAM3/include/Tracking.h:26,
[2.969s]                  from /home/j/colcon_ws/ORB_SLAM3/include/System.h:31,
[2.969s]                  from /home/j/colcon_ws/src/orbslam3_ros2/src/rgbd/rgbd-slam-node.hpp:18,
[2.969s]                  from /home/j/colcon_ws/src/orbslam3_ros2/src/rgbd/rgbd-slam-node.cpp:1:
[2.969s] /home/j/colcon_ws/ORB_SLAM3/Thirdparty/g2o/g2o/types/se3quat.h:43:38: warning: extra ‘;’ [-Wpedantic]
[2.969s]    43 |       EIGEN_MAKE_ALIGNED_OPERATOR_NEW;
[2.969s]       |                                      ^
[2.969s]       |                                      -
[2.969s] In file included from /home/j/colcon_ws/ORB_SLAM3/Thirdparty/g2o/g2o/types/types_six_dof_expmap.h:41,
[2.969s]                  from /home/j/colcon_ws/ORB_SLAM3/include/Converter.h:26,
[2.969s]                  from /home/j/colcon_ws/ORB_SLAM3/include/Frame.h:33,
[2.969s]                  from /home/j/colcon_ws/ORB_SLAM3/include/KeyFrame.h:28,
[2.970s]                  from /home/j/colcon_ws/ORB_SLAM3/include/MapPoint.h:23,
[2.970s]                  from /home/j/colcon_ws/ORB_SLAM3/include/FrameDrawer.h:24,
[2.970s]                  from /home/j/colcon_ws/ORB_SLAM3/include/Viewer.h:23,
[2.970s]                  from /home/j/colcon_ws/ORB_SLAM3/include/Tracking.h:26,
[2.970s]                  from /home/j/colcon_ws/ORB_SLAM3/include/System.h:31,
[2.970s]                  from /home/j/colcon_ws/src/orbslam3_ros2/src/stereo/stereo-slam-node.hpp:13,
[2.970s]                  from /home/j/colcon_ws/src/orbslam3_ros2/src/stereo/stereo-slam-node.cpp:1:
[2.970s] /home/j/colcon_ws/ORB_SLAM3/Thirdparty/g2o/g2o/types/se3quat.h:43:38: warning: extra ‘;’ [-Wpedantic]
[2.970s]    43 |       EIGEN_MAKE_ALIGNED_OPERATOR_NEW;
[2.970s]       |                                      ^
[2.970s]       |                                      -
[3.150s] In file included from /home/j/colcon_ws/ORB_SLAM3/Thirdparty/g2o/g2o/types/types_six_dof_expmap.h:37,
[3.150s]                  from /home/j/colcon_ws/ORB_SLAM3/include/Converter.h:26,
[3.150s]                  from /home/j/colcon_ws/ORB_SLAM3/include/Frame.h:33,
[3.150s]                  from /home/j/colcon_ws/ORB_SLAM3/include/KeyFrame.h:28,
[3.150s]                  from /home/j/colcon_ws/ORB_SLAM3/include/MapPoint.h:23,
[3.150s]                  from /home/j/colcon_ws/ORB_SLAM3/include/FrameDrawer.h:24,
[3.150s]                  from /home/j/colcon_ws/ORB_SLAM3/include/Viewer.h:23,
[3.150s]                  from /home/j/colcon_ws/ORB_SLAM3/include/Tracking.h:26,
[3.150s]                  from /home/j/colcon_ws/ORB_SLAM3/include/System.h:31,
[3.150s]                  from /home/j/colcon_ws/src/orbslam3_ros2/src/stereo/stereo-slam-node.hpp:13,
[3.150s]                  from /home/j/colcon_ws/src/orbslam3_ros2/src/stereo/stereo-slam-node.cpp:1:
[3.151s] /home/j/colcon_ws/ORB_SLAM3/Thirdparty/g2o/g2o/types/../core/base_vertex.h: In instantiation of ‘class g2o::BaseVertex<3, Eigen::Matrix<double, 3, 1> >’:
[3.151s] /home/j/colcon_ws/ORB_SLAM3/Thirdparty/g2o/g2o/types/types_sba.h:40:35:   required from here
[3.151s] /home/j/colcon_ws/ORB_SLAM3/Thirdparty/g2o/g2o/types/../core/base_vertex.h:62:72: warning: ‘Eigen::AlignedBit’ is deprecated [-Wdeprecated-declarations]
[3.151s]    62 |     typedef Eigen::Map<Matrix<double, D, D>, Matrix<double,D,D>::Flags & AlignedBit ? Aligned : Unaligned >  HessianBlockType;
[3.151s]       |                                                                  ~~~~~~^~~~~~~~~~~~
[3.151s] In file included from /usr/include/eigen3/Eigen/Core:161,
[3.151s]                  from /usr/include/eigen3/Eigen/LU:11,
[3.151s]                  from /home/j/colcon_ws/ORB_SLAM3/Thirdparty/Sophus/sophus/so2.hpp:12,
[3.151s]                  from /home/j/colcon_ws/ORB_SLAM3/Thirdparty/Sophus/sophus/se2.hpp:7,
[3.151s]                  from /home/j/colcon_ws/ORB_SLAM3/Thirdparty/Sophus/sophus/geometry.hpp:7,
[3.151s]                  from /home/j/colcon_ws/ORB_SLAM3/include/Frame.h:28,
[3.151s]                  from /home/j/colcon_ws/ORB_SLAM3/include/KeyFrame.h:28,
[3.151s]                  from /home/j/colcon_ws/ORB_SLAM3/include/MapPoint.h:23,
[3.151s]                  from /home/j/colcon_ws/ORB_SLAM3/include/FrameDrawer.h:24,
[3.151s]                  from /home/j/colcon_ws/ORB_SLAM3/include/Viewer.h:23,
[3.151s]                  from /home/j/colcon_ws/ORB_SLAM3/include/Tracking.h:26,
[3.151s]                  from /home/j/colcon_ws/ORB_SLAM3/include/System.h:31,
[3.151s]                  from /home/j/colcon_ws/src/orbslam3_ros2/src/stereo/stereo-slam-node.hpp:13,
[3.151s]                  from /home/j/colcon_ws/src/orbslam3_ros2/src/stereo/stereo-slam-node.cpp:1:
[3.151s] /usr/include/eigen3/Eigen/src/Core/util/Constants.h:167:37: note: declared here
[3.151s]   167 | EIGEN_DEPRECATED const unsigned int AlignedBit = 0x80;
[3.151s]       |                                     ^~~~~~~~~~
[3.152s] In file included from /home/j/colcon_ws/ORB_SLAM3/Thirdparty/g2o/g2o/types/types_six_dof_expmap.h:37,
[3.152s]                  from /home/j/colcon_ws/ORB_SLAM3/include/Converter.h:26,
[3.152s]                  from /home/j/colcon_ws/ORB_SLAM3/include/Frame.h:33,
[3.152s]                  from /home/j/colcon_ws/ORB_SLAM3/include/KeyFrame.h:28,
[3.152s]                  from /home/j/colcon_ws/ORB_SLAM3/include/MapPoint.h:23,
[3.152s]                  from /home/j/colcon_ws/ORB_SLAM3/include/FrameDrawer.h:24,
[3.152s]                  from /home/j/colcon_ws/ORB_SLAM3/include/Viewer.h:23,
[3.152s]                  from /home/j/colcon_ws/ORB_SLAM3/include/Tracking.h:26,
[3.152s]                  from /home/j/colcon_ws/ORB_SLAM3/include/System.h:31,
[3.152s]                  from /home/j/colcon_ws/src/orbslam3_ros2/src/rgbd/rgbd-slam-node.hpp:18,
[3.152s]                  from /home/j/colcon_ws/src/orbslam3_ros2/src/rgbd/rgbd-slam-node.cpp:1:
[3.152s] /home/j/colcon_ws/ORB_SLAM3/Thirdparty/g2o/g2o/types/../core/base_vertex.h: In instantiation of ‘class g2o::BaseVertex<3, Eigen::Matrix<double, 3, 1> >’:
[3.152s] /home/j/colcon_ws/ORB_SLAM3/Thirdparty/g2o/g2o/types/types_sba.h:40:35:   required from here
[3.152s] /home/j/colcon_ws/ORB_SLAM3/Thirdparty/g2o/g2o/types/../core/base_vertex.h:62:72: warning: ‘Eigen::AlignedBit’ is deprecated [-Wdeprecated-declarations]
[3.152s]    62 |     typedef Eigen::Map<Matrix<double, D, D>, Matrix<double,D,D>::Flags & AlignedBit ? Aligned : Unaligned >  HessianBlockType;
[3.152s]       |                                                                  ~~~~~~^~~~~~~~~~~~
[3.152s] In file included from /usr/include/eigen3/Eigen/Core:161,
[3.152s]                  from /usr/include/eigen3/Eigen/LU:11,
[3.152s]                  from /home/j/colcon_ws/ORB_SLAM3/Thirdparty/Sophus/sophus/so2.hpp:12,
[3.152s]                  from /home/j/colcon_ws/ORB_SLAM3/Thirdparty/Sophus/sophus/se2.hpp:7,
[3.152s]                  from /home/j/colcon_ws/ORB_SLAM3/Thirdparty/Sophus/sophus/geometry.hpp:7,
[3.152s]                  from /home/j/colcon_ws/ORB_SLAM3/include/Frame.h:28,
[3.153s]                  from /home/j/colcon_ws/ORB_SLAM3/include/KeyFrame.h:28,
[3.153s]                  from /home/j/colcon_ws/ORB_SLAM3/include/MapPoint.h:23,
[3.153s]                  from /home/j/colcon_ws/ORB_SLAM3/include/FrameDrawer.h:24,
[3.153s]                  from /home/j/colcon_ws/ORB_SLAM3/include/Viewer.h:23,
[3.153s]                  from /home/j/colcon_ws/ORB_SLAM3/include/Tracking.h:26,
[3.153s]                  from /home/j/colcon_ws/ORB_SLAM3/include/System.h:31,
[3.153s]                  from /home/j/colcon_ws/src/orbslam3_ros2/src/rgbd/rgbd-slam-node.hpp:18,
[3.153s]                  from /home/j/colcon_ws/src/orbslam3_ros2/src/rgbd/rgbd-slam-node.cpp:1:
[3.153s] /usr/include/eigen3/Eigen/src/Core/util/Constants.h:167:37: note: declared here
[3.153s]   167 | EIGEN_DEPRECATED const unsigned int AlignedBit = 0x80;
[3.153s]       |                                     ^~~~~~~~~~
[3.164s] In file included from /home/j/colcon_ws/ORB_SLAM3/Thirdparty/g2o/g2o/types/types_six_dof_expmap.h:37,
[3.164s]                  from /home/j/colcon_ws/ORB_SLAM3/include/Converter.h:26,
[3.164s]                  from /home/j/colcon_ws/ORB_SLAM3/include/Frame.h:33,
[3.164s]                  from /home/j/colcon_ws/ORB_SLAM3/include/KeyFrame.h:28,
[3.164s]                  from /home/j/colcon_ws/ORB_SLAM3/include/MapPoint.h:23,
[3.164s]                  from /home/j/colcon_ws/ORB_SLAM3/include/FrameDrawer.h:24,
[3.164s]                  from /home/j/colcon_ws/ORB_SLAM3/include/Viewer.h:23,
[3.164s]                  from /home/j/colcon_ws/ORB_SLAM3/include/Tracking.h:26,
[3.164s]                  from /home/j/colcon_ws/ORB_SLAM3/include/System.h:31,
[3.164s]                  from /home/j/colcon_ws/src/orbslam3_ros2/src/stereo/stereo-slam-node.hpp:13,
[3.164s]                  from /home/j/colcon_ws/src/orbslam3_ros2/src/stereo/stereo-slam-node.cpp:1:
[3.165s] /home/j/colcon_ws/ORB_SLAM3/Thirdparty/g2o/g2o/types/../core/base_vertex.h: In instantiation of ‘class g2o::BaseVertex<6, g2o::SE3Quat>’:
[3.165s] /home/j/colcon_ws/ORB_SLAM3/Thirdparty/g2o/g2o/types/types_six_dof_expmap.h:59:33:   required from here
[3.165s] /home/j/colcon_ws/ORB_SLAM3/Thirdparty/g2o/g2o/types/../core/base_vertex.h:62:72: warning: ‘Eigen::AlignedBit’ is deprecated [-Wdeprecated-declarations]
[3.165s]    62 |     typedef Eigen::Map<Matrix<double, D, D>, Matrix<double,D,D>::Flags & AlignedBit ? Aligned : Unaligned >  HessianBlockType;
[3.165s]       |                                                                  ~~~~~~^~~~~~~~~~~~
[3.165s] In file included from /usr/include/eigen3/Eigen/Core:161,
[3.165s]                  from /usr/include/eigen3/Eigen/LU:11,
[3.165s]                  from /home/j/colcon_ws/ORB_SLAM3/Thirdparty/Sophus/sophus/so2.hpp:12,
[3.165s]                  from /home/j/colcon_ws/ORB_SLAM3/Thirdparty/Sophus/sophus/se2.hpp:7,
[3.165s]                  from /home/j/colcon_ws/ORB_SLAM3/Thirdparty/Sophus/sophus/geometry.hpp:7,
[3.165s]                  from /home/j/colcon_ws/ORB_SLAM3/include/Frame.h:28,
[3.165s]                  from /home/j/colcon_ws/ORB_SLAM3/include/KeyFrame.h:28,
[3.165s]                  from /home/j/colcon_ws/ORB_SLAM3/include/MapPoint.h:23,
[3.165s]                  from /home/j/colcon_ws/ORB_SLAM3/include/FrameDrawer.h:24,
[3.165s]                  from /home/j/colcon_ws/ORB_SLAM3/include/Viewer.h:23,
[3.165s]                  from /home/j/colcon_ws/ORB_SLAM3/include/Tracking.h:26,
[3.165s]                  from /home/j/colcon_ws/ORB_SLAM3/include/System.h:31,
[3.165s]                  from /home/j/colcon_ws/src/orbslam3_ros2/src/stereo/stereo-slam-node.hpp:13,
[3.165s]                  from /home/j/colcon_ws/src/orbslam3_ros2/src/stereo/stereo-slam-node.cpp:1:
[3.165s] /usr/include/eigen3/Eigen/src/Core/util/Constants.h:167:37: note: declared here
[3.165s]   167 | EIGEN_DEPRECATED const unsigned int AlignedBit = 0x80;
[3.165s]       |                                     ^~~~~~~~~~
[3.166s] In file included from /home/j/colcon_ws/ORB_SLAM3/Thirdparty/g2o/g2o/types/types_six_dof_expmap.h:37,
[3.166s]                  from /home/j/colcon_ws/ORB_SLAM3/include/Converter.h:26,
[3.166s]                  from /home/j/colcon_ws/ORB_SLAM3/include/Frame.h:33,
[3.166s]                  from /home/j/colcon_ws/ORB_SLAM3/include/KeyFrame.h:28,
[3.166s]                  from /home/j/colcon_ws/ORB_SLAM3/include/MapPoint.h:23,
[3.166s]                  from /home/j/colcon_ws/ORB_SLAM3/include/FrameDrawer.h:24,
[3.166s]                  from /home/j/colcon_ws/ORB_SLAM3/include/Viewer.h:23,
[3.166s]                  from /home/j/colcon_ws/ORB_SLAM3/include/Tracking.h:26,
[3.166s]                  from /home/j/colcon_ws/ORB_SLAM3/include/System.h:31,
[3.166s]                  from /home/j/colcon_ws/src/orbslam3_ros2/src/rgbd/rgbd-slam-node.hpp:18,
[3.166s]                  from /home/j/colcon_ws/src/orbslam3_ros2/src/rgbd/rgbd-slam-node.cpp:1:
[3.166s] /home/j/colcon_ws/ORB_SLAM3/Thirdparty/g2o/g2o/types/../core/base_vertex.h: In instantiation of ‘class g2o::BaseVertex<6, g2o::SE3Quat>’:
[3.166s] /home/j/colcon_ws/ORB_SLAM3/Thirdparty/g2o/g2o/types/types_six_dof_expmap.h:59:33:   required from here
[3.166s] /home/j/colcon_ws/ORB_SLAM3/Thirdparty/g2o/g2o/types/../core/base_vertex.h:62:72: warning: ‘Eigen::AlignedBit’ is deprecated [-Wdeprecated-declarations]
[3.166s]    62 |     typedef Eigen::Map<Matrix<double, D, D>, Matrix<double,D,D>::Flags & AlignedBit ? Aligned : Unaligned >  HessianBlockType;
[3.166s]       |                                                                  ~~~~~~^~~~~~~~~~~~
[3.166s] In file included from /usr/include/eigen3/Eigen/Core:161,
[3.166s]                  from /usr/include/eigen3/Eigen/LU:11,
[3.166s]                  from /home/j/colcon_ws/ORB_SLAM3/Thirdparty/Sophus/sophus/so2.hpp:12,
[3.166s]                  from /home/j/colcon_ws/ORB_SLAM3/Thirdparty/Sophus/sophus/se2.hpp:7,
[3.166s]                  from /home/j/colcon_ws/ORB_SLAM3/Thirdparty/Sophus/sophus/geometry.hpp:7,
[3.166s]                  from /home/j/colcon_ws/ORB_SLAM3/include/Frame.h:28,
[3.166s]                  from /home/j/colcon_ws/ORB_SLAM3/include/KeyFrame.h:28,
[3.166s]                  from /home/j/colcon_ws/ORB_SLAM3/include/MapPoint.h:23,
[3.166s]                  from /home/j/colcon_ws/ORB_SLAM3/include/FrameDrawer.h:24,
[3.166s]                  from /home/j/colcon_ws/ORB_SLAM3/include/Viewer.h:23,
[3.166s]                  from /home/j/colcon_ws/ORB_SLAM3/include/Tracking.h:26,
[3.166s]                  from /home/j/colcon_ws/ORB_SLAM3/include/System.h:31,
[3.166s]                  from /home/j/colcon_ws/src/orbslam3_ros2/src/rgbd/rgbd-slam-node.hpp:18,
[3.166s]                  from /home/j/colcon_ws/src/orbslam3_ros2/src/rgbd/rgbd-slam-node.cpp:1:
[3.166s] /usr/include/eigen3/Eigen/src/Core/util/Constants.h:167:37: note: declared here
[3.167s]   167 | EIGEN_DEPRECATED const unsigned int AlignedBit = 0x80;
[3.167s]       |                                     ^~~~~~~~~~
[3.178s] In file included from /home/j/colcon_ws/ORB_SLAM3/Thirdparty/g2o/g2o/types/types_six_dof_expmap.h:38,
[3.178s]                  from /home/j/colcon_ws/ORB_SLAM3/include/Converter.h:26,
[3.178s]                  from /home/j/colcon_ws/ORB_SLAM3/include/Frame.h:33,
[3.178s]                  from /home/j/colcon_ws/ORB_SLAM3/include/KeyFrame.h:28,
[3.179s]                  from /home/j/colcon_ws/ORB_SLAM3/include/MapPoint.h:23,
[3.179s]                  from /home/j/colcon_ws/ORB_SLAM3/include/FrameDrawer.h:24,
[3.179s]                  from /home/j/colcon_ws/ORB_SLAM3/include/Viewer.h:23,
[3.179s]                  from /home/j/colcon_ws/ORB_SLAM3/include/Tracking.h:26,
[3.179s]                  from /home/j/colcon_ws/ORB_SLAM3/include/System.h:31,
[3.179s]                  from /home/j/colcon_ws/src/orbslam3_ros2/src/stereo/stereo-slam-node.hpp:13,
[3.179s]                  from /home/j/colcon_ws/src/orbslam3_ros2/src/stereo/stereo-slam-node.cpp:1:
[3.179s] /home/j/colcon_ws/ORB_SLAM3/Thirdparty/g2o/g2o/types/../core/base_binary_edge.h: In instantiation of ‘class g2o::BaseBinaryEdge<6, g2o::SE3Quat, g2o::VertexSE3Expmap, g2o::VertexSE3Expmap>’:
[3.179s] /home/j/colcon_ws/ORB_SLAM3/Thirdparty/g2o/g2o/types/types_six_dof_expmap.h:83:24:   required from here
[3.179s] /home/j/colcon_ws/ORB_SLAM3/Thirdparty/g2o/g2o/types/../core/base_binary_edge.h:59:80: warning: ‘Eigen::AlignedBit’ is deprecated [-Wdeprecated-declarations]
[3.179s]    59 |       typedef Eigen::Map<Matrix<double, Di, Dj>, Matrix<double, Di, Dj>::Flags & AlignedBit ? Aligned : Unaligned > HessianBlockType;
[3.179s]       |                                                                          ~~~~~~^~~~~~~~~~~~
[3.179s] In file included from /usr/include/eigen3/Eigen/Core:161,
[3.179s]                  from /usr/include/eigen3/Eigen/LU:11,
[3.179s]                  from /home/j/colcon_ws/ORB_SLAM3/Thirdparty/Sophus/sophus/so2.hpp:12,
[3.179s]                  from /home/j/colcon_ws/ORB_SLAM3/Thirdparty/Sophus/sophus/se2.hpp:7,
[3.179s]                  from /home/j/colcon_ws/ORB_SLAM3/Thirdparty/Sophus/sophus/geometry.hpp:7,
[3.179s]                  from /home/j/colcon_ws/ORB_SLAM3/include/Frame.h:28,
[3.179s]                  from /home/j/colcon_ws/ORB_SLAM3/include/KeyFrame.h:28,
[3.179s]                  from /home/j/colcon_ws/ORB_SLAM3/include/MapPoint.h:23,
[3.179s]                  from /home/j/colcon_ws/ORB_SLAM3/include/FrameDrawer.h:24,
[3.179s]                  from /home/j/colcon_ws/ORB_SLAM3/include/Viewer.h:23,
[3.179s]                  from /home/j/colcon_ws/ORB_SLAM3/include/Tracking.h:26,
[3.179s]                  from /home/j/colcon_ws/ORB_SLAM3/include/System.h:31,
[3.179s]                  from /home/j/colcon_ws/src/orbslam3_ros2/src/stereo/stereo-slam-node.hpp:13,
[3.179s]                  from /home/j/colcon_ws/src/orbslam3_ros2/src/stereo/stereo-slam-node.cpp:1:
[3.179s] /usr/include/eigen3/Eigen/src/Core/util/Constants.h:167:37: note: declared here
[3.179s]   167 | EIGEN_DEPRECATED const unsigned int AlignedBit = 0x80;
[3.179s]       |                                     ^~~~~~~~~~
[3.179s] In file included from /home/j/colcon_ws/ORB_SLAM3/Thirdparty/g2o/g2o/types/types_six_dof_expmap.h:38,
[3.179s]                  from /home/j/colcon_ws/ORB_SLAM3/include/Converter.h:26,
[3.179s]                  from /home/j/colcon_ws/ORB_SLAM3/include/Frame.h:33,
[3.179s]                  from /home/j/colcon_ws/ORB_SLAM3/include/KeyFrame.h:28,
[3.179s]                  from /home/j/colcon_ws/ORB_SLAM3/include/MapPoint.h:23,
[3.179s]                  from /home/j/colcon_ws/ORB_SLAM3/include/FrameDrawer.h:24,
[3.179s]                  from /home/j/colcon_ws/ORB_SLAM3/include/Viewer.h:23,
[3.179s]                  from /home/j/colcon_ws/ORB_SLAM3/include/Tracking.h:26,
[3.179s]                  from /home/j/colcon_ws/ORB_SLAM3/include/System.h:31,
[3.179s]                  from /home/j/colcon_ws/src/orbslam3_ros2/src/stereo/stereo-slam-node.hpp:13,
[3.179s]                  from /home/j/colcon_ws/src/orbslam3_ros2/src/stereo/stereo-slam-node.cpp:1:
[3.179s] /home/j/colcon_ws/ORB_SLAM3/Thirdparty/g2o/g2o/types/../core/base_binary_edge.h:60:80: warning: ‘Eigen::AlignedBit’ is deprecated [-Wdeprecated-declarations]
[3.179s]    60 |       typedef Eigen::Map<Matrix<double, Dj, Di>, Matrix<double, Dj, Di>::Flags & AlignedBit ? Aligned : Unaligned > HessianBlockTransposedType;
[3.179s]       |                                                                          ~~~~~~^~~~~~~~~~~~
[3.179s] In file included from /usr/include/eigen3/Eigen/Core:161,
[3.179s]                  from /usr/include/eigen3/Eigen/LU:11,
[3.179s]                  from /home/j/colcon_ws/ORB_SLAM3/Thirdparty/Sophus/sophus/so2.hpp:12,
[3.180s]                  from /home/j/colcon_ws/ORB_SLAM3/Thirdparty/Sophus/sophus/se2.hpp:7,
[3.180s]                  from /home/j/colcon_ws/ORB_SLAM3/Thirdparty/Sophus/sophus/geometry.hpp:7,
[3.180s]                  from /home/j/colcon_ws/ORB_SLAM3/include/Frame.h:28,
[3.180s]                  from /home/j/colcon_ws/ORB_SLAM3/include/KeyFrame.h:28,
[3.180s]                  from /home/j/colcon_ws/ORB_SLAM3/include/MapPoint.h:23,
[3.180s]                  from /home/j/colcon_ws/ORB_SLAM3/include/FrameDrawer.h:24,
[3.180s]                  from /home/j/colcon_ws/ORB_SLAM3/include/Viewer.h:23,
[3.180s]                  from /home/j/colcon_ws/ORB_SLAM3/include/Tracking.h:26,
[3.180s]                  from /home/j/colcon_ws/ORB_SLAM3/include/System.h:31,
[3.180s]                  from /home/j/colcon_ws/src/orbslam3_ros2/src/stereo/stereo-slam-node.hpp:13,
[3.180s]                  from /home/j/colcon_ws/src/orbslam3_ros2/src/stereo/stereo-slam-node.cpp:1:
[3.180s] /usr/include/eigen3/Eigen/src/Core/util/Constants.h:167:37: note: declared here
[3.180s]   167 | EIGEN_DEPRECATED const unsigned int AlignedBit = 0x80;
[3.180s]       |                                     ^~~~~~~~~~
[3.180s] In file included from /home/j/colcon_ws/ORB_SLAM3/Thirdparty/g2o/g2o/types/types_six_dof_expmap.h:38,
[3.180s]                  from /home/j/colcon_ws/ORB_SLAM3/include/Converter.h:26,
[3.180s]                  from /home/j/colcon_ws/ORB_SLAM3/include/Frame.h:33,
[3.180s]                  from /home/j/colcon_ws/ORB_SLAM3/include/KeyFrame.h:28,
[3.180s]                  from /home/j/colcon_ws/ORB_SLAM3/include/MapPoint.h:23,
[3.180s]                  from /home/j/colcon_ws/ORB_SLAM3/include/FrameDrawer.h:24,
[3.180s]                  from /home/j/colcon_ws/ORB_SLAM3/include/Viewer.h:23,
[3.180s]                  from /home/j/colcon_ws/ORB_SLAM3/include/Tracking.h:26,
[3.180s]                  from /home/j/colcon_ws/ORB_SLAM3/include/System.h:31,
[3.180s]                  from /home/j/colcon_ws/src/orbslam3_ros2/src/rgbd/rgbd-slam-node.hpp:18,
[3.180s]                  from /home/j/colcon_ws/src/orbslam3_ros2/src/rgbd/rgbd-slam-node.cpp:1:
[3.180s] /home/j/colcon_ws/ORB_SLAM3/Thirdparty/g2o/g2o/types/../core/base_binary_edge.h: In instantiation of ‘class g2o::BaseBinaryEdge<6, g2o::SE3Quat, g2o::VertexSE3Expmap, g2o::VertexSE3Expmap>’:
[3.180s] /home/j/colcon_ws/ORB_SLAM3/Thirdparty/g2o/g2o/types/types_six_dof_expmap.h:83:24:   required from here
[3.180s] /home/j/colcon_ws/ORB_SLAM3/Thirdparty/g2o/g2o/types/../core/base_binary_edge.h:59:80: warning: ‘Eigen::AlignedBit’ is deprecated [-Wdeprecated-declarations]
[3.180s]    59 |       typedef Eigen::Map<Matrix<double, Di, Dj>, Matrix<double, Di, Dj>::Flags & AlignedBit ? Aligned : Unaligned > HessianBlockType;
[3.180s]       |                                                                          ~~~~~~^~~~~~~~~~~~
[3.180s] In file included from /usr/include/eigen3/Eigen/Core:161,
[3.180s]                  from /usr/include/eigen3/Eigen/LU:11,
[3.180s]                  from /home/j/colcon_ws/ORB_SLAM3/Thirdparty/Sophus/sophus/so2.hpp:12,
[3.180s]                  from /home/j/colcon_ws/ORB_SLAM3/Thirdparty/Sophus/sophus/se2.hpp:7,
[3.180s]                  from /home/j/colcon_ws/ORB_SLAM3/Thirdparty/Sophus/sophus/geometry.hpp:7,
[3.180s]                  from /home/j/colcon_ws/ORB_SLAM3/include/Frame.h:28,
[3.180s]                  from /home/j/colcon_ws/ORB_SLAM3/include/KeyFrame.h:28,
[3.181s]                  from /home/j/colcon_ws/ORB_SLAM3/include/MapPoint.h:23,
[3.181s]                  from /home/j/colcon_ws/ORB_SLAM3/include/FrameDrawer.h:24,
[3.181s]                  from /home/j/colcon_ws/ORB_SLAM3/include/Viewer.h:23,
[3.181s]                  from /home/j/colcon_ws/ORB_SLAM3/include/Tracking.h:26,
[3.181s]                  from /home/j/colcon_ws/ORB_SLAM3/include/System.h:31,
[3.181s]                  from /home/j/colcon_ws/src/orbslam3_ros2/src/rgbd/rgbd-slam-node.hpp:18,
[3.181s]                  from /home/j/colcon_ws/src/orbslam3_ros2/src/rgbd/rgbd-slam-node.cpp:1:
[3.181s] /usr/include/eigen3/Eigen/src/Core/util/Constants.h:167:37: note: declared here
[3.181s]   167 | EIGEN_DEPRECATED const unsigned int AlignedBit = 0x80;
[3.181s]       |                                     ^~~~~~~~~~
[3.181s] In file included from /home/j/colcon_ws/ORB_SLAM3/Thirdparty/g2o/g2o/types/types_six_dof_expmap.h:38,
[3.181s]                  from /home/j/colcon_ws/ORB_SLAM3/include/Converter.h:26,
[3.181s]                  from /home/j/colcon_ws/ORB_SLAM3/include/Frame.h:33,
[3.181s]                  from /home/j/colcon_ws/ORB_SLAM3/include/KeyFrame.h:28,
[3.181s]                  from /home/j/colcon_ws/ORB_SLAM3/include/MapPoint.h:23,
[3.181s]                  from /home/j/colcon_ws/ORB_SLAM3/include/FrameDrawer.h:24,
[3.181s]                  from /home/j/colcon_ws/ORB_SLAM3/include/Viewer.h:23,
[3.181s]                  from /home/j/colcon_ws/ORB_SLAM3/include/Tracking.h:26,
[3.181s]                  from /home/j/colcon_ws/ORB_SLAM3/include/System.h:31,
[3.181s]                  from /home/j/colcon_ws/src/orbslam3_ros2/src/rgbd/rgbd-slam-node.hpp:18,
[3.181s]                  from /home/j/colcon_ws/src/orbslam3_ros2/src/rgbd/rgbd-slam-node.cpp:1:
[3.181s] /home/j/colcon_ws/ORB_SLAM3/Thirdparty/g2o/g2o/types/../core/base_binary_edge.h:60:80: warning: ‘Eigen::AlignedBit’ is deprecated [-Wdeprecated-declarations]
[3.181s]    60 |       typedef Eigen::Map<Matrix<double, Dj, Di>, Matrix<double, Dj, Di>::Flags & AlignedBit ? Aligned : Unaligned > HessianBlockTransposedType;
[3.181s]       |                                                                          ~~~~~~^~~~~~~~~~~~
[3.181s] In file included from /usr/include/eigen3/Eigen/Core:161,
[3.181s]                  from /usr/include/eigen3/Eigen/LU:11,
[3.181s]                  from /home/j/colcon_ws/ORB_SLAM3/Thirdparty/Sophus/sophus/so2.hpp:12,
[3.181s]                  from /home/j/colcon_ws/ORB_SLAM3/Thirdparty/Sophus/sophus/se2.hpp:7,
[3.181s]                  from /home/j/colcon_ws/ORB_SLAM3/Thirdparty/Sophus/sophus/geometry.hpp:7,
[3.181s]                  from /home/j/colcon_ws/ORB_SLAM3/include/Frame.h:28,
[3.181s]                  from /home/j/colcon_ws/ORB_SLAM3/include/KeyFrame.h:28,
[3.181s]                  from /home/j/colcon_ws/ORB_SLAM3/include/MapPoint.h:23,
[3.181s]                  from /home/j/colcon_ws/ORB_SLAM3/include/FrameDrawer.h:24,
[3.181s]                  from /home/j/colcon_ws/ORB_SLAM3/include/Viewer.h:23,
[3.181s]                  from /home/j/colcon_ws/ORB_SLAM3/include/Tracking.h:26,
[3.181s]                  from /home/j/colcon_ws/ORB_SLAM3/include/System.h:31,
[3.181s]                  from /home/j/colcon_ws/src/orbslam3_ros2/src/rgbd/rgbd-slam-node.hpp:18,
[3.181s]                  from /home/j/colcon_ws/src/orbslam3_ros2/src/rgbd/rgbd-slam-node.cpp:1:
[3.181s] /usr/include/eigen3/Eigen/src/Core/util/Constants.h:167:37: note: declared here
[3.181s]   167 | EIGEN_DEPRECATED const unsigned int AlignedBit = 0x80;
[3.181s]       |                                     ^~~~~~~~~~
[3.213s] In file included from /home/j/colcon_ws/ORB_SLAM3/Thirdparty/g2o/g2o/types/types_six_dof_expmap.h:38,
[3.213s]                  from /home/j/colcon_ws/ORB_SLAM3/include/Converter.h:26,
[3.213s]                  from /home/j/colcon_ws/ORB_SLAM3/include/Frame.h:33,
[3.214s]                  from /home/j/colcon_ws/ORB_SLAM3/include/KeyFrame.h:28,
[3.214s]                  from /home/j/colcon_ws/ORB_SLAM3/include/MapPoint.h:23,
[3.214s]                  from /home/j/colcon_ws/ORB_SLAM3/include/FrameDrawer.h:24,
[3.214s]                  from /home/j/colcon_ws/ORB_SLAM3/include/Viewer.h:23,
[3.214s]                  from /home/j/colcon_ws/ORB_SLAM3/include/Tracking.h:26,
[3.214s]                  from /home/j/colcon_ws/ORB_SLAM3/include/System.h:31,
[3.214s]                  from /home/j/colcon_ws/src/orbslam3_ros2/src/stereo/stereo-slam-node.hpp:13,
[3.214s]                  from /home/j/colcon_ws/src/orbslam3_ros2/src/stereo/stereo-slam-node.cpp:1:
[3.214s] /home/j/colcon_ws/ORB_SLAM3/Thirdparty/g2o/g2o/types/../core/base_binary_edge.h: In instantiation of ‘class g2o::BaseBinaryEdge<2, Eigen::Matrix<double, 2, 1>, g2o::VertexSBAPointXYZ, g2o::VertexSE3Expmap>’:
[3.214s] /home/j/colcon_ws/ORB_SLAM3/Thirdparty/g2o/g2o/types/types_six_dof_expmap.h:114:35:   required from here
[3.214s] /home/j/colcon_ws/ORB_SLAM3/Thirdparty/g2o/g2o/types/../core/base_binary_edge.h:59:80: warning: ‘Eigen::AlignedBit’ is deprecated [-Wdeprecated-declarations]
[3.214s]    59 |       typedef Eigen::Map<Matrix<double, Di, Dj>, Matrix<double, Di, Dj>::Flags & AlignedBit ? Aligned : Unaligned > HessianBlockType;
[3.214s]       |                                                                          ~~~~~~^~~~~~~~~~~~
[3.214s] In file included from /usr/include/eigen3/Eigen/Core:161,
[3.214s]                  from /usr/include/eigen3/Eigen/LU:11,
[3.214s]                  from /home/j/colcon_ws/ORB_SLAM3/Thirdparty/Sophus/sophus/so2.hpp:12,
[3.214s]                  from /home/j/colcon_ws/ORB_SLAM3/Thirdparty/Sophus/sophus/se2.hpp:7,
[3.214s]                  from /home/j/colcon_ws/ORB_SLAM3/Thirdparty/Sophus/sophus/geometry.hpp:7,
[3.214s]                  from /home/j/colcon_ws/ORB_SLAM3/include/Frame.h:28,
[3.214s]                  from /home/j/colcon_ws/ORB_SLAM3/include/KeyFrame.h:28,
[3.214s]                  from /home/j/colcon_ws/ORB_SLAM3/include/MapPoint.h:23,
[3.214s]                  from /home/j/colcon_ws/ORB_SLAM3/include/FrameDrawer.h:24,
[3.214s]                  from /home/j/colcon_ws/ORB_SLAM3/include/Viewer.h:23,
[3.214s]                  from /home/j/colcon_ws/ORB_SLAM3/include/Tracking.h:26,
[3.214s]                  from /home/j/colcon_ws/ORB_SLAM3/include/System.h:31,
[3.214s]                  from /home/j/colcon_ws/src/orbslam3_ros2/src/stereo/stereo-slam-node.hpp:13,
[3.214s]                  from /home/j/colcon_ws/src/orbslam3_ros2/src/stereo/stereo-slam-node.cpp:1:
[3.214s] /usr/include/eigen3/Eigen/src/Core/util/Constants.h:167:37: note: declared here
[3.214s]   167 | EIGEN_DEPRECATED const unsigned int AlignedBit = 0x80;
[3.214s]       |                                     ^~~~~~~~~~
[3.214s] In file included from /home/j/colcon_ws/ORB_SLAM3/Thirdparty/g2o/g2o/types/types_six_dof_expmap.h:38,
[3.214s]                  from /home/j/colcon_ws/ORB_SLAM3/include/Converter.h:26,
[3.214s]                  from /home/j/colcon_ws/ORB_SLAM3/include/Frame.h:33,
[3.214s]                  from /home/j/colcon_ws/ORB_SLAM3/include/KeyFrame.h:28,
[3.214s]                  from /home/j/colcon_ws/ORB_SLAM3/include/MapPoint.h:23,
[3.215s]                  from /home/j/colcon_ws/ORB_SLAM3/include/FrameDrawer.h:24,
[3.215s]                  from /home/j/colcon_ws/ORB_SLAM3/include/Viewer.h:23,
[3.215s]                  from /home/j/colcon_ws/ORB_SLAM3/include/Tracking.h:26,
[3.215s]                  from /home/j/colcon_ws/ORB_SLAM3/include/System.h:31,
[3.215s]                  from /home/j/colcon_ws/src/orbslam3_ros2/src/rgbd/rgbd-slam-node.hpp:18,
[3.215s]                  from /home/j/colcon_ws/src/orbslam3_ros2/src/rgbd/rgbd-slam-node.cpp:1:
[3.215s] /home/j/colcon_ws/ORB_SLAM3/Thirdparty/g2o/g2o/types/../core/base_binary_edge.h: In instantiation of ‘class g2o::BaseBinaryEdge<2, Eigen::Matrix<double, 2, 1>, g2o::VertexSBAPointXYZ, g2o::VertexSE3Expmap>’:
[3.215s] /home/j/colcon_ws/ORB_SLAM3/Thirdparty/g2o/g2o/types/types_six_dof_expmap.h:114:35:   required from here
[3.215s] /home/j/colcon_ws/ORB_SLAM3/Thirdparty/g2o/g2o/types/../core/base_binary_edge.h:59:80: warning: ‘Eigen::AlignedBit’ is deprecated [-Wdeprecated-declarations]
[3.215s]    59 |       typedef Eigen::Map<Matrix<double, Di, Dj>, Matrix<double, Di, Dj>::Flags & AlignedBit ? Aligned : Unaligned > HessianBlockType;
[3.215s]       |                                                                          ~~~~~~^~~~~~~~~~~~
[3.215s] In file included from /usr/include/eigen3/Eigen/Core:161,
[3.215s]                  from /usr/include/eigen3/Eigen/LU:11,
[3.215s]                  from /home/j/colcon_ws/ORB_SLAM3/Thirdparty/Sophus/sophus/so2.hpp:12,
[3.215s]                  from /home/j/colcon_ws/ORB_SLAM3/Thirdparty/Sophus/sophus/se2.hpp:7,
[3.215s]                  from /home/j/colcon_ws/ORB_SLAM3/Thirdparty/Sophus/sophus/geometry.hpp:7,
[3.215s]                  from /home/j/colcon_ws/ORB_SLAM3/include/Frame.h:28,
[3.215s]                  from /home/j/colcon_ws/ORB_SLAM3/include/KeyFrame.h:28,
[3.215s]                  from /home/j/colcon_ws/ORB_SLAM3/include/MapPoint.h:23,
[3.215s]                  from /home/j/colcon_ws/ORB_SLAM3/include/FrameDrawer.h:24,
[3.215s]                  from /home/j/colcon_ws/ORB_SLAM3/include/Viewer.h:23,
[3.215s]                  from /home/j/colcon_ws/ORB_SLAM3/include/Tracking.h:26,
[3.215s]                  from /home/j/colcon_ws/ORB_SLAM3/include/System.h:31,
[3.215s]                  from /home/j/colcon_ws/src/orbslam3_ros2/src/rgbd/rgbd-slam-node.hpp:18,
[3.215s]                  from /home/j/colcon_ws/src/orbslam3_ros2/src/rgbd/rgbd-slam-node.cpp:1:
[3.215s] /usr/include/eigen3/Eigen/src/Core/util/Constants.h:167:37: note: declared here
[3.215s]   167 | EIGEN_DEPRECATED const unsigned int AlignedBit = 0x80;
[3.215s]       |                                     ^~~~~~~~~~
[3.220s] In file included from /home/j/colcon_ws/ORB_SLAM3/Thirdparty/g2o/g2o/types/types_six_dof_expmap.h:38,
[3.220s]                  from /home/j/colcon_ws/ORB_SLAM3/include/Converter.h:26,
[3.220s]                  from /home/j/colcon_ws/ORB_SLAM3/include/Frame.h:33,
[3.220s]                  from /home/j/colcon_ws/ORB_SLAM3/include/KeyFrame.h:28,
[3.220s]                  from /home/j/colcon_ws/ORB_SLAM3/include/MapPoint.h:23,
[3.220s]                  from /home/j/colcon_ws/ORB_SLAM3/include/FrameDrawer.h:24,
[3.220s]                  from /home/j/colcon_ws/ORB_SLAM3/include/Viewer.h:23,
[3.220s]                  from /home/j/colcon_ws/ORB_SLAM3/include/Tracking.h:26,
[3.220s]                  from /home/j/colcon_ws/ORB_SLAM3/include/System.h:31,
[3.220s]                  from /home/j/colcon_ws/src/orbslam3_ros2/src/stereo/stereo-slam-node.hpp:13,
[3.221s]                  from /home/j/colcon_ws/src/orbslam3_ros2/src/stereo/stereo-slam-node.cpp:1:
[3.221s] /home/j/colcon_ws/ORB_SLAM3/Thirdparty/g2o/g2o/types/../core/base_binary_edge.h:60:80: warning: ‘Eigen::AlignedBit’ is deprecated [-Wdeprecated-declarations]
[3.221s]    60 |       typedef Eigen::Map<Matrix<double, Dj, Di>, Matrix<double, Dj, Di>::Flags & AlignedBit ? Aligned : Unaligned > HessianBlockTransposedType;
[3.221s]       |                                                                          ~~~~~~^~~~~~~~~~~~
[3.221s] In file included from /usr/include/eigen3/Eigen/Core:161,
[3.221s]                  from /usr/include/eigen3/Eigen/LU:11,
[3.221s]                  from /home/j/colcon_ws/ORB_SLAM3/Thirdparty/Sophus/sophus/so2.hpp:12,
[3.221s]                  from /home/j/colcon_ws/ORB_SLAM3/Thirdparty/Sophus/sophus/se2.hpp:7,
[3.221s]                  from /home/j/colcon_ws/ORB_SLAM3/Thirdparty/Sophus/sophus/geometry.hpp:7,
[3.221s]                  from /home/j/colcon_ws/ORB_SLAM3/include/Frame.h:28,
[3.221s]                  from /home/j/colcon_ws/ORB_SLAM3/include/KeyFrame.h:28,
[3.221s]                  from /home/j/colcon_ws/ORB_SLAM3/include/MapPoint.h:23,
[3.221s]                  from /home/j/colcon_ws/ORB_SLAM3/include/FrameDrawer.h:24,
[3.221s]                  from /home/j/colcon_ws/ORB_SLAM3/include/Viewer.h:23,
[3.221s]                  from /home/j/colcon_ws/ORB_SLAM3/include/Tracking.h:26,
[3.221s]                  from /home/j/colcon_ws/ORB_SLAM3/include/System.h:31,
[3.221s]                  from /home/j/colcon_ws/src/orbslam3_ros2/src/stereo/stereo-slam-node.hpp:13,
[3.221s]                  from /home/j/colcon_ws/src/orbslam3_ros2/src/stereo/stereo-slam-node.cpp:1:
[3.221s] /usr/include/eigen3/Eigen/src/Core/util/Constants.h:167:37: note: declared here
[3.221s]   167 | EIGEN_DEPRECATED const unsigned int AlignedBit = 0x80;
[3.221s]       |                                     ^~~~~~~~~~
[3.221s] In file included from /home/j/colcon_ws/ORB_SLAM3/Thirdparty/g2o/g2o/types/types_six_dof_expmap.h:38,
[3.221s]                  from /home/j/colcon_ws/ORB_SLAM3/include/Converter.h:26,
[3.221s]                  from /home/j/colcon_ws/ORB_SLAM3/include/Frame.h:33,
[3.221s]                  from /home/j/colcon_ws/ORB_SLAM3/include/KeyFrame.h:28,
[3.221s]                  from /home/j/colcon_ws/ORB_SLAM3/include/MapPoint.h:23,
[3.221s]                  from /home/j/colcon_ws/ORB_SLAM3/include/FrameDrawer.h:24,
[3.221s]                  from /home/j/colcon_ws/ORB_SLAM3/include/Viewer.h:23,
[3.221s]                  from /home/j/colcon_ws/ORB_SLAM3/include/Tracking.h:26,
[3.221s]                  from /home/j/colcon_ws/ORB_SLAM3/include/System.h:31,
[3.221s]                  from /home/j/colcon_ws/src/orbslam3_ros2/src/rgbd/rgbd-slam-node.hpp:18,
[3.221s]                  from /home/j/colcon_ws/src/orbslam3_ros2/src/rgbd/rgbd-slam-node.cpp:1:
[3.222s] /home/j/colcon_ws/ORB_SLAM3/Thirdparty/g2o/g2o/types/../core/base_binary_edge.h:60:80: warning: ‘Eigen::AlignedBit’ is deprecated [-Wdeprecated-declarations]
[3.222s]    60 |       typedef Eigen::Map<Matrix<double, Dj, Di>, Matrix<double, Dj, Di>::Flags & AlignedBit ? Aligned : Unaligned > HessianBlockTransposedType;
[3.222s]       |                                                                          ~~~~~~^~~~~~~~~~~~
[3.222s] In file included from /usr/include/eigen3/Eigen/Core:161,
[3.222s]                  from /usr/include/eigen3/Eigen/LU:11,
[3.222s]                  from /home/j/colcon_ws/ORB_SLAM3/Thirdparty/Sophus/sophus/so2.hpp:12,
[3.222s]                  from /home/j/colcon_ws/ORB_SLAM3/Thirdparty/Sophus/sophus/se2.hpp:7,
[3.222s]                  from /home/j/colcon_ws/ORB_SLAM3/Thirdparty/Sophus/sophus/geometry.hpp:7,
[3.222s]                  from /home/j/colcon_ws/ORB_SLAM3/include/Frame.h:28,
[3.222s]                  from /home/j/colcon_ws/ORB_SLAM3/include/KeyFrame.h:28,
[3.222s]                  from /home/j/colcon_ws/ORB_SLAM3/include/MapPoint.h:23,
[3.222s]                  from /home/j/colcon_ws/ORB_SLAM3/include/FrameDrawer.h:24,
[3.222s]                  from /home/j/colcon_ws/ORB_SLAM3/include/Viewer.h:23,
[3.222s]                  from /home/j/colcon_ws/ORB_SLAM3/include/Tracking.h:26,
[3.222s]                  from /home/j/colcon_ws/ORB_SLAM3/include/System.h:31,
[3.222s]                  from /home/j/colcon_ws/src/orbslam3_ros2/src/rgbd/rgbd-slam-node.hpp:18,
[3.222s]                  from /home/j/colcon_ws/src/orbslam3_ros2/src/rgbd/rgbd-slam-node.cpp:1:
[3.222s] /usr/include/eigen3/Eigen/src/Core/util/Constants.h:167:37: note: declared here
[3.222s]   167 | EIGEN_DEPRECATED const unsigned int AlignedBit = 0x80;
[3.222s]       |                                     ^~~~~~~~~~
[3.250s] In file included from /home/j/colcon_ws/ORB_SLAM3/Thirdparty/g2o/g2o/types/types_six_dof_expmap.h:38,
[3.250s]                  from /home/j/colcon_ws/ORB_SLAM3/include/Converter.h:26,
[3.250s]                  from /home/j/colcon_ws/ORB_SLAM3/include/Frame.h:33,
[3.250s]                  from /home/j/colcon_ws/ORB_SLAM3/include/KeyFrame.h:28,
[3.250s]                  from /home/j/colcon_ws/ORB_SLAM3/include/MapPoint.h:23,
[3.250s]                  from /home/j/colcon_ws/ORB_SLAM3/include/FrameDrawer.h:24,
[3.250s]                  from /home/j/colcon_ws/ORB_SLAM3/include/Viewer.h:23,
[3.250s]                  from /home/j/colcon_ws/ORB_SLAM3/include/Tracking.h:26,
[3.250s]                  from /home/j/colcon_ws/ORB_SLAM3/include/System.h:31,
[3.250s]                  from /home/j/colcon_ws/src/orbslam3_ros2/src/stereo/stereo-slam-node.hpp:13,
[3.250s]                  from /home/j/colcon_ws/src/orbslam3_ros2/src/stereo/stereo-slam-node.cpp:1:
[3.250s] /home/j/colcon_ws/ORB_SLAM3/Thirdparty/g2o/g2o/types/../core/base_binary_edge.h: In instantiation of ‘class g2o::BaseBinaryEdge<3, Eigen::Matrix<double, 3, 1>, g2o::VertexSBAPointXYZ, g2o::VertexSE3Expmap>’:
[3.250s] /home/j/colcon_ws/ORB_SLAM3/Thirdparty/g2o/g2o/types/types_six_dof_expmap.h:146:41:   required from here
[3.250s] /home/j/colcon_ws/ORB_SLAM3/Thirdparty/g2o/g2o/types/../core/base_binary_edge.h:59:80: warning: ‘Eigen::AlignedBit’ is deprecated [-Wdeprecated-declarations]
[3.250s]    59 |       typedef Eigen::Map<Matrix<double, Di, Dj>, Matrix<double, Di, Dj>::Flags & AlignedBit ? Aligned : Unaligned > HessianBlockType;
[3.250s]       |                                                                          ~~~~~~^~~~~~~~~~~~
[3.250s] In file included from /usr/include/eigen3/Eigen/Core:161,
[3.251s]                  from /usr/include/eigen3/Eigen/LU:11,
[3.251s]                  from /home/j/colcon_ws/ORB_SLAM3/Thirdparty/Sophus/sophus/so2.hpp:12,
[3.251s]                  from /home/j/colcon_ws/ORB_SLAM3/Thirdparty/Sophus/sophus/se2.hpp:7,
[3.251s]                  from /home/j/colcon_ws/ORB_SLAM3/Thirdparty/Sophus/sophus/geometry.hpp:7,
[3.251s]                  from /home/j/colcon_ws/ORB_SLAM3/include/Frame.h:28,
[3.251s]                  from /home/j/colcon_ws/ORB_SLAM3/include/KeyFrame.h:28,
[3.251s]                  from /home/j/colcon_ws/ORB_SLAM3/include/MapPoint.h:23,
[3.251s]                  from /home/j/colcon_ws/ORB_SLAM3/include/FrameDrawer.h:24,
[3.251s]                  from /home/j/colcon_ws/ORB_SLAM3/include/Viewer.h:23,
[3.251s]                  from /home/j/colcon_ws/ORB_SLAM3/include/Tracking.h:26,
[3.251s]                  from /home/j/colcon_ws/ORB_SLAM3/include/System.h:31,
[3.251s]                  from /home/j/colcon_ws/src/orbslam3_ros2/src/stereo/stereo-slam-node.hpp:13,
[3.251s]                  from /home/j/colcon_ws/src/orbslam3_ros2/src/stereo/stereo-slam-node.cpp:1:
[3.251s] /usr/include/eigen3/Eigen/src/Core/util/Constants.h:167:37: note: declared here
[3.251s]   167 | EIGEN_DEPRECATED const unsigned int AlignedBit = 0x80;
[3.251s]       |                                     ^~~~~~~~~~
[3.251s] In file included from /home/j/colcon_ws/ORB_SLAM3/Thirdparty/g2o/g2o/types/types_six_dof_expmap.h:38,
[3.251s]                  from /home/j/colcon_ws/ORB_SLAM3/include/Converter.h:26,
[3.251s]                  from /home/j/colcon_ws/ORB_SLAM3/include/Frame.h:33,
[3.251s]                  from /home/j/colcon_ws/ORB_SLAM3/include/KeyFrame.h:28,
[3.251s]                  from /home/j/colcon_ws/ORB_SLAM3/include/MapPoint.h:23,
[3.251s]                  from /home/j/colcon_ws/ORB_SLAM3/include/FrameDrawer.h:24,
[3.251s]                  from /home/j/colcon_ws/ORB_SLAM3/include/Viewer.h:23,
[3.251s]                  from /home/j/colcon_ws/ORB_SLAM3/include/Tracking.h:26,
[3.251s]                  from /home/j/colcon_ws/ORB_SLAM3/include/System.h:31,
[3.251s]                  from /home/j/colcon_ws/src/orbslam3_ros2/src/stereo/stereo-slam-node.hpp:13,
[3.251s]                  from /home/j/colcon_ws/src/orbslam3_ros2/src/stereo/stereo-slam-node.cpp:1:
[3.251s] /home/j/colcon_ws/ORB_SLAM3/Thirdparty/g2o/g2o/types/../core/base_binary_edge.h:60:80: warning: ‘Eigen::AlignedBit’ is deprecated [-Wdeprecated-declarations]
[3.251s]    60 |       typedef Eigen::Map<Matrix<double, Dj, Di>, Matrix<double, Dj, Di>::Flags & AlignedBit ? Aligned : Unaligned > HessianBlockTransposedType;
[3.251s]       |                                                                          ~~~~~~^~~~~~~~~~~~
[3.251s] In file included from /usr/include/eigen3/Eigen/Core:161,
[3.251s]                  from /usr/include/eigen3/Eigen/LU:11,
[3.251s]                  from /home/j/colcon_ws/ORB_SLAM3/Thirdparty/Sophus/sophus/so2.hpp:12,
[3.251s]                  from /home/j/colcon_ws/ORB_SLAM3/Thirdparty/Sophus/sophus/se2.hpp:7,
[3.251s]                  from /home/j/colcon_ws/ORB_SLAM3/Thirdparty/Sophus/sophus/geometry.hpp:7,
[3.251s]                  from /home/j/colcon_ws/ORB_SLAM3/include/Frame.h:28,
[3.251s]                  from /home/j/colcon_ws/ORB_SLAM3/include/KeyFrame.h:28,
[3.251s]                  from /home/j/colcon_ws/ORB_SLAM3/include/MapPoint.h:23,
[3.251s]                  from /home/j/colcon_ws/ORB_SLAM3/include/FrameDrawer.h:24,
[3.251s]                  from /home/j/colcon_ws/ORB_SLAM3/include/Viewer.h:23,
[3.251s]                  from /home/j/colcon_ws/ORB_SLAM3/include/Tracking.h:26,
[3.252s]                  from /home/j/colcon_ws/ORB_SLAM3/include/System.h:31,
[3.252s]                  from /home/j/colcon_ws/src/orbslam3_ros2/src/stereo/stereo-slam-node.hpp:13,
[3.252s]                  from /home/j/colcon_ws/src/orbslam3_ros2/src/stereo/stereo-slam-node.cpp:1:
[3.252s] /usr/include/eigen3/Eigen/src/Core/util/Constants.h:167:37: note: declared here
[3.252s]   167 | EIGEN_DEPRECATED const unsigned int AlignedBit = 0x80;
[3.252s]       |                                     ^~~~~~~~~~
[3.252s] In file included from /home/j/colcon_ws/ORB_SLAM3/Thirdparty/g2o/g2o/types/types_six_dof_expmap.h:38,
[3.252s]                  from /home/j/colcon_ws/ORB_SLAM3/include/Converter.h:26,
[3.252s]                  from /home/j/colcon_ws/ORB_SLAM3/include/Frame.h:33,
[3.252s]                  from /home/j/colcon_ws/ORB_SLAM3/include/KeyFrame.h:28,
[3.252s]                  from /home/j/colcon_ws/ORB_SLAM3/include/MapPoint.h:23,
[3.252s]                  from /home/j/colcon_ws/ORB_SLAM3/include/FrameDrawer.h:24,
[3.252s]                  from /home/j/colcon_ws/ORB_SLAM3/include/Viewer.h:23,
[3.252s]                  from /home/j/colcon_ws/ORB_SLAM3/include/Tracking.h:26,
[3.252s]                  from /home/j/colcon_ws/ORB_SLAM3/include/System.h:31,
[3.252s]                  from /home/j/colcon_ws/src/orbslam3_ros2/src/rgbd/rgbd-slam-node.hpp:18,
[3.252s]                  from /home/j/colcon_ws/src/orbslam3_ros2/src/rgbd/rgbd-slam-node.cpp:1:
[3.252s] /home/j/colcon_ws/ORB_SLAM3/Thirdparty/g2o/g2o/types/../core/base_binary_edge.h: In instantiation of ‘class g2o::BaseBinaryEdge<3, Eigen::Matrix<double, 3, 1>, g2o::VertexSBAPointXYZ, g2o::VertexSE3Expmap>’:
[3.252s] /home/j/colcon_ws/ORB_SLAM3/Thirdparty/g2o/g2o/types/types_six_dof_expmap.h:146:41:   required from here
[3.252s] /home/j/colcon_ws/ORB_SLAM3/Thirdparty/g2o/g2o/types/../core/base_binary_edge.h:59:80: warning: ‘Eigen::AlignedBit’ is deprecated [-Wdeprecated-declarations]
[3.252s]    59 |       typedef Eigen::Map<Matrix<double, Di, Dj>, Matrix<double, Di, Dj>::Flags & AlignedBit ? Aligned : Unaligned > HessianBlockType;
[3.252s]       |                                                                          ~~~~~~^~~~~~~~~~~~
[3.252s] In file included from /usr/include/eigen3/Eigen/Core:161,
[3.252s]                  from /usr/include/eigen3/Eigen/LU:11,
[3.252s]                  from /home/j/colcon_ws/ORB_SLAM3/Thirdparty/Sophus/sophus/so2.hpp:12,
[3.252s]                  from /home/j/colcon_ws/ORB_SLAM3/Thirdparty/Sophus/sophus/se2.hpp:7,
[3.252s]                  from /home/j/colcon_ws/ORB_SLAM3/Thirdparty/Sophus/sophus/geometry.hpp:7,
[3.252s]                  from /home/j/colcon_ws/ORB_SLAM3/include/Frame.h:28,
[3.252s]                  from /home/j/colcon_ws/ORB_SLAM3/include/KeyFrame.h:28,
[3.252s]                  from /home/j/colcon_ws/ORB_SLAM3/include/MapPoint.h:23,
[3.252s]                  from /home/j/colcon_ws/ORB_SLAM3/include/FrameDrawer.h:24,
[3.252s]                  from /home/j/colcon_ws/ORB_SLAM3/include/Viewer.h:23,
[3.252s]                  from /home/j/colcon_ws/ORB_SLAM3/include/Tracking.h:26,
[3.252s]                  from /home/j/colcon_ws/ORB_SLAM3/include/System.h:31,
[3.252s]                  from /home/j/colcon_ws/src/orbslam3_ros2/src/rgbd/rgbd-slam-node.hpp:18,
[3.252s]                  from /home/j/colcon_ws/src/orbslam3_ros2/src/rgbd/rgbd-slam-node.cpp:1:
[3.252s] /usr/include/eigen3/Eigen/src/Core/util/Constants.h:167:37: note: declared here
[3.252s]   167 | EIGEN_DEPRECATED const unsigned int AlignedBit = 0x80;
[3.252s]       |                                     ^~~~~~~~~~
[3.252s] In file included from /home/j/colcon_ws/ORB_SLAM3/Thirdparty/g2o/g2o/types/types_six_dof_expmap.h:38,
[3.252s]                  from /home/j/colcon_ws/ORB_SLAM3/include/Converter.h:26,
[3.252s]                  from /home/j/colcon_ws/ORB_SLAM3/include/Frame.h:33,
[3.252s]                  from /home/j/colcon_ws/ORB_SLAM3/include/KeyFrame.h:28,
[3.252s]                  from /home/j/colcon_ws/ORB_SLAM3/include/MapPoint.h:23,
[3.252s]                  from /home/j/colcon_ws/ORB_SLAM3/include/FrameDrawer.h:24,
[3.252s]                  from /home/j/colcon_ws/ORB_SLAM3/include/Viewer.h:23,
[3.252s]                  from /home/j/colcon_ws/ORB_SLAM3/include/Tracking.h:26,
[3.252s]                  from /home/j/colcon_ws/ORB_SLAM3/include/System.h:31,
[3.253s]                  from /home/j/colcon_ws/src/orbslam3_ros2/src/rgbd/rgbd-slam-node.hpp:18,
[3.253s]                  from /home/j/colcon_ws/src/orbslam3_ros2/src/rgbd/rgbd-slam-node.cpp:1:
[3.253s] /home/j/colcon_ws/ORB_SLAM3/Thirdparty/g2o/g2o/types/../core/base_binary_edge.h:60:80: warning: ‘Eigen::AlignedBit’ is deprecated [-Wdeprecated-declarations]
[3.253s]    60 |       typedef Eigen::Map<Matrix<double, Dj, Di>, Matrix<double, Dj, Di>::Flags & AlignedBit ? Aligned : Unaligned > HessianBlockTransposedType;
[3.253s]       |                                                                          ~~~~~~^~~~~~~~~~~~
[3.253s] In file included from /usr/include/eigen3/Eigen/Core:161,
[3.253s]                  from /usr/include/eigen3/Eigen/LU:11,
[3.253s]                  from /home/j/colcon_ws/ORB_SLAM3/Thirdparty/Sophus/sophus/so2.hpp:12,
[3.253s]                  from /home/j/colcon_ws/ORB_SLAM3/Thirdparty/Sophus/sophus/se2.hpp:7,
[3.253s]                  from /home/j/colcon_ws/ORB_SLAM3/Thirdparty/Sophus/sophus/geometry.hpp:7,
[3.253s]                  from /home/j/colcon_ws/ORB_SLAM3/include/Frame.h:28,
[3.253s]                  from /home/j/colcon_ws/ORB_SLAM3/include/KeyFrame.h:28,
[3.253s]                  from /home/j/colcon_ws/ORB_SLAM3/include/MapPoint.h:23,
[3.253s]                  from /home/j/colcon_ws/ORB_SLAM3/include/FrameDrawer.h:24,
[3.253s]                  from /home/j/colcon_ws/ORB_SLAM3/include/Viewer.h:23,
[3.253s]                  from /home/j/colcon_ws/ORB_SLAM3/include/Tracking.h:26,
[3.253s]                  from /home/j/colcon_ws/ORB_SLAM3/include/System.h:31,
[3.253s]                  from /home/j/colcon_ws/src/orbslam3_ros2/src/rgbd/rgbd-slam-node.hpp:18,
[3.253s]                  from /home/j/colcon_ws/src/orbslam3_ros2/src/rgbd/rgbd-slam-node.cpp:1:
[3.253s] /usr/include/eigen3/Eigen/src/Core/util/Constants.h:167:37: note: declared here
[3.253s]   167 | EIGEN_DEPRECATED const unsigned int AlignedBit = 0x80;
[3.253s]       |                                     ^~~~~~~~~~
[3.354s] In file included from /home/j/colcon_ws/ORB_SLAM3/Thirdparty/g2o/g2o/types/types_six_dof_expmap.h:37,
[3.354s]                  from /home/j/colcon_ws/ORB_SLAM3/include/Converter.h:26,
[3.354s]                  from /home/j/colcon_ws/ORB_SLAM3/include/Frame.h:33,
[3.354s]                  from /home/j/colcon_ws/ORB_SLAM3/include/KeyFrame.h:28,
[3.354s]                  from /home/j/colcon_ws/ORB_SLAM3/include/MapPoint.h:23,
[3.354s]                  from /home/j/colcon_ws/ORB_SLAM3/include/FrameDrawer.h:24,
[3.354s]                  from /home/j/colcon_ws/ORB_SLAM3/include/Viewer.h:23,
[3.354s]                  from /home/j/colcon_ws/ORB_SLAM3/include/Tracking.h:26,
[3.354s]                  from /home/j/colcon_ws/ORB_SLAM3/include/System.h:31,
[3.354s]                  from /home/j/colcon_ws/src/orbslam3_ros2/src/rgbd/rgbd-slam-node.hpp:18,
[3.354s]                  from /home/j/colcon_ws/src/orbslam3_ros2/src/rgbd/rgbd-slam-node.cpp:1:
[3.354s] /home/j/colcon_ws/ORB_SLAM3/Thirdparty/g2o/g2o/types/../core/base_vertex.h: In instantiation of ‘class g2o::BaseVertex<7, g2o::Sim3>’:
[3.354s] /home/j/colcon_ws/ORB_SLAM3/Thirdparty/g2o/g2o/types/types_seven_dof_expmap.h:48:35:   required from here
[3.354s] /home/j/colcon_ws/ORB_SLAM3/Thirdparty/g2o/g2o/types/../core/base_vertex.h:62:72: warning: ‘Eigen::AlignedBit’ is deprecated [-Wdeprecated-declarations]
[3.354s]    62 |     typedef Eigen::Map<Matrix<double, D, D>, Matrix<double,D,D>::Flags & AlignedBit ? Aligned : Unaligned >  HessianBlockType;
[3.354s]       |                                                                  ~~~~~~^~~~~~~~~~~~
[3.354s] In file included from /usr/include/eigen3/Eigen/Core:161,
[3.354s]                  from /usr/include/eigen3/Eigen/LU:11,
[3.354s]                  from /home/j/colcon_ws/ORB_SLAM3/Thirdparty/Sophus/sophus/so2.hpp:12,
[3.354s]                  from /home/j/colcon_ws/ORB_SLAM3/Thirdparty/Sophus/sophus/se2.hpp:7,
[3.354s]                  from /home/j/colcon_ws/ORB_SLAM3/Thirdparty/Sophus/sophus/geometry.hpp:7,
[3.354s]                  from /home/j/colcon_ws/ORB_SLAM3/include/Frame.h:28,
[3.354s]                  from /home/j/colcon_ws/ORB_SLAM3/include/KeyFrame.h:28,
[3.354s]                  from /home/j/colcon_ws/ORB_SLAM3/include/MapPoint.h:23,
[3.354s]                  from /home/j/colcon_ws/ORB_SLAM3/include/FrameDrawer.h:24,
[3.354s]                  from /home/j/colcon_ws/ORB_SLAM3/include/Viewer.h:23,
[3.354s]                  from /home/j/colcon_ws/ORB_SLAM3/include/Tracking.h:26,
[3.354s]                  from /home/j/colcon_ws/ORB_SLAM3/include/System.h:31,
[3.354s]                  from /home/j/colcon_ws/src/orbslam3_ros2/src/rgbd/rgbd-slam-node.hpp:18,
[3.354s]                  from /home/j/colcon_ws/src/orbslam3_ros2/src/rgbd/rgbd-slam-node.cpp:1:
[3.354s] /usr/include/eigen3/Eigen/src/Core/util/Constants.h:167:37: note: declared here
[3.355s]   167 | EIGEN_DEPRECATED const unsigned int AlignedBit = 0x80;
[3.355s]       |                                     ^~~~~~~~~~
[3.355s] In file included from /home/j/colcon_ws/ORB_SLAM3/Thirdparty/g2o/g2o/types/types_six_dof_expmap.h:37,
[3.355s]                  from /home/j/colcon_ws/ORB_SLAM3/include/Converter.h:26,
[3.355s]                  from /home/j/colcon_ws/ORB_SLAM3/include/Frame.h:33,
[3.355s]                  from /home/j/colcon_ws/ORB_SLAM3/include/KeyFrame.h:28,
[3.355s]                  from /home/j/colcon_ws/ORB_SLAM3/include/MapPoint.h:23,
[3.355s]                  from /home/j/colcon_ws/ORB_SLAM3/include/FrameDrawer.h:24,
[3.355s]                  from /home/j/colcon_ws/ORB_SLAM3/include/Viewer.h:23,
[3.355s]                  from /home/j/colcon_ws/ORB_SLAM3/include/Tracking.h:26,
[3.355s]                  from /home/j/colcon_ws/ORB_SLAM3/include/System.h:31,
[3.355s]                  from /home/j/colcon_ws/src/orbslam3_ros2/src/stereo/stereo-slam-node.hpp:13,
[3.355s]                  from /home/j/colcon_ws/src/orbslam3_ros2/src/stereo/stereo-slam-node.cpp:1:
[3.355s] /home/j/colcon_ws/ORB_SLAM3/Thirdparty/g2o/g2o/types/../core/base_vertex.h: In instantiation of ‘class g2o::BaseVertex<7, g2o::Sim3>’:
[3.355s] /home/j/colcon_ws/ORB_SLAM3/Thirdparty/g2o/g2o/types/types_seven_dof_expmap.h:48:35:   required from here
[3.355s] /home/j/colcon_ws/ORB_SLAM3/Thirdparty/g2o/g2o/types/../core/base_vertex.h:62:72: warning: ‘Eigen::AlignedBit’ is deprecated [-Wdeprecated-declarations]
[3.355s]    62 |     typedef Eigen::Map<Matrix<double, D, D>, Matrix<double,D,D>::Flags & AlignedBit ? Aligned : Unaligned >  HessianBlockType;
[3.355s]       |                                                                  ~~~~~~^~~~~~~~~~~~
[3.355s] In file included from /usr/include/eigen3/Eigen/Core:161,
[3.355s]                  from /usr/include/eigen3/Eigen/LU:11,
[3.355s]                  from /home/j/colcon_ws/ORB_SLAM3/Thirdparty/Sophus/sophus/so2.hpp:12,
[3.355s]                  from /home/j/colcon_ws/ORB_SLAM3/Thirdparty/Sophus/sophus/se2.hpp:7,
[3.355s]                  from /home/j/colcon_ws/ORB_SLAM3/Thirdparty/Sophus/sophus/geometry.hpp:7,
[3.355s]                  from /home/j/colcon_ws/ORB_SLAM3/include/Frame.h:28,
[3.355s]                  from /home/j/colcon_ws/ORB_SLAM3/include/KeyFrame.h:28,
[3.355s]                  from /home/j/colcon_ws/ORB_SLAM3/include/MapPoint.h:23,
[3.355s]                  from /home/j/colcon_ws/ORB_SLAM3/include/FrameDrawer.h:24,
[3.355s]                  from /home/j/colcon_ws/ORB_SLAM3/include/Viewer.h:23,
[3.355s]                  from /home/j/colcon_ws/ORB_SLAM3/include/Tracking.h:26,
[3.355s]                  from /home/j/colcon_ws/ORB_SLAM3/include/System.h:31,
[3.355s]                  from /home/j/colcon_ws/src/orbslam3_ros2/src/stereo/stereo-slam-node.hpp:13,
[3.355s]                  from /home/j/colcon_ws/src/orbslam3_ros2/src/stereo/stereo-slam-node.cpp:1:
[3.355s] /usr/include/eigen3/Eigen/src/Core/util/Constants.h:167:37: note: declared here
[3.355s]   167 | EIGEN_DEPRECATED const unsigned int AlignedBit = 0x80;
[3.355s]       |                                     ^~~~~~~~~~
[3.371s] In file included from /home/j/colcon_ws/ORB_SLAM3/Thirdparty/g2o/g2o/types/types_six_dof_expmap.h:38,
[3.371s]                  from /home/j/colcon_ws/ORB_SLAM3/include/Converter.h:26,
[3.371s]                  from /home/j/colcon_ws/ORB_SLAM3/include/Frame.h:33,
[3.371s]                  from /home/j/colcon_ws/ORB_SLAM3/include/KeyFrame.h:28,
[3.371s]                  from /home/j/colcon_ws/ORB_SLAM3/include/MapPoint.h:23,
[3.371s]                  from /home/j/colcon_ws/ORB_SLAM3/include/FrameDrawer.h:24,
[3.372s]                  from /home/j/colcon_ws/ORB_SLAM3/include/Viewer.h:23,
[3.372s]                  from /home/j/colcon_ws/ORB_SLAM3/include/Tracking.h:26,
[3.372s]                  from /home/j/colcon_ws/ORB_SLAM3/include/System.h:31,
[3.372s]                  from /home/j/colcon_ws/src/orbslam3_ros2/src/rgbd/rgbd-slam-node.hpp:18,
[3.372s]                  from /home/j/colcon_ws/src/orbslam3_ros2/src/rgbd/rgbd-slam-node.cpp:1:
[3.372s] /home/j/colcon_ws/ORB_SLAM3/Thirdparty/g2o/g2o/types/../core/base_binary_edge.h: In instantiation of ‘class g2o::BaseBinaryEdge<7, g2o::Sim3, g2o::VertexSim3Expmap, g2o::VertexSim3Expmap>’:
[3.372s] /home/j/colcon_ws/ORB_SLAM3/Thirdparty/g2o/g2o/types/types_seven_dof_expmap.h:99:27:   required from here
[3.372s] /home/j/colcon_ws/ORB_SLAM3/Thirdparty/g2o/g2o/types/../core/base_binary_edge.h:59:80: warning: ‘Eigen::AlignedBit’ is deprecated [-Wdeprecated-declarations]
[3.372s]    59 |       typedef Eigen::Map<Matrix<double, Di, Dj>, Matrix<double, Di, Dj>::Flags & AlignedBit ? Aligned : Unaligned > HessianBlockType;
[3.372s]       |                                                                          ~~~~~~^~~~~~~~~~~~
[3.372s] In file included from /usr/include/eigen3/Eigen/Core:161,
[3.372s]                  from /usr/include/eigen3/Eigen/LU:11,
[3.372s]                  from /home/j/colcon_ws/ORB_SLAM3/Thirdparty/Sophus/sophus/so2.hpp:12,
[3.372s]                  from /home/j/colcon_ws/ORB_SLAM3/Thirdparty/Sophus/sophus/se2.hpp:7,
[3.372s]                  from /home/j/colcon_ws/ORB_SLAM3/Thirdparty/Sophus/sophus/geometry.hpp:7,
[3.372s]                  from /home/j/colcon_ws/ORB_SLAM3/include/Frame.h:28,
[3.372s]                  from /home/j/colcon_ws/ORB_SLAM3/include/KeyFrame.h:28,
[3.372s]                  from /home/j/colcon_ws/ORB_SLAM3/include/MapPoint.h:23,
[3.372s]                  from /home/j/colcon_ws/ORB_SLAM3/include/FrameDrawer.h:24,
[3.372s]                  from /home/j/colcon_ws/ORB_SLAM3/include/Viewer.h:23,
[3.372s]                  from /home/j/colcon_ws/ORB_SLAM3/include/Tracking.h:26,
[3.372s]                  from /home/j/colcon_ws/ORB_SLAM3/include/System.h:31,
[3.372s]                  from /home/j/colcon_ws/src/orbslam3_ros2/src/rgbd/rgbd-slam-node.hpp:18,
[3.372s]                  from /home/j/colcon_ws/src/orbslam3_ros2/src/rgbd/rgbd-slam-node.cpp:1:
[3.372s] /usr/include/eigen3/Eigen/src/Core/util/Constants.h:167:37: note: declared here
[3.372s]   167 | EIGEN_DEPRECATED const unsigned int AlignedBit = 0x80;
[3.373s]       |                                     ^~~~~~~~~~
[3.373s] In file included from /home/j/colcon_ws/ORB_SLAM3/Thirdparty/g2o/g2o/types/types_six_dof_expmap.h:38,
[3.373s]                  from /home/j/colcon_ws/ORB_SLAM3/include/Converter.h:26,
[3.373s]                  from /home/j/colcon_ws/ORB_SLAM3/include/Frame.h:33,
[3.373s]                  from /home/j/colcon_ws/ORB_SLAM3/include/KeyFrame.h:28,
[3.373s]                  from /home/j/colcon_ws/ORB_SLAM3/include/MapPoint.h:23,
[3.373s]                  from /home/j/colcon_ws/ORB_SLAM3/include/FrameDrawer.h:24,
[3.373s]                  from /home/j/colcon_ws/ORB_SLAM3/include/Viewer.h:23,
[3.373s]                  from /home/j/colcon_ws/ORB_SLAM3/include/Tracking.h:26,
[3.373s]                  from /home/j/colcon_ws/ORB_SLAM3/include/System.h:31,
[3.373s]                  from /home/j/colcon_ws/src/orbslam3_ros2/src/rgbd/rgbd-slam-node.hpp:18,
[3.373s]                  from /home/j/colcon_ws/src/orbslam3_ros2/src/rgbd/rgbd-slam-node.cpp:1:
[3.373s] /home/j/colcon_ws/ORB_SLAM3/Thirdparty/g2o/g2o/types/../core/base_binary_edge.h:60:80: warning: ‘Eigen::AlignedBit’ is deprecated [-Wdeprecated-declarations]
[3.373s]    60 |       typedef Eigen::Map<Matrix<double, Dj, Di>, Matrix<double, Dj, Di>::Flags & AlignedBit ? Aligned : Unaligned > HessianBlockTransposedType;
[3.373s]       |                                                                          ~~~~~~^~~~~~~~~~~~
[3.373s] In file included from /usr/include/eigen3/Eigen/Core:161,
[3.373s]                  from /usr/include/eigen3/Eigen/LU:11,
[3.373s]                  from /home/j/colcon_ws/ORB_SLAM3/Thirdparty/Sophus/sophus/so2.hpp:12,
[3.373s]                  from /home/j/colcon_ws/ORB_SLAM3/Thirdparty/Sophus/sophus/se2.hpp:7,
[3.373s]                  from /home/j/colcon_ws/ORB_SLAM3/Thirdparty/Sophus/sophus/geometry.hpp:7,
[3.373s]                  from /home/j/colcon_ws/ORB_SLAM3/include/Frame.h:28,
[3.374s]                  from /home/j/colcon_ws/ORB_SLAM3/include/KeyFrame.h:28,
[3.374s]                  from /home/j/colcon_ws/ORB_SLAM3/include/MapPoint.h:23,
[3.374s]                  from /home/j/colcon_ws/ORB_SLAM3/include/FrameDrawer.h:24,
[3.374s]                  from /home/j/colcon_ws/ORB_SLAM3/include/Viewer.h:23,
[3.374s]                  from /home/j/colcon_ws/ORB_SLAM3/include/Tracking.h:26,
[3.374s]                  from /home/j/colcon_ws/ORB_SLAM3/include/System.h:31,
[3.374s]                  from /home/j/colcon_ws/src/orbslam3_ros2/src/rgbd/rgbd-slam-node.hpp:18,
[3.374s]                  from /home/j/colcon_ws/src/orbslam3_ros2/src/rgbd/rgbd-slam-node.cpp:1:
[3.374s] /usr/include/eigen3/Eigen/src/Core/util/Constants.h:167:37: note: declared here
[3.374s]   167 | EIGEN_DEPRECATED const unsigned int AlignedBit = 0x80;
[3.374s]       |                                     ^~~~~~~~~~
[3.374s] In file included from /home/j/colcon_ws/ORB_SLAM3/Thirdparty/g2o/g2o/types/types_six_dof_expmap.h:38,
[3.374s]                  from /home/j/colcon_ws/ORB_SLAM3/include/Converter.h:26,
[3.374s]                  from /home/j/colcon_ws/ORB_SLAM3/include/Frame.h:33,
[3.374s]                  from /home/j/colcon_ws/ORB_SLAM3/include/KeyFrame.h:28,
[3.374s]                  from /home/j/colcon_ws/ORB_SLAM3/include/MapPoint.h:23,
[3.374s]                  from /home/j/colcon_ws/ORB_SLAM3/include/FrameDrawer.h:24,
[3.374s]                  from /home/j/colcon_ws/ORB_SLAM3/include/Viewer.h:23,
[3.374s]                  from /home/j/colcon_ws/ORB_SLAM3/include/Tracking.h:26,
[3.375s]                  from /home/j/colcon_ws/ORB_SLAM3/include/System.h:31,
[3.375s]                  from /home/j/colcon_ws/src/orbslam3_ros2/src/stereo/stereo-slam-node.hpp:13,
[3.375s]                  from /home/j/colcon_ws/src/orbslam3_ros2/src/stereo/stereo-slam-node.cpp:1:
[3.375s] /home/j/colcon_ws/ORB_SLAM3/Thirdparty/g2o/g2o/types/../core/base_binary_edge.h: In instantiation of ‘class g2o::BaseBinaryEdge<7, g2o::Sim3, g2o::VertexSim3Expmap, g2o::VertexSim3Expmap>’:
[3.375s] /home/j/colcon_ws/ORB_SLAM3/Thirdparty/g2o/g2o/types/types_seven_dof_expmap.h:99:27:   required from here
[3.375s] /home/j/colcon_ws/ORB_SLAM3/Thirdparty/g2o/g2o/types/../core/base_binary_edge.h:59:80: warning: ‘Eigen::AlignedBit’ is deprecated [-Wdeprecated-declarations]
[3.375s]    59 |       typedef Eigen::Map<Matrix<double, Di, Dj>, Matrix<double, Di, Dj>::Flags & AlignedBit ? Aligned : Unaligned > HessianBlockType;
[3.375s]       |                                                                          ~~~~~~^~~~~~~~~~~~
[3.375s] In file included from /usr/include/eigen3/Eigen/Core:161,
[3.375s]                  from /usr/include/eigen3/Eigen/LU:11,
[3.375s]                  from /home/j/colcon_ws/ORB_SLAM3/Thirdparty/Sophus/sophus/so2.hpp:12,
[3.375s]                  from /home/j/colcon_ws/ORB_SLAM3/Thirdparty/Sophus/sophus/se2.hpp:7,
[3.375s]                  from /home/j/colcon_ws/ORB_SLAM3/Thirdparty/Sophus/sophus/geometry.hpp:7,
[3.375s]                  from /home/j/colcon_ws/ORB_SLAM3/include/Frame.h:28,
[3.375s]                  from /home/j/colcon_ws/ORB_SLAM3/include/KeyFrame.h:28,
[3.375s]                  from /home/j/colcon_ws/ORB_SLAM3/include/MapPoint.h:23,
[3.375s]                  from /home/j/colcon_ws/ORB_SLAM3/include/FrameDrawer.h:24,
[3.375s]                  from /home/j/colcon_ws/ORB_SLAM3/include/Viewer.h:23,
[3.376s]                  from /home/j/colcon_ws/ORB_SLAM3/include/Tracking.h:26,
[3.376s]                  from /home/j/colcon_ws/ORB_SLAM3/include/System.h:31,
[3.376s]                  from /home/j/colcon_ws/src/orbslam3_ros2/src/stereo/stereo-slam-node.hpp:13,
[3.376s]                  from /home/j/colcon_ws/src/orbslam3_ros2/src/stereo/stereo-slam-node.cpp:1:
[3.376s] /usr/include/eigen3/Eigen/src/Core/util/Constants.h:167:37: note: declared here
[3.376s]   167 | EIGEN_DEPRECATED const unsigned int AlignedBit = 0x80;
[3.376s]       |                                     ^~~~~~~~~~
[3.376s] In file included from /home/j/colcon_ws/ORB_SLAM3/Thirdparty/g2o/g2o/types/types_six_dof_expmap.h:38,
[3.376s]                  from /home/j/colcon_ws/ORB_SLAM3/include/Converter.h:26,
[3.376s]                  from /home/j/colcon_ws/ORB_SLAM3/include/Frame.h:33,
[3.376s]                  from /home/j/colcon_ws/ORB_SLAM3/include/KeyFrame.h:28,
[3.376s]                  from /home/j/colcon_ws/ORB_SLAM3/include/MapPoint.h:23,
[3.376s]                  from /home/j/colcon_ws/ORB_SLAM3/include/FrameDrawer.h:24,
[3.376s]                  from /home/j/colcon_ws/ORB_SLAM3/include/Viewer.h:23,
[3.376s]                  from /home/j/colcon_ws/ORB_SLAM3/include/Tracking.h:26,
[3.376s]                  from /home/j/colcon_ws/ORB_SLAM3/include/System.h:31,
[3.376s]                  from /home/j/colcon_ws/src/orbslam3_ros2/src/stereo/stereo-slam-node.hpp:13,
[3.376s]                  from /home/j/colcon_ws/src/orbslam3_ros2/src/stereo/stereo-slam-node.cpp:1:
[3.376s] /home/j/colcon_ws/ORB_SLAM3/Thirdparty/g2o/g2o/types/../core/base_binary_edge.h:60:80: warning: ‘Eigen::AlignedBit’ is deprecated [-Wdeprecated-declarations]
[3.377s]    60 |       typedef Eigen::Map<Matrix<double, Dj, Di>, Matrix<double, Dj, Di>::Flags & AlignedBit ? Aligned : Unaligned > HessianBlockTransposedType;
[3.377s]       |                                                                          ~~~~~~^~~~~~~~~~~~
[3.377s] In file included from /usr/include/eigen3/Eigen/Core:161,
[3.377s]                  from /usr/include/eigen3/Eigen/LU:11,
[3.377s]                  from /home/j/colcon_ws/ORB_SLAM3/Thirdparty/Sophus/sophus/so2.hpp:12,
[3.377s]                  from /home/j/colcon_ws/ORB_SLAM3/Thirdparty/Sophus/sophus/se2.hpp:7,
[3.377s]                  from /home/j/colcon_ws/ORB_SLAM3/Thirdparty/Sophus/sophus/geometry.hpp:7,
[3.377s]                  from /home/j/colcon_ws/ORB_SLAM3/include/Frame.h:28,
[3.377s]                  from /home/j/colcon_ws/ORB_SLAM3/include/KeyFrame.h:28,
[3.377s]                  from /home/j/colcon_ws/ORB_SLAM3/include/MapPoint.h:23,
[3.377s]                  from /home/j/colcon_ws/ORB_SLAM3/include/FrameDrawer.h:24,
[3.377s]                  from /home/j/colcon_ws/ORB_SLAM3/include/Viewer.h:23,
[3.377s]                  from /home/j/colcon_ws/ORB_SLAM3/include/Tracking.h:26,
[3.377s]                  from /home/j/colcon_ws/ORB_SLAM3/include/System.h:31,
[3.377s]                  from /home/j/colcon_ws/src/orbslam3_ros2/src/stereo/stereo-slam-node.hpp:13,
[3.377s]                  from /home/j/colcon_ws/src/orbslam3_ros2/src/stereo/stereo-slam-node.cpp:1:
[3.377s] /usr/include/eigen3/Eigen/src/Core/util/Constants.h:167:37: note: declared here
[3.377s]   167 | EIGEN_DEPRECATED const unsigned int AlignedBit = 0x80;
[3.378s]       |                                     ^~~~~~~~~~
[3.393s] In file included from /home/j/colcon_ws/ORB_SLAM3/Thirdparty/g2o/g2o/types/types_six_dof_expmap.h:38,
[3.393s]                  from /home/j/colcon_ws/ORB_SLAM3/include/Converter.h:26,
[3.393s]                  from /home/j/colcon_ws/ORB_SLAM3/include/Frame.h:33,
[3.393s]                  from /home/j/colcon_ws/ORB_SLAM3/include/KeyFrame.h:28,
[3.393s]                  from /home/j/colcon_ws/ORB_SLAM3/include/MapPoint.h:23,
[3.393s]                  from /home/j/colcon_ws/ORB_SLAM3/include/FrameDrawer.h:24,
[3.393s]                  from /home/j/colcon_ws/ORB_SLAM3/include/Viewer.h:23,
[3.393s]                  from /home/j/colcon_ws/ORB_SLAM3/include/Tracking.h:26,
[3.393s]                  from /home/j/colcon_ws/ORB_SLAM3/include/System.h:31,
[3.393s]                  from /home/j/colcon_ws/src/orbslam3_ros2/src/stereo/stereo-slam-node.hpp:13,
[3.393s]                  from /home/j/colcon_ws/src/orbslam3_ros2/src/stereo/stereo-slam-node.cpp:1:
[3.393s] /home/j/colcon_ws/ORB_SLAM3/Thirdparty/g2o/g2o/types/../core/base_binary_edge.h: In instantiation of ‘class g2o::BaseBinaryEdge<2, Eigen::Matrix<double, 2, 1>, g2o::VertexSBAPointXYZ, g2o::VertexSim3Expmap>’:
[3.393s] /home/j/colcon_ws/ORB_SLAM3/Thirdparty/g2o/g2o/types/types_seven_dof_expmap.h:130:36:   required from here
[3.393s] /home/j/colcon_ws/ORB_SLAM3/Thirdparty/g2o/g2o/types/../core/base_binary_edge.h:59:80: warning: ‘Eigen::AlignedBit’ is deprecated [-Wdeprecated-declarations]
[3.394s]    59 |       typedef Eigen::Map<Matrix<double, Di, Dj>, Matrix<double, Di, Dj>::Flags & AlignedBit ? Aligned : Unaligned > HessianBlockType;
[3.394s]       |                                                                          ~~~~~~^~~~~~~~~~~~
[3.394s] In file included from /usr/include/eigen3/Eigen/Core:161,
[3.394s]                  from /usr/include/eigen3/Eigen/LU:11,
[3.394s]                  from /home/j/colcon_ws/ORB_SLAM3/Thirdparty/Sophus/sophus/so2.hpp:12,
[3.394s]                  from /home/j/colcon_ws/ORB_SLAM3/Thirdparty/Sophus/sophus/se2.hpp:7,
[3.394s]                  from /home/j/colcon_ws/ORB_SLAM3/Thirdparty/Sophus/sophus/geometry.hpp:7,
[3.394s]                  from /home/j/colcon_ws/ORB_SLAM3/include/Frame.h:28,
[3.394s]                  from /home/j/colcon_ws/ORB_SLAM3/include/KeyFrame.h:28,
[3.394s]                  from /home/j/colcon_ws/ORB_SLAM3/include/MapPoint.h:23,
[3.394s]                  from /home/j/colcon_ws/ORB_SLAM3/include/FrameDrawer.h:24,
[3.394s]                  from /home/j/colcon_ws/ORB_SLAM3/include/Viewer.h:23,
[3.394s]                  from /home/j/colcon_ws/ORB_SLAM3/include/Tracking.h:26,
[3.394s]                  from /home/j/colcon_ws/ORB_SLAM3/include/System.h:31,
[3.394s]                  from /home/j/colcon_ws/src/orbslam3_ros2/src/stereo/stereo-slam-node.hpp:13,
[3.394s]                  from /home/j/colcon_ws/src/orbslam3_ros2/src/stereo/stereo-slam-node.cpp:1:
[3.394s] /usr/include/eigen3/Eigen/src/Core/util/Constants.h:167:37: note: declared here
[3.394s]   167 | EIGEN_DEPRECATED const unsigned int AlignedBit = 0x80;
[3.394s]       |                                     ^~~~~~~~~~
[3.394s] In file included from /home/j/colcon_ws/ORB_SLAM3/Thirdparty/g2o/g2o/types/types_six_dof_expmap.h:38,
[3.394s]                  from /home/j/colcon_ws/ORB_SLAM3/include/Converter.h:26,
[3.394s]                  from /home/j/colcon_ws/ORB_SLAM3/include/Frame.h:33,
[3.394s]                  from /home/j/colcon_ws/ORB_SLAM3/include/KeyFrame.h:28,
[3.394s]                  from /home/j/colcon_ws/ORB_SLAM3/include/MapPoint.h:23,
[3.394s]                  from /home/j/colcon_ws/ORB_SLAM3/include/FrameDrawer.h:24,
[3.394s]                  from /home/j/colcon_ws/ORB_SLAM3/include/Viewer.h:23,
[3.394s]                  from /home/j/colcon_ws/ORB_SLAM3/include/Tracking.h:26,
[3.394s]                  from /home/j/colcon_ws/ORB_SLAM3/include/System.h:31,
[3.394s]                  from /home/j/colcon_ws/src/orbslam3_ros2/src/rgbd/rgbd-slam-node.hpp:18,
[3.394s]                  from /home/j/colcon_ws/src/orbslam3_ros2/src/rgbd/rgbd-slam-node.cpp:1:
[3.394s] /home/j/colcon_ws/ORB_SLAM3/Thirdparty/g2o/g2o/types/../core/base_binary_edge.h: In instantiation of ‘class g2o::BaseBinaryEdge<2, Eigen::Matrix<double, 2, 1>, g2o::VertexSBAPointXYZ, g2o::VertexSim3Expmap>’:
[3.394s] /home/j/colcon_ws/ORB_SLAM3/Thirdparty/g2o/g2o/types/types_seven_dof_expmap.h:130:36:   required from here
[3.394s] /home/j/colcon_ws/ORB_SLAM3/Thirdparty/g2o/g2o/types/../core/base_binary_edge.h:59:80: warning: ‘Eigen::AlignedBit’ is deprecated [-Wdeprecated-declarations]
[3.394s]    59 |       typedef Eigen::Map<Matrix<double, Di, Dj>, Matrix<double, Di, Dj>::Flags & AlignedBit ? Aligned : Unaligned > HessianBlockType;
[3.394s]       |                                                                          ~~~~~~^~~~~~~~~~~~
[3.394s] In file included from /usr/include/eigen3/Eigen/Core:161,
[3.394s]                  from /usr/include/eigen3/Eigen/LU:11,
[3.394s]                  from /home/j/colcon_ws/ORB_SLAM3/Thirdparty/Sophus/sophus/so2.hpp:12,
[3.394s]                  from /home/j/colcon_ws/ORB_SLAM3/Thirdparty/Sophus/sophus/se2.hpp:7,
[3.394s]                  from /home/j/colcon_ws/ORB_SLAM3/Thirdparty/Sophus/sophus/geometry.hpp:7,
[3.394s]                  from /home/j/colcon_ws/ORB_SLAM3/include/Frame.h:28,
[3.395s]                  from /home/j/colcon_ws/ORB_SLAM3/include/KeyFrame.h:28,
[3.395s]                  from /home/j/colcon_ws/ORB_SLAM3/include/MapPoint.h:23,
[3.395s]                  from /home/j/colcon_ws/ORB_SLAM3/include/FrameDrawer.h:24,
[3.395s]                  from /home/j/colcon_ws/ORB_SLAM3/include/Viewer.h:23,
[3.395s]                  from /home/j/colcon_ws/ORB_SLAM3/include/Tracking.h:26,
[3.395s]                  from /home/j/colcon_ws/ORB_SLAM3/include/System.h:31,
[3.395s]                  from /home/j/colcon_ws/src/orbslam3_ros2/src/rgbd/rgbd-slam-node.hpp:18,
[3.395s]                  from /home/j/colcon_ws/src/orbslam3_ros2/src/rgbd/rgbd-slam-node.cpp:1:
[3.395s] /usr/include/eigen3/Eigen/src/Core/util/Constants.h:167:37: note: declared here
[3.395s]   167 | EIGEN_DEPRECATED const unsigned int AlignedBit = 0x80;
[3.395s]       |                                     ^~~~~~~~~~
[3.400s] In file included from /home/j/colcon_ws/ORB_SLAM3/Thirdparty/g2o/g2o/types/types_six_dof_expmap.h:38,
[3.400s]                  from /home/j/colcon_ws/ORB_SLAM3/include/Converter.h:26,
[3.400s]                  from /home/j/colcon_ws/ORB_SLAM3/include/Frame.h:33,
[3.400s]                  from /home/j/colcon_ws/ORB_SLAM3/include/KeyFrame.h:28,
[3.400s]                  from /home/j/colcon_ws/ORB_SLAM3/include/MapPoint.h:23,
[3.400s]                  from /home/j/colcon_ws/ORB_SLAM3/include/FrameDrawer.h:24,
[3.400s]                  from /home/j/colcon_ws/ORB_SLAM3/include/Viewer.h:23,
[3.400s]                  from /home/j/colcon_ws/ORB_SLAM3/include/Tracking.h:26,
[3.400s]                  from /home/j/colcon_ws/ORB_SLAM3/include/System.h:31,
[3.401s]                  from /home/j/colcon_ws/src/orbslam3_ros2/src/stereo/stereo-slam-node.hpp:13,
[3.401s]                  from /home/j/colcon_ws/src/orbslam3_ros2/src/stereo/stereo-slam-node.cpp:1:
[3.401s] /home/j/colcon_ws/ORB_SLAM3/Thirdparty/g2o/g2o/types/../core/base_binary_edge.h:60:80: warning: ‘Eigen::AlignedBit’ is deprecated [-Wdeprecated-declarations]
[3.401s]    60 |       typedef Eigen::Map<Matrix<double, Dj, Di>, Matrix<double, Dj, Di>::Flags & AlignedBit ? Aligned : Unaligned > HessianBlockTransposedType;
[3.401s]       |                                                                          ~~~~~~^~~~~~~~~~~~
[3.401s] In file included from /usr/include/eigen3/Eigen/Core:161,
[3.401s]                  from /usr/include/eigen3/Eigen/LU:11,
[3.401s]                  from /home/j/colcon_ws/ORB_SLAM3/Thirdparty/Sophus/sophus/so2.hpp:12,
[3.401s]                  from /home/j/colcon_ws/ORB_SLAM3/Thirdparty/Sophus/sophus/se2.hpp:7,
[3.401s]                  from /home/j/colcon_ws/ORB_SLAM3/Thirdparty/Sophus/sophus/geometry.hpp:7,
[3.401s]                  from /home/j/colcon_ws/ORB_SLAM3/include/Frame.h:28,
[3.401s]                  from /home/j/colcon_ws/ORB_SLAM3/include/KeyFrame.h:28,
[3.401s]                  from /home/j/colcon_ws/ORB_SLAM3/include/MapPoint.h:23,
[3.401s]                  from /home/j/colcon_ws/ORB_SLAM3/include/FrameDrawer.h:24,
[3.401s]                  from /home/j/colcon_ws/ORB_SLAM3/include/Viewer.h:23,
[3.401s]                  from /home/j/colcon_ws/ORB_SLAM3/include/Tracking.h:26,
[3.401s]                  from /home/j/colcon_ws/ORB_SLAM3/include/System.h:31,
[3.401s]                  from /home/j/colcon_ws/src/orbslam3_ros2/src/stereo/stereo-slam-node.hpp:13,
[3.401s]                  from /home/j/colcon_ws/src/orbslam3_ros2/src/stereo/stereo-slam-node.cpp:1:
[3.401s] /usr/include/eigen3/Eigen/src/Core/util/Constants.h:167:37: note: declared here
[3.401s]   167 | EIGEN_DEPRECATED const unsigned int AlignedBit = 0x80;
[3.401s]       |                                     ^~~~~~~~~~
[3.402s] In file included from /home/j/colcon_ws/ORB_SLAM3/Thirdparty/g2o/g2o/types/types_six_dof_expmap.h:38,
[3.402s]                  from /home/j/colcon_ws/ORB_SLAM3/include/Converter.h:26,
[3.402s]                  from /home/j/colcon_ws/ORB_SLAM3/include/Frame.h:33,
[3.402s]                  from /home/j/colcon_ws/ORB_SLAM3/include/KeyFrame.h:28,
[3.402s]                  from /home/j/colcon_ws/ORB_SLAM3/include/MapPoint.h:23,
[3.402s]                  from /home/j/colcon_ws/ORB_SLAM3/include/FrameDrawer.h:24,
[3.402s]                  from /home/j/colcon_ws/ORB_SLAM3/include/Viewer.h:23,
[3.402s]                  from /home/j/colcon_ws/ORB_SLAM3/include/Tracking.h:26,
[3.402s]                  from /home/j/colcon_ws/ORB_SLAM3/include/System.h:31,
[3.402s]                  from /home/j/colcon_ws/src/orbslam3_ros2/src/rgbd/rgbd-slam-node.hpp:18,
[3.402s]                  from /home/j/colcon_ws/src/orbslam3_ros2/src/rgbd/rgbd-slam-node.cpp:1:
[3.402s] /home/j/colcon_ws/ORB_SLAM3/Thirdparty/g2o/g2o/types/../core/base_binary_edge.h:60:80: warning: ‘Eigen::AlignedBit’ is deprecated [-Wdeprecated-declarations]
[3.402s]    60 |       typedef Eigen::Map<Matrix<double, Dj, Di>, Matrix<double, Dj, Di>::Flags & AlignedBit ? Aligned : Unaligned > HessianBlockTransposedType;
[3.402s]       |                                                                          ~~~~~~^~~~~~~~~~~~
[3.402s] In file included from /usr/include/eigen3/Eigen/Core:161,
[3.402s]                  from /usr/include/eigen3/Eigen/LU:11,
[3.402s]                  from /home/j/colcon_ws/ORB_SLAM3/Thirdparty/Sophus/sophus/so2.hpp:12,
[3.402s]                  from /home/j/colcon_ws/ORB_SLAM3/Thirdparty/Sophus/sophus/se2.hpp:7,
[3.402s]                  from /home/j/colcon_ws/ORB_SLAM3/Thirdparty/Sophus/sophus/geometry.hpp:7,
[3.402s]                  from /home/j/colcon_ws/ORB_SLAM3/include/Frame.h:28,
[3.402s]                  from /home/j/colcon_ws/ORB_SLAM3/include/KeyFrame.h:28,
[3.402s]                  from /home/j/colcon_ws/ORB_SLAM3/include/MapPoint.h:23,
[3.402s]                  from /home/j/colcon_ws/ORB_SLAM3/include/FrameDrawer.h:24,
[3.402s]                  from /home/j/colcon_ws/ORB_SLAM3/include/Viewer.h:23,
[3.402s]                  from /home/j/colcon_ws/ORB_SLAM3/include/Tracking.h:26,
[3.402s]                  from /home/j/colcon_ws/ORB_SLAM3/include/System.h:31,
[3.402s]                  from /home/j/colcon_ws/src/orbslam3_ros2/src/rgbd/rgbd-slam-node.hpp:18,
[3.402s]                  from /home/j/colcon_ws/src/orbslam3_ros2/src/rgbd/rgbd-slam-node.cpp:1:
[3.402s] /usr/include/eigen3/Eigen/src/Core/util/Constants.h:167:37: note: declared here
[3.402s]   167 | EIGEN_DEPRECATED const unsigned int AlignedBit = 0x80;
[3.402s]       |                                     ^~~~~~~~~~
[3.922s] In file included from /home/j/colcon_ws/ORB_SLAM3/include/Atlas.h:26,
[3.922s]                  from /home/j/colcon_ws/ORB_SLAM3/include/FrameDrawer.h:25,
[3.922s]                  from /home/j/colcon_ws/ORB_SLAM3/include/Viewer.h:23,
[3.922s]                  from /home/j/colcon_ws/ORB_SLAM3/include/Tracking.h:26,
[3.922s]                  from /home/j/colcon_ws/ORB_SLAM3/include/System.h:31,
[3.922s]                  from /home/j/colcon_ws/src/orbslam3_ros2/src/stereo/stereo-slam-node.hpp:13,
[3.922s]                  from /home/j/colcon_ws/src/orbslam3_ros2/src/stereo/stereo-slam-node.cpp:1:
[3.922s] /home/j/colcon_ws/ORB_SLAM3/include/CameraModels/Pinhole.h: In member function ‘virtual bool ORB_SLAM3::Pinhole::matchAndtriangulate(const cv::KeyPoint&, const cv::KeyPoint&, ORB_SLAM3::GeometricCamera*, Sophus::SE3f&, Sophus::SE3f&, float, float, Eigen::Vector3f&)’:
[3.923s] /home/j/colcon_ws/ORB_SLAM3/include/CameraModels/Pinhole.h:83:54: warning: unused parameter ‘kp1’ [-Wunused-parameter]
[3.923s]    83 |         bool matchAndtriangulate(const cv::KeyPoint& kp1, const cv::KeyPoint& kp2, GeometricCamera* pOther,
[3.923s]       |                                  ~~~~~~~~~~~~~~~~~~~~^~~
[3.923s] /home/j/colcon_ws/ORB_SLAM3/include/CameraModels/Pinhole.h:83:79: warning: unused parameter ‘kp2’ [-Wunused-parameter]
[3.923s]    83 |         bool matchAndtriangulate(const cv::KeyPoint& kp1, const cv::KeyPoint& kp2, GeometricCamera* pOther,
[3.923s]       |                                                           ~~~~~~~~~~~~~~~~~~~~^~~
[3.923s] /home/j/colcon_ws/ORB_SLAM3/include/CameraModels/Pinhole.h:83:101: warning: unused parameter ‘pOther’ [-Wunused-parameter]
[3.923s]    83 |         bool matchAndtriangulate(const cv::KeyPoint& kp1, const cv::KeyPoint& kp2, GeometricCamera* pOther,
[3.923s]       |                                                                                    ~~~~~~~~~~~~~~~~~^~~~~~
[3.923s] /home/j/colcon_ws/ORB_SLAM3/include/CameraModels/Pinhole.h:84:48: warning: unused parameter ‘Tcw1’ [-Wunused-parameter]
[3.923s]    84 |                                  Sophus::SE3f& Tcw1, Sophus::SE3f& Tcw2,
[3.923s]       |                                  ~~~~~~~~~~~~~~^~~~
[3.923s] /home/j/colcon_ws/ORB_SLAM3/include/CameraModels/Pinhole.h:84:68: warning: unused parameter ‘Tcw2’ [-Wunused-parameter]
[3.923s]    84 |                                  Sophus::SE3f& Tcw1, Sophus::SE3f& Tcw2,
[3.923s]       |                                                      ~~~~~~~~~~~~~~^~~~
[3.923s] /home/j/colcon_ws/ORB_SLAM3/include/CameraModels/Pinhole.h:85:46: warning: unused parameter ‘sigmaLevel1’ [-Wunused-parameter]
[3.923s]    85 |                                  const float sigmaLevel1, const float sigmaLevel2,
[3.923s]       |                                  ~~~~~~~~~~~~^~~~~~~~~~~
[3.923s] /home/j/colcon_ws/ORB_SLAM3/include/CameraModels/Pinhole.h:85:71: warning: unused parameter ‘sigmaLevel2’ [-Wunused-parameter]
[3.923s]    85 |                                  const float sigmaLevel1, const float sigmaLevel2,
[3.923s]       |                                                           ~~~~~~~~~~~~^~~~~~~~~~~
[3.923s] /home/j/colcon_ws/ORB_SLAM3/include/CameraModels/Pinhole.h:86:51: warning: unused parameter ‘x3Dtriangulated’ [-Wunused-parameter]
[3.923s]    86 |                                  Eigen::Vector3f& x3Dtriangulated) { return false;}
[3.923s]       |                                  ~~~~~~~~~~~~~~~~~^~~~~~~~~~~~~~~
[3.923s] In file included from /home/j/colcon_ws/ORB_SLAM3/include/Atlas.h:27,
[3.923s]                  from /home/j/colcon_ws/ORB_SLAM3/include/FrameDrawer.h:25,
[3.923s]                  from /home/j/colcon_ws/ORB_SLAM3/include/Viewer.h:23,
[3.923s]                  from /home/j/colcon_ws/ORB_SLAM3/include/Tracking.h:26,
[3.923s]                  from /home/j/colcon_ws/ORB_SLAM3/include/System.h:31,
[3.923s]                  from /home/j/colcon_ws/src/orbslam3_ros2/src/stereo/stereo-slam-node.hpp:13,
[3.923s]                  from /home/j/colcon_ws/src/orbslam3_ros2/src/stereo/stereo-slam-node.cpp:1:
[3.923s] /home/j/colcon_ws/ORB_SLAM3/include/CameraModels/KannalaBrandt8.h: In constructor ‘ORB_SLAM3::KannalaBrandt8::KannalaBrandt8(std::vector<float>)’:
[3.923s] /home/j/colcon_ws/ORB_SLAM3/include/CameraModels/KannalaBrandt8.h:102:21: warning: ‘ORB_SLAM3::KannalaBrandt8::precision’ will be initialized after [-Wreorder]
[3.923s]   102 |         const float precision;
[3.923s]       |                     ^~~~~~~~~
[3.923s] /home/j/colcon_ws/ORB_SLAM3/include/CameraModels/KannalaBrandt8.h:88:26: warning:   ‘std::vector<int> ORB_SLAM3::KannalaBrandt8::mvLappingArea’ [-Wreorder]
[3.924s]    88 |         std::vector<int> mvLappingArea;
[3.924s]       |                          ^~~~~~~~~~~~~
[3.924s] In file included from /home/j/colcon_ws/ORB_SLAM3/include/Atlas.h:27,
[3.924s]                  from /home/j/colcon_ws/ORB_SLAM3/include/FrameDrawer.h:25,
[3.924s]                  from /home/j/colcon_ws/ORB_SLAM3/include/Viewer.h:23,
[3.924s]                  from /home/j/colcon_ws/ORB_SLAM3/include/Tracking.h:26,
[3.924s]                  from /home/j/colcon_ws/ORB_SLAM3/include/System.h:31,
[3.924s]                  from /home/j/colcon_ws/src/orbslam3_ros2/src/stereo/stereo-slam-node.hpp:13,
[3.924s]                  from /home/j/colcon_ws/src/orbslam3_ros2/src/stereo/stereo-slam-node.cpp:1:
[3.924s] /home/j/colcon_ws/ORB_SLAM3/include/CameraModels/KannalaBrandt8.h:47:9: warning:   when initialized here [-Wreorder]
[3.924s]    47 |         KannalaBrandt8(const std::vector<float> _vParameters) : GeometricCamera(_vParameters), precision(1e-6), mvLappingArea(2,0) ,tvr(nullptr) {
[3.924s]       |         ^~~~~~~~~~~~~~
[3.924s] In file included from /home/j/colcon_ws/ORB_SLAM3/include/Atlas.h:27,
[3.924s]                  from /home/j/colcon_ws/ORB_SLAM3/include/FrameDrawer.h:25,
[3.924s]                  from /home/j/colcon_ws/ORB_SLAM3/include/Viewer.h:23,
[3.924s]                  from /home/j/colcon_ws/ORB_SLAM3/include/Tracking.h:26,
[3.924s]                  from /home/j/colcon_ws/ORB_SLAM3/include/System.h:31,
[3.924s]                  from /home/j/colcon_ws/src/orbslam3_ros2/src/stereo/stereo-slam-node.hpp:13,
[3.924s]                  from /home/j/colcon_ws/src/orbslam3_ros2/src/stereo/stereo-slam-node.cpp:1:
[3.924s] /home/j/colcon_ws/ORB_SLAM3/include/CameraModels/KannalaBrandt8.h: In constructor ‘ORB_SLAM3::KannalaBrandt8::KannalaBrandt8(std::vector<float>, float)’:
[3.924s] /home/j/colcon_ws/ORB_SLAM3/include/CameraModels/KannalaBrandt8.h:102:21: warning: ‘ORB_SLAM3::KannalaBrandt8::precision’ will be initialized after [-Wreorder]
[3.924s]   102 |         const float precision;
[3.924s]       |                     ^~~~~~~~~
[3.924s] /home/j/colcon_ws/ORB_SLAM3/include/CameraModels/KannalaBrandt8.h:88:26: warning:   ‘std::vector<int> ORB_SLAM3::KannalaBrandt8::mvLappingArea’ [-Wreorder]
[3.924s]    88 |         std::vector<int> mvLappingArea;
[3.924s]       |                          ^~~~~~~~~~~~~
[3.924s] /home/j/colcon_ws/ORB_SLAM3/include/CameraModels/KannalaBrandt8.h:53:9: warning:   when initialized here [-Wreorder]
[3.924s]    53 |         KannalaBrandt8(const std::vector<float> _vParameters, const float _precision) : GeometricCamera(_vParameters),
[3.924s]       |         ^~~~~~~~~~~~~~
[3.924s] /home/j/colcon_ws/ORB_SLAM3/include/CameraModels/KannalaBrandt8.h: In constructor ‘ORB_SLAM3::KannalaBrandt8::KannalaBrandt8(ORB_SLAM3::KannalaBrandt8*)’:
[3.924s] /home/j/colcon_ws/ORB_SLAM3/include/CameraModels/KannalaBrandt8.h:102:21: warning: ‘ORB_SLAM3::KannalaBrandt8::precision’ will be initialized after [-Wreorder]
[3.924s]   102 |         const float precision;
[3.924s]       |                     ^~~~~~~~~
[3.924s] /home/j/colcon_ws/ORB_SLAM3/include/CameraModels/KannalaBrandt8.h:88:26: warning:   ‘std::vector<int> ORB_SLAM3::KannalaBrandt8::mvLappingArea’ [-Wreorder]
[3.924s]    88 |         std::vector<int> mvLappingArea;
[3.924s]       |                          ^~~~~~~~~~~~~
[3.924s] /home/j/colcon_ws/ORB_SLAM3/include/CameraModels/KannalaBrandt8.h:59:9: warning:   when initialized here [-Wreorder]
[3.924s]    59 |         KannalaBrandt8(KannalaBrandt8* pKannala) : GeometricCamera(pKannala->mvParameters), precision(pKannala->precision), mvLappingArea(2,0) ,tvr(nullptr) {
[3.924s]       |         ^~~~~~~~~~~~~~
[3.945s] In file included from /home/j/colcon_ws/ORB_SLAM3/include/Atlas.h:26,
[3.945s]                  from /home/j/colcon_ws/ORB_SLAM3/include/FrameDrawer.h:25,
[3.945s]                  from /home/j/colcon_ws/ORB_SLAM3/include/Viewer.h:23,
[3.945s]                  from /home/j/colcon_ws/ORB_SLAM3/include/Tracking.h:26,
[3.945s]                  from /home/j/colcon_ws/ORB_SLAM3/include/System.h:31,
[3.945s]                  from /home/j/colcon_ws/src/orbslam3_ros2/src/rgbd/rgbd-slam-node.hpp:18,
[3.945s]                  from /home/j/colcon_ws/src/orbslam3_ros2/src/rgbd/rgbd-slam-node.cpp:1:
[3.945s] /home/j/colcon_ws/ORB_SLAM3/include/CameraModels/Pinhole.h: In member function ‘virtual bool ORB_SLAM3::Pinhole::matchAndtriangulate(const cv::KeyPoint&, const cv::KeyPoint&, ORB_SLAM3::GeometricCamera*, Sophus::SE3f&, Sophus::SE3f&, float, float, Eigen::Vector3f&)’:
[3.945s] /home/j/colcon_ws/ORB_SLAM3/include/CameraModels/Pinhole.h:83:54: warning: unused parameter ‘kp1’ [-Wunused-parameter]
[3.945s]    83 |         bool matchAndtriangulate(const cv::KeyPoint& kp1, const cv::KeyPoint& kp2, GeometricCamera* pOther,
[3.945s]       |                                  ~~~~~~~~~~~~~~~~~~~~^~~
[3.945s] /home/j/colcon_ws/ORB_SLAM3/include/CameraModels/Pinhole.h:83:79: warning: unused parameter ‘kp2’ [-Wunused-parameter]
[3.945s]    83 |         bool matchAndtriangulate(const cv::KeyPoint& kp1, const cv::KeyPoint& kp2, GeometricCamera* pOther,
[3.945s]       |                                                           ~~~~~~~~~~~~~~~~~~~~^~~
[3.946s] /home/j/colcon_ws/ORB_SLAM3/include/CameraModels/Pinhole.h:83:101: warning: unused parameter ‘pOther’ [-Wunused-parameter]
[3.946s]    83 |         bool matchAndtriangulate(const cv::KeyPoint& kp1, const cv::KeyPoint& kp2, GeometricCamera* pOther,
[3.946s]       |                                                                                    ~~~~~~~~~~~~~~~~~^~~~~~
[3.946s] /home/j/colcon_ws/ORB_SLAM3/include/CameraModels/Pinhole.h:84:48: warning: unused parameter ‘Tcw1’ [-Wunused-parameter]
[3.946s]    84 |                                  Sophus::SE3f& Tcw1, Sophus::SE3f& Tcw2,
[3.946s]       |                                  ~~~~~~~~~~~~~~^~~~
[3.946s] /home/j/colcon_ws/ORB_SLAM3/include/CameraModels/Pinhole.h:84:68: warning: unused parameter ‘Tcw2’ [-Wunused-parameter]
[3.946s]    84 |                                  Sophus::SE3f& Tcw1, Sophus::SE3f& Tcw2,
[3.946s]       |                                                      ~~~~~~~~~~~~~~^~~~
[3.946s] /home/j/colcon_ws/ORB_SLAM3/include/CameraModels/Pinhole.h:85:46: warning: unused parameter ‘sigmaLevel1’ [-Wunused-parameter]
[3.946s]    85 |                                  const float sigmaLevel1, const float sigmaLevel2,
[3.946s]       |                                  ~~~~~~~~~~~~^~~~~~~~~~~
[3.946s] /home/j/colcon_ws/ORB_SLAM3/include/CameraModels/Pinhole.h:85:71: warning: unused parameter ‘sigmaLevel2’ [-Wunused-parameter]
[3.946s]    85 |                                  const float sigmaLevel1, const float sigmaLevel2,
[3.946s]       |                                                           ~~~~~~~~~~~~^~~~~~~~~~~
[3.946s] /home/j/colcon_ws/ORB_SLAM3/include/CameraModels/Pinhole.h:86:51: warning: unused parameter ‘x3Dtriangulated’ [-Wunused-parameter]
[3.946s]    86 |                                  Eigen::Vector3f& x3Dtriangulated) { return false;}
[3.946s]       |                                  ~~~~~~~~~~~~~~~~~^~~~~~~~~~~~~~~
[3.946s] In file included from /home/j/colcon_ws/ORB_SLAM3/include/Atlas.h:27,
[3.946s]                  from /home/j/colcon_ws/ORB_SLAM3/include/FrameDrawer.h:25,
[3.946s]                  from /home/j/colcon_ws/ORB_SLAM3/include/Viewer.h:23,
[3.946s]                  from /home/j/colcon_ws/ORB_SLAM3/include/Tracking.h:26,
[3.947s]                  from /home/j/colcon_ws/ORB_SLAM3/include/System.h:31,
[3.947s]                  from /home/j/colcon_ws/src/orbslam3_ros2/src/rgbd/rgbd-slam-node.hpp:18,
[3.947s]                  from /home/j/colcon_ws/src/orbslam3_ros2/src/rgbd/rgbd-slam-node.cpp:1:
[3.947s] /home/j/colcon_ws/ORB_SLAM3/include/CameraModels/KannalaBrandt8.h: In constructor ‘ORB_SLAM3::KannalaBrandt8::KannalaBrandt8(std::vector<float>)’:
[3.947s] /home/j/colcon_ws/ORB_SLAM3/include/CameraModels/KannalaBrandt8.h:102:21: warning: ‘ORB_SLAM3::KannalaBrandt8::precision’ will be initialized after [-Wreorder]
[3.947s]   102 |         const float precision;
[3.947s]       |                     ^~~~~~~~~
[3.947s] /home/j/colcon_ws/ORB_SLAM3/include/CameraModels/KannalaBrandt8.h:88:26: warning:   ‘std::vector<int> ORB_SLAM3::KannalaBrandt8::mvLappingArea’ [-Wreorder]
[3.947s]    88 |         std::vector<int> mvLappingArea;
[3.947s]       |                          ^~~~~~~~~~~~~
[3.947s] In file included from /home/j/colcon_ws/ORB_SLAM3/include/Atlas.h:27,
[3.947s]                  from /home/j/colcon_ws/ORB_SLAM3/include/FrameDrawer.h:25,
[3.947s]                  from /home/j/colcon_ws/ORB_SLAM3/include/Viewer.h:23,
[3.947s]                  from /home/j/colcon_ws/ORB_SLAM3/include/Tracking.h:26,
[3.947s]                  from /home/j/colcon_ws/ORB_SLAM3/include/System.h:31,
[3.947s]                  from /home/j/colcon_ws/src/orbslam3_ros2/src/rgbd/rgbd-slam-node.hpp:18,
[3.947s]                  from /home/j/colcon_ws/src/orbslam3_ros2/src/rgbd/rgbd-slam-node.cpp:1:
[3.947s] /home/j/colcon_ws/ORB_SLAM3/include/CameraModels/KannalaBrandt8.h:47:9: warning:   when initialized here [-Wreorder]
[3.947s]    47 |         KannalaBrandt8(const std::vector<float> _vParameters) : GeometricCamera(_vParameters), precision(1e-6), mvLappingArea(2,0) ,tvr(nullptr) {
[3.948s]       |         ^~~~~~~~~~~~~~
[3.948s] In file included from /home/j/colcon_ws/ORB_SLAM3/include/Atlas.h:27,
[3.948s]                  from /home/j/colcon_ws/ORB_SLAM3/include/FrameDrawer.h:25,
[3.948s]                  from /home/j/colcon_ws/ORB_SLAM3/include/Viewer.h:23,
[3.948s]                  from /home/j/colcon_ws/ORB_SLAM3/include/Tracking.h:26,
[3.948s]                  from /home/j/colcon_ws/ORB_SLAM3/include/System.h:31,
[3.948s]                  from /home/j/colcon_ws/src/orbslam3_ros2/src/rgbd/rgbd-slam-node.hpp:18,
[3.948s]                  from /home/j/colcon_ws/src/orbslam3_ros2/src/rgbd/rgbd-slam-node.cpp:1:
[3.948s] /home/j/colcon_ws/ORB_SLAM3/include/CameraModels/KannalaBrandt8.h: In constructor ‘ORB_SLAM3::KannalaBrandt8::KannalaBrandt8(std::vector<float>, float)’:
[3.948s] /home/j/colcon_ws/ORB_SLAM3/include/CameraModels/KannalaBrandt8.h:102:21: warning: ‘ORB_SLAM3::KannalaBrandt8::precision’ will be initialized after [-Wreorder]
[3.948s]   102 |         const float precision;
[3.948s]       |                     ^~~~~~~~~
[3.948s] /home/j/colcon_ws/ORB_SLAM3/include/CameraModels/KannalaBrandt8.h:88:26: warning:   ‘std::vector<int> ORB_SLAM3::KannalaBrandt8::mvLappingArea’ [-Wreorder]
[3.948s]    88 |         std::vector<int> mvLappingArea;
[3.948s]       |                          ^~~~~~~~~~~~~
[3.948s] /home/j/colcon_ws/ORB_SLAM3/include/CameraModels/KannalaBrandt8.h:53:9: warning:   when initialized here [-Wreorder]
[3.948s]    53 |         KannalaBrandt8(const std::vector<float> _vParameters, const float _precision) : GeometricCamera(_vParameters),
[3.948s]       |         ^~~~~~~~~~~~~~
[3.949s] /home/j/colcon_ws/ORB_SLAM3/include/CameraModels/KannalaBrandt8.h: In constructor ‘ORB_SLAM3::KannalaBrandt8::KannalaBrandt8(ORB_SLAM3::KannalaBrandt8*)’:
[3.949s] /home/j/colcon_ws/ORB_SLAM3/include/CameraModels/KannalaBrandt8.h:102:21: warning: ‘ORB_SLAM3::KannalaBrandt8::precision’ will be initialized after [-Wreorder]
[3.949s]   102 |         const float precision;
[3.949s]       |                     ^~~~~~~~~
[3.949s] /home/j/colcon_ws/ORB_SLAM3/include/CameraModels/KannalaBrandt8.h:88:26: warning:   ‘std::vector<int> ORB_SLAM3::KannalaBrandt8::mvLappingArea’ [-Wreorder]
[3.949s]    88 |         std::vector<int> mvLappingArea;
[3.949s]       |                          ^~~~~~~~~~~~~
[3.949s] /home/j/colcon_ws/ORB_SLAM3/include/CameraModels/KannalaBrandt8.h:59:9: warning:   when initialized here [-Wreorder]
[3.949s]    59 |         KannalaBrandt8(KannalaBrandt8* pKannala) : GeometricCamera(pKannala->mvParameters), precision(pKannala->precision), mvLappingArea(2,0) ,tvr(nullptr) {
[3.949s]       |         ^~~~~~~~~~~~~~
[12.292s] [ 75%] Linking CXX executable rgbd
[12.351s] [ 83%] Linking CXX executable stereo
[12.676s] [ 91%] Built target rgbd
[12.703s] [100%] Built target stereo
[12.711s] Invoked command in '/home/j/colcon_ws/build/orbslam3' returned '0': CMAKE_PREFIX_PATH=/opt/ros/humble /usr/bin/cmake --build /home/j/colcon_ws/build/orbslam3 -- -j24 -l24
[12.719s] Invoking command in '/home/j/colcon_ws/build/orbslam3': CMAKE_PREFIX_PATH=/opt/ros/humble /usr/bin/cmake --install /home/j/colcon_ws/build/orbslam3
[12.728s] -- Install configuration: "Release"
[12.729s] -- Execute custom install script
[12.729s] -- Up-to-date symlink: /home/j/colcon_ws/install/orbslam3/lib/orbslam3/mono
[12.729s] -- Up-to-date symlink: /home/j/colcon_ws/install/orbslam3/lib/orbslam3/rgbd
[12.730s] -- Up-to-date symlink: /home/j/colcon_ws/install/orbslam3/lib/orbslam3/stereo
[12.730s] -- Up-to-date symlink: /home/j/colcon_ws/install/orbslam3/lib/orbslam3/stereo-inertial
[12.730s] -- Up-to-date symlink: /home/j/colcon_ws/install/orbslam3/share/ament_index/resource_index/package_run_dependencies/orbslam3
[12.730s] -- Up-to-date symlink: /home/j/colcon_ws/install/orbslam3/share/ament_index/resource_index/parent_prefix_path/orbslam3
[12.731s] -- Up-to-date symlink: /home/j/colcon_ws/install/orbslam3/share/orbslam3/environment/ament_prefix_path.sh
[12.731s] -- Up-to-date symlink: /home/j/colcon_ws/install/orbslam3/share/orbslam3/environment/ament_prefix_path.dsv
[12.731s] -- Up-to-date symlink: /home/j/colcon_ws/install/orbslam3/share/orbslam3/environment/path.sh
[12.731s] -- Up-to-date symlink: /home/j/colcon_ws/install/orbslam3/share/orbslam3/environment/path.dsv
[12.731s] -- Up-to-date symlink: /home/j/colcon_ws/install/orbslam3/share/orbslam3/local_setup.bash
[12.731s] -- Up-to-date symlink: /home/j/colcon_ws/install/orbslam3/share/orbslam3/local_setup.sh
[12.731s] -- Up-to-date symlink: /home/j/colcon_ws/install/orbslam3/share/orbslam3/local_setup.zsh
[12.732s] -- Up-to-date symlink: /home/j/colcon_ws/install/orbslam3/share/orbslam3/local_setup.dsv
[12.732s] -- Symlinking: /home/j/colcon_ws/install/orbslam3/share/orbslam3/package.dsv
[12.746s] -- Up-to-date symlink: /home/j/colcon_ws/install/orbslam3/share/ament_index/resource_index/packages/orbslam3
[12.747s] -- Up-to-date symlink: /home/j/colcon_ws/install/orbslam3/share/orbslam3/cmake/orbslam3Config.cmake
[12.747s] -- Up-to-date symlink: /home/j/colcon_ws/install/orbslam3/share/orbslam3/cmake/orbslam3Config-version.cmake
[12.747s] -- Up-to-date symlink: /home/j/colcon_ws/install/orbslam3/share/orbslam3/package.xml
[12.749s] Invoked command in '/home/j/colcon_ws/build/orbslam3' returned '0': CMAKE_PREFIX_PATH=/opt/ros/humble /usr/bin/cmake --install /home/j/colcon_ws/build/orbslam3
