[0.049s] DEBUG:colcon:Command line arguments: ['/usr/bin/colcon', 'build', '--symlink-install', '--packages-select', 'orbslam3']
[0.049s] DEBUG:colcon:Parsed command line arguments: Namespace(log_base=None, log_level=None, verb_name='build', build_base='build', install_base='install', merge_install=False, symlink_install=True, test_result_base=None, continue_on_error=False, executor='parallel', parallel_workers=24, event_handlers=None, ignore_user_meta=False, metas=['./colcon.meta'], base_paths=['.'], packages_ignore=None, packages_ignore_regex=None, paths=None, packages_up_to=None, packages_up_to_regex=None, packages_above=None, packages_above_and_dependencies=None, packages_above_depth=None, packages_select_by_dep=None, packages_skip_by_dep=None, packages_skip_up_to=None, packages_select_build_failed=False, packages_skip_build_finished=False, packages_select_test_failures=False, packages_skip_test_passed=False, packages_select=['orbslam3'], packages_skip=None, packages_select_regex=None, packages_skip_regex=None, packages_start=None, packages_end=None, allow_overriding=[], cmake_args=None, cmake_target=None, cmake_target_skip_unavailable=False, cmake_clean_cache=False, cmake_clean_first=False, cmake_force_configure=False, ament_cmake_args=None, catkin_cmake_args=None, catkin_skip_building_tests=False, verb_parser=<colcon_defaults.argument_parser.defaults.DefaultArgumentsDecorator object at 0x712962f784c0>, verb_extension=<colcon_core.verb.build.BuildVerb object at 0x7129630e9de0>, main=<bound method BuildVerb.main of <colcon_core.verb.build.BuildVerb object at 0x7129630e9de0>>)
[0.122s] Level 1:colcon.colcon_core.package_discovery:discover_packages(colcon_meta) check parameters
[0.123s] Level 1:colcon.colcon_core.package_discovery:discover_packages(recursive) check parameters
[0.123s] Level 1:colcon.colcon_core.package_discovery:discover_packages(ignore) check parameters
[0.123s] Level 1:colcon.colcon_core.package_discovery:discover_packages(path) check parameters
[0.123s] Level 1:colcon.colcon_core.package_discovery:discover_packages(colcon_meta) discover
[0.123s] Level 1:colcon.colcon_core.package_discovery:discover_packages(recursive) discover
[0.123s] INFO:colcon.colcon_core.package_discovery:Crawling recursively for packages in '/home/j/colcon_ws'
[0.123s] Level 1:colcon.colcon_core.package_identification:_identify(.) by extensions ['ignore', 'ignore_ament_install']
[0.123s] Level 1:colcon.colcon_core.package_identification:_identify(.) by extension 'ignore'
[0.123s] Level 1:colcon.colcon_core.package_identification:_identify(.) by extension 'ignore_ament_install'
[0.123s] Level 1:colcon.colcon_core.package_identification:_identify(.) by extensions ['colcon_pkg']
[0.123s] Level 1:colcon.colcon_core.package_identification:_identify(.) by extension 'colcon_pkg'
[0.123s] Level 1:colcon.colcon_core.package_identification:_identify(.) by extensions ['colcon_meta']
[0.123s] Level 1:colcon.colcon_core.package_identification:_identify(.) by extension 'colcon_meta'
[0.123s] Level 1:colcon.colcon_core.package_identification:_identify(.) by extensions ['ros']
[0.123s] Level 1:colcon.colcon_core.package_identification:_identify(.) by extension 'ros'
[0.128s] Level 1:colcon.colcon_core.package_identification:_identify(.) by extensions ['cmake', 'python']
[0.128s] Level 1:colcon.colcon_core.package_identification:_identify(.) by extension 'cmake'
[0.128s] Level 1:colcon.colcon_core.package_identification:_identify(.) by extension 'python'
[0.128s] Level 1:colcon.colcon_core.package_identification:_identify(.) by extensions ['python_setup_py']
[0.128s] Level 1:colcon.colcon_core.package_identification:_identify(.) by extension 'python_setup_py'
[0.128s] Level 1:colcon.colcon_core.package_identification:_identify(CMakeFiles) by extensions ['ignore', 'ignore_ament_install']
[0.128s] Level 1:colcon.colcon_core.package_identification:_identify(CMakeFiles) by extension 'ignore'
[0.128s] Level 1:colcon.colcon_core.package_identification:_identify(CMakeFiles) by extension 'ignore_ament_install'
[0.129s] Level 1:colcon.colcon_core.package_identification:_identify(CMakeFiles) by extensions ['colcon_pkg']
[0.129s] Level 1:colcon.colcon_core.package_identification:_identify(CMakeFiles) by extension 'colcon_pkg'
[0.129s] Level 1:colcon.colcon_core.package_identification:_identify(CMakeFiles) by extensions ['colcon_meta']
[0.129s] Level 1:colcon.colcon_core.package_identification:_identify(CMakeFiles) by extension 'colcon_meta'
[0.129s] Level 1:colcon.colcon_core.package_identification:_identify(CMakeFiles) by extensions ['ros']
[0.129s] Level 1:colcon.colcon_core.package_identification:_identify(CMakeFiles) by extension 'ros'
[0.129s] Level 1:colcon.colcon_core.package_identification:_identify(CMakeFiles) by extensions ['cmake', 'python']
[0.129s] Level 1:colcon.colcon_core.package_identification:_identify(CMakeFiles) by extension 'cmake'
[0.129s] Level 1:colcon.colcon_core.package_identification:_identify(CMakeFiles) by extension 'python'
[0.129s] Level 1:colcon.colcon_core.package_identification:_identify(CMakeFiles) by extensions ['python_setup_py']
[0.129s] Level 1:colcon.colcon_core.package_identification:_identify(CMakeFiles) by extension 'python_setup_py'
[0.129s] Level 1:colcon.colcon_core.package_identification:_identify(ORB_SLAM3) by extensions ['ignore', 'ignore_ament_install']
[0.129s] Level 1:colcon.colcon_core.package_identification:_identify(ORB_SLAM3) by extension 'ignore'
[0.129s] Level 1:colcon.colcon_core.package_identification:_identify(ORB_SLAM3) by extension 'ignore_ament_install'
[0.129s] Level 1:colcon.colcon_core.package_identification:_identify(ORB_SLAM3) by extensions ['colcon_pkg']
[0.129s] Level 1:colcon.colcon_core.package_identification:_identify(ORB_SLAM3) by extension 'colcon_pkg'
[0.129s] Level 1:colcon.colcon_core.package_identification:_identify(ORB_SLAM3) by extensions ['colcon_meta']
[0.129s] Level 1:colcon.colcon_core.package_identification:_identify(ORB_SLAM3) by extension 'colcon_meta'
[0.129s] Level 1:colcon.colcon_core.package_identification:_identify(ORB_SLAM3) by extensions ['ros']
[0.129s] Level 1:colcon.colcon_core.package_identification:_identify(ORB_SLAM3) by extension 'ros'
[0.129s] Level 1:colcon.colcon_core.package_identification:_identify(ORB_SLAM3) by extensions ['cmake', 'python']
[0.129s] Level 1:colcon.colcon_core.package_identification:_identify(ORB_SLAM3) by extension 'cmake'
[0.141s] Level 1:colcon.colcon_core.package_identification:_identify(ORB_SLAM3) by extension 'python'
[0.141s] DEBUG:colcon.colcon_core.package_identification:Package 'ORB_SLAM3' with type 'cmake' and name 'ORB_SLAM3'
[0.141s] Level 1:colcon.colcon_core.package_identification:_identify(Pangolin) by extensions ['ignore', 'ignore_ament_install']
[0.141s] Level 1:colcon.colcon_core.package_identification:_identify(Pangolin) by extension 'ignore'
[0.141s] Level 1:colcon.colcon_core.package_identification:_identify(Pangolin) by extension 'ignore_ament_install'
[0.141s] Level 1:colcon.colcon_core.package_identification:_identify(Pangolin) by extensions ['colcon_pkg']
[0.141s] Level 1:colcon.colcon_core.package_identification:_identify(Pangolin) by extension 'colcon_pkg'
[0.141s] Level 1:colcon.colcon_core.package_identification:_identify(Pangolin) by extensions ['colcon_meta']
[0.141s] Level 1:colcon.colcon_core.package_identification:_identify(Pangolin) by extension 'colcon_meta'
[0.141s] Level 1:colcon.colcon_core.package_identification:_identify(Pangolin) by extensions ['ros']
[0.141s] Level 1:colcon.colcon_core.package_identification:_identify(Pangolin) by extension 'ros'
[0.142s] DEBUG:colcon.colcon_core.package_identification:Package 'Pangolin' with type 'ros.cmake' and name 'pangolin'
[0.142s] Level 1:colcon.colcon_core.package_identification:_identify(build) by extensions ['ignore', 'ignore_ament_install']
[0.142s] Level 1:colcon.colcon_core.package_identification:_identify(build) by extension 'ignore'
[0.142s] Level 1:colcon.colcon_core.package_identification:_identify(build) ignored
[0.142s] Level 1:colcon.colcon_core.package_identification:_identify(deps) by extensions ['ignore', 'ignore_ament_install']
[0.143s] Level 1:colcon.colcon_core.package_identification:_identify(deps) by extension 'ignore'
[0.143s] Level 1:colcon.colcon_core.package_identification:_identify(deps) by extension 'ignore_ament_install'
[0.143s] Level 1:colcon.colcon_core.package_identification:_identify(deps) by extensions ['colcon_pkg']
[0.143s] Level 1:colcon.colcon_core.package_identification:_identify(deps) by extension 'colcon_pkg'
[0.143s] Level 1:colcon.colcon_core.package_identification:_identify(deps) by extensions ['colcon_meta']
[0.143s] Level 1:colcon.colcon_core.package_identification:_identify(deps) by extension 'colcon_meta'
[0.143s] Level 1:colcon.colcon_core.package_identification:_identify(deps) by extensions ['ros']
[0.143s] Level 1:colcon.colcon_core.package_identification:_identify(deps) by extension 'ros'
[0.143s] Level 1:colcon.colcon_core.package_identification:_identify(deps) by extensions ['cmake', 'python']
[0.143s] Level 1:colcon.colcon_core.package_identification:_identify(deps) by extension 'cmake'
[0.143s] Level 1:colcon.colcon_core.package_identification:_identify(deps) by extension 'python'
[0.143s] Level 1:colcon.colcon_core.package_identification:_identify(deps) by extensions ['python_setup_py']
[0.143s] Level 1:colcon.colcon_core.package_identification:_identify(deps) by extension 'python_setup_py'
[0.143s] Level 1:colcon.colcon_core.package_identification:_identify(deps/include) by extensions ['ignore', 'ignore_ament_install']
[0.143s] Level 1:colcon.colcon_core.package_identification:_identify(deps/include) by extension 'ignore'
[0.143s] Level 1:colcon.colcon_core.package_identification:_identify(deps/include) by extension 'ignore_ament_install'
[0.143s] Level 1:colcon.colcon_core.package_identification:_identify(deps/include) by extensions ['colcon_pkg']
[0.143s] Level 1:colcon.colcon_core.package_identification:_identify(deps/include) by extension 'colcon_pkg'
[0.143s] Level 1:colcon.colcon_core.package_identification:_identify(deps/include) by extensions ['colcon_meta']
[0.143s] Level 1:colcon.colcon_core.package_identification:_identify(deps/include) by extension 'colcon_meta'
[0.143s] Level 1:colcon.colcon_core.package_identification:_identify(deps/include) by extensions ['ros']
[0.143s] Level 1:colcon.colcon_core.package_identification:_identify(deps/include) by extension 'ros'
[0.143s] Level 1:colcon.colcon_core.package_identification:_identify(deps/include) by extensions ['cmake', 'python']
[0.143s] Level 1:colcon.colcon_core.package_identification:_identify(deps/include) by extension 'cmake'
[0.143s] Level 1:colcon.colcon_core.package_identification:_identify(deps/include) by extension 'python'
[0.143s] Level 1:colcon.colcon_core.package_identification:_identify(deps/include) by extensions ['python_setup_py']
[0.143s] Level 1:colcon.colcon_core.package_identification:_identify(deps/include) by extension 'python_setup_py'
[0.143s] Level 1:colcon.colcon_core.package_identification:_identify(deps/include/NaturalSort) by extensions ['ignore', 'ignore_ament_install']
[0.143s] Level 1:colcon.colcon_core.package_identification:_identify(deps/include/NaturalSort) by extension 'ignore'
[0.143s] Level 1:colcon.colcon_core.package_identification:_identify(deps/include/NaturalSort) by extension 'ignore_ament_install'
[0.143s] Level 1:colcon.colcon_core.package_identification:_identify(deps/include/NaturalSort) by extensions ['colcon_pkg']
[0.143s] Level 1:colcon.colcon_core.package_identification:_identify(deps/include/NaturalSort) by extension 'colcon_pkg'
[0.143s] Level 1:colcon.colcon_core.package_identification:_identify(deps/include/NaturalSort) by extensions ['colcon_meta']
[0.143s] Level 1:colcon.colcon_core.package_identification:_identify(deps/include/NaturalSort) by extension 'colcon_meta'
[0.143s] Level 1:colcon.colcon_core.package_identification:_identify(deps/include/NaturalSort) by extensions ['ros']
[0.143s] Level 1:colcon.colcon_core.package_identification:_identify(deps/include/NaturalSort) by extension 'ros'
[0.143s] Level 1:colcon.colcon_core.package_identification:_identify(deps/include/NaturalSort) by extensions ['cmake', 'python']
[0.143s] Level 1:colcon.colcon_core.package_identification:_identify(deps/include/NaturalSort) by extension 'cmake'
[0.143s] Level 1:colcon.colcon_core.package_identification:_identify(deps/include/NaturalSort) by extension 'python'
[0.143s] Level 1:colcon.colcon_core.package_identification:_identify(deps/include/NaturalSort) by extensions ['python_setup_py']
[0.143s] Level 1:colcon.colcon_core.package_identification:_identify(deps/include/NaturalSort) by extension 'python_setup_py'
[0.143s] Level 1:colcon.colcon_core.package_identification:_identify(deps/include/dynalo) by extensions ['ignore', 'ignore_ament_install']
[0.143s] Level 1:colcon.colcon_core.package_identification:_identify(deps/include/dynalo) by extension 'ignore'
[0.143s] Level 1:colcon.colcon_core.package_identification:_identify(deps/include/dynalo) by extension 'ignore_ament_install'
[0.143s] Level 1:colcon.colcon_core.package_identification:_identify(deps/include/dynalo) by extensions ['colcon_pkg']
[0.143s] Level 1:colcon.colcon_core.package_identification:_identify(deps/include/dynalo) by extension 'colcon_pkg'
[0.143s] Level 1:colcon.colcon_core.package_identification:_identify(deps/include/dynalo) by extensions ['colcon_meta']
[0.143s] Level 1:colcon.colcon_core.package_identification:_identify(deps/include/dynalo) by extension 'colcon_meta'
[0.143s] Level 1:colcon.colcon_core.package_identification:_identify(deps/include/dynalo) by extensions ['ros']
[0.143s] Level 1:colcon.colcon_core.package_identification:_identify(deps/include/dynalo) by extension 'ros'
[0.143s] Level 1:colcon.colcon_core.package_identification:_identify(deps/include/dynalo) by extensions ['cmake', 'python']
[0.143s] Level 1:colcon.colcon_core.package_identification:_identify(deps/include/dynalo) by extension 'cmake'
[0.144s] Level 1:colcon.colcon_core.package_identification:_identify(deps/include/dynalo) by extension 'python'
[0.144s] Level 1:colcon.colcon_core.package_identification:_identify(deps/include/dynalo) by extensions ['python_setup_py']
[0.144s] Level 1:colcon.colcon_core.package_identification:_identify(deps/include/dynalo) by extension 'python_setup_py'
[0.144s] Level 1:colcon.colcon_core.package_identification:_identify(deps/include/dynalo/detail) by extensions ['ignore', 'ignore_ament_install']
[0.144s] Level 1:colcon.colcon_core.package_identification:_identify(deps/include/dynalo/detail) by extension 'ignore'
[0.144s] Level 1:colcon.colcon_core.package_identification:_identify(deps/include/dynalo/detail) by extension 'ignore_ament_install'
[0.144s] Level 1:colcon.colcon_core.package_identification:_identify(deps/include/dynalo/detail) by extensions ['colcon_pkg']
[0.144s] Level 1:colcon.colcon_core.package_identification:_identify(deps/include/dynalo/detail) by extension 'colcon_pkg'
[0.144s] Level 1:colcon.colcon_core.package_identification:_identify(deps/include/dynalo/detail) by extensions ['colcon_meta']
[0.144s] Level 1:colcon.colcon_core.package_identification:_identify(deps/include/dynalo/detail) by extension 'colcon_meta'
[0.144s] Level 1:colcon.colcon_core.package_identification:_identify(deps/include/dynalo/detail) by extensions ['ros']
[0.144s] Level 1:colcon.colcon_core.package_identification:_identify(deps/include/dynalo/detail) by extension 'ros'
[0.144s] Level 1:colcon.colcon_core.package_identification:_identify(deps/include/dynalo/detail) by extensions ['cmake', 'python']
[0.144s] Level 1:colcon.colcon_core.package_identification:_identify(deps/include/dynalo/detail) by extension 'cmake'
[0.144s] Level 1:colcon.colcon_core.package_identification:_identify(deps/include/dynalo/detail) by extension 'python'
[0.144s] Level 1:colcon.colcon_core.package_identification:_identify(deps/include/dynalo/detail) by extensions ['python_setup_py']
[0.144s] Level 1:colcon.colcon_core.package_identification:_identify(deps/include/dynalo/detail) by extension 'python_setup_py'
[0.144s] Level 1:colcon.colcon_core.package_identification:_identify(deps/include/dynalo/detail/linux) by extensions ['ignore', 'ignore_ament_install']
[0.144s] Level 1:colcon.colcon_core.package_identification:_identify(deps/include/dynalo/detail/linux) by extension 'ignore'
[0.144s] Level 1:colcon.colcon_core.package_identification:_identify(deps/include/dynalo/detail/linux) by extension 'ignore_ament_install'
[0.144s] Level 1:colcon.colcon_core.package_identification:_identify(deps/include/dynalo/detail/linux) by extensions ['colcon_pkg']
[0.144s] Level 1:colcon.colcon_core.package_identification:_identify(deps/include/dynalo/detail/linux) by extension 'colcon_pkg'
[0.144s] Level 1:colcon.colcon_core.package_identification:_identify(deps/include/dynalo/detail/linux) by extensions ['colcon_meta']
[0.144s] Level 1:colcon.colcon_core.package_identification:_identify(deps/include/dynalo/detail/linux) by extension 'colcon_meta'
[0.144s] Level 1:colcon.colcon_core.package_identification:_identify(deps/include/dynalo/detail/linux) by extensions ['ros']
[0.144s] Level 1:colcon.colcon_core.package_identification:_identify(deps/include/dynalo/detail/linux) by extension 'ros'
[0.144s] Level 1:colcon.colcon_core.package_identification:_identify(deps/include/dynalo/detail/linux) by extensions ['cmake', 'python']
[0.144s] Level 1:colcon.colcon_core.package_identification:_identify(deps/include/dynalo/detail/linux) by extension 'cmake'
[0.144s] Level 1:colcon.colcon_core.package_identification:_identify(deps/include/dynalo/detail/linux) by extension 'python'
[0.144s] Level 1:colcon.colcon_core.package_identification:_identify(deps/include/dynalo/detail/linux) by extensions ['python_setup_py']
[0.144s] Level 1:colcon.colcon_core.package_identification:_identify(deps/include/dynalo/detail/linux) by extension 'python_setup_py'
[0.144s] Level 1:colcon.colcon_core.package_identification:_identify(deps/include/dynalo/detail/macos) by extensions ['ignore', 'ignore_ament_install']
[0.144s] Level 1:colcon.colcon_core.package_identification:_identify(deps/include/dynalo/detail/macos) by extension 'ignore'
[0.144s] Level 1:colcon.colcon_core.package_identification:_identify(deps/include/dynalo/detail/macos) by extension 'ignore_ament_install'
[0.144s] Level 1:colcon.colcon_core.package_identification:_identify(deps/include/dynalo/detail/macos) by extensions ['colcon_pkg']
[0.144s] Level 1:colcon.colcon_core.package_identification:_identify(deps/include/dynalo/detail/macos) by extension 'colcon_pkg'
[0.144s] Level 1:colcon.colcon_core.package_identification:_identify(deps/include/dynalo/detail/macos) by extensions ['colcon_meta']
[0.144s] Level 1:colcon.colcon_core.package_identification:_identify(deps/include/dynalo/detail/macos) by extension 'colcon_meta'
[0.144s] Level 1:colcon.colcon_core.package_identification:_identify(deps/include/dynalo/detail/macos) by extensions ['ros']
[0.144s] Level 1:colcon.colcon_core.package_identification:_identify(deps/include/dynalo/detail/macos) by extension 'ros'
[0.144s] Level 1:colcon.colcon_core.package_identification:_identify(deps/include/dynalo/detail/macos) by extensions ['cmake', 'python']
[0.144s] Level 1:colcon.colcon_core.package_identification:_identify(deps/include/dynalo/detail/macos) by extension 'cmake'
[0.144s] Level 1:colcon.colcon_core.package_identification:_identify(deps/include/dynalo/detail/macos) by extension 'python'
[0.144s] Level 1:colcon.colcon_core.package_identification:_identify(deps/include/dynalo/detail/macos) by extensions ['python_setup_py']
[0.144s] Level 1:colcon.colcon_core.package_identification:_identify(deps/include/dynalo/detail/macos) by extension 'python_setup_py'
[0.144s] Level 1:colcon.colcon_core.package_identification:_identify(deps/include/dynalo/detail/windows) by extensions ['ignore', 'ignore_ament_install']
[0.144s] Level 1:colcon.colcon_core.package_identification:_identify(deps/include/dynalo/detail/windows) by extension 'ignore'
[0.144s] Level 1:colcon.colcon_core.package_identification:_identify(deps/include/dynalo/detail/windows) by extension 'ignore_ament_install'
[0.144s] Level 1:colcon.colcon_core.package_identification:_identify(deps/include/dynalo/detail/windows) by extensions ['colcon_pkg']
[0.144s] Level 1:colcon.colcon_core.package_identification:_identify(deps/include/dynalo/detail/windows) by extension 'colcon_pkg'
[0.144s] Level 1:colcon.colcon_core.package_identification:_identify(deps/include/dynalo/detail/windows) by extensions ['colcon_meta']
[0.144s] Level 1:colcon.colcon_core.package_identification:_identify(deps/include/dynalo/detail/windows) by extension 'colcon_meta'
[0.144s] Level 1:colcon.colcon_core.package_identification:_identify(deps/include/dynalo/detail/windows) by extensions ['ros']
[0.144s] Level 1:colcon.colcon_core.package_identification:_identify(deps/include/dynalo/detail/windows) by extension 'ros'
[0.145s] Level 1:colcon.colcon_core.package_identification:_identify(deps/include/dynalo/detail/windows) by extensions ['cmake', 'python']
[0.145s] Level 1:colcon.colcon_core.package_identification:_identify(deps/include/dynalo/detail/windows) by extension 'cmake'
[0.145s] Level 1:colcon.colcon_core.package_identification:_identify(deps/include/dynalo/detail/windows) by extension 'python'
[0.145s] Level 1:colcon.colcon_core.package_identification:_identify(deps/include/dynalo/detail/windows) by extensions ['python_setup_py']
[0.145s] Level 1:colcon.colcon_core.package_identification:_identify(deps/include/dynalo/detail/windows) by extension 'python_setup_py'
[0.145s] Level 1:colcon.colcon_core.package_identification:_identify(deps/include/pangolin) by extensions ['ignore', 'ignore_ament_install']
[0.145s] Level 1:colcon.colcon_core.package_identification:_identify(deps/include/pangolin) by extension 'ignore'
[0.145s] Level 1:colcon.colcon_core.package_identification:_identify(deps/include/pangolin) by extension 'ignore_ament_install'
[0.145s] Level 1:colcon.colcon_core.package_identification:_identify(deps/include/pangolin) by extensions ['colcon_pkg']
[0.145s] Level 1:colcon.colcon_core.package_identification:_identify(deps/include/pangolin) by extension 'colcon_pkg'
[0.145s] Level 1:colcon.colcon_core.package_identification:_identify(deps/include/pangolin) by extensions ['colcon_meta']
[0.145s] Level 1:colcon.colcon_core.package_identification:_identify(deps/include/pangolin) by extension 'colcon_meta'
[0.145s] Level 1:colcon.colcon_core.package_identification:_identify(deps/include/pangolin) by extensions ['ros']
[0.145s] Level 1:colcon.colcon_core.package_identification:_identify(deps/include/pangolin) by extension 'ros'
[0.145s] Level 1:colcon.colcon_core.package_identification:_identify(deps/include/pangolin) by extensions ['cmake', 'python']
[0.145s] Level 1:colcon.colcon_core.package_identification:_identify(deps/include/pangolin) by extension 'cmake'
[0.145s] Level 1:colcon.colcon_core.package_identification:_identify(deps/include/pangolin) by extension 'python'
[0.145s] Level 1:colcon.colcon_core.package_identification:_identify(deps/include/pangolin) by extensions ['python_setup_py']
[0.145s] Level 1:colcon.colcon_core.package_identification:_identify(deps/include/pangolin) by extension 'python_setup_py'
[0.145s] Level 1:colcon.colcon_core.package_identification:_identify(deps/include/pangolin/compat) by extensions ['ignore', 'ignore_ament_install']
[0.145s] Level 1:colcon.colcon_core.package_identification:_identify(deps/include/pangolin/compat) by extension 'ignore'
[0.145s] Level 1:colcon.colcon_core.package_identification:_identify(deps/include/pangolin/compat) by extension 'ignore_ament_install'
[0.145s] Level 1:colcon.colcon_core.package_identification:_identify(deps/include/pangolin/compat) by extensions ['colcon_pkg']
[0.145s] Level 1:colcon.colcon_core.package_identification:_identify(deps/include/pangolin/compat) by extension 'colcon_pkg'
[0.145s] Level 1:colcon.colcon_core.package_identification:_identify(deps/include/pangolin/compat) by extensions ['colcon_meta']
[0.145s] Level 1:colcon.colcon_core.package_identification:_identify(deps/include/pangolin/compat) by extension 'colcon_meta'
[0.145s] Level 1:colcon.colcon_core.package_identification:_identify(deps/include/pangolin/compat) by extensions ['ros']
[0.145s] Level 1:colcon.colcon_core.package_identification:_identify(deps/include/pangolin/compat) by extension 'ros'
[0.145s] Level 1:colcon.colcon_core.package_identification:_identify(deps/include/pangolin/compat) by extensions ['cmake', 'python']
[0.145s] Level 1:colcon.colcon_core.package_identification:_identify(deps/include/pangolin/compat) by extension 'cmake'
[0.145s] Level 1:colcon.colcon_core.package_identification:_identify(deps/include/pangolin/compat) by extension 'python'
[0.145s] Level 1:colcon.colcon_core.package_identification:_identify(deps/include/pangolin/compat) by extensions ['python_setup_py']
[0.145s] Level 1:colcon.colcon_core.package_identification:_identify(deps/include/pangolin/compat) by extension 'python_setup_py'
[0.145s] Level 1:colcon.colcon_core.package_identification:_identify(deps/include/pangolin/console) by extensions ['ignore', 'ignore_ament_install']
[0.145s] Level 1:colcon.colcon_core.package_identification:_identify(deps/include/pangolin/console) by extension 'ignore'
[0.145s] Level 1:colcon.colcon_core.package_identification:_identify(deps/include/pangolin/console) by extension 'ignore_ament_install'
[0.145s] Level 1:colcon.colcon_core.package_identification:_identify(deps/include/pangolin/console) by extensions ['colcon_pkg']
[0.145s] Level 1:colcon.colcon_core.package_identification:_identify(deps/include/pangolin/console) by extension 'colcon_pkg'
[0.145s] Level 1:colcon.colcon_core.package_identification:_identify(deps/include/pangolin/console) by extensions ['colcon_meta']
[0.145s] Level 1:colcon.colcon_core.package_identification:_identify(deps/include/pangolin/console) by extension 'colcon_meta'
[0.145s] Level 1:colcon.colcon_core.package_identification:_identify(deps/include/pangolin/console) by extensions ['ros']
[0.145s] Level 1:colcon.colcon_core.package_identification:_identify(deps/include/pangolin/console) by extension 'ros'
[0.145s] Level 1:colcon.colcon_core.package_identification:_identify(deps/include/pangolin/console) by extensions ['cmake', 'python']
[0.145s] Level 1:colcon.colcon_core.package_identification:_identify(deps/include/pangolin/console) by extension 'cmake'
[0.145s] Level 1:colcon.colcon_core.package_identification:_identify(deps/include/pangolin/console) by extension 'python'
[0.145s] Level 1:colcon.colcon_core.package_identification:_identify(deps/include/pangolin/console) by extensions ['python_setup_py']
[0.145s] Level 1:colcon.colcon_core.package_identification:_identify(deps/include/pangolin/console) by extension 'python_setup_py'
[0.146s] Level 1:colcon.colcon_core.package_identification:_identify(deps/include/pangolin/display) by extensions ['ignore', 'ignore_ament_install']
[0.146s] Level 1:colcon.colcon_core.package_identification:_identify(deps/include/pangolin/display) by extension 'ignore'
[0.146s] Level 1:colcon.colcon_core.package_identification:_identify(deps/include/pangolin/display) by extension 'ignore_ament_install'
[0.146s] Level 1:colcon.colcon_core.package_identification:_identify(deps/include/pangolin/display) by extensions ['colcon_pkg']
[0.146s] Level 1:colcon.colcon_core.package_identification:_identify(deps/include/pangolin/display) by extension 'colcon_pkg'
[0.146s] Level 1:colcon.colcon_core.package_identification:_identify(deps/include/pangolin/display) by extensions ['colcon_meta']
[0.146s] Level 1:colcon.colcon_core.package_identification:_identify(deps/include/pangolin/display) by extension 'colcon_meta'
[0.146s] Level 1:colcon.colcon_core.package_identification:_identify(deps/include/pangolin/display) by extensions ['ros']
[0.146s] Level 1:colcon.colcon_core.package_identification:_identify(deps/include/pangolin/display) by extension 'ros'
[0.146s] Level 1:colcon.colcon_core.package_identification:_identify(deps/include/pangolin/display) by extensions ['cmake', 'python']
[0.146s] Level 1:colcon.colcon_core.package_identification:_identify(deps/include/pangolin/display) by extension 'cmake'
[0.146s] Level 1:colcon.colcon_core.package_identification:_identify(deps/include/pangolin/display) by extension 'python'
[0.146s] Level 1:colcon.colcon_core.package_identification:_identify(deps/include/pangolin/display) by extensions ['python_setup_py']
[0.146s] Level 1:colcon.colcon_core.package_identification:_identify(deps/include/pangolin/display) by extension 'python_setup_py'
[0.146s] Level 1:colcon.colcon_core.package_identification:_identify(deps/include/pangolin/factory) by extensions ['ignore', 'ignore_ament_install']
[0.146s] Level 1:colcon.colcon_core.package_identification:_identify(deps/include/pangolin/factory) by extension 'ignore'
[0.146s] Level 1:colcon.colcon_core.package_identification:_identify(deps/include/pangolin/factory) by extension 'ignore_ament_install'
[0.146s] Level 1:colcon.colcon_core.package_identification:_identify(deps/include/pangolin/factory) by extensions ['colcon_pkg']
[0.146s] Level 1:colcon.colcon_core.package_identification:_identify(deps/include/pangolin/factory) by extension 'colcon_pkg'
[0.146s] Level 1:colcon.colcon_core.package_identification:_identify(deps/include/pangolin/factory) by extensions ['colcon_meta']
[0.146s] Level 1:colcon.colcon_core.package_identification:_identify(deps/include/pangolin/factory) by extension 'colcon_meta'
[0.146s] Level 1:colcon.colcon_core.package_identification:_identify(deps/include/pangolin/factory) by extensions ['ros']
[0.146s] Level 1:colcon.colcon_core.package_identification:_identify(deps/include/pangolin/factory) by extension 'ros'
[0.146s] Level 1:colcon.colcon_core.package_identification:_identify(deps/include/pangolin/factory) by extensions ['cmake', 'python']
[0.146s] Level 1:colcon.colcon_core.package_identification:_identify(deps/include/pangolin/factory) by extension 'cmake'
[0.146s] Level 1:colcon.colcon_core.package_identification:_identify(deps/include/pangolin/factory) by extension 'python'
[0.146s] Level 1:colcon.colcon_core.package_identification:_identify(deps/include/pangolin/factory) by extensions ['python_setup_py']
[0.146s] Level 1:colcon.colcon_core.package_identification:_identify(deps/include/pangolin/factory) by extension 'python_setup_py'
[0.146s] Level 1:colcon.colcon_core.package_identification:_identify(deps/include/pangolin/geometry) by extensions ['ignore', 'ignore_ament_install']
[0.146s] Level 1:colcon.colcon_core.package_identification:_identify(deps/include/pangolin/geometry) by extension 'ignore'
[0.146s] Level 1:colcon.colcon_core.package_identification:_identify(deps/include/pangolin/geometry) by extension 'ignore_ament_install'
[0.146s] Level 1:colcon.colcon_core.package_identification:_identify(deps/include/pangolin/geometry) by extensions ['colcon_pkg']
[0.146s] Level 1:colcon.colcon_core.package_identification:_identify(deps/include/pangolin/geometry) by extension 'colcon_pkg'
[0.146s] Level 1:colcon.colcon_core.package_identification:_identify(deps/include/pangolin/geometry) by extensions ['colcon_meta']
[0.146s] Level 1:colcon.colcon_core.package_identification:_identify(deps/include/pangolin/geometry) by extension 'colcon_meta'
[0.146s] Level 1:colcon.colcon_core.package_identification:_identify(deps/include/pangolin/geometry) by extensions ['ros']
[0.146s] Level 1:colcon.colcon_core.package_identification:_identify(deps/include/pangolin/geometry) by extension 'ros'
[0.146s] Level 1:colcon.colcon_core.package_identification:_identify(deps/include/pangolin/geometry) by extensions ['cmake', 'python']
[0.146s] Level 1:colcon.colcon_core.package_identification:_identify(deps/include/pangolin/geometry) by extension 'cmake'
[0.146s] Level 1:colcon.colcon_core.package_identification:_identify(deps/include/pangolin/geometry) by extension 'python'
[0.146s] Level 1:colcon.colcon_core.package_identification:_identify(deps/include/pangolin/geometry) by extensions ['python_setup_py']
[0.146s] Level 1:colcon.colcon_core.package_identification:_identify(deps/include/pangolin/geometry) by extension 'python_setup_py'
[0.146s] Level 1:colcon.colcon_core.package_identification:_identify(deps/include/pangolin/gl) by extensions ['ignore', 'ignore_ament_install']
[0.147s] Level 1:colcon.colcon_core.package_identification:_identify(deps/include/pangolin/gl) by extension 'ignore'
[0.147s] Level 1:colcon.colcon_core.package_identification:_identify(deps/include/pangolin/gl) by extension 'ignore_ament_install'
[0.147s] Level 1:colcon.colcon_core.package_identification:_identify(deps/include/pangolin/gl) by extensions ['colcon_pkg']
[0.147s] Level 1:colcon.colcon_core.package_identification:_identify(deps/include/pangolin/gl) by extension 'colcon_pkg'
[0.147s] Level 1:colcon.colcon_core.package_identification:_identify(deps/include/pangolin/gl) by extensions ['colcon_meta']
[0.147s] Level 1:colcon.colcon_core.package_identification:_identify(deps/include/pangolin/gl) by extension 'colcon_meta'
[0.147s] Level 1:colcon.colcon_core.package_identification:_identify(deps/include/pangolin/gl) by extensions ['ros']
[0.147s] Level 1:colcon.colcon_core.package_identification:_identify(deps/include/pangolin/gl) by extension 'ros'
[0.147s] Level 1:colcon.colcon_core.package_identification:_identify(deps/include/pangolin/gl) by extensions ['cmake', 'python']
[0.147s] Level 1:colcon.colcon_core.package_identification:_identify(deps/include/pangolin/gl) by extension 'cmake'
[0.147s] Level 1:colcon.colcon_core.package_identification:_identify(deps/include/pangolin/gl) by extension 'python'
[0.147s] Level 1:colcon.colcon_core.package_identification:_identify(deps/include/pangolin/gl) by extensions ['python_setup_py']
[0.147s] Level 1:colcon.colcon_core.package_identification:_identify(deps/include/pangolin/gl) by extension 'python_setup_py'
[0.147s] Level 1:colcon.colcon_core.package_identification:_identify(deps/include/pangolin/gl/compat) by extensions ['ignore', 'ignore_ament_install']
[0.147s] Level 1:colcon.colcon_core.package_identification:_identify(deps/include/pangolin/gl/compat) by extension 'ignore'
[0.147s] Level 1:colcon.colcon_core.package_identification:_identify(deps/include/pangolin/gl/compat) by extension 'ignore_ament_install'
[0.147s] Level 1:colcon.colcon_core.package_identification:_identify(deps/include/pangolin/gl/compat) by extensions ['colcon_pkg']
[0.147s] Level 1:colcon.colcon_core.package_identification:_identify(deps/include/pangolin/gl/compat) by extension 'colcon_pkg'
[0.147s] Level 1:colcon.colcon_core.package_identification:_identify(deps/include/pangolin/gl/compat) by extensions ['colcon_meta']
[0.147s] Level 1:colcon.colcon_core.package_identification:_identify(deps/include/pangolin/gl/compat) by extension 'colcon_meta'
[0.147s] Level 1:colcon.colcon_core.package_identification:_identify(deps/include/pangolin/gl/compat) by extensions ['ros']
[0.147s] Level 1:colcon.colcon_core.package_identification:_identify(deps/include/pangolin/gl/compat) by extension 'ros'
[0.147s] Level 1:colcon.colcon_core.package_identification:_identify(deps/include/pangolin/gl/compat) by extensions ['cmake', 'python']
[0.147s] Level 1:colcon.colcon_core.package_identification:_identify(deps/include/pangolin/gl/compat) by extension 'cmake'
[0.147s] Level 1:colcon.colcon_core.package_identification:_identify(deps/include/pangolin/gl/compat) by extension 'python'
[0.147s] Level 1:colcon.colcon_core.package_identification:_identify(deps/include/pangolin/gl/compat) by extensions ['python_setup_py']
[0.147s] Level 1:colcon.colcon_core.package_identification:_identify(deps/include/pangolin/gl/compat) by extension 'python_setup_py'
[0.147s] Level 1:colcon.colcon_core.package_identification:_identify(deps/include/pangolin/handler) by extensions ['ignore', 'ignore_ament_install']
[0.147s] Level 1:colcon.colcon_core.package_identification:_identify(deps/include/pangolin/handler) by extension 'ignore'
[0.147s] Level 1:colcon.colcon_core.package_identification:_identify(deps/include/pangolin/handler) by extension 'ignore_ament_install'
[0.147s] Level 1:colcon.colcon_core.package_identification:_identify(deps/include/pangolin/handler) by extensions ['colcon_pkg']
[0.147s] Level 1:colcon.colcon_core.package_identification:_identify(deps/include/pangolin/handler) by extension 'colcon_pkg'
[0.147s] Level 1:colcon.colcon_core.package_identification:_identify(deps/include/pangolin/handler) by extensions ['colcon_meta']
[0.147s] Level 1:colcon.colcon_core.package_identification:_identify(deps/include/pangolin/handler) by extension 'colcon_meta'
[0.147s] Level 1:colcon.colcon_core.package_identification:_identify(deps/include/pangolin/handler) by extensions ['ros']
[0.147s] Level 1:colcon.colcon_core.package_identification:_identify(deps/include/pangolin/handler) by extension 'ros'
[0.147s] Level 1:colcon.colcon_core.package_identification:_identify(deps/include/pangolin/handler) by extensions ['cmake', 'python']
[0.147s] Level 1:colcon.colcon_core.package_identification:_identify(deps/include/pangolin/handler) by extension 'cmake'
[0.147s] Level 1:colcon.colcon_core.package_identification:_identify(deps/include/pangolin/handler) by extension 'python'
[0.147s] Level 1:colcon.colcon_core.package_identification:_identify(deps/include/pangolin/handler) by extensions ['python_setup_py']
[0.147s] Level 1:colcon.colcon_core.package_identification:_identify(deps/include/pangolin/handler) by extension 'python_setup_py'
[0.147s] Level 1:colcon.colcon_core.package_identification:_identify(deps/include/pangolin/image) by extensions ['ignore', 'ignore_ament_install']
[0.147s] Level 1:colcon.colcon_core.package_identification:_identify(deps/include/pangolin/image) by extension 'ignore'
[0.147s] Level 1:colcon.colcon_core.package_identification:_identify(deps/include/pangolin/image) by extension 'ignore_ament_install'
[0.147s] Level 1:colcon.colcon_core.package_identification:_identify(deps/include/pangolin/image) by extensions ['colcon_pkg']
[0.147s] Level 1:colcon.colcon_core.package_identification:_identify(deps/include/pangolin/image) by extension 'colcon_pkg'
[0.148s] Level 1:colcon.colcon_core.package_identification:_identify(deps/include/pangolin/image) by extensions ['colcon_meta']
[0.148s] Level 1:colcon.colcon_core.package_identification:_identify(deps/include/pangolin/image) by extension 'colcon_meta'
[0.148s] Level 1:colcon.colcon_core.package_identification:_identify(deps/include/pangolin/image) by extensions ['ros']
[0.148s] Level 1:colcon.colcon_core.package_identification:_identify(deps/include/pangolin/image) by extension 'ros'
[0.148s] Level 1:colcon.colcon_core.package_identification:_identify(deps/include/pangolin/image) by extensions ['cmake', 'python']
[0.148s] Level 1:colcon.colcon_core.package_identification:_identify(deps/include/pangolin/image) by extension 'cmake'
[0.148s] Level 1:colcon.colcon_core.package_identification:_identify(deps/include/pangolin/image) by extension 'python'
[0.148s] Level 1:colcon.colcon_core.package_identification:_identify(deps/include/pangolin/image) by extensions ['python_setup_py']
[0.148s] Level 1:colcon.colcon_core.package_identification:_identify(deps/include/pangolin/image) by extension 'python_setup_py'
[0.148s] Level 1:colcon.colcon_core.package_identification:_identify(deps/include/pangolin/log) by extensions ['ignore', 'ignore_ament_install']
[0.148s] Level 1:colcon.colcon_core.package_identification:_identify(deps/include/pangolin/log) by extension 'ignore'
[0.148s] Level 1:colcon.colcon_core.package_identification:_identify(deps/include/pangolin/log) by extension 'ignore_ament_install'
[0.148s] Level 1:colcon.colcon_core.package_identification:_identify(deps/include/pangolin/log) by extensions ['colcon_pkg']
[0.148s] Level 1:colcon.colcon_core.package_identification:_identify(deps/include/pangolin/log) by extension 'colcon_pkg'
[0.148s] Level 1:colcon.colcon_core.package_identification:_identify(deps/include/pangolin/log) by extensions ['colcon_meta']
[0.148s] Level 1:colcon.colcon_core.package_identification:_identify(deps/include/pangolin/log) by extension 'colcon_meta'
[0.148s] Level 1:colcon.colcon_core.package_identification:_identify(deps/include/pangolin/log) by extensions ['ros']
[0.148s] Level 1:colcon.colcon_core.package_identification:_identify(deps/include/pangolin/log) by extension 'ros'
[0.148s] Level 1:colcon.colcon_core.package_identification:_identify(deps/include/pangolin/log) by extensions ['cmake', 'python']
[0.148s] Level 1:colcon.colcon_core.package_identification:_identify(deps/include/pangolin/log) by extension 'cmake'
[0.148s] Level 1:colcon.colcon_core.package_identification:_identify(deps/include/pangolin/log) by extension 'python'
[0.148s] Level 1:colcon.colcon_core.package_identification:_identify(deps/include/pangolin/log) by extensions ['python_setup_py']
[0.148s] Level 1:colcon.colcon_core.package_identification:_identify(deps/include/pangolin/log) by extension 'python_setup_py'
[0.148s] Level 1:colcon.colcon_core.package_identification:_identify(deps/include/pangolin/plot) by extensions ['ignore', 'ignore_ament_install']
[0.148s] Level 1:colcon.colcon_core.package_identification:_identify(deps/include/pangolin/plot) by extension 'ignore'
[0.148s] Level 1:colcon.colcon_core.package_identification:_identify(deps/include/pangolin/plot) by extension 'ignore_ament_install'
[0.148s] Level 1:colcon.colcon_core.package_identification:_identify(deps/include/pangolin/plot) by extensions ['colcon_pkg']
[0.148s] Level 1:colcon.colcon_core.package_identification:_identify(deps/include/pangolin/plot) by extension 'colcon_pkg'
[0.148s] Level 1:colcon.colcon_core.package_identification:_identify(deps/include/pangolin/plot) by extensions ['colcon_meta']
[0.148s] Level 1:colcon.colcon_core.package_identification:_identify(deps/include/pangolin/plot) by extension 'colcon_meta'
[0.148s] Level 1:colcon.colcon_core.package_identification:_identify(deps/include/pangolin/plot) by extensions ['ros']
[0.148s] Level 1:colcon.colcon_core.package_identification:_identify(deps/include/pangolin/plot) by extension 'ros'
[0.148s] Level 1:colcon.colcon_core.package_identification:_identify(deps/include/pangolin/plot) by extensions ['cmake', 'python']
[0.148s] Level 1:colcon.colcon_core.package_identification:_identify(deps/include/pangolin/plot) by extension 'cmake'
[0.148s] Level 1:colcon.colcon_core.package_identification:_identify(deps/include/pangolin/plot) by extension 'python'
[0.148s] Level 1:colcon.colcon_core.package_identification:_identify(deps/include/pangolin/plot) by extensions ['python_setup_py']
[0.148s] Level 1:colcon.colcon_core.package_identification:_identify(deps/include/pangolin/plot) by extension 'python_setup_py'
[0.148s] Level 1:colcon.colcon_core.package_identification:_identify(deps/include/pangolin/plot/loaders) by extensions ['ignore', 'ignore_ament_install']
[0.148s] Level 1:colcon.colcon_core.package_identification:_identify(deps/include/pangolin/plot/loaders) by extension 'ignore'
[0.148s] Level 1:colcon.colcon_core.package_identification:_identify(deps/include/pangolin/plot/loaders) by extension 'ignore_ament_install'
[0.148s] Level 1:colcon.colcon_core.package_identification:_identify(deps/include/pangolin/plot/loaders) by extensions ['colcon_pkg']
[0.148s] Level 1:colcon.colcon_core.package_identification:_identify(deps/include/pangolin/plot/loaders) by extension 'colcon_pkg'
[0.148s] Level 1:colcon.colcon_core.package_identification:_identify(deps/include/pangolin/plot/loaders) by extensions ['colcon_meta']
[0.148s] Level 1:colcon.colcon_core.package_identification:_identify(deps/include/pangolin/plot/loaders) by extension 'colcon_meta'
[0.148s] Level 1:colcon.colcon_core.package_identification:_identify(deps/include/pangolin/plot/loaders) by extensions ['ros']
[0.148s] Level 1:colcon.colcon_core.package_identification:_identify(deps/include/pangolin/plot/loaders) by extension 'ros'
[0.148s] Level 1:colcon.colcon_core.package_identification:_identify(deps/include/pangolin/plot/loaders) by extensions ['cmake', 'python']
[0.148s] Level 1:colcon.colcon_core.package_identification:_identify(deps/include/pangolin/plot/loaders) by extension 'cmake'
[0.148s] Level 1:colcon.colcon_core.package_identification:_identify(deps/include/pangolin/plot/loaders) by extension 'python'
[0.148s] Level 1:colcon.colcon_core.package_identification:_identify(deps/include/pangolin/plot/loaders) by extensions ['python_setup_py']
[0.148s] Level 1:colcon.colcon_core.package_identification:_identify(deps/include/pangolin/plot/loaders) by extension 'python_setup_py'
[0.148s] Level 1:colcon.colcon_core.package_identification:_identify(deps/include/pangolin/scene) by extensions ['ignore', 'ignore_ament_install']
[0.148s] Level 1:colcon.colcon_core.package_identification:_identify(deps/include/pangolin/scene) by extension 'ignore'
[0.149s] Level 1:colcon.colcon_core.package_identification:_identify(deps/include/pangolin/scene) by extension 'ignore_ament_install'
[0.149s] Level 1:colcon.colcon_core.package_identification:_identify(deps/include/pangolin/scene) by extensions ['colcon_pkg']
[0.149s] Level 1:colcon.colcon_core.package_identification:_identify(deps/include/pangolin/scene) by extension 'colcon_pkg'
[0.149s] Level 1:colcon.colcon_core.package_identification:_identify(deps/include/pangolin/scene) by extensions ['colcon_meta']
[0.149s] Level 1:colcon.colcon_core.package_identification:_identify(deps/include/pangolin/scene) by extension 'colcon_meta'
[0.149s] Level 1:colcon.colcon_core.package_identification:_identify(deps/include/pangolin/scene) by extensions ['ros']
[0.149s] Level 1:colcon.colcon_core.package_identification:_identify(deps/include/pangolin/scene) by extension 'ros'
[0.149s] Level 1:colcon.colcon_core.package_identification:_identify(deps/include/pangolin/scene) by extensions ['cmake', 'python']
[0.149s] Level 1:colcon.colcon_core.package_identification:_identify(deps/include/pangolin/scene) by extension 'cmake'
[0.149s] Level 1:colcon.colcon_core.package_identification:_identify(deps/include/pangolin/scene) by extension 'python'
[0.149s] Level 1:colcon.colcon_core.package_identification:_identify(deps/include/pangolin/scene) by extensions ['python_setup_py']
[0.149s] Level 1:colcon.colcon_core.package_identification:_identify(deps/include/pangolin/scene) by extension 'python_setup_py'
[0.149s] Level 1:colcon.colcon_core.package_identification:_identify(deps/include/pangolin/tools) by extensions ['ignore', 'ignore_ament_install']
[0.149s] Level 1:colcon.colcon_core.package_identification:_identify(deps/include/pangolin/tools) by extension 'ignore'
[0.149s] Level 1:colcon.colcon_core.package_identification:_identify(deps/include/pangolin/tools) by extension 'ignore_ament_install'
[0.149s] Level 1:colcon.colcon_core.package_identification:_identify(deps/include/pangolin/tools) by extensions ['colcon_pkg']
[0.149s] Level 1:colcon.colcon_core.package_identification:_identify(deps/include/pangolin/tools) by extension 'colcon_pkg'
[0.149s] Level 1:colcon.colcon_core.package_identification:_identify(deps/include/pangolin/tools) by extensions ['colcon_meta']
[0.149s] Level 1:colcon.colcon_core.package_identification:_identify(deps/include/pangolin/tools) by extension 'colcon_meta'
[0.149s] Level 1:colcon.colcon_core.package_identification:_identify(deps/include/pangolin/tools) by extensions ['ros']
[0.149s] Level 1:colcon.colcon_core.package_identification:_identify(deps/include/pangolin/tools) by extension 'ros'
[0.149s] Level 1:colcon.colcon_core.package_identification:_identify(deps/include/pangolin/tools) by extensions ['cmake', 'python']
[0.149s] Level 1:colcon.colcon_core.package_identification:_identify(deps/include/pangolin/tools) by extension 'cmake'
[0.149s] Level 1:colcon.colcon_core.package_identification:_identify(deps/include/pangolin/tools) by extension 'python'
[0.149s] Level 1:colcon.colcon_core.package_identification:_identify(deps/include/pangolin/tools) by extensions ['python_setup_py']
[0.149s] Level 1:colcon.colcon_core.package_identification:_identify(deps/include/pangolin/tools) by extension 'python_setup_py'
[0.149s] Level 1:colcon.colcon_core.package_identification:_identify(deps/include/pangolin/utils) by extensions ['ignore', 'ignore_ament_install']
[0.149s] Level 1:colcon.colcon_core.package_identification:_identify(deps/include/pangolin/utils) by extension 'ignore'
[0.149s] Level 1:colcon.colcon_core.package_identification:_identify(deps/include/pangolin/utils) by extension 'ignore_ament_install'
[0.149s] Level 1:colcon.colcon_core.package_identification:_identify(deps/include/pangolin/utils) by extensions ['colcon_pkg']
[0.149s] Level 1:colcon.colcon_core.package_identification:_identify(deps/include/pangolin/utils) by extension 'colcon_pkg'
[0.149s] Level 1:colcon.colcon_core.package_identification:_identify(deps/include/pangolin/utils) by extensions ['colcon_meta']
[0.149s] Level 1:colcon.colcon_core.package_identification:_identify(deps/include/pangolin/utils) by extension 'colcon_meta'
[0.149s] Level 1:colcon.colcon_core.package_identification:_identify(deps/include/pangolin/utils) by extensions ['ros']
[0.149s] Level 1:colcon.colcon_core.package_identification:_identify(deps/include/pangolin/utils) by extension 'ros'
[0.149s] Level 1:colcon.colcon_core.package_identification:_identify(deps/include/pangolin/utils) by extensions ['cmake', 'python']
[0.149s] Level 1:colcon.colcon_core.package_identification:_identify(deps/include/pangolin/utils) by extension 'cmake'
[0.149s] Level 1:colcon.colcon_core.package_identification:_identify(deps/include/pangolin/utils) by extension 'python'
[0.149s] Level 1:colcon.colcon_core.package_identification:_identify(deps/include/pangolin/utils) by extensions ['python_setup_py']
[0.149s] Level 1:colcon.colcon_core.package_identification:_identify(deps/include/pangolin/utils) by extension 'python_setup_py'
[0.149s] Level 1:colcon.colcon_core.package_identification:_identify(deps/include/pangolin/utils/posix) by extensions ['ignore', 'ignore_ament_install']
[0.149s] Level 1:colcon.colcon_core.package_identification:_identify(deps/include/pangolin/utils/posix) by extension 'ignore'
[0.149s] Level 1:colcon.colcon_core.package_identification:_identify(deps/include/pangolin/utils/posix) by extension 'ignore_ament_install'
[0.149s] Level 1:colcon.colcon_core.package_identification:_identify(deps/include/pangolin/utils/posix) by extensions ['colcon_pkg']
[0.149s] Level 1:colcon.colcon_core.package_identification:_identify(deps/include/pangolin/utils/posix) by extension 'colcon_pkg'
[0.149s] Level 1:colcon.colcon_core.package_identification:_identify(deps/include/pangolin/utils/posix) by extensions ['colcon_meta']
[0.149s] Level 1:colcon.colcon_core.package_identification:_identify(deps/include/pangolin/utils/posix) by extension 'colcon_meta'
[0.149s] Level 1:colcon.colcon_core.package_identification:_identify(deps/include/pangolin/utils/posix) by extensions ['ros']
[0.149s] Level 1:colcon.colcon_core.package_identification:_identify(deps/include/pangolin/utils/posix) by extension 'ros'
[0.149s] Level 1:colcon.colcon_core.package_identification:_identify(deps/include/pangolin/utils/posix) by extensions ['cmake', 'python']
[0.149s] Level 1:colcon.colcon_core.package_identification:_identify(deps/include/pangolin/utils/posix) by extension 'cmake'
[0.149s] Level 1:colcon.colcon_core.package_identification:_identify(deps/include/pangolin/utils/posix) by extension 'python'
[0.149s] Level 1:colcon.colcon_core.package_identification:_identify(deps/include/pangolin/utils/posix) by extensions ['python_setup_py']
[0.149s] Level 1:colcon.colcon_core.package_identification:_identify(deps/include/pangolin/utils/posix) by extension 'python_setup_py'
[0.150s] Level 1:colcon.colcon_core.package_identification:_identify(deps/include/pangolin/utils/xml) by extensions ['ignore', 'ignore_ament_install']
[0.150s] Level 1:colcon.colcon_core.package_identification:_identify(deps/include/pangolin/utils/xml) by extension 'ignore'
[0.150s] Level 1:colcon.colcon_core.package_identification:_identify(deps/include/pangolin/utils/xml) by extension 'ignore_ament_install'
[0.150s] Level 1:colcon.colcon_core.package_identification:_identify(deps/include/pangolin/utils/xml) by extensions ['colcon_pkg']
[0.150s] Level 1:colcon.colcon_core.package_identification:_identify(deps/include/pangolin/utils/xml) by extension 'colcon_pkg'
[0.150s] Level 1:colcon.colcon_core.package_identification:_identify(deps/include/pangolin/utils/xml) by extensions ['colcon_meta']
[0.150s] Level 1:colcon.colcon_core.package_identification:_identify(deps/include/pangolin/utils/xml) by extension 'colcon_meta'
[0.150s] Level 1:colcon.colcon_core.package_identification:_identify(deps/include/pangolin/utils/xml) by extensions ['ros']
[0.150s] Level 1:colcon.colcon_core.package_identification:_identify(deps/include/pangolin/utils/xml) by extension 'ros'
[0.150s] Level 1:colcon.colcon_core.package_identification:_identify(deps/include/pangolin/utils/xml) by extensions ['cmake', 'python']
[0.150s] Level 1:colcon.colcon_core.package_identification:_identify(deps/include/pangolin/utils/xml) by extension 'cmake'
[0.150s] Level 1:colcon.colcon_core.package_identification:_identify(deps/include/pangolin/utils/xml) by extension 'python'
[0.150s] Level 1:colcon.colcon_core.package_identification:_identify(deps/include/pangolin/utils/xml) by extensions ['python_setup_py']
[0.150s] Level 1:colcon.colcon_core.package_identification:_identify(deps/include/pangolin/utils/xml) by extension 'python_setup_py'
[0.150s] Level 1:colcon.colcon_core.package_identification:_identify(deps/include/pangolin/var) by extensions ['ignore', 'ignore_ament_install']
[0.150s] Level 1:colcon.colcon_core.package_identification:_identify(deps/include/pangolin/var) by extension 'ignore'
[0.150s] Level 1:colcon.colcon_core.package_identification:_identify(deps/include/pangolin/var) by extension 'ignore_ament_install'
[0.150s] Level 1:colcon.colcon_core.package_identification:_identify(deps/include/pangolin/var) by extensions ['colcon_pkg']
[0.150s] Level 1:colcon.colcon_core.package_identification:_identify(deps/include/pangolin/var) by extension 'colcon_pkg'
[0.150s] Level 1:colcon.colcon_core.package_identification:_identify(deps/include/pangolin/var) by extensions ['colcon_meta']
[0.150s] Level 1:colcon.colcon_core.package_identification:_identify(deps/include/pangolin/var) by extension 'colcon_meta'
[0.150s] Level 1:colcon.colcon_core.package_identification:_identify(deps/include/pangolin/var) by extensions ['ros']
[0.150s] Level 1:colcon.colcon_core.package_identification:_identify(deps/include/pangolin/var) by extension 'ros'
[0.150s] Level 1:colcon.colcon_core.package_identification:_identify(deps/include/pangolin/var) by extensions ['cmake', 'python']
[0.150s] Level 1:colcon.colcon_core.package_identification:_identify(deps/include/pangolin/var) by extension 'cmake'
[0.150s] Level 1:colcon.colcon_core.package_identification:_identify(deps/include/pangolin/var) by extension 'python'
[0.150s] Level 1:colcon.colcon_core.package_identification:_identify(deps/include/pangolin/var) by extensions ['python_setup_py']
[0.150s] Level 1:colcon.colcon_core.package_identification:_identify(deps/include/pangolin/var) by extension 'python_setup_py'
[0.150s] Level 1:colcon.colcon_core.package_identification:_identify(deps/include/pangolin/video) by extensions ['ignore', 'ignore_ament_install']
[0.150s] Level 1:colcon.colcon_core.package_identification:_identify(deps/include/pangolin/video) by extension 'ignore'
[0.150s] Level 1:colcon.colcon_core.package_identification:_identify(deps/include/pangolin/video) by extension 'ignore_ament_install'
[0.150s] Level 1:colcon.colcon_core.package_identification:_identify(deps/include/pangolin/video) by extensions ['colcon_pkg']
[0.150s] Level 1:colcon.colcon_core.package_identification:_identify(deps/include/pangolin/video) by extension 'colcon_pkg'
[0.150s] Level 1:colcon.colcon_core.package_identification:_identify(deps/include/pangolin/video) by extensions ['colcon_meta']
[0.150s] Level 1:colcon.colcon_core.package_identification:_identify(deps/include/pangolin/video) by extension 'colcon_meta'
[0.150s] Level 1:colcon.colcon_core.package_identification:_identify(deps/include/pangolin/video) by extensions ['ros']
[0.150s] Level 1:colcon.colcon_core.package_identification:_identify(deps/include/pangolin/video) by extension 'ros'
[0.150s] Level 1:colcon.colcon_core.package_identification:_identify(deps/include/pangolin/video) by extensions ['cmake', 'python']
[0.150s] Level 1:colcon.colcon_core.package_identification:_identify(deps/include/pangolin/video) by extension 'cmake'
[0.150s] Level 1:colcon.colcon_core.package_identification:_identify(deps/include/pangolin/video) by extension 'python'
[0.150s] Level 1:colcon.colcon_core.package_identification:_identify(deps/include/pangolin/video) by extensions ['python_setup_py']
[0.150s] Level 1:colcon.colcon_core.package_identification:_identify(deps/include/pangolin/video) by extension 'python_setup_py'
[0.150s] Level 1:colcon.colcon_core.package_identification:_identify(deps/include/pangolin/video/drivers) by extensions ['ignore', 'ignore_ament_install']
[0.150s] Level 1:colcon.colcon_core.package_identification:_identify(deps/include/pangolin/video/drivers) by extension 'ignore'
[0.150s] Level 1:colcon.colcon_core.package_identification:_identify(deps/include/pangolin/video/drivers) by extension 'ignore_ament_install'
[0.150s] Level 1:colcon.colcon_core.package_identification:_identify(deps/include/pangolin/video/drivers) by extensions ['colcon_pkg']
[0.150s] Level 1:colcon.colcon_core.package_identification:_identify(deps/include/pangolin/video/drivers) by extension 'colcon_pkg'
[0.150s] Level 1:colcon.colcon_core.package_identification:_identify(deps/include/pangolin/video/drivers) by extensions ['colcon_meta']
[0.150s] Level 1:colcon.colcon_core.package_identification:_identify(deps/include/pangolin/video/drivers) by extension 'colcon_meta'
[0.150s] Level 1:colcon.colcon_core.package_identification:_identify(deps/include/pangolin/video/drivers) by extensions ['ros']
[0.150s] Level 1:colcon.colcon_core.package_identification:_identify(deps/include/pangolin/video/drivers) by extension 'ros'
[0.150s] Level 1:colcon.colcon_core.package_identification:_identify(deps/include/pangolin/video/drivers) by extensions ['cmake', 'python']
[0.150s] Level 1:colcon.colcon_core.package_identification:_identify(deps/include/pangolin/video/drivers) by extension 'cmake'
[0.151s] Level 1:colcon.colcon_core.package_identification:_identify(deps/include/pangolin/video/drivers) by extension 'python'
[0.151s] Level 1:colcon.colcon_core.package_identification:_identify(deps/include/pangolin/video/drivers) by extensions ['python_setup_py']
[0.151s] Level 1:colcon.colcon_core.package_identification:_identify(deps/include/pangolin/video/drivers) by extension 'python_setup_py'
[0.151s] Level 1:colcon.colcon_core.package_identification:_identify(deps/include/pangolin/windowing) by extensions ['ignore', 'ignore_ament_install']
[0.151s] Level 1:colcon.colcon_core.package_identification:_identify(deps/include/pangolin/windowing) by extension 'ignore'
[0.151s] Level 1:colcon.colcon_core.package_identification:_identify(deps/include/pangolin/windowing) by extension 'ignore_ament_install'
[0.151s] Level 1:colcon.colcon_core.package_identification:_identify(deps/include/pangolin/windowing) by extensions ['colcon_pkg']
[0.151s] Level 1:colcon.colcon_core.package_identification:_identify(deps/include/pangolin/windowing) by extension 'colcon_pkg'
[0.151s] Level 1:colcon.colcon_core.package_identification:_identify(deps/include/pangolin/windowing) by extensions ['colcon_meta']
[0.151s] Level 1:colcon.colcon_core.package_identification:_identify(deps/include/pangolin/windowing) by extension 'colcon_meta'
[0.151s] Level 1:colcon.colcon_core.package_identification:_identify(deps/include/pangolin/windowing) by extensions ['ros']
[0.151s] Level 1:colcon.colcon_core.package_identification:_identify(deps/include/pangolin/windowing) by extension 'ros'
[0.151s] Level 1:colcon.colcon_core.package_identification:_identify(deps/include/pangolin/windowing) by extensions ['cmake', 'python']
[0.151s] Level 1:colcon.colcon_core.package_identification:_identify(deps/include/pangolin/windowing) by extension 'cmake'
[0.151s] Level 1:colcon.colcon_core.package_identification:_identify(deps/include/pangolin/windowing) by extension 'python'
[0.151s] Level 1:colcon.colcon_core.package_identification:_identify(deps/include/pangolin/windowing) by extensions ['python_setup_py']
[0.151s] Level 1:colcon.colcon_core.package_identification:_identify(deps/include/pangolin/windowing) by extension 'python_setup_py'
[0.151s] Level 1:colcon.colcon_core.package_identification:_identify(deps/include/sigslot) by extensions ['ignore', 'ignore_ament_install']
[0.151s] Level 1:colcon.colcon_core.package_identification:_identify(deps/include/sigslot) by extension 'ignore'
[0.151s] Level 1:colcon.colcon_core.package_identification:_identify(deps/include/sigslot) by extension 'ignore_ament_install'
[0.151s] Level 1:colcon.colcon_core.package_identification:_identify(deps/include/sigslot) by extensions ['colcon_pkg']
[0.151s] Level 1:colcon.colcon_core.package_identification:_identify(deps/include/sigslot) by extension 'colcon_pkg'
[0.151s] Level 1:colcon.colcon_core.package_identification:_identify(deps/include/sigslot) by extensions ['colcon_meta']
[0.151s] Level 1:colcon.colcon_core.package_identification:_identify(deps/include/sigslot) by extension 'colcon_meta'
[0.151s] Level 1:colcon.colcon_core.package_identification:_identify(deps/include/sigslot) by extensions ['ros']
[0.151s] Level 1:colcon.colcon_core.package_identification:_identify(deps/include/sigslot) by extension 'ros'
[0.151s] Level 1:colcon.colcon_core.package_identification:_identify(deps/include/sigslot) by extensions ['cmake', 'python']
[0.151s] Level 1:colcon.colcon_core.package_identification:_identify(deps/include/sigslot) by extension 'cmake'
[0.151s] Level 1:colcon.colcon_core.package_identification:_identify(deps/include/sigslot) by extension 'python'
[0.151s] Level 1:colcon.colcon_core.package_identification:_identify(deps/include/sigslot) by extensions ['python_setup_py']
[0.151s] Level 1:colcon.colcon_core.package_identification:_identify(deps/include/sigslot) by extension 'python_setup_py'
[0.151s] Level 1:colcon.colcon_core.package_identification:_identify(deps/include/sophus) by extensions ['ignore', 'ignore_ament_install']
[0.151s] Level 1:colcon.colcon_core.package_identification:_identify(deps/include/sophus) by extension 'ignore'
[0.151s] Level 1:colcon.colcon_core.package_identification:_identify(deps/include/sophus) by extension 'ignore_ament_install'
[0.151s] Level 1:colcon.colcon_core.package_identification:_identify(deps/include/sophus) by extensions ['colcon_pkg']
[0.151s] Level 1:colcon.colcon_core.package_identification:_identify(deps/include/sophus) by extension 'colcon_pkg'
[0.151s] Level 1:colcon.colcon_core.package_identification:_identify(deps/include/sophus) by extensions ['colcon_meta']
[0.151s] Level 1:colcon.colcon_core.package_identification:_identify(deps/include/sophus) by extension 'colcon_meta'
[0.151s] Level 1:colcon.colcon_core.package_identification:_identify(deps/include/sophus) by extensions ['ros']
[0.151s] Level 1:colcon.colcon_core.package_identification:_identify(deps/include/sophus) by extension 'ros'
[0.151s] Level 1:colcon.colcon_core.package_identification:_identify(deps/include/sophus) by extensions ['cmake', 'python']
[0.151s] Level 1:colcon.colcon_core.package_identification:_identify(deps/include/sophus) by extension 'cmake'
[0.151s] Level 1:colcon.colcon_core.package_identification:_identify(deps/include/sophus) by extension 'python'
[0.151s] Level 1:colcon.colcon_core.package_identification:_identify(deps/include/sophus) by extensions ['python_setup_py']
[0.151s] Level 1:colcon.colcon_core.package_identification:_identify(deps/include/sophus) by extension 'python_setup_py'
[0.151s] Level 1:colcon.colcon_core.package_identification:_identify(deps/include/tinyobj) by extensions ['ignore', 'ignore_ament_install']
[0.151s] Level 1:colcon.colcon_core.package_identification:_identify(deps/include/tinyobj) by extension 'ignore'
[0.151s] Level 1:colcon.colcon_core.package_identification:_identify(deps/include/tinyobj) by extension 'ignore_ament_install'
[0.151s] Level 1:colcon.colcon_core.package_identification:_identify(deps/include/tinyobj) by extensions ['colcon_pkg']
[0.151s] Level 1:colcon.colcon_core.package_identification:_identify(deps/include/tinyobj) by extension 'colcon_pkg'
[0.152s] Level 1:colcon.colcon_core.package_identification:_identify(deps/include/tinyobj) by extensions ['colcon_meta']
[0.152s] Level 1:colcon.colcon_core.package_identification:_identify(deps/include/tinyobj) by extension 'colcon_meta'
[0.152s] Level 1:colcon.colcon_core.package_identification:_identify(deps/include/tinyobj) by extensions ['ros']
[0.152s] Level 1:colcon.colcon_core.package_identification:_identify(deps/include/tinyobj) by extension 'ros'
[0.152s] Level 1:colcon.colcon_core.package_identification:_identify(deps/include/tinyobj) by extensions ['cmake', 'python']
[0.152s] Level 1:colcon.colcon_core.package_identification:_identify(deps/include/tinyobj) by extension 'cmake'
[0.152s] Level 1:colcon.colcon_core.package_identification:_identify(deps/include/tinyobj) by extension 'python'
[0.152s] Level 1:colcon.colcon_core.package_identification:_identify(deps/include/tinyobj) by extensions ['python_setup_py']
[0.152s] Level 1:colcon.colcon_core.package_identification:_identify(deps/include/tinyobj) by extension 'python_setup_py'
[0.152s] Level 1:colcon.colcon_core.package_identification:_identify(deps/lib) by extensions ['ignore', 'ignore_ament_install']
[0.152s] Level 1:colcon.colcon_core.package_identification:_identify(deps/lib) by extension 'ignore'
[0.152s] Level 1:colcon.colcon_core.package_identification:_identify(deps/lib) by extension 'ignore_ament_install'
[0.152s] Level 1:colcon.colcon_core.package_identification:_identify(deps/lib) by extensions ['colcon_pkg']
[0.152s] Level 1:colcon.colcon_core.package_identification:_identify(deps/lib) by extension 'colcon_pkg'
[0.152s] Level 1:colcon.colcon_core.package_identification:_identify(deps/lib) by extensions ['colcon_meta']
[0.152s] Level 1:colcon.colcon_core.package_identification:_identify(deps/lib) by extension 'colcon_meta'
[0.152s] Level 1:colcon.colcon_core.package_identification:_identify(deps/lib) by extensions ['ros']
[0.152s] Level 1:colcon.colcon_core.package_identification:_identify(deps/lib) by extension 'ros'
[0.152s] Level 1:colcon.colcon_core.package_identification:_identify(deps/lib) by extensions ['cmake', 'python']
[0.152s] Level 1:colcon.colcon_core.package_identification:_identify(deps/lib) by extension 'cmake'
[0.152s] Level 1:colcon.colcon_core.package_identification:_identify(deps/lib) by extension 'python'
[0.152s] Level 1:colcon.colcon_core.package_identification:_identify(deps/lib) by extensions ['python_setup_py']
[0.152s] Level 1:colcon.colcon_core.package_identification:_identify(deps/lib) by extension 'python_setup_py'
[0.152s] Level 1:colcon.colcon_core.package_identification:_identify(deps/lib/cmake) by extensions ['ignore', 'ignore_ament_install']
[0.152s] Level 1:colcon.colcon_core.package_identification:_identify(deps/lib/cmake) by extension 'ignore'
[0.152s] Level 1:colcon.colcon_core.package_identification:_identify(deps/lib/cmake) by extension 'ignore_ament_install'
[0.152s] Level 1:colcon.colcon_core.package_identification:_identify(deps/lib/cmake) by extensions ['colcon_pkg']
[0.152s] Level 1:colcon.colcon_core.package_identification:_identify(deps/lib/cmake) by extension 'colcon_pkg'
[0.152s] Level 1:colcon.colcon_core.package_identification:_identify(deps/lib/cmake) by extensions ['colcon_meta']
[0.152s] Level 1:colcon.colcon_core.package_identification:_identify(deps/lib/cmake) by extension 'colcon_meta'
[0.152s] Level 1:colcon.colcon_core.package_identification:_identify(deps/lib/cmake) by extensions ['ros']
[0.152s] Level 1:colcon.colcon_core.package_identification:_identify(deps/lib/cmake) by extension 'ros'
[0.152s] Level 1:colcon.colcon_core.package_identification:_identify(deps/lib/cmake) by extensions ['cmake', 'python']
[0.152s] Level 1:colcon.colcon_core.package_identification:_identify(deps/lib/cmake) by extension 'cmake'
[0.152s] Level 1:colcon.colcon_core.package_identification:_identify(deps/lib/cmake) by extension 'python'
[0.152s] Level 1:colcon.colcon_core.package_identification:_identify(deps/lib/cmake) by extensions ['python_setup_py']
[0.152s] Level 1:colcon.colcon_core.package_identification:_identify(deps/lib/cmake) by extension 'python_setup_py'
[0.152s] Level 1:colcon.colcon_core.package_identification:_identify(deps/lib/cmake/Pangolin) by extensions ['ignore', 'ignore_ament_install']
[0.152s] Level 1:colcon.colcon_core.package_identification:_identify(deps/lib/cmake/Pangolin) by extension 'ignore'
[0.152s] Level 1:colcon.colcon_core.package_identification:_identify(deps/lib/cmake/Pangolin) by extension 'ignore_ament_install'
[0.152s] Level 1:colcon.colcon_core.package_identification:_identify(deps/lib/cmake/Pangolin) by extensions ['colcon_pkg']
[0.152s] Level 1:colcon.colcon_core.package_identification:_identify(deps/lib/cmake/Pangolin) by extension 'colcon_pkg'
[0.152s] Level 1:colcon.colcon_core.package_identification:_identify(deps/lib/cmake/Pangolin) by extensions ['colcon_meta']
[0.152s] Level 1:colcon.colcon_core.package_identification:_identify(deps/lib/cmake/Pangolin) by extension 'colcon_meta'
[0.152s] Level 1:colcon.colcon_core.package_identification:_identify(deps/lib/cmake/Pangolin) by extensions ['ros']
[0.152s] Level 1:colcon.colcon_core.package_identification:_identify(deps/lib/cmake/Pangolin) by extension 'ros'
[0.152s] Level 1:colcon.colcon_core.package_identification:_identify(deps/lib/cmake/Pangolin) by extensions ['cmake', 'python']
[0.152s] Level 1:colcon.colcon_core.package_identification:_identify(deps/lib/cmake/Pangolin) by extension 'cmake'
[0.152s] Level 1:colcon.colcon_core.package_identification:_identify(deps/lib/cmake/Pangolin) by extension 'python'
[0.152s] Level 1:colcon.colcon_core.package_identification:_identify(deps/lib/cmake/Pangolin) by extensions ['python_setup_py']
[0.152s] Level 1:colcon.colcon_core.package_identification:_identify(deps/lib/cmake/Pangolin) by extension 'python_setup_py'
[0.152s] Level 1:colcon.colcon_core.package_identification:_identify(deps/realsense_runtime) by extensions ['ignore', 'ignore_ament_install']
[0.153s] Level 1:colcon.colcon_core.package_identification:_identify(deps/realsense_runtime) by extension 'ignore'
[0.153s] Level 1:colcon.colcon_core.package_identification:_identify(deps/realsense_runtime) by extension 'ignore_ament_install'
[0.153s] Level 1:colcon.colcon_core.package_identification:_identify(deps/realsense_runtime) by extensions ['colcon_pkg']
[0.153s] Level 1:colcon.colcon_core.package_identification:_identify(deps/realsense_runtime) by extension 'colcon_pkg'
[0.153s] Level 1:colcon.colcon_core.package_identification:_identify(deps/realsense_runtime) by extensions ['colcon_meta']
[0.153s] Level 1:colcon.colcon_core.package_identification:_identify(deps/realsense_runtime) by extension 'colcon_meta'
[0.153s] Level 1:colcon.colcon_core.package_identification:_identify(deps/realsense_runtime) by extensions ['ros']
[0.153s] Level 1:colcon.colcon_core.package_identification:_identify(deps/realsense_runtime) by extension 'ros'
[0.153s] Level 1:colcon.colcon_core.package_identification:_identify(deps/realsense_runtime) by extensions ['cmake', 'python']
[0.153s] Level 1:colcon.colcon_core.package_identification:_identify(deps/realsense_runtime) by extension 'cmake'
[0.153s] Level 1:colcon.colcon_core.package_identification:_identify(deps/realsense_runtime) by extension 'python'
[0.153s] Level 1:colcon.colcon_core.package_identification:_identify(deps/realsense_runtime) by extensions ['python_setup_py']
[0.153s] Level 1:colcon.colcon_core.package_identification:_identify(deps/realsense_runtime) by extension 'python_setup_py'
[0.153s] Level 1:colcon.colcon_core.package_identification:_identify(deps/realsense_runtime/download) by extensions ['ignore', 'ignore_ament_install']
[0.153s] Level 1:colcon.colcon_core.package_identification:_identify(deps/realsense_runtime/download) by extension 'ignore'
[0.153s] Level 1:colcon.colcon_core.package_identification:_identify(deps/realsense_runtime/download) by extension 'ignore_ament_install'
[0.153s] Level 1:colcon.colcon_core.package_identification:_identify(deps/realsense_runtime/download) by extensions ['colcon_pkg']
[0.153s] Level 1:colcon.colcon_core.package_identification:_identify(deps/realsense_runtime/download) by extension 'colcon_pkg'
[0.153s] Level 1:colcon.colcon_core.package_identification:_identify(deps/realsense_runtime/download) by extensions ['colcon_meta']
[0.153s] Level 1:colcon.colcon_core.package_identification:_identify(deps/realsense_runtime/download) by extension 'colcon_meta'
[0.153s] Level 1:colcon.colcon_core.package_identification:_identify(deps/realsense_runtime/download) by extensions ['ros']
[0.153s] Level 1:colcon.colcon_core.package_identification:_identify(deps/realsense_runtime/download) by extension 'ros'
[0.153s] Level 1:colcon.colcon_core.package_identification:_identify(deps/realsense_runtime/download) by extensions ['cmake', 'python']
[0.153s] Level 1:colcon.colcon_core.package_identification:_identify(deps/realsense_runtime/download) by extension 'cmake'
[0.153s] Level 1:colcon.colcon_core.package_identification:_identify(deps/realsense_runtime/download) by extension 'python'
[0.153s] Level 1:colcon.colcon_core.package_identification:_identify(deps/realsense_runtime/download) by extensions ['python_setup_py']
[0.153s] Level 1:colcon.colcon_core.package_identification:_identify(deps/realsense_runtime/download) by extension 'python_setup_py'
[0.153s] Level 1:colcon.colcon_core.package_identification:_identify(deps/realsense_runtime/root) by extensions ['ignore', 'ignore_ament_install']
[0.153s] Level 1:colcon.colcon_core.package_identification:_identify(deps/realsense_runtime/root) by extension 'ignore'
[0.153s] Level 1:colcon.colcon_core.package_identification:_identify(deps/realsense_runtime/root) by extension 'ignore_ament_install'
[0.153s] Level 1:colcon.colcon_core.package_identification:_identify(deps/realsense_runtime/root) by extensions ['colcon_pkg']
[0.153s] Level 1:colcon.colcon_core.package_identification:_identify(deps/realsense_runtime/root) by extension 'colcon_pkg'
[0.153s] Level 1:colcon.colcon_core.package_identification:_identify(deps/realsense_runtime/root) by extensions ['colcon_meta']
[0.153s] Level 1:colcon.colcon_core.package_identification:_identify(deps/realsense_runtime/root) by extension 'colcon_meta'
[0.153s] Level 1:colcon.colcon_core.package_identification:_identify(deps/realsense_runtime/root) by extensions ['ros']
[0.153s] Level 1:colcon.colcon_core.package_identification:_identify(deps/realsense_runtime/root) by extension 'ros'
[0.153s] Level 1:colcon.colcon_core.package_identification:_identify(deps/realsense_runtime/root) by extensions ['cmake', 'python']
[0.153s] Level 1:colcon.colcon_core.package_identification:_identify(deps/realsense_runtime/root) by extension 'cmake'
[0.153s] Level 1:colcon.colcon_core.package_identification:_identify(deps/realsense_runtime/root) by extension 'python'
[0.153s] Level 1:colcon.colcon_core.package_identification:_identify(deps/realsense_runtime/root) by extensions ['python_setup_py']
[0.153s] Level 1:colcon.colcon_core.package_identification:_identify(deps/realsense_runtime/root) by extension 'python_setup_py'
[0.153s] Level 1:colcon.colcon_core.package_identification:_identify(deps/realsense_runtime/root/home) by extensions ['ignore', 'ignore_ament_install']
[0.153s] Level 1:colcon.colcon_core.package_identification:_identify(deps/realsense_runtime/root/home) by extension 'ignore'
[0.153s] Level 1:colcon.colcon_core.package_identification:_identify(deps/realsense_runtime/root/home) by extension 'ignore_ament_install'
[0.153s] Level 1:colcon.colcon_core.package_identification:_identify(deps/realsense_runtime/root/home) by extensions ['colcon_pkg']
[0.153s] Level 1:colcon.colcon_core.package_identification:_identify(deps/realsense_runtime/root/home) by extension 'colcon_pkg'
[0.153s] Level 1:colcon.colcon_core.package_identification:_identify(deps/realsense_runtime/root/home) by extensions ['colcon_meta']
[0.153s] Level 1:colcon.colcon_core.package_identification:_identify(deps/realsense_runtime/root/home) by extension 'colcon_meta'
[0.153s] Level 1:colcon.colcon_core.package_identification:_identify(deps/realsense_runtime/root/home) by extensions ['ros']
[0.153s] Level 1:colcon.colcon_core.package_identification:_identify(deps/realsense_runtime/root/home) by extension 'ros'
[0.153s] Level 1:colcon.colcon_core.package_identification:_identify(deps/realsense_runtime/root/home) by extensions ['cmake', 'python']
[0.154s] Level 1:colcon.colcon_core.package_identification:_identify(deps/realsense_runtime/root/home) by extension 'cmake'
[0.154s] Level 1:colcon.colcon_core.package_identification:_identify(deps/realsense_runtime/root/home) by extension 'python'
[0.154s] Level 1:colcon.colcon_core.package_identification:_identify(deps/realsense_runtime/root/home) by extensions ['python_setup_py']
[0.154s] Level 1:colcon.colcon_core.package_identification:_identify(deps/realsense_runtime/root/home) by extension 'python_setup_py'
[0.154s] Level 1:colcon.colcon_core.package_identification:_identify(deps/realsense_runtime/root/home/buildfarm) by extensions ['ignore', 'ignore_ament_install']
[0.154s] Level 1:colcon.colcon_core.package_identification:_identify(deps/realsense_runtime/root/home/buildfarm) by extension 'ignore'
[0.154s] Level 1:colcon.colcon_core.package_identification:_identify(deps/realsense_runtime/root/home/buildfarm) by extension 'ignore_ament_install'
[0.154s] Level 1:colcon.colcon_core.package_identification:_identify(deps/realsense_runtime/root/home/buildfarm) by extensions ['colcon_pkg']
[0.154s] Level 1:colcon.colcon_core.package_identification:_identify(deps/realsense_runtime/root/home/buildfarm) by extension 'colcon_pkg'
[0.154s] Level 1:colcon.colcon_core.package_identification:_identify(deps/realsense_runtime/root/home/buildfarm) by extensions ['colcon_meta']
[0.154s] Level 1:colcon.colcon_core.package_identification:_identify(deps/realsense_runtime/root/home/buildfarm) by extension 'colcon_meta'
[0.154s] Level 1:colcon.colcon_core.package_identification:_identify(deps/realsense_runtime/root/home/buildfarm) by extensions ['ros']
[0.154s] Level 1:colcon.colcon_core.package_identification:_identify(deps/realsense_runtime/root/home/buildfarm) by extension 'ros'
[0.154s] Level 1:colcon.colcon_core.package_identification:_identify(deps/realsense_runtime/root/home/buildfarm) by extensions ['cmake', 'python']
[0.154s] Level 1:colcon.colcon_core.package_identification:_identify(deps/realsense_runtime/root/home/buildfarm) by extension 'cmake'
[0.154s] Level 1:colcon.colcon_core.package_identification:_identify(deps/realsense_runtime/root/home/buildfarm) by extension 'python'
[0.154s] Level 1:colcon.colcon_core.package_identification:_identify(deps/realsense_runtime/root/home/buildfarm) by extensions ['python_setup_py']
[0.154s] Level 1:colcon.colcon_core.package_identification:_identify(deps/realsense_runtime/root/home/buildfarm) by extension 'python_setup_py'
[0.154s] Level 1:colcon.colcon_core.package_identification:_identify(deps/realsense_runtime/root/home/buildfarm/Documents) by extensions ['ignore', 'ignore_ament_install']
[0.154s] Level 1:colcon.colcon_core.package_identification:_identify(deps/realsense_runtime/root/home/buildfarm/Documents) by extension 'ignore'
[0.154s] Level 1:colcon.colcon_core.package_identification:_identify(deps/realsense_runtime/root/home/buildfarm/Documents) by extension 'ignore_ament_install'
[0.154s] Level 1:colcon.colcon_core.package_identification:_identify(deps/realsense_runtime/root/home/buildfarm/Documents) by extensions ['colcon_pkg']
[0.154s] Level 1:colcon.colcon_core.package_identification:_identify(deps/realsense_runtime/root/home/buildfarm/Documents) by extension 'colcon_pkg'
[0.154s] Level 1:colcon.colcon_core.package_identification:_identify(deps/realsense_runtime/root/home/buildfarm/Documents) by extensions ['colcon_meta']
[0.154s] Level 1:colcon.colcon_core.package_identification:_identify(deps/realsense_runtime/root/home/buildfarm/Documents) by extension 'colcon_meta'
[0.154s] Level 1:colcon.colcon_core.package_identification:_identify(deps/realsense_runtime/root/home/buildfarm/Documents) by extensions ['ros']
[0.154s] Level 1:colcon.colcon_core.package_identification:_identify(deps/realsense_runtime/root/home/buildfarm/Documents) by extension 'ros'
[0.154s] Level 1:colcon.colcon_core.package_identification:_identify(deps/realsense_runtime/root/home/buildfarm/Documents) by extensions ['cmake', 'python']
[0.154s] Level 1:colcon.colcon_core.package_identification:_identify(deps/realsense_runtime/root/home/buildfarm/Documents) by extension 'cmake'
[0.154s] Level 1:colcon.colcon_core.package_identification:_identify(deps/realsense_runtime/root/home/buildfarm/Documents) by extension 'python'
[0.154s] Level 1:colcon.colcon_core.package_identification:_identify(deps/realsense_runtime/root/home/buildfarm/Documents) by extensions ['python_setup_py']
[0.154s] Level 1:colcon.colcon_core.package_identification:_identify(deps/realsense_runtime/root/home/buildfarm/Documents) by extension 'python_setup_py'
[0.154s] Level 1:colcon.colcon_core.package_identification:_identify(deps/realsense_runtime/root/home/buildfarm/Documents/librealsense2) by extensions ['ignore', 'ignore_ament_install']
[0.154s] Level 1:colcon.colcon_core.package_identification:_identify(deps/realsense_runtime/root/home/buildfarm/Documents/librealsense2) by extension 'ignore'
[0.154s] Level 1:colcon.colcon_core.package_identification:_identify(deps/realsense_runtime/root/home/buildfarm/Documents/librealsense2) by extension 'ignore_ament_install'
[0.154s] Level 1:colcon.colcon_core.package_identification:_identify(deps/realsense_runtime/root/home/buildfarm/Documents/librealsense2) by extensions ['colcon_pkg']
[0.154s] Level 1:colcon.colcon_core.package_identification:_identify(deps/realsense_runtime/root/home/buildfarm/Documents/librealsense2) by extension 'colcon_pkg'
[0.154s] Level 1:colcon.colcon_core.package_identification:_identify(deps/realsense_runtime/root/home/buildfarm/Documents/librealsense2) by extensions ['colcon_meta']
[0.154s] Level 1:colcon.colcon_core.package_identification:_identify(deps/realsense_runtime/root/home/buildfarm/Documents/librealsense2) by extension 'colcon_meta'
[0.154s] Level 1:colcon.colcon_core.package_identification:_identify(deps/realsense_runtime/root/home/buildfarm/Documents/librealsense2) by extensions ['ros']
[0.154s] Level 1:colcon.colcon_core.package_identification:_identify(deps/realsense_runtime/root/home/buildfarm/Documents/librealsense2) by extension 'ros'
[0.154s] Level 1:colcon.colcon_core.package_identification:_identify(deps/realsense_runtime/root/home/buildfarm/Documents/librealsense2) by extensions ['cmake', 'python']
[0.154s] Level 1:colcon.colcon_core.package_identification:_identify(deps/realsense_runtime/root/home/buildfarm/Documents/librealsense2) by extension 'cmake'
[0.154s] Level 1:colcon.colcon_core.package_identification:_identify(deps/realsense_runtime/root/home/buildfarm/Documents/librealsense2) by extension 'python'
[0.154s] Level 1:colcon.colcon_core.package_identification:_identify(deps/realsense_runtime/root/home/buildfarm/Documents/librealsense2) by extensions ['python_setup_py']
[0.154s] Level 1:colcon.colcon_core.package_identification:_identify(deps/realsense_runtime/root/home/buildfarm/Documents/librealsense2) by extension 'python_setup_py'
[0.154s] Level 1:colcon.colcon_core.package_identification:_identify(deps/realsense_runtime/root/home/buildfarm/Documents/librealsense2/presets) by extensions ['ignore', 'ignore_ament_install']
[0.154s] Level 1:colcon.colcon_core.package_identification:_identify(deps/realsense_runtime/root/home/buildfarm/Documents/librealsense2/presets) by extension 'ignore'
[0.154s] Level 1:colcon.colcon_core.package_identification:_identify(deps/realsense_runtime/root/home/buildfarm/Documents/librealsense2/presets) by extension 'ignore_ament_install'
[0.154s] Level 1:colcon.colcon_core.package_identification:_identify(deps/realsense_runtime/root/home/buildfarm/Documents/librealsense2/presets) by extensions ['colcon_pkg']
[0.154s] Level 1:colcon.colcon_core.package_identification:_identify(deps/realsense_runtime/root/home/buildfarm/Documents/librealsense2/presets) by extension 'colcon_pkg'
[0.154s] Level 1:colcon.colcon_core.package_identification:_identify(deps/realsense_runtime/root/home/buildfarm/Documents/librealsense2/presets) by extensions ['colcon_meta']
[0.155s] Level 1:colcon.colcon_core.package_identification:_identify(deps/realsense_runtime/root/home/buildfarm/Documents/librealsense2/presets) by extension 'colcon_meta'
[0.155s] Level 1:colcon.colcon_core.package_identification:_identify(deps/realsense_runtime/root/home/buildfarm/Documents/librealsense2/presets) by extensions ['ros']
[0.155s] Level 1:colcon.colcon_core.package_identification:_identify(deps/realsense_runtime/root/home/buildfarm/Documents/librealsense2/presets) by extension 'ros'
[0.155s] Level 1:colcon.colcon_core.package_identification:_identify(deps/realsense_runtime/root/home/buildfarm/Documents/librealsense2/presets) by extensions ['cmake', 'python']
[0.155s] Level 1:colcon.colcon_core.package_identification:_identify(deps/realsense_runtime/root/home/buildfarm/Documents/librealsense2/presets) by extension 'cmake'
[0.155s] Level 1:colcon.colcon_core.package_identification:_identify(deps/realsense_runtime/root/home/buildfarm/Documents/librealsense2/presets) by extension 'python'
[0.155s] Level 1:colcon.colcon_core.package_identification:_identify(deps/realsense_runtime/root/home/buildfarm/Documents/librealsense2/presets) by extensions ['python_setup_py']
[0.155s] Level 1:colcon.colcon_core.package_identification:_identify(deps/realsense_runtime/root/home/buildfarm/Documents/librealsense2/presets) by extension 'python_setup_py'
[0.155s] Level 1:colcon.colcon_core.package_identification:_identify(deps/realsense_runtime/root/opt) by extensions ['ignore', 'ignore_ament_install']
[0.155s] Level 1:colcon.colcon_core.package_identification:_identify(deps/realsense_runtime/root/opt) by extension 'ignore'
[0.155s] Level 1:colcon.colcon_core.package_identification:_identify(deps/realsense_runtime/root/opt) by extension 'ignore_ament_install'
[0.155s] Level 1:colcon.colcon_core.package_identification:_identify(deps/realsense_runtime/root/opt) by extensions ['colcon_pkg']
[0.155s] Level 1:colcon.colcon_core.package_identification:_identify(deps/realsense_runtime/root/opt) by extension 'colcon_pkg'
[0.155s] Level 1:colcon.colcon_core.package_identification:_identify(deps/realsense_runtime/root/opt) by extensions ['colcon_meta']
[0.155s] Level 1:colcon.colcon_core.package_identification:_identify(deps/realsense_runtime/root/opt) by extension 'colcon_meta'
[0.155s] Level 1:colcon.colcon_core.package_identification:_identify(deps/realsense_runtime/root/opt) by extensions ['ros']
[0.155s] Level 1:colcon.colcon_core.package_identification:_identify(deps/realsense_runtime/root/opt) by extension 'ros'
[0.155s] Level 1:colcon.colcon_core.package_identification:_identify(deps/realsense_runtime/root/opt) by extensions ['cmake', 'python']
[0.155s] Level 1:colcon.colcon_core.package_identification:_identify(deps/realsense_runtime/root/opt) by extension 'cmake'
[0.155s] Level 1:colcon.colcon_core.package_identification:_identify(deps/realsense_runtime/root/opt) by extension 'python'
[0.155s] Level 1:colcon.colcon_core.package_identification:_identify(deps/realsense_runtime/root/opt) by extensions ['python_setup_py']
[0.155s] Level 1:colcon.colcon_core.package_identification:_identify(deps/realsense_runtime/root/opt) by extension 'python_setup_py'
[0.155s] Level 1:colcon.colcon_core.package_identification:_identify(deps/realsense_runtime/root/opt/ros) by extensions ['ignore', 'ignore_ament_install']
[0.155s] Level 1:colcon.colcon_core.package_identification:_identify(deps/realsense_runtime/root/opt/ros) by extension 'ignore'
[0.155s] Level 1:colcon.colcon_core.package_identification:_identify(deps/realsense_runtime/root/opt/ros) by extension 'ignore_ament_install'
[0.155s] Level 1:colcon.colcon_core.package_identification:_identify(deps/realsense_runtime/root/opt/ros) by extensions ['colcon_pkg']
[0.155s] Level 1:colcon.colcon_core.package_identification:_identify(deps/realsense_runtime/root/opt/ros) by extension 'colcon_pkg'
[0.155s] Level 1:colcon.colcon_core.package_identification:_identify(deps/realsense_runtime/root/opt/ros) by extensions ['colcon_meta']
[0.155s] Level 1:colcon.colcon_core.package_identification:_identify(deps/realsense_runtime/root/opt/ros) by extension 'colcon_meta'
[0.155s] Level 1:colcon.colcon_core.package_identification:_identify(deps/realsense_runtime/root/opt/ros) by extensions ['ros']
[0.155s] Level 1:colcon.colcon_core.package_identification:_identify(deps/realsense_runtime/root/opt/ros) by extension 'ros'
[0.155s] Level 1:colcon.colcon_core.package_identification:_identify(deps/realsense_runtime/root/opt/ros) by extensions ['cmake', 'python']
[0.155s] Level 1:colcon.colcon_core.package_identification:_identify(deps/realsense_runtime/root/opt/ros) by extension 'cmake'
[0.155s] Level 1:colcon.colcon_core.package_identification:_identify(deps/realsense_runtime/root/opt/ros) by extension 'python'
[0.155s] Level 1:colcon.colcon_core.package_identification:_identify(deps/realsense_runtime/root/opt/ros) by extensions ['python_setup_py']
[0.155s] Level 1:colcon.colcon_core.package_identification:_identify(deps/realsense_runtime/root/opt/ros) by extension 'python_setup_py'
[0.155s] Level 1:colcon.colcon_core.package_identification:_identify(deps/realsense_runtime/root/opt/ros/humble) by extensions ['ignore', 'ignore_ament_install']
[0.155s] Level 1:colcon.colcon_core.package_identification:_identify(deps/realsense_runtime/root/opt/ros/humble) by extension 'ignore'
[0.155s] Level 1:colcon.colcon_core.package_identification:_identify(deps/realsense_runtime/root/opt/ros/humble) by extension 'ignore_ament_install'
[0.155s] Level 1:colcon.colcon_core.package_identification:_identify(deps/realsense_runtime/root/opt/ros/humble) by extensions ['colcon_pkg']
[0.155s] Level 1:colcon.colcon_core.package_identification:_identify(deps/realsense_runtime/root/opt/ros/humble) by extension 'colcon_pkg'
[0.155s] Level 1:colcon.colcon_core.package_identification:_identify(deps/realsense_runtime/root/opt/ros/humble) by extensions ['colcon_meta']
[0.155s] Level 1:colcon.colcon_core.package_identification:_identify(deps/realsense_runtime/root/opt/ros/humble) by extension 'colcon_meta'
[0.155s] Level 1:colcon.colcon_core.package_identification:_identify(deps/realsense_runtime/root/opt/ros/humble) by extensions ['ros']
[0.155s] Level 1:colcon.colcon_core.package_identification:_identify(deps/realsense_runtime/root/opt/ros/humble) by extension 'ros'
[0.155s] Level 1:colcon.colcon_core.package_identification:_identify(deps/realsense_runtime/root/opt/ros/humble) by extensions ['cmake', 'python']
[0.155s] Level 1:colcon.colcon_core.package_identification:_identify(deps/realsense_runtime/root/opt/ros/humble) by extension 'cmake'
[0.155s] Level 1:colcon.colcon_core.package_identification:_identify(deps/realsense_runtime/root/opt/ros/humble) by extension 'python'
[0.155s] Level 1:colcon.colcon_core.package_identification:_identify(deps/realsense_runtime/root/opt/ros/humble) by extensions ['python_setup_py']
[0.155s] Level 1:colcon.colcon_core.package_identification:_identify(deps/realsense_runtime/root/opt/ros/humble) by extension 'python_setup_py'
[0.155s] Level 1:colcon.colcon_core.package_identification:_identify(deps/realsense_runtime/root/opt/ros/humble/bin) by extensions ['ignore', 'ignore_ament_install']
[0.155s] Level 1:colcon.colcon_core.package_identification:_identify(deps/realsense_runtime/root/opt/ros/humble/bin) by extension 'ignore'
[0.156s] Level 1:colcon.colcon_core.package_identification:_identify(deps/realsense_runtime/root/opt/ros/humble/bin) by extension 'ignore_ament_install'
[0.156s] Level 1:colcon.colcon_core.package_identification:_identify(deps/realsense_runtime/root/opt/ros/humble/bin) by extensions ['colcon_pkg']
[0.156s] Level 1:colcon.colcon_core.package_identification:_identify(deps/realsense_runtime/root/opt/ros/humble/bin) by extension 'colcon_pkg'
[0.156s] Level 1:colcon.colcon_core.package_identification:_identify(deps/realsense_runtime/root/opt/ros/humble/bin) by extensions ['colcon_meta']
[0.156s] Level 1:colcon.colcon_core.package_identification:_identify(deps/realsense_runtime/root/opt/ros/humble/bin) by extension 'colcon_meta'
[0.156s] Level 1:colcon.colcon_core.package_identification:_identify(deps/realsense_runtime/root/opt/ros/humble/bin) by extensions ['ros']
[0.156s] Level 1:colcon.colcon_core.package_identification:_identify(deps/realsense_runtime/root/opt/ros/humble/bin) by extension 'ros'
[0.156s] Level 1:colcon.colcon_core.package_identification:_identify(deps/realsense_runtime/root/opt/ros/humble/bin) by extensions ['cmake', 'python']
[0.156s] Level 1:colcon.colcon_core.package_identification:_identify(deps/realsense_runtime/root/opt/ros/humble/bin) by extension 'cmake'
[0.156s] Level 1:colcon.colcon_core.package_identification:_identify(deps/realsense_runtime/root/opt/ros/humble/bin) by extension 'python'
[0.156s] Level 1:colcon.colcon_core.package_identification:_identify(deps/realsense_runtime/root/opt/ros/humble/bin) by extensions ['python_setup_py']
[0.156s] Level 1:colcon.colcon_core.package_identification:_identify(deps/realsense_runtime/root/opt/ros/humble/bin) by extension 'python_setup_py'
[0.156s] Level 1:colcon.colcon_core.package_identification:_identify(deps/realsense_runtime/root/opt/ros/humble/include) by extensions ['ignore', 'ignore_ament_install']
[0.156s] Level 1:colcon.colcon_core.package_identification:_identify(deps/realsense_runtime/root/opt/ros/humble/include) by extension 'ignore'
[0.156s] Level 1:colcon.colcon_core.package_identification:_identify(deps/realsense_runtime/root/opt/ros/humble/include) by extension 'ignore_ament_install'
[0.156s] Level 1:colcon.colcon_core.package_identification:_identify(deps/realsense_runtime/root/opt/ros/humble/include) by extensions ['colcon_pkg']
[0.156s] Level 1:colcon.colcon_core.package_identification:_identify(deps/realsense_runtime/root/opt/ros/humble/include) by extension 'colcon_pkg'
[0.156s] Level 1:colcon.colcon_core.package_identification:_identify(deps/realsense_runtime/root/opt/ros/humble/include) by extensions ['colcon_meta']
[0.156s] Level 1:colcon.colcon_core.package_identification:_identify(deps/realsense_runtime/root/opt/ros/humble/include) by extension 'colcon_meta'
[0.156s] Level 1:colcon.colcon_core.package_identification:_identify(deps/realsense_runtime/root/opt/ros/humble/include) by extensions ['ros']
[0.156s] Level 1:colcon.colcon_core.package_identification:_identify(deps/realsense_runtime/root/opt/ros/humble/include) by extension 'ros'
[0.156s] Level 1:colcon.colcon_core.package_identification:_identify(deps/realsense_runtime/root/opt/ros/humble/include) by extensions ['cmake', 'python']
[0.156s] Level 1:colcon.colcon_core.package_identification:_identify(deps/realsense_runtime/root/opt/ros/humble/include) by extension 'cmake'
[0.156s] Level 1:colcon.colcon_core.package_identification:_identify(deps/realsense_runtime/root/opt/ros/humble/include) by extension 'python'
[0.156s] Level 1:colcon.colcon_core.package_identification:_identify(deps/realsense_runtime/root/opt/ros/humble/include) by extensions ['python_setup_py']
[0.156s] Level 1:colcon.colcon_core.package_identification:_identify(deps/realsense_runtime/root/opt/ros/humble/include) by extension 'python_setup_py'
[0.156s] Level 1:colcon.colcon_core.package_identification:_identify(deps/realsense_runtime/root/opt/ros/humble/include/diagnostic_updater) by extensions ['ignore', 'ignore_ament_install']
[0.156s] Level 1:colcon.colcon_core.package_identification:_identify(deps/realsense_runtime/root/opt/ros/humble/include/diagnostic_updater) by extension 'ignore'
[0.156s] Level 1:colcon.colcon_core.package_identification:_identify(deps/realsense_runtime/root/opt/ros/humble/include/diagnostic_updater) by extension 'ignore_ament_install'
[0.156s] Level 1:colcon.colcon_core.package_identification:_identify(deps/realsense_runtime/root/opt/ros/humble/include/diagnostic_updater) by extensions ['colcon_pkg']
[0.156s] Level 1:colcon.colcon_core.package_identification:_identify(deps/realsense_runtime/root/opt/ros/humble/include/diagnostic_updater) by extension 'colcon_pkg'
[0.156s] Level 1:colcon.colcon_core.package_identification:_identify(deps/realsense_runtime/root/opt/ros/humble/include/diagnostic_updater) by extensions ['colcon_meta']
[0.156s] Level 1:colcon.colcon_core.package_identification:_identify(deps/realsense_runtime/root/opt/ros/humble/include/diagnostic_updater) by extension 'colcon_meta'
[0.156s] Level 1:colcon.colcon_core.package_identification:_identify(deps/realsense_runtime/root/opt/ros/humble/include/diagnostic_updater) by extensions ['ros']
[0.156s] Level 1:colcon.colcon_core.package_identification:_identify(deps/realsense_runtime/root/opt/ros/humble/include/diagnostic_updater) by extension 'ros'
[0.156s] Level 1:colcon.colcon_core.package_identification:_identify(deps/realsense_runtime/root/opt/ros/humble/include/diagnostic_updater) by extensions ['cmake', 'python']
[0.156s] Level 1:colcon.colcon_core.package_identification:_identify(deps/realsense_runtime/root/opt/ros/humble/include/diagnostic_updater) by extension 'cmake'
[0.156s] Level 1:colcon.colcon_core.package_identification:_identify(deps/realsense_runtime/root/opt/ros/humble/include/diagnostic_updater) by extension 'python'
[0.156s] Level 1:colcon.colcon_core.package_identification:_identify(deps/realsense_runtime/root/opt/ros/humble/include/diagnostic_updater) by extensions ['python_setup_py']
[0.156s] Level 1:colcon.colcon_core.package_identification:_identify(deps/realsense_runtime/root/opt/ros/humble/include/diagnostic_updater) by extension 'python_setup_py'
[0.156s] Level 1:colcon.colcon_core.package_identification:_identify(deps/realsense_runtime/root/opt/ros/humble/include/librealsense2) by extensions ['ignore', 'ignore_ament_install']
[0.156s] Level 1:colcon.colcon_core.package_identification:_identify(deps/realsense_runtime/root/opt/ros/humble/include/librealsense2) by extension 'ignore'
[0.156s] Level 1:colcon.colcon_core.package_identification:_identify(deps/realsense_runtime/root/opt/ros/humble/include/librealsense2) by extension 'ignore_ament_install'
[0.156s] Level 1:colcon.colcon_core.package_identification:_identify(deps/realsense_runtime/root/opt/ros/humble/include/librealsense2) by extensions ['colcon_pkg']
[0.156s] Level 1:colcon.colcon_core.package_identification:_identify(deps/realsense_runtime/root/opt/ros/humble/include/librealsense2) by extension 'colcon_pkg'
[0.156s] Level 1:colcon.colcon_core.package_identification:_identify(deps/realsense_runtime/root/opt/ros/humble/include/librealsense2) by extensions ['colcon_meta']
[0.156s] Level 1:colcon.colcon_core.package_identification:_identify(deps/realsense_runtime/root/opt/ros/humble/include/librealsense2) by extension 'colcon_meta'
[0.156s] Level 1:colcon.colcon_core.package_identification:_identify(deps/realsense_runtime/root/opt/ros/humble/include/librealsense2) by extensions ['ros']
[0.156s] Level 1:colcon.colcon_core.package_identification:_identify(deps/realsense_runtime/root/opt/ros/humble/include/librealsense2) by extension 'ros'
[0.156s] Level 1:colcon.colcon_core.package_identification:_identify(deps/realsense_runtime/root/opt/ros/humble/include/librealsense2) by extensions ['cmake', 'python']
[0.156s] Level 1:colcon.colcon_core.package_identification:_identify(deps/realsense_runtime/root/opt/ros/humble/include/librealsense2) by extension 'cmake'
[0.156s] Level 1:colcon.colcon_core.package_identification:_identify(deps/realsense_runtime/root/opt/ros/humble/include/librealsense2) by extension 'python'
[0.156s] Level 1:colcon.colcon_core.package_identification:_identify(deps/realsense_runtime/root/opt/ros/humble/include/librealsense2) by extensions ['python_setup_py']
[0.157s] Level 1:colcon.colcon_core.package_identification:_identify(deps/realsense_runtime/root/opt/ros/humble/include/librealsense2) by extension 'python_setup_py'
[0.157s] Level 1:colcon.colcon_core.package_identification:_identify(deps/realsense_runtime/root/opt/ros/humble/include/librealsense2/h) by extensions ['ignore', 'ignore_ament_install']
[0.157s] Level 1:colcon.colcon_core.package_identification:_identify(deps/realsense_runtime/root/opt/ros/humble/include/librealsense2/h) by extension 'ignore'
[0.157s] Level 1:colcon.colcon_core.package_identification:_identify(deps/realsense_runtime/root/opt/ros/humble/include/librealsense2/h) by extension 'ignore_ament_install'
[0.157s] Level 1:colcon.colcon_core.package_identification:_identify(deps/realsense_runtime/root/opt/ros/humble/include/librealsense2/h) by extensions ['colcon_pkg']
[0.157s] Level 1:colcon.colcon_core.package_identification:_identify(deps/realsense_runtime/root/opt/ros/humble/include/librealsense2/h) by extension 'colcon_pkg'
[0.157s] Level 1:colcon.colcon_core.package_identification:_identify(deps/realsense_runtime/root/opt/ros/humble/include/librealsense2/h) by extensions ['colcon_meta']
[0.157s] Level 1:colcon.colcon_core.package_identification:_identify(deps/realsense_runtime/root/opt/ros/humble/include/librealsense2/h) by extension 'colcon_meta'
[0.157s] Level 1:colcon.colcon_core.package_identification:_identify(deps/realsense_runtime/root/opt/ros/humble/include/librealsense2/h) by extensions ['ros']
[0.157s] Level 1:colcon.colcon_core.package_identification:_identify(deps/realsense_runtime/root/opt/ros/humble/include/librealsense2/h) by extension 'ros'
[0.157s] Level 1:colcon.colcon_core.package_identification:_identify(deps/realsense_runtime/root/opt/ros/humble/include/librealsense2/h) by extensions ['cmake', 'python']
[0.157s] Level 1:colcon.colcon_core.package_identification:_identify(deps/realsense_runtime/root/opt/ros/humble/include/librealsense2/h) by extension 'cmake'
[0.157s] Level 1:colcon.colcon_core.package_identification:_identify(deps/realsense_runtime/root/opt/ros/humble/include/librealsense2/h) by extension 'python'
[0.157s] Level 1:colcon.colcon_core.package_identification:_identify(deps/realsense_runtime/root/opt/ros/humble/include/librealsense2/h) by extensions ['python_setup_py']
[0.157s] Level 1:colcon.colcon_core.package_identification:_identify(deps/realsense_runtime/root/opt/ros/humble/include/librealsense2/h) by extension 'python_setup_py'
[0.157s] Level 1:colcon.colcon_core.package_identification:_identify(deps/realsense_runtime/root/opt/ros/humble/include/librealsense2/hpp) by extensions ['ignore', 'ignore_ament_install']
[0.157s] Level 1:colcon.colcon_core.package_identification:_identify(deps/realsense_runtime/root/opt/ros/humble/include/librealsense2/hpp) by extension 'ignore'
[0.157s] Level 1:colcon.colcon_core.package_identification:_identify(deps/realsense_runtime/root/opt/ros/humble/include/librealsense2/hpp) by extension 'ignore_ament_install'
[0.157s] Level 1:colcon.colcon_core.package_identification:_identify(deps/realsense_runtime/root/opt/ros/humble/include/librealsense2/hpp) by extensions ['colcon_pkg']
[0.157s] Level 1:colcon.colcon_core.package_identification:_identify(deps/realsense_runtime/root/opt/ros/humble/include/librealsense2/hpp) by extension 'colcon_pkg'
[0.157s] Level 1:colcon.colcon_core.package_identification:_identify(deps/realsense_runtime/root/opt/ros/humble/include/librealsense2/hpp) by extensions ['colcon_meta']
[0.157s] Level 1:colcon.colcon_core.package_identification:_identify(deps/realsense_runtime/root/opt/ros/humble/include/librealsense2/hpp) by extension 'colcon_meta'
[0.157s] Level 1:colcon.colcon_core.package_identification:_identify(deps/realsense_runtime/root/opt/ros/humble/include/librealsense2/hpp) by extensions ['ros']
[0.157s] Level 1:colcon.colcon_core.package_identification:_identify(deps/realsense_runtime/root/opt/ros/humble/include/librealsense2/hpp) by extension 'ros'
[0.157s] Level 1:colcon.colcon_core.package_identification:_identify(deps/realsense_runtime/root/opt/ros/humble/include/librealsense2/hpp) by extensions ['cmake', 'python']
[0.157s] Level 1:colcon.colcon_core.package_identification:_identify(deps/realsense_runtime/root/opt/ros/humble/include/librealsense2/hpp) by extension 'cmake'
[0.157s] Level 1:colcon.colcon_core.package_identification:_identify(deps/realsense_runtime/root/opt/ros/humble/include/librealsense2/hpp) by extension 'python'
[0.157s] Level 1:colcon.colcon_core.package_identification:_identify(deps/realsense_runtime/root/opt/ros/humble/include/librealsense2/hpp) by extensions ['python_setup_py']
[0.157s] Level 1:colcon.colcon_core.package_identification:_identify(deps/realsense_runtime/root/opt/ros/humble/include/librealsense2/hpp) by extension 'python_setup_py'
[0.157s] Level 1:colcon.colcon_core.package_identification:_identify(deps/realsense_runtime/root/opt/ros/humble/include/librealsense2-gl) by extensions ['ignore', 'ignore_ament_install']
[0.157s] Level 1:colcon.colcon_core.package_identification:_identify(deps/realsense_runtime/root/opt/ros/humble/include/librealsense2-gl) by extension 'ignore'
[0.157s] Level 1:colcon.colcon_core.package_identification:_identify(deps/realsense_runtime/root/opt/ros/humble/include/librealsense2-gl) by extension 'ignore_ament_install'
[0.157s] Level 1:colcon.colcon_core.package_identification:_identify(deps/realsense_runtime/root/opt/ros/humble/include/librealsense2-gl) by extensions ['colcon_pkg']
[0.157s] Level 1:colcon.colcon_core.package_identification:_identify(deps/realsense_runtime/root/opt/ros/humble/include/librealsense2-gl) by extension 'colcon_pkg'
[0.157s] Level 1:colcon.colcon_core.package_identification:_identify(deps/realsense_runtime/root/opt/ros/humble/include/librealsense2-gl) by extensions ['colcon_meta']
[0.157s] Level 1:colcon.colcon_core.package_identification:_identify(deps/realsense_runtime/root/opt/ros/humble/include/librealsense2-gl) by extension 'colcon_meta'
[0.157s] Level 1:colcon.colcon_core.package_identification:_identify(deps/realsense_runtime/root/opt/ros/humble/include/librealsense2-gl) by extensions ['ros']
[0.157s] Level 1:colcon.colcon_core.package_identification:_identify(deps/realsense_runtime/root/opt/ros/humble/include/librealsense2-gl) by extension 'ros'
[0.157s] Level 1:colcon.colcon_core.package_identification:_identify(deps/realsense_runtime/root/opt/ros/humble/include/librealsense2-gl) by extensions ['cmake', 'python']
[0.157s] Level 1:colcon.colcon_core.package_identification:_identify(deps/realsense_runtime/root/opt/ros/humble/include/librealsense2-gl) by extension 'cmake'
[0.157s] Level 1:colcon.colcon_core.package_identification:_identify(deps/realsense_runtime/root/opt/ros/humble/include/librealsense2-gl) by extension 'python'
[0.157s] Level 1:colcon.colcon_core.package_identification:_identify(deps/realsense_runtime/root/opt/ros/humble/include/librealsense2-gl) by extensions ['python_setup_py']
[0.157s] Level 1:colcon.colcon_core.package_identification:_identify(deps/realsense_runtime/root/opt/ros/humble/include/librealsense2-gl) by extension 'python_setup_py'
[0.157s] Level 1:colcon.colcon_core.package_identification:_identify(deps/realsense_runtime/root/opt/ros/humble/include/realsense2_camera_msgs) by extensions ['ignore', 'ignore_ament_install']
[0.157s] Level 1:colcon.colcon_core.package_identification:_identify(deps/realsense_runtime/root/opt/ros/humble/include/realsense2_camera_msgs) by extension 'ignore'
[0.157s] Level 1:colcon.colcon_core.package_identification:_identify(deps/realsense_runtime/root/opt/ros/humble/include/realsense2_camera_msgs) by extension 'ignore_ament_install'
[0.157s] Level 1:colcon.colcon_core.package_identification:_identify(deps/realsense_runtime/root/opt/ros/humble/include/realsense2_camera_msgs) by extensions ['colcon_pkg']
[0.157s] Level 1:colcon.colcon_core.package_identification:_identify(deps/realsense_runtime/root/opt/ros/humble/include/realsense2_camera_msgs) by extension 'colcon_pkg'
[0.157s] Level 1:colcon.colcon_core.package_identification:_identify(deps/realsense_runtime/root/opt/ros/humble/include/realsense2_camera_msgs) by extensions ['colcon_meta']
[0.157s] Level 1:colcon.colcon_core.package_identification:_identify(deps/realsense_runtime/root/opt/ros/humble/include/realsense2_camera_msgs) by extension 'colcon_meta'
[0.157s] Level 1:colcon.colcon_core.package_identification:_identify(deps/realsense_runtime/root/opt/ros/humble/include/realsense2_camera_msgs) by extensions ['ros']
[0.158s] Level 1:colcon.colcon_core.package_identification:_identify(deps/realsense_runtime/root/opt/ros/humble/include/realsense2_camera_msgs) by extension 'ros'
[0.158s] Level 1:colcon.colcon_core.package_identification:_identify(deps/realsense_runtime/root/opt/ros/humble/include/realsense2_camera_msgs) by extensions ['cmake', 'python']
[0.158s] Level 1:colcon.colcon_core.package_identification:_identify(deps/realsense_runtime/root/opt/ros/humble/include/realsense2_camera_msgs) by extension 'cmake'
[0.158s] Level 1:colcon.colcon_core.package_identification:_identify(deps/realsense_runtime/root/opt/ros/humble/include/realsense2_camera_msgs) by extension 'python'
[0.158s] Level 1:colcon.colcon_core.package_identification:_identify(deps/realsense_runtime/root/opt/ros/humble/include/realsense2_camera_msgs) by extensions ['python_setup_py']
[0.158s] Level 1:colcon.colcon_core.package_identification:_identify(deps/realsense_runtime/root/opt/ros/humble/include/realsense2_camera_msgs) by extension 'python_setup_py'
[0.158s] Level 1:colcon.colcon_core.package_identification:_identify(deps/realsense_runtime/root/opt/ros/humble/include/realsense2_camera_msgs/realsense2_camera_msgs) by extensions ['ignore', 'ignore_ament_install']
[0.158s] Level 1:colcon.colcon_core.package_identification:_identify(deps/realsense_runtime/root/opt/ros/humble/include/realsense2_camera_msgs/realsense2_camera_msgs) by extension 'ignore'
[0.158s] Level 1:colcon.colcon_core.package_identification:_identify(deps/realsense_runtime/root/opt/ros/humble/include/realsense2_camera_msgs/realsense2_camera_msgs) by extension 'ignore_ament_install'
[0.158s] Level 1:colcon.colcon_core.package_identification:_identify(deps/realsense_runtime/root/opt/ros/humble/include/realsense2_camera_msgs/realsense2_camera_msgs) by extensions ['colcon_pkg']
[0.158s] Level 1:colcon.colcon_core.package_identification:_identify(deps/realsense_runtime/root/opt/ros/humble/include/realsense2_camera_msgs/realsense2_camera_msgs) by extension 'colcon_pkg'
[0.158s] Level 1:colcon.colcon_core.package_identification:_identify(deps/realsense_runtime/root/opt/ros/humble/include/realsense2_camera_msgs/realsense2_camera_msgs) by extensions ['colcon_meta']
[0.158s] Level 1:colcon.colcon_core.package_identification:_identify(deps/realsense_runtime/root/opt/ros/humble/include/realsense2_camera_msgs/realsense2_camera_msgs) by extension 'colcon_meta'
[0.158s] Level 1:colcon.colcon_core.package_identification:_identify(deps/realsense_runtime/root/opt/ros/humble/include/realsense2_camera_msgs/realsense2_camera_msgs) by extensions ['ros']
[0.158s] Level 1:colcon.colcon_core.package_identification:_identify(deps/realsense_runtime/root/opt/ros/humble/include/realsense2_camera_msgs/realsense2_camera_msgs) by extension 'ros'
[0.158s] Level 1:colcon.colcon_core.package_identification:_identify(deps/realsense_runtime/root/opt/ros/humble/include/realsense2_camera_msgs/realsense2_camera_msgs) by extensions ['cmake', 'python']
[0.158s] Level 1:colcon.colcon_core.package_identification:_identify(deps/realsense_runtime/root/opt/ros/humble/include/realsense2_camera_msgs/realsense2_camera_msgs) by extension 'cmake'
[0.158s] Level 1:colcon.colcon_core.package_identification:_identify(deps/realsense_runtime/root/opt/ros/humble/include/realsense2_camera_msgs/realsense2_camera_msgs) by extension 'python'
[0.158s] Level 1:colcon.colcon_core.package_identification:_identify(deps/realsense_runtime/root/opt/ros/humble/include/realsense2_camera_msgs/realsense2_camera_msgs) by extensions ['python_setup_py']
[0.158s] Level 1:colcon.colcon_core.package_identification:_identify(deps/realsense_runtime/root/opt/ros/humble/include/realsense2_camera_msgs/realsense2_camera_msgs) by extension 'python_setup_py'
[0.158s] Level 1:colcon.colcon_core.package_identification:_identify(deps/realsense_runtime/root/opt/ros/humble/include/realsense2_camera_msgs/realsense2_camera_msgs/action) by extensions ['ignore', 'ignore_ament_install']
[0.158s] Level 1:colcon.colcon_core.package_identification:_identify(deps/realsense_runtime/root/opt/ros/humble/include/realsense2_camera_msgs/realsense2_camera_msgs/action) by extension 'ignore'
[0.158s] Level 1:colcon.colcon_core.package_identification:_identify(deps/realsense_runtime/root/opt/ros/humble/include/realsense2_camera_msgs/realsense2_camera_msgs/action) by extension 'ignore_ament_install'
[0.158s] Level 1:colcon.colcon_core.package_identification:_identify(deps/realsense_runtime/root/opt/ros/humble/include/realsense2_camera_msgs/realsense2_camera_msgs/action) by extensions ['colcon_pkg']
[0.158s] Level 1:colcon.colcon_core.package_identification:_identify(deps/realsense_runtime/root/opt/ros/humble/include/realsense2_camera_msgs/realsense2_camera_msgs/action) by extension 'colcon_pkg'
[0.158s] Level 1:colcon.colcon_core.package_identification:_identify(deps/realsense_runtime/root/opt/ros/humble/include/realsense2_camera_msgs/realsense2_camera_msgs/action) by extensions ['colcon_meta']
[0.158s] Level 1:colcon.colcon_core.package_identification:_identify(deps/realsense_runtime/root/opt/ros/humble/include/realsense2_camera_msgs/realsense2_camera_msgs/action) by extension 'colcon_meta'
[0.158s] Level 1:colcon.colcon_core.package_identification:_identify(deps/realsense_runtime/root/opt/ros/humble/include/realsense2_camera_msgs/realsense2_camera_msgs/action) by extensions ['ros']
[0.158s] Level 1:colcon.colcon_core.package_identification:_identify(deps/realsense_runtime/root/opt/ros/humble/include/realsense2_camera_msgs/realsense2_camera_msgs/action) by extension 'ros'
[0.158s] Level 1:colcon.colcon_core.package_identification:_identify(deps/realsense_runtime/root/opt/ros/humble/include/realsense2_camera_msgs/realsense2_camera_msgs/action) by extensions ['cmake', 'python']
[0.158s] Level 1:colcon.colcon_core.package_identification:_identify(deps/realsense_runtime/root/opt/ros/humble/include/realsense2_camera_msgs/realsense2_camera_msgs/action) by extension 'cmake'
[0.158s] Level 1:colcon.colcon_core.package_identification:_identify(deps/realsense_runtime/root/opt/ros/humble/include/realsense2_camera_msgs/realsense2_camera_msgs/action) by extension 'python'
[0.158s] Level 1:colcon.colcon_core.package_identification:_identify(deps/realsense_runtime/root/opt/ros/humble/include/realsense2_camera_msgs/realsense2_camera_msgs/action) by extensions ['python_setup_py']
[0.158s] Level 1:colcon.colcon_core.package_identification:_identify(deps/realsense_runtime/root/opt/ros/humble/include/realsense2_camera_msgs/realsense2_camera_msgs/action) by extension 'python_setup_py'
[0.158s] Level 1:colcon.colcon_core.package_identification:_identify(deps/realsense_runtime/root/opt/ros/humble/include/realsense2_camera_msgs/realsense2_camera_msgs/action/detail) by extensions ['ignore', 'ignore_ament_install']
[0.158s] Level 1:colcon.colcon_core.package_identification:_identify(deps/realsense_runtime/root/opt/ros/humble/include/realsense2_camera_msgs/realsense2_camera_msgs/action/detail) by extension 'ignore'
[0.158s] Level 1:colcon.colcon_core.package_identification:_identify(deps/realsense_runtime/root/opt/ros/humble/include/realsense2_camera_msgs/realsense2_camera_msgs/action/detail) by extension 'ignore_ament_install'
[0.158s] Level 1:colcon.colcon_core.package_identification:_identify(deps/realsense_runtime/root/opt/ros/humble/include/realsense2_camera_msgs/realsense2_camera_msgs/action/detail) by extensions ['colcon_pkg']
[0.158s] Level 1:colcon.colcon_core.package_identification:_identify(deps/realsense_runtime/root/opt/ros/humble/include/realsense2_camera_msgs/realsense2_camera_msgs/action/detail) by extension 'colcon_pkg'
[0.158s] Level 1:colcon.colcon_core.package_identification:_identify(deps/realsense_runtime/root/opt/ros/humble/include/realsense2_camera_msgs/realsense2_camera_msgs/action/detail) by extensions ['colcon_meta']
[0.158s] Level 1:colcon.colcon_core.package_identification:_identify(deps/realsense_runtime/root/opt/ros/humble/include/realsense2_camera_msgs/realsense2_camera_msgs/action/detail) by extension 'colcon_meta'
[0.158s] Level 1:colcon.colcon_core.package_identification:_identify(deps/realsense_runtime/root/opt/ros/humble/include/realsense2_camera_msgs/realsense2_camera_msgs/action/detail) by extensions ['ros']
[0.158s] Level 1:colcon.colcon_core.package_identification:_identify(deps/realsense_runtime/root/opt/ros/humble/include/realsense2_camera_msgs/realsense2_camera_msgs/action/detail) by extension 'ros'
[0.158s] Level 1:colcon.colcon_core.package_identification:_identify(deps/realsense_runtime/root/opt/ros/humble/include/realsense2_camera_msgs/realsense2_camera_msgs/action/detail) by extensions ['cmake', 'python']
[0.158s] Level 1:colcon.colcon_core.package_identification:_identify(deps/realsense_runtime/root/opt/ros/humble/include/realsense2_camera_msgs/realsense2_camera_msgs/action/detail) by extension 'cmake'
[0.158s] Level 1:colcon.colcon_core.package_identification:_identify(deps/realsense_runtime/root/opt/ros/humble/include/realsense2_camera_msgs/realsense2_camera_msgs/action/detail) by extension 'python'
[0.158s] Level 1:colcon.colcon_core.package_identification:_identify(deps/realsense_runtime/root/opt/ros/humble/include/realsense2_camera_msgs/realsense2_camera_msgs/action/detail) by extensions ['python_setup_py']
[0.158s] Level 1:colcon.colcon_core.package_identification:_identify(deps/realsense_runtime/root/opt/ros/humble/include/realsense2_camera_msgs/realsense2_camera_msgs/action/detail) by extension 'python_setup_py'
[0.158s] Level 1:colcon.colcon_core.package_identification:_identify(deps/realsense_runtime/root/opt/ros/humble/include/realsense2_camera_msgs/realsense2_camera_msgs/action/detail/dds_fastrtps) by extensions ['ignore', 'ignore_ament_install']
[0.158s] Level 1:colcon.colcon_core.package_identification:_identify(deps/realsense_runtime/root/opt/ros/humble/include/realsense2_camera_msgs/realsense2_camera_msgs/action/detail/dds_fastrtps) by extension 'ignore'
[0.159s] Level 1:colcon.colcon_core.package_identification:_identify(deps/realsense_runtime/root/opt/ros/humble/include/realsense2_camera_msgs/realsense2_camera_msgs/action/detail/dds_fastrtps) by extension 'ignore_ament_install'
[0.159s] Level 1:colcon.colcon_core.package_identification:_identify(deps/realsense_runtime/root/opt/ros/humble/include/realsense2_camera_msgs/realsense2_camera_msgs/action/detail/dds_fastrtps) by extensions ['colcon_pkg']
[0.159s] Level 1:colcon.colcon_core.package_identification:_identify(deps/realsense_runtime/root/opt/ros/humble/include/realsense2_camera_msgs/realsense2_camera_msgs/action/detail/dds_fastrtps) by extension 'colcon_pkg'
[0.159s] Level 1:colcon.colcon_core.package_identification:_identify(deps/realsense_runtime/root/opt/ros/humble/include/realsense2_camera_msgs/realsense2_camera_msgs/action/detail/dds_fastrtps) by extensions ['colcon_meta']
[0.159s] Level 1:colcon.colcon_core.package_identification:_identify(deps/realsense_runtime/root/opt/ros/humble/include/realsense2_camera_msgs/realsense2_camera_msgs/action/detail/dds_fastrtps) by extension 'colcon_meta'
[0.159s] Level 1:colcon.colcon_core.package_identification:_identify(deps/realsense_runtime/root/opt/ros/humble/include/realsense2_camera_msgs/realsense2_camera_msgs/action/detail/dds_fastrtps) by extensions ['ros']
[0.159s] Level 1:colcon.colcon_core.package_identification:_identify(deps/realsense_runtime/root/opt/ros/humble/include/realsense2_camera_msgs/realsense2_camera_msgs/action/detail/dds_fastrtps) by extension 'ros'
[0.159s] Level 1:colcon.colcon_core.package_identification:_identify(deps/realsense_runtime/root/opt/ros/humble/include/realsense2_camera_msgs/realsense2_camera_msgs/action/detail/dds_fastrtps) by extensions ['cmake', 'python']
[0.159s] Level 1:colcon.colcon_core.package_identification:_identify(deps/realsense_runtime/root/opt/ros/humble/include/realsense2_camera_msgs/realsense2_camera_msgs/action/detail/dds_fastrtps) by extension 'cmake'
[0.159s] Level 1:colcon.colcon_core.package_identification:_identify(deps/realsense_runtime/root/opt/ros/humble/include/realsense2_camera_msgs/realsense2_camera_msgs/action/detail/dds_fastrtps) by extension 'python'
[0.159s] Level 1:colcon.colcon_core.package_identification:_identify(deps/realsense_runtime/root/opt/ros/humble/include/realsense2_camera_msgs/realsense2_camera_msgs/action/detail/dds_fastrtps) by extensions ['python_setup_py']
[0.159s] Level 1:colcon.colcon_core.package_identification:_identify(deps/realsense_runtime/root/opt/ros/humble/include/realsense2_camera_msgs/realsense2_camera_msgs/action/detail/dds_fastrtps) by extension 'python_setup_py'
[0.159s] Level 1:colcon.colcon_core.package_identification:_identify(deps/realsense_runtime/root/opt/ros/humble/include/realsense2_camera_msgs/realsense2_camera_msgs/msg) by extensions ['ignore', 'ignore_ament_install']
[0.159s] Level 1:colcon.colcon_core.package_identification:_identify(deps/realsense_runtime/root/opt/ros/humble/include/realsense2_camera_msgs/realsense2_camera_msgs/msg) by extension 'ignore'
[0.159s] Level 1:colcon.colcon_core.package_identification:_identify(deps/realsense_runtime/root/opt/ros/humble/include/realsense2_camera_msgs/realsense2_camera_msgs/msg) by extension 'ignore_ament_install'
[0.159s] Level 1:colcon.colcon_core.package_identification:_identify(deps/realsense_runtime/root/opt/ros/humble/include/realsense2_camera_msgs/realsense2_camera_msgs/msg) by extensions ['colcon_pkg']
[0.159s] Level 1:colcon.colcon_core.package_identification:_identify(deps/realsense_runtime/root/opt/ros/humble/include/realsense2_camera_msgs/realsense2_camera_msgs/msg) by extension 'colcon_pkg'
[0.159s] Level 1:colcon.colcon_core.package_identification:_identify(deps/realsense_runtime/root/opt/ros/humble/include/realsense2_camera_msgs/realsense2_camera_msgs/msg) by extensions ['colcon_meta']
[0.159s] Level 1:colcon.colcon_core.package_identification:_identify(deps/realsense_runtime/root/opt/ros/humble/include/realsense2_camera_msgs/realsense2_camera_msgs/msg) by extension 'colcon_meta'
[0.159s] Level 1:colcon.colcon_core.package_identification:_identify(deps/realsense_runtime/root/opt/ros/humble/include/realsense2_camera_msgs/realsense2_camera_msgs/msg) by extensions ['ros']
[0.159s] Level 1:colcon.colcon_core.package_identification:_identify(deps/realsense_runtime/root/opt/ros/humble/include/realsense2_camera_msgs/realsense2_camera_msgs/msg) by extension 'ros'
[0.159s] Level 1:colcon.colcon_core.package_identification:_identify(deps/realsense_runtime/root/opt/ros/humble/include/realsense2_camera_msgs/realsense2_camera_msgs/msg) by extensions ['cmake', 'python']
[0.159s] Level 1:colcon.colcon_core.package_identification:_identify(deps/realsense_runtime/root/opt/ros/humble/include/realsense2_camera_msgs/realsense2_camera_msgs/msg) by extension 'cmake'
[0.159s] Level 1:colcon.colcon_core.package_identification:_identify(deps/realsense_runtime/root/opt/ros/humble/include/realsense2_camera_msgs/realsense2_camera_msgs/msg) by extension 'python'
[0.159s] Level 1:colcon.colcon_core.package_identification:_identify(deps/realsense_runtime/root/opt/ros/humble/include/realsense2_camera_msgs/realsense2_camera_msgs/msg) by extensions ['python_setup_py']
[0.159s] Level 1:colcon.colcon_core.package_identification:_identify(deps/realsense_runtime/root/opt/ros/humble/include/realsense2_camera_msgs/realsense2_camera_msgs/msg) by extension 'python_setup_py'
[0.159s] Level 1:colcon.colcon_core.package_identification:_identify(deps/realsense_runtime/root/opt/ros/humble/include/realsense2_camera_msgs/realsense2_camera_msgs/msg/detail) by extensions ['ignore', 'ignore_ament_install']
[0.159s] Level 1:colcon.colcon_core.package_identification:_identify(deps/realsense_runtime/root/opt/ros/humble/include/realsense2_camera_msgs/realsense2_camera_msgs/msg/detail) by extension 'ignore'
[0.159s] Level 1:colcon.colcon_core.package_identification:_identify(deps/realsense_runtime/root/opt/ros/humble/include/realsense2_camera_msgs/realsense2_camera_msgs/msg/detail) by extension 'ignore_ament_install'
[0.159s] Level 1:colcon.colcon_core.package_identification:_identify(deps/realsense_runtime/root/opt/ros/humble/include/realsense2_camera_msgs/realsense2_camera_msgs/msg/detail) by extensions ['colcon_pkg']
[0.159s] Level 1:colcon.colcon_core.package_identification:_identify(deps/realsense_runtime/root/opt/ros/humble/include/realsense2_camera_msgs/realsense2_camera_msgs/msg/detail) by extension 'colcon_pkg'
[0.159s] Level 1:colcon.colcon_core.package_identification:_identify(deps/realsense_runtime/root/opt/ros/humble/include/realsense2_camera_msgs/realsense2_camera_msgs/msg/detail) by extensions ['colcon_meta']
[0.159s] Level 1:colcon.colcon_core.package_identification:_identify(deps/realsense_runtime/root/opt/ros/humble/include/realsense2_camera_msgs/realsense2_camera_msgs/msg/detail) by extension 'colcon_meta'
[0.159s] Level 1:colcon.colcon_core.package_identification:_identify(deps/realsense_runtime/root/opt/ros/humble/include/realsense2_camera_msgs/realsense2_camera_msgs/msg/detail) by extensions ['ros']
[0.159s] Level 1:colcon.colcon_core.package_identification:_identify(deps/realsense_runtime/root/opt/ros/humble/include/realsense2_camera_msgs/realsense2_camera_msgs/msg/detail) by extension 'ros'
[0.159s] Level 1:colcon.colcon_core.package_identification:_identify(deps/realsense_runtime/root/opt/ros/humble/include/realsense2_camera_msgs/realsense2_camera_msgs/msg/detail) by extensions ['cmake', 'python']
[0.159s] Level 1:colcon.colcon_core.package_identification:_identify(deps/realsense_runtime/root/opt/ros/humble/include/realsense2_camera_msgs/realsense2_camera_msgs/msg/detail) by extension 'cmake'
[0.159s] Level 1:colcon.colcon_core.package_identification:_identify(deps/realsense_runtime/root/opt/ros/humble/include/realsense2_camera_msgs/realsense2_camera_msgs/msg/detail) by extension 'python'
[0.159s] Level 1:colcon.colcon_core.package_identification:_identify(deps/realsense_runtime/root/opt/ros/humble/include/realsense2_camera_msgs/realsense2_camera_msgs/msg/detail) by extensions ['python_setup_py']
[0.159s] Level 1:colcon.colcon_core.package_identification:_identify(deps/realsense_runtime/root/opt/ros/humble/include/realsense2_camera_msgs/realsense2_camera_msgs/msg/detail) by extension 'python_setup_py'
[0.159s] Level 1:colcon.colcon_core.package_identification:_identify(deps/realsense_runtime/root/opt/ros/humble/include/realsense2_camera_msgs/realsense2_camera_msgs/msg/detail/dds_fastrtps) by extensions ['ignore', 'ignore_ament_install']
[0.159s] Level 1:colcon.colcon_core.package_identification:_identify(deps/realsense_runtime/root/opt/ros/humble/include/realsense2_camera_msgs/realsense2_camera_msgs/msg/detail/dds_fastrtps) by extension 'ignore'
[0.159s] Level 1:colcon.colcon_core.package_identification:_identify(deps/realsense_runtime/root/opt/ros/humble/include/realsense2_camera_msgs/realsense2_camera_msgs/msg/detail/dds_fastrtps) by extension 'ignore_ament_install'
[0.159s] Level 1:colcon.colcon_core.package_identification:_identify(deps/realsense_runtime/root/opt/ros/humble/include/realsense2_camera_msgs/realsense2_camera_msgs/msg/detail/dds_fastrtps) by extensions ['colcon_pkg']
[0.159s] Level 1:colcon.colcon_core.package_identification:_identify(deps/realsense_runtime/root/opt/ros/humble/include/realsense2_camera_msgs/realsense2_camera_msgs/msg/detail/dds_fastrtps) by extension 'colcon_pkg'
[0.159s] Level 1:colcon.colcon_core.package_identification:_identify(deps/realsense_runtime/root/opt/ros/humble/include/realsense2_camera_msgs/realsense2_camera_msgs/msg/detail/dds_fastrtps) by extensions ['colcon_meta']
[0.159s] Level 1:colcon.colcon_core.package_identification:_identify(deps/realsense_runtime/root/opt/ros/humble/include/realsense2_camera_msgs/realsense2_camera_msgs/msg/detail/dds_fastrtps) by extension 'colcon_meta'
[0.159s] Level 1:colcon.colcon_core.package_identification:_identify(deps/realsense_runtime/root/opt/ros/humble/include/realsense2_camera_msgs/realsense2_camera_msgs/msg/detail/dds_fastrtps) by extensions ['ros']
[0.159s] Level 1:colcon.colcon_core.package_identification:_identify(deps/realsense_runtime/root/opt/ros/humble/include/realsense2_camera_msgs/realsense2_camera_msgs/msg/detail/dds_fastrtps) by extension 'ros'
[0.160s] Level 1:colcon.colcon_core.package_identification:_identify(deps/realsense_runtime/root/opt/ros/humble/include/realsense2_camera_msgs/realsense2_camera_msgs/msg/detail/dds_fastrtps) by extensions ['cmake', 'python']
[0.160s] Level 1:colcon.colcon_core.package_identification:_identify(deps/realsense_runtime/root/opt/ros/humble/include/realsense2_camera_msgs/realsense2_camera_msgs/msg/detail/dds_fastrtps) by extension 'cmake'
[0.160s] Level 1:colcon.colcon_core.package_identification:_identify(deps/realsense_runtime/root/opt/ros/humble/include/realsense2_camera_msgs/realsense2_camera_msgs/msg/detail/dds_fastrtps) by extension 'python'
[0.160s] Level 1:colcon.colcon_core.package_identification:_identify(deps/realsense_runtime/root/opt/ros/humble/include/realsense2_camera_msgs/realsense2_camera_msgs/msg/detail/dds_fastrtps) by extensions ['python_setup_py']
[0.160s] Level 1:colcon.colcon_core.package_identification:_identify(deps/realsense_runtime/root/opt/ros/humble/include/realsense2_camera_msgs/realsense2_camera_msgs/msg/detail/dds_fastrtps) by extension 'python_setup_py'
[0.160s] Level 1:colcon.colcon_core.package_identification:_identify(deps/realsense_runtime/root/opt/ros/humble/include/realsense2_camera_msgs/realsense2_camera_msgs/srv) by extensions ['ignore', 'ignore_ament_install']
[0.160s] Level 1:colcon.colcon_core.package_identification:_identify(deps/realsense_runtime/root/opt/ros/humble/include/realsense2_camera_msgs/realsense2_camera_msgs/srv) by extension 'ignore'
[0.160s] Level 1:colcon.colcon_core.package_identification:_identify(deps/realsense_runtime/root/opt/ros/humble/include/realsense2_camera_msgs/realsense2_camera_msgs/srv) by extension 'ignore_ament_install'
[0.160s] Level 1:colcon.colcon_core.package_identification:_identify(deps/realsense_runtime/root/opt/ros/humble/include/realsense2_camera_msgs/realsense2_camera_msgs/srv) by extensions ['colcon_pkg']
[0.160s] Level 1:colcon.colcon_core.package_identification:_identify(deps/realsense_runtime/root/opt/ros/humble/include/realsense2_camera_msgs/realsense2_camera_msgs/srv) by extension 'colcon_pkg'
[0.160s] Level 1:colcon.colcon_core.package_identification:_identify(deps/realsense_runtime/root/opt/ros/humble/include/realsense2_camera_msgs/realsense2_camera_msgs/srv) by extensions ['colcon_meta']
[0.160s] Level 1:colcon.colcon_core.package_identification:_identify(deps/realsense_runtime/root/opt/ros/humble/include/realsense2_camera_msgs/realsense2_camera_msgs/srv) by extension 'colcon_meta'
[0.160s] Level 1:colcon.colcon_core.package_identification:_identify(deps/realsense_runtime/root/opt/ros/humble/include/realsense2_camera_msgs/realsense2_camera_msgs/srv) by extensions ['ros']
[0.160s] Level 1:colcon.colcon_core.package_identification:_identify(deps/realsense_runtime/root/opt/ros/humble/include/realsense2_camera_msgs/realsense2_camera_msgs/srv) by extension 'ros'
[0.160s] Level 1:colcon.colcon_core.package_identification:_identify(deps/realsense_runtime/root/opt/ros/humble/include/realsense2_camera_msgs/realsense2_camera_msgs/srv) by extensions ['cmake', 'python']
[0.160s] Level 1:colcon.colcon_core.package_identification:_identify(deps/realsense_runtime/root/opt/ros/humble/include/realsense2_camera_msgs/realsense2_camera_msgs/srv) by extension 'cmake'
[0.160s] Level 1:colcon.colcon_core.package_identification:_identify(deps/realsense_runtime/root/opt/ros/humble/include/realsense2_camera_msgs/realsense2_camera_msgs/srv) by extension 'python'
[0.160s] Level 1:colcon.colcon_core.package_identification:_identify(deps/realsense_runtime/root/opt/ros/humble/include/realsense2_camera_msgs/realsense2_camera_msgs/srv) by extensions ['python_setup_py']
[0.160s] Level 1:colcon.colcon_core.package_identification:_identify(deps/realsense_runtime/root/opt/ros/humble/include/realsense2_camera_msgs/realsense2_camera_msgs/srv) by extension 'python_setup_py'
[0.160s] Level 1:colcon.colcon_core.package_identification:_identify(deps/realsense_runtime/root/opt/ros/humble/include/realsense2_camera_msgs/realsense2_camera_msgs/srv/detail) by extensions ['ignore', 'ignore_ament_install']
[0.160s] Level 1:colcon.colcon_core.package_identification:_identify(deps/realsense_runtime/root/opt/ros/humble/include/realsense2_camera_msgs/realsense2_camera_msgs/srv/detail) by extension 'ignore'
[0.160s] Level 1:colcon.colcon_core.package_identification:_identify(deps/realsense_runtime/root/opt/ros/humble/include/realsense2_camera_msgs/realsense2_camera_msgs/srv/detail) by extension 'ignore_ament_install'
[0.160s] Level 1:colcon.colcon_core.package_identification:_identify(deps/realsense_runtime/root/opt/ros/humble/include/realsense2_camera_msgs/realsense2_camera_msgs/srv/detail) by extensions ['colcon_pkg']
[0.160s] Level 1:colcon.colcon_core.package_identification:_identify(deps/realsense_runtime/root/opt/ros/humble/include/realsense2_camera_msgs/realsense2_camera_msgs/srv/detail) by extension 'colcon_pkg'
[0.160s] Level 1:colcon.colcon_core.package_identification:_identify(deps/realsense_runtime/root/opt/ros/humble/include/realsense2_camera_msgs/realsense2_camera_msgs/srv/detail) by extensions ['colcon_meta']
[0.160s] Level 1:colcon.colcon_core.package_identification:_identify(deps/realsense_runtime/root/opt/ros/humble/include/realsense2_camera_msgs/realsense2_camera_msgs/srv/detail) by extension 'colcon_meta'
[0.160s] Level 1:colcon.colcon_core.package_identification:_identify(deps/realsense_runtime/root/opt/ros/humble/include/realsense2_camera_msgs/realsense2_camera_msgs/srv/detail) by extensions ['ros']
[0.160s] Level 1:colcon.colcon_core.package_identification:_identify(deps/realsense_runtime/root/opt/ros/humble/include/realsense2_camera_msgs/realsense2_camera_msgs/srv/detail) by extension 'ros'
[0.160s] Level 1:colcon.colcon_core.package_identification:_identify(deps/realsense_runtime/root/opt/ros/humble/include/realsense2_camera_msgs/realsense2_camera_msgs/srv/detail) by extensions ['cmake', 'python']
[0.160s] Level 1:colcon.colcon_core.package_identification:_identify(deps/realsense_runtime/root/opt/ros/humble/include/realsense2_camera_msgs/realsense2_camera_msgs/srv/detail) by extension 'cmake'
[0.160s] Level 1:colcon.colcon_core.package_identification:_identify(deps/realsense_runtime/root/opt/ros/humble/include/realsense2_camera_msgs/realsense2_camera_msgs/srv/detail) by extension 'python'
[0.160s] Level 1:colcon.colcon_core.package_identification:_identify(deps/realsense_runtime/root/opt/ros/humble/include/realsense2_camera_msgs/realsense2_camera_msgs/srv/detail) by extensions ['python_setup_py']
[0.160s] Level 1:colcon.colcon_core.package_identification:_identify(deps/realsense_runtime/root/opt/ros/humble/include/realsense2_camera_msgs/realsense2_camera_msgs/srv/detail) by extension 'python_setup_py'
[0.160s] Level 1:colcon.colcon_core.package_identification:_identify(deps/realsense_runtime/root/opt/ros/humble/include/realsense2_camera_msgs/realsense2_camera_msgs/srv/detail/dds_fastrtps) by extensions ['ignore', 'ignore_ament_install']
[0.160s] Level 1:colcon.colcon_core.package_identification:_identify(deps/realsense_runtime/root/opt/ros/humble/include/realsense2_camera_msgs/realsense2_camera_msgs/srv/detail/dds_fastrtps) by extension 'ignore'
[0.160s] Level 1:colcon.colcon_core.package_identification:_identify(deps/realsense_runtime/root/opt/ros/humble/include/realsense2_camera_msgs/realsense2_camera_msgs/srv/detail/dds_fastrtps) by extension 'ignore_ament_install'
[0.160s] Level 1:colcon.colcon_core.package_identification:_identify(deps/realsense_runtime/root/opt/ros/humble/include/realsense2_camera_msgs/realsense2_camera_msgs/srv/detail/dds_fastrtps) by extensions ['colcon_pkg']
[0.160s] Level 1:colcon.colcon_core.package_identification:_identify(deps/realsense_runtime/root/opt/ros/humble/include/realsense2_camera_msgs/realsense2_camera_msgs/srv/detail/dds_fastrtps) by extension 'colcon_pkg'
[0.160s] Level 1:colcon.colcon_core.package_identification:_identify(deps/realsense_runtime/root/opt/ros/humble/include/realsense2_camera_msgs/realsense2_camera_msgs/srv/detail/dds_fastrtps) by extensions ['colcon_meta']
[0.160s] Level 1:colcon.colcon_core.package_identification:_identify(deps/realsense_runtime/root/opt/ros/humble/include/realsense2_camera_msgs/realsense2_camera_msgs/srv/detail/dds_fastrtps) by extension 'colcon_meta'
[0.160s] Level 1:colcon.colcon_core.package_identification:_identify(deps/realsense_runtime/root/opt/ros/humble/include/realsense2_camera_msgs/realsense2_camera_msgs/srv/detail/dds_fastrtps) by extensions ['ros']
[0.160s] Level 1:colcon.colcon_core.package_identification:_identify(deps/realsense_runtime/root/opt/ros/humble/include/realsense2_camera_msgs/realsense2_camera_msgs/srv/detail/dds_fastrtps) by extension 'ros'
[0.160s] Level 1:colcon.colcon_core.package_identification:_identify(deps/realsense_runtime/root/opt/ros/humble/include/realsense2_camera_msgs/realsense2_camera_msgs/srv/detail/dds_fastrtps) by extensions ['cmake', 'python']
[0.160s] Level 1:colcon.colcon_core.package_identification:_identify(deps/realsense_runtime/root/opt/ros/humble/include/realsense2_camera_msgs/realsense2_camera_msgs/srv/detail/dds_fastrtps) by extension 'cmake'
[0.160s] Level 1:colcon.colcon_core.package_identification:_identify(deps/realsense_runtime/root/opt/ros/humble/include/realsense2_camera_msgs/realsense2_camera_msgs/srv/detail/dds_fastrtps) by extension 'python'
[0.160s] Level 1:colcon.colcon_core.package_identification:_identify(deps/realsense_runtime/root/opt/ros/humble/include/realsense2_camera_msgs/realsense2_camera_msgs/srv/detail/dds_fastrtps) by extensions ['python_setup_py']
[0.160s] Level 1:colcon.colcon_core.package_identification:_identify(deps/realsense_runtime/root/opt/ros/humble/include/realsense2_camera_msgs/realsense2_camera_msgs/srv/detail/dds_fastrtps) by extension 'python_setup_py'
[0.161s] Level 1:colcon.colcon_core.package_identification:_identify(deps/realsense_runtime/root/opt/ros/humble/lib) by extensions ['ignore', 'ignore_ament_install']
[0.161s] Level 1:colcon.colcon_core.package_identification:_identify(deps/realsense_runtime/root/opt/ros/humble/lib) by extension 'ignore'
[0.161s] Level 1:colcon.colcon_core.package_identification:_identify(deps/realsense_runtime/root/opt/ros/humble/lib) by extension 'ignore_ament_install'
[0.161s] Level 1:colcon.colcon_core.package_identification:_identify(deps/realsense_runtime/root/opt/ros/humble/lib) by extensions ['colcon_pkg']
[0.161s] Level 1:colcon.colcon_core.package_identification:_identify(deps/realsense_runtime/root/opt/ros/humble/lib) by extension 'colcon_pkg'
[0.161s] Level 1:colcon.colcon_core.package_identification:_identify(deps/realsense_runtime/root/opt/ros/humble/lib) by extensions ['colcon_meta']
[0.161s] Level 1:colcon.colcon_core.package_identification:_identify(deps/realsense_runtime/root/opt/ros/humble/lib) by extension 'colcon_meta'
[0.161s] Level 1:colcon.colcon_core.package_identification:_identify(deps/realsense_runtime/root/opt/ros/humble/lib) by extensions ['ros']
[0.161s] Level 1:colcon.colcon_core.package_identification:_identify(deps/realsense_runtime/root/opt/ros/humble/lib) by extension 'ros'
[0.161s] Level 1:colcon.colcon_core.package_identification:_identify(deps/realsense_runtime/root/opt/ros/humble/lib) by extensions ['cmake', 'python']
[0.161s] Level 1:colcon.colcon_core.package_identification:_identify(deps/realsense_runtime/root/opt/ros/humble/lib) by extension 'cmake'
[0.161s] Level 1:colcon.colcon_core.package_identification:_identify(deps/realsense_runtime/root/opt/ros/humble/lib) by extension 'python'
[0.161s] Level 1:colcon.colcon_core.package_identification:_identify(deps/realsense_runtime/root/opt/ros/humble/lib) by extensions ['python_setup_py']
[0.161s] Level 1:colcon.colcon_core.package_identification:_identify(deps/realsense_runtime/root/opt/ros/humble/lib) by extension 'python_setup_py'
[0.161s] Level 1:colcon.colcon_core.package_identification:_identify(deps/realsense_runtime/root/opt/ros/humble/lib/diagnostic_updater) by extensions ['ignore', 'ignore_ament_install']
[0.161s] Level 1:colcon.colcon_core.package_identification:_identify(deps/realsense_runtime/root/opt/ros/humble/lib/diagnostic_updater) by extension 'ignore'
[0.161s] Level 1:colcon.colcon_core.package_identification:_identify(deps/realsense_runtime/root/opt/ros/humble/lib/diagnostic_updater) by extension 'ignore_ament_install'
[0.161s] Level 1:colcon.colcon_core.package_identification:_identify(deps/realsense_runtime/root/opt/ros/humble/lib/diagnostic_updater) by extensions ['colcon_pkg']
[0.161s] Level 1:colcon.colcon_core.package_identification:_identify(deps/realsense_runtime/root/opt/ros/humble/lib/diagnostic_updater) by extension 'colcon_pkg'
[0.161s] Level 1:colcon.colcon_core.package_identification:_identify(deps/realsense_runtime/root/opt/ros/humble/lib/diagnostic_updater) by extensions ['colcon_meta']
[0.161s] Level 1:colcon.colcon_core.package_identification:_identify(deps/realsense_runtime/root/opt/ros/humble/lib/diagnostic_updater) by extension 'colcon_meta'
[0.161s] Level 1:colcon.colcon_core.package_identification:_identify(deps/realsense_runtime/root/opt/ros/humble/lib/diagnostic_updater) by extensions ['ros']
[0.161s] Level 1:colcon.colcon_core.package_identification:_identify(deps/realsense_runtime/root/opt/ros/humble/lib/diagnostic_updater) by extension 'ros'
[0.161s] Level 1:colcon.colcon_core.package_identification:_identify(deps/realsense_runtime/root/opt/ros/humble/lib/diagnostic_updater) by extensions ['cmake', 'python']
[0.161s] Level 1:colcon.colcon_core.package_identification:_identify(deps/realsense_runtime/root/opt/ros/humble/lib/diagnostic_updater) by extension 'cmake'
[0.161s] Level 1:colcon.colcon_core.package_identification:_identify(deps/realsense_runtime/root/opt/ros/humble/lib/diagnostic_updater) by extension 'python'
[0.161s] Level 1:colcon.colcon_core.package_identification:_identify(deps/realsense_runtime/root/opt/ros/humble/lib/diagnostic_updater) by extensions ['python_setup_py']
[0.161s] Level 1:colcon.colcon_core.package_identification:_identify(deps/realsense_runtime/root/opt/ros/humble/lib/diagnostic_updater) by extension 'python_setup_py'
[0.161s] Level 1:colcon.colcon_core.package_identification:_identify(deps/realsense_runtime/root/opt/ros/humble/lib/x86_64-linux-gnu) by extensions ['ignore', 'ignore_ament_install']
[0.161s] Level 1:colcon.colcon_core.package_identification:_identify(deps/realsense_runtime/root/opt/ros/humble/lib/x86_64-linux-gnu) by extension 'ignore'
[0.161s] Level 1:colcon.colcon_core.package_identification:_identify(deps/realsense_runtime/root/opt/ros/humble/lib/x86_64-linux-gnu) by extension 'ignore_ament_install'
[0.161s] Level 1:colcon.colcon_core.package_identification:_identify(deps/realsense_runtime/root/opt/ros/humble/lib/x86_64-linux-gnu) by extensions ['colcon_pkg']
[0.161s] Level 1:colcon.colcon_core.package_identification:_identify(deps/realsense_runtime/root/opt/ros/humble/lib/x86_64-linux-gnu) by extension 'colcon_pkg'
[0.161s] Level 1:colcon.colcon_core.package_identification:_identify(deps/realsense_runtime/root/opt/ros/humble/lib/x86_64-linux-gnu) by extensions ['colcon_meta']
[0.161s] Level 1:colcon.colcon_core.package_identification:_identify(deps/realsense_runtime/root/opt/ros/humble/lib/x86_64-linux-gnu) by extension 'colcon_meta'
[0.161s] Level 1:colcon.colcon_core.package_identification:_identify(deps/realsense_runtime/root/opt/ros/humble/lib/x86_64-linux-gnu) by extensions ['ros']
[0.161s] Level 1:colcon.colcon_core.package_identification:_identify(deps/realsense_runtime/root/opt/ros/humble/lib/x86_64-linux-gnu) by extension 'ros'
[0.161s] Level 1:colcon.colcon_core.package_identification:_identify(deps/realsense_runtime/root/opt/ros/humble/lib/x86_64-linux-gnu) by extensions ['cmake', 'python']
[0.161s] Level 1:colcon.colcon_core.package_identification:_identify(deps/realsense_runtime/root/opt/ros/humble/lib/x86_64-linux-gnu) by extension 'cmake'
[0.161s] Level 1:colcon.colcon_core.package_identification:_identify(deps/realsense_runtime/root/opt/ros/humble/lib/x86_64-linux-gnu) by extension 'python'
[0.161s] Level 1:colcon.colcon_core.package_identification:_identify(deps/realsense_runtime/root/opt/ros/humble/lib/x86_64-linux-gnu) by extensions ['python_setup_py']
[0.161s] Level 1:colcon.colcon_core.package_identification:_identify(deps/realsense_runtime/root/opt/ros/humble/lib/x86_64-linux-gnu) by extension 'python_setup_py'
[0.161s] Level 1:colcon.colcon_core.package_identification:_identify(deps/realsense_runtime/root/opt/ros/humble/lib/x86_64-linux-gnu/cmake) by extensions ['ignore', 'ignore_ament_install']
[0.161s] Level 1:colcon.colcon_core.package_identification:_identify(deps/realsense_runtime/root/opt/ros/humble/lib/x86_64-linux-gnu/cmake) by extension 'ignore'
[0.161s] Level 1:colcon.colcon_core.package_identification:_identify(deps/realsense_runtime/root/opt/ros/humble/lib/x86_64-linux-gnu/cmake) by extension 'ignore_ament_install'
[0.161s] Level 1:colcon.colcon_core.package_identification:_identify(deps/realsense_runtime/root/opt/ros/humble/lib/x86_64-linux-gnu/cmake) by extensions ['colcon_pkg']
[0.161s] Level 1:colcon.colcon_core.package_identification:_identify(deps/realsense_runtime/root/opt/ros/humble/lib/x86_64-linux-gnu/cmake) by extension 'colcon_pkg'
[0.161s] Level 1:colcon.colcon_core.package_identification:_identify(deps/realsense_runtime/root/opt/ros/humble/lib/x86_64-linux-gnu/cmake) by extensions ['colcon_meta']
[0.161s] Level 1:colcon.colcon_core.package_identification:_identify(deps/realsense_runtime/root/opt/ros/humble/lib/x86_64-linux-gnu/cmake) by extension 'colcon_meta'
[0.161s] Level 1:colcon.colcon_core.package_identification:_identify(deps/realsense_runtime/root/opt/ros/humble/lib/x86_64-linux-gnu/cmake) by extensions ['ros']
[0.161s] Level 1:colcon.colcon_core.package_identification:_identify(deps/realsense_runtime/root/opt/ros/humble/lib/x86_64-linux-gnu/cmake) by extension 'ros'
[0.161s] Level 1:colcon.colcon_core.package_identification:_identify(deps/realsense_runtime/root/opt/ros/humble/lib/x86_64-linux-gnu/cmake) by extensions ['cmake', 'python']
[0.162s] Level 1:colcon.colcon_core.package_identification:_identify(deps/realsense_runtime/root/opt/ros/humble/lib/x86_64-linux-gnu/cmake) by extension 'cmake'
[0.162s] Level 1:colcon.colcon_core.package_identification:_identify(deps/realsense_runtime/root/opt/ros/humble/lib/x86_64-linux-gnu/cmake) by extension 'python'
[0.162s] Level 1:colcon.colcon_core.package_identification:_identify(deps/realsense_runtime/root/opt/ros/humble/lib/x86_64-linux-gnu/cmake) by extensions ['python_setup_py']
[0.162s] Level 1:colcon.colcon_core.package_identification:_identify(deps/realsense_runtime/root/opt/ros/humble/lib/x86_64-linux-gnu/cmake) by extension 'python_setup_py'
[0.162s] Level 1:colcon.colcon_core.package_identification:_identify(deps/realsense_runtime/root/opt/ros/humble/lib/x86_64-linux-gnu/cmake/realsense2) by extensions ['ignore', 'ignore_ament_install']
[0.162s] Level 1:colcon.colcon_core.package_identification:_identify(deps/realsense_runtime/root/opt/ros/humble/lib/x86_64-linux-gnu/cmake/realsense2) by extension 'ignore'
[0.162s] Level 1:colcon.colcon_core.package_identification:_identify(deps/realsense_runtime/root/opt/ros/humble/lib/x86_64-linux-gnu/cmake/realsense2) by extension 'ignore_ament_install'
[0.162s] Level 1:colcon.colcon_core.package_identification:_identify(deps/realsense_runtime/root/opt/ros/humble/lib/x86_64-linux-gnu/cmake/realsense2) by extensions ['colcon_pkg']
[0.162s] Level 1:colcon.colcon_core.package_identification:_identify(deps/realsense_runtime/root/opt/ros/humble/lib/x86_64-linux-gnu/cmake/realsense2) by extension 'colcon_pkg'
[0.162s] Level 1:colcon.colcon_core.package_identification:_identify(deps/realsense_runtime/root/opt/ros/humble/lib/x86_64-linux-gnu/cmake/realsense2) by extensions ['colcon_meta']
[0.162s] Level 1:colcon.colcon_core.package_identification:_identify(deps/realsense_runtime/root/opt/ros/humble/lib/x86_64-linux-gnu/cmake/realsense2) by extension 'colcon_meta'
[0.162s] Level 1:colcon.colcon_core.package_identification:_identify(deps/realsense_runtime/root/opt/ros/humble/lib/x86_64-linux-gnu/cmake/realsense2) by extensions ['ros']
[0.162s] Level 1:colcon.colcon_core.package_identification:_identify(deps/realsense_runtime/root/opt/ros/humble/lib/x86_64-linux-gnu/cmake/realsense2) by extension 'ros'
[0.162s] Level 1:colcon.colcon_core.package_identification:_identify(deps/realsense_runtime/root/opt/ros/humble/lib/x86_64-linux-gnu/cmake/realsense2) by extensions ['cmake', 'python']
[0.162s] Level 1:colcon.colcon_core.package_identification:_identify(deps/realsense_runtime/root/opt/ros/humble/lib/x86_64-linux-gnu/cmake/realsense2) by extension 'cmake'
[0.162s] Level 1:colcon.colcon_core.package_identification:_identify(deps/realsense_runtime/root/opt/ros/humble/lib/x86_64-linux-gnu/cmake/realsense2) by extension 'python'
[0.162s] Level 1:colcon.colcon_core.package_identification:_identify(deps/realsense_runtime/root/opt/ros/humble/lib/x86_64-linux-gnu/cmake/realsense2) by extensions ['python_setup_py']
[0.162s] Level 1:colcon.colcon_core.package_identification:_identify(deps/realsense_runtime/root/opt/ros/humble/lib/x86_64-linux-gnu/cmake/realsense2) by extension 'python_setup_py'
[0.162s] Level 1:colcon.colcon_core.package_identification:_identify(deps/realsense_runtime/root/opt/ros/humble/lib/x86_64-linux-gnu/cmake/realsense2-gl) by extensions ['ignore', 'ignore_ament_install']
[0.162s] Level 1:colcon.colcon_core.package_identification:_identify(deps/realsense_runtime/root/opt/ros/humble/lib/x86_64-linux-gnu/cmake/realsense2-gl) by extension 'ignore'
[0.162s] Level 1:colcon.colcon_core.package_identification:_identify(deps/realsense_runtime/root/opt/ros/humble/lib/x86_64-linux-gnu/cmake/realsense2-gl) by extension 'ignore_ament_install'
[0.162s] Level 1:colcon.colcon_core.package_identification:_identify(deps/realsense_runtime/root/opt/ros/humble/lib/x86_64-linux-gnu/cmake/realsense2-gl) by extensions ['colcon_pkg']
[0.162s] Level 1:colcon.colcon_core.package_identification:_identify(deps/realsense_runtime/root/opt/ros/humble/lib/x86_64-linux-gnu/cmake/realsense2-gl) by extension 'colcon_pkg'
[0.162s] Level 1:colcon.colcon_core.package_identification:_identify(deps/realsense_runtime/root/opt/ros/humble/lib/x86_64-linux-gnu/cmake/realsense2-gl) by extensions ['colcon_meta']
[0.162s] Level 1:colcon.colcon_core.package_identification:_identify(deps/realsense_runtime/root/opt/ros/humble/lib/x86_64-linux-gnu/cmake/realsense2-gl) by extension 'colcon_meta'
[0.162s] Level 1:colcon.colcon_core.package_identification:_identify(deps/realsense_runtime/root/opt/ros/humble/lib/x86_64-linux-gnu/cmake/realsense2-gl) by extensions ['ros']
[0.162s] Level 1:colcon.colcon_core.package_identification:_identify(deps/realsense_runtime/root/opt/ros/humble/lib/x86_64-linux-gnu/cmake/realsense2-gl) by extension 'ros'
[0.162s] Level 1:colcon.colcon_core.package_identification:_identify(deps/realsense_runtime/root/opt/ros/humble/lib/x86_64-linux-gnu/cmake/realsense2-gl) by extensions ['cmake', 'python']
[0.162s] Level 1:colcon.colcon_core.package_identification:_identify(deps/realsense_runtime/root/opt/ros/humble/lib/x86_64-linux-gnu/cmake/realsense2-gl) by extension 'cmake'
[0.162s] Level 1:colcon.colcon_core.package_identification:_identify(deps/realsense_runtime/root/opt/ros/humble/lib/x86_64-linux-gnu/cmake/realsense2-gl) by extension 'python'
[0.162s] Level 1:colcon.colcon_core.package_identification:_identify(deps/realsense_runtime/root/opt/ros/humble/lib/x86_64-linux-gnu/cmake/realsense2-gl) by extensions ['python_setup_py']
[0.162s] Level 1:colcon.colcon_core.package_identification:_identify(deps/realsense_runtime/root/opt/ros/humble/lib/x86_64-linux-gnu/cmake/realsense2-gl) by extension 'python_setup_py'
[0.162s] Level 1:colcon.colcon_core.package_identification:_identify(deps/realsense_runtime/root/opt/ros/humble/lib/x86_64-linux-gnu/pkgconfig) by extensions ['ignore', 'ignore_ament_install']
[0.162s] Level 1:colcon.colcon_core.package_identification:_identify(deps/realsense_runtime/root/opt/ros/humble/lib/x86_64-linux-gnu/pkgconfig) by extension 'ignore'
[0.162s] Level 1:colcon.colcon_core.package_identification:_identify(deps/realsense_runtime/root/opt/ros/humble/lib/x86_64-linux-gnu/pkgconfig) by extension 'ignore_ament_install'
[0.162s] Level 1:colcon.colcon_core.package_identification:_identify(deps/realsense_runtime/root/opt/ros/humble/lib/x86_64-linux-gnu/pkgconfig) by extensions ['colcon_pkg']
[0.162s] Level 1:colcon.colcon_core.package_identification:_identify(deps/realsense_runtime/root/opt/ros/humble/lib/x86_64-linux-gnu/pkgconfig) by extension 'colcon_pkg'
[0.162s] Level 1:colcon.colcon_core.package_identification:_identify(deps/realsense_runtime/root/opt/ros/humble/lib/x86_64-linux-gnu/pkgconfig) by extensions ['colcon_meta']
[0.162s] Level 1:colcon.colcon_core.package_identification:_identify(deps/realsense_runtime/root/opt/ros/humble/lib/x86_64-linux-gnu/pkgconfig) by extension 'colcon_meta'
[0.162s] Level 1:colcon.colcon_core.package_identification:_identify(deps/realsense_runtime/root/opt/ros/humble/lib/x86_64-linux-gnu/pkgconfig) by extensions ['ros']
[0.162s] Level 1:colcon.colcon_core.package_identification:_identify(deps/realsense_runtime/root/opt/ros/humble/lib/x86_64-linux-gnu/pkgconfig) by extension 'ros'
[0.162s] Level 1:colcon.colcon_core.package_identification:_identify(deps/realsense_runtime/root/opt/ros/humble/lib/x86_64-linux-gnu/pkgconfig) by extensions ['cmake', 'python']
[0.162s] Level 1:colcon.colcon_core.package_identification:_identify(deps/realsense_runtime/root/opt/ros/humble/lib/x86_64-linux-gnu/pkgconfig) by extension 'cmake'
[0.162s] Level 1:colcon.colcon_core.package_identification:_identify(deps/realsense_runtime/root/opt/ros/humble/lib/x86_64-linux-gnu/pkgconfig) by extension 'python'
[0.162s] Level 1:colcon.colcon_core.package_identification:_identify(deps/realsense_runtime/root/opt/ros/humble/lib/x86_64-linux-gnu/pkgconfig) by extensions ['python_setup_py']
[0.162s] Level 1:colcon.colcon_core.package_identification:_identify(deps/realsense_runtime/root/opt/ros/humble/lib/x86_64-linux-gnu/pkgconfig) by extension 'python_setup_py'
[0.162s] Level 1:colcon.colcon_core.package_identification:_identify(deps/realsense_runtime/root/opt/ros/humble/local) by extensions ['ignore', 'ignore_ament_install']
[0.162s] Level 1:colcon.colcon_core.package_identification:_identify(deps/realsense_runtime/root/opt/ros/humble/local) by extension 'ignore'
[0.162s] Level 1:colcon.colcon_core.package_identification:_identify(deps/realsense_runtime/root/opt/ros/humble/local) by extension 'ignore_ament_install'
[0.162s] Level 1:colcon.colcon_core.package_identification:_identify(deps/realsense_runtime/root/opt/ros/humble/local) by extensions ['colcon_pkg']
[0.162s] Level 1:colcon.colcon_core.package_identification:_identify(deps/realsense_runtime/root/opt/ros/humble/local) by extension 'colcon_pkg'
[0.163s] Level 1:colcon.colcon_core.package_identification:_identify(deps/realsense_runtime/root/opt/ros/humble/local) by extensions ['colcon_meta']
[0.163s] Level 1:colcon.colcon_core.package_identification:_identify(deps/realsense_runtime/root/opt/ros/humble/local) by extension 'colcon_meta'
[0.163s] Level 1:colcon.colcon_core.package_identification:_identify(deps/realsense_runtime/root/opt/ros/humble/local) by extensions ['ros']
[0.163s] Level 1:colcon.colcon_core.package_identification:_identify(deps/realsense_runtime/root/opt/ros/humble/local) by extension 'ros'
[0.163s] Level 1:colcon.colcon_core.package_identification:_identify(deps/realsense_runtime/root/opt/ros/humble/local) by extensions ['cmake', 'python']
[0.163s] Level 1:colcon.colcon_core.package_identification:_identify(deps/realsense_runtime/root/opt/ros/humble/local) by extension 'cmake'
[0.163s] Level 1:colcon.colcon_core.package_identification:_identify(deps/realsense_runtime/root/opt/ros/humble/local) by extension 'python'
[0.163s] Level 1:colcon.colcon_core.package_identification:_identify(deps/realsense_runtime/root/opt/ros/humble/local) by extensions ['python_setup_py']
[0.163s] Level 1:colcon.colcon_core.package_identification:_identify(deps/realsense_runtime/root/opt/ros/humble/local) by extension 'python_setup_py'
[0.163s] Level 1:colcon.colcon_core.package_identification:_identify(deps/realsense_runtime/root/opt/ros/humble/local/lib) by extensions ['ignore', 'ignore_ament_install']
[0.163s] Level 1:colcon.colcon_core.package_identification:_identify(deps/realsense_runtime/root/opt/ros/humble/local/lib) by extension 'ignore'
[0.163s] Level 1:colcon.colcon_core.package_identification:_identify(deps/realsense_runtime/root/opt/ros/humble/local/lib) by extension 'ignore_ament_install'
[0.163s] Level 1:colcon.colcon_core.package_identification:_identify(deps/realsense_runtime/root/opt/ros/humble/local/lib) by extensions ['colcon_pkg']
[0.163s] Level 1:colcon.colcon_core.package_identification:_identify(deps/realsense_runtime/root/opt/ros/humble/local/lib) by extension 'colcon_pkg'
[0.163s] Level 1:colcon.colcon_core.package_identification:_identify(deps/realsense_runtime/root/opt/ros/humble/local/lib) by extensions ['colcon_meta']
[0.163s] Level 1:colcon.colcon_core.package_identification:_identify(deps/realsense_runtime/root/opt/ros/humble/local/lib) by extension 'colcon_meta'
[0.163s] Level 1:colcon.colcon_core.package_identification:_identify(deps/realsense_runtime/root/opt/ros/humble/local/lib) by extensions ['ros']
[0.163s] Level 1:colcon.colcon_core.package_identification:_identify(deps/realsense_runtime/root/opt/ros/humble/local/lib) by extension 'ros'
[0.163s] Level 1:colcon.colcon_core.package_identification:_identify(deps/realsense_runtime/root/opt/ros/humble/local/lib) by extensions ['cmake', 'python']
[0.163s] Level 1:colcon.colcon_core.package_identification:_identify(deps/realsense_runtime/root/opt/ros/humble/local/lib) by extension 'cmake'
[0.163s] Level 1:colcon.colcon_core.package_identification:_identify(deps/realsense_runtime/root/opt/ros/humble/local/lib) by extension 'python'
[0.163s] Level 1:colcon.colcon_core.package_identification:_identify(deps/realsense_runtime/root/opt/ros/humble/local/lib) by extensions ['python_setup_py']
[0.163s] Level 1:colcon.colcon_core.package_identification:_identify(deps/realsense_runtime/root/opt/ros/humble/local/lib) by extension 'python_setup_py'
[0.163s] Level 1:colcon.colcon_core.package_identification:_identify(deps/realsense_runtime/root/opt/ros/humble/local/lib/python3.10) by extensions ['ignore', 'ignore_ament_install']
[0.163s] Level 1:colcon.colcon_core.package_identification:_identify(deps/realsense_runtime/root/opt/ros/humble/local/lib/python3.10) by extension 'ignore'
[0.163s] Level 1:colcon.colcon_core.package_identification:_identify(deps/realsense_runtime/root/opt/ros/humble/local/lib/python3.10) by extension 'ignore_ament_install'
[0.163s] Level 1:colcon.colcon_core.package_identification:_identify(deps/realsense_runtime/root/opt/ros/humble/local/lib/python3.10) by extensions ['colcon_pkg']
[0.163s] Level 1:colcon.colcon_core.package_identification:_identify(deps/realsense_runtime/root/opt/ros/humble/local/lib/python3.10) by extension 'colcon_pkg'
[0.163s] Level 1:colcon.colcon_core.package_identification:_identify(deps/realsense_runtime/root/opt/ros/humble/local/lib/python3.10) by extensions ['colcon_meta']
[0.163s] Level 1:colcon.colcon_core.package_identification:_identify(deps/realsense_runtime/root/opt/ros/humble/local/lib/python3.10) by extension 'colcon_meta'
[0.163s] Level 1:colcon.colcon_core.package_identification:_identify(deps/realsense_runtime/root/opt/ros/humble/local/lib/python3.10) by extensions ['ros']
[0.163s] Level 1:colcon.colcon_core.package_identification:_identify(deps/realsense_runtime/root/opt/ros/humble/local/lib/python3.10) by extension 'ros'
[0.163s] Level 1:colcon.colcon_core.package_identification:_identify(deps/realsense_runtime/root/opt/ros/humble/local/lib/python3.10) by extensions ['cmake', 'python']
[0.163s] Level 1:colcon.colcon_core.package_identification:_identify(deps/realsense_runtime/root/opt/ros/humble/local/lib/python3.10) by extension 'cmake'
[0.163s] Level 1:colcon.colcon_core.package_identification:_identify(deps/realsense_runtime/root/opt/ros/humble/local/lib/python3.10) by extension 'python'
[0.163s] Level 1:colcon.colcon_core.package_identification:_identify(deps/realsense_runtime/root/opt/ros/humble/local/lib/python3.10) by extensions ['python_setup_py']
[0.163s] Level 1:colcon.colcon_core.package_identification:_identify(deps/realsense_runtime/root/opt/ros/humble/local/lib/python3.10) by extension 'python_setup_py'
[0.163s] Level 1:colcon.colcon_core.package_identification:_identify(deps/realsense_runtime/root/opt/ros/humble/local/lib/python3.10/dist-packages) by extensions ['ignore', 'ignore_ament_install']
[0.163s] Level 1:colcon.colcon_core.package_identification:_identify(deps/realsense_runtime/root/opt/ros/humble/local/lib/python3.10/dist-packages) by extension 'ignore'
[0.164s] Level 1:colcon.colcon_core.package_identification:_identify(deps/realsense_runtime/root/opt/ros/humble/local/lib/python3.10/dist-packages) by extension 'ignore_ament_install'
[0.164s] Level 1:colcon.colcon_core.package_identification:_identify(deps/realsense_runtime/root/opt/ros/humble/local/lib/python3.10/dist-packages) by extensions ['colcon_pkg']
[0.164s] Level 1:colcon.colcon_core.package_identification:_identify(deps/realsense_runtime/root/opt/ros/humble/local/lib/python3.10/dist-packages) by extension 'colcon_pkg'
[0.164s] Level 1:colcon.colcon_core.package_identification:_identify(deps/realsense_runtime/root/opt/ros/humble/local/lib/python3.10/dist-packages) by extensions ['colcon_meta']
[0.164s] Level 1:colcon.colcon_core.package_identification:_identify(deps/realsense_runtime/root/opt/ros/humble/local/lib/python3.10/dist-packages) by extension 'colcon_meta'
[0.164s] Level 1:colcon.colcon_core.package_identification:_identify(deps/realsense_runtime/root/opt/ros/humble/local/lib/python3.10/dist-packages) by extensions ['ros']
[0.164s] Level 1:colcon.colcon_core.package_identification:_identify(deps/realsense_runtime/root/opt/ros/humble/local/lib/python3.10/dist-packages) by extension 'ros'
[0.164s] Level 1:colcon.colcon_core.package_identification:_identify(deps/realsense_runtime/root/opt/ros/humble/local/lib/python3.10/dist-packages) by extensions ['cmake', 'python']
[0.164s] Level 1:colcon.colcon_core.package_identification:_identify(deps/realsense_runtime/root/opt/ros/humble/local/lib/python3.10/dist-packages) by extension 'cmake'
[0.164s] Level 1:colcon.colcon_core.package_identification:_identify(deps/realsense_runtime/root/opt/ros/humble/local/lib/python3.10/dist-packages) by extension 'python'
[0.164s] Level 1:colcon.colcon_core.package_identification:_identify(deps/realsense_runtime/root/opt/ros/humble/local/lib/python3.10/dist-packages) by extensions ['python_setup_py']
[0.164s] Level 1:colcon.colcon_core.package_identification:_identify(deps/realsense_runtime/root/opt/ros/humble/local/lib/python3.10/dist-packages) by extension 'python_setup_py'
[0.164s] Level 1:colcon.colcon_core.package_identification:_identify(deps/realsense_runtime/root/opt/ros/humble/local/lib/python3.10/dist-packages/diagnostic_updater) by extensions ['ignore', 'ignore_ament_install']
[0.164s] Level 1:colcon.colcon_core.package_identification:_identify(deps/realsense_runtime/root/opt/ros/humble/local/lib/python3.10/dist-packages/diagnostic_updater) by extension 'ignore'
[0.164s] Level 1:colcon.colcon_core.package_identification:_identify(deps/realsense_runtime/root/opt/ros/humble/local/lib/python3.10/dist-packages/diagnostic_updater) by extension 'ignore_ament_install'
[0.164s] Level 1:colcon.colcon_core.package_identification:_identify(deps/realsense_runtime/root/opt/ros/humble/local/lib/python3.10/dist-packages/diagnostic_updater) by extensions ['colcon_pkg']
[0.164s] Level 1:colcon.colcon_core.package_identification:_identify(deps/realsense_runtime/root/opt/ros/humble/local/lib/python3.10/dist-packages/diagnostic_updater) by extension 'colcon_pkg'
[0.164s] Level 1:colcon.colcon_core.package_identification:_identify(deps/realsense_runtime/root/opt/ros/humble/local/lib/python3.10/dist-packages/diagnostic_updater) by extensions ['colcon_meta']
[0.164s] Level 1:colcon.colcon_core.package_identification:_identify(deps/realsense_runtime/root/opt/ros/humble/local/lib/python3.10/dist-packages/diagnostic_updater) by extension 'colcon_meta'
[0.164s] Level 1:colcon.colcon_core.package_identification:_identify(deps/realsense_runtime/root/opt/ros/humble/local/lib/python3.10/dist-packages/diagnostic_updater) by extensions ['ros']
[0.164s] Level 1:colcon.colcon_core.package_identification:_identify(deps/realsense_runtime/root/opt/ros/humble/local/lib/python3.10/dist-packages/diagnostic_updater) by extension 'ros'
[0.164s] Level 1:colcon.colcon_core.package_identification:_identify(deps/realsense_runtime/root/opt/ros/humble/local/lib/python3.10/dist-packages/diagnostic_updater) by extensions ['cmake', 'python']
[0.164s] Level 1:colcon.colcon_core.package_identification:_identify(deps/realsense_runtime/root/opt/ros/humble/local/lib/python3.10/dist-packages/diagnostic_updater) by extension 'cmake'
[0.164s] Level 1:colcon.colcon_core.package_identification:_identify(deps/realsense_runtime/root/opt/ros/humble/local/lib/python3.10/dist-packages/diagnostic_updater) by extension 'python'
[0.164s] Level 1:colcon.colcon_core.package_identification:_identify(deps/realsense_runtime/root/opt/ros/humble/local/lib/python3.10/dist-packages/diagnostic_updater) by extensions ['python_setup_py']
[0.164s] Level 1:colcon.colcon_core.package_identification:_identify(deps/realsense_runtime/root/opt/ros/humble/local/lib/python3.10/dist-packages/diagnostic_updater) by extension 'python_setup_py'
[0.164s] Level 1:colcon.colcon_core.package_identification:_identify(deps/realsense_runtime/root/opt/ros/humble/local/lib/python3.10/dist-packages/diagnostic_updater-4.0.7-py3.10.egg-info) by extensions ['ignore', 'ignore_ament_install']
[0.164s] Level 1:colcon.colcon_core.package_identification:_identify(deps/realsense_runtime/root/opt/ros/humble/local/lib/python3.10/dist-packages/diagnostic_updater-4.0.7-py3.10.egg-info) by extension 'ignore'
[0.164s] Level 1:colcon.colcon_core.package_identification:_identify(deps/realsense_runtime/root/opt/ros/humble/local/lib/python3.10/dist-packages/diagnostic_updater-4.0.7-py3.10.egg-info) by extension 'ignore_ament_install'
[0.164s] Level 1:colcon.colcon_core.package_identification:_identify(deps/realsense_runtime/root/opt/ros/humble/local/lib/python3.10/dist-packages/diagnostic_updater-4.0.7-py3.10.egg-info) by extensions ['colcon_pkg']
[0.164s] Level 1:colcon.colcon_core.package_identification:_identify(deps/realsense_runtime/root/opt/ros/humble/local/lib/python3.10/dist-packages/diagnostic_updater-4.0.7-py3.10.egg-info) by extension 'colcon_pkg'
[0.164s] Level 1:colcon.colcon_core.package_identification:_identify(deps/realsense_runtime/root/opt/ros/humble/local/lib/python3.10/dist-packages/diagnostic_updater-4.0.7-py3.10.egg-info) by extensions ['colcon_meta']
[0.164s] Level 1:colcon.colcon_core.package_identification:_identify(deps/realsense_runtime/root/opt/ros/humble/local/lib/python3.10/dist-packages/diagnostic_updater-4.0.7-py3.10.egg-info) by extension 'colcon_meta'
[0.164s] Level 1:colcon.colcon_core.package_identification:_identify(deps/realsense_runtime/root/opt/ros/humble/local/lib/python3.10/dist-packages/diagnostic_updater-4.0.7-py3.10.egg-info) by extensions ['ros']
[0.164s] Level 1:colcon.colcon_core.package_identification:_identify(deps/realsense_runtime/root/opt/ros/humble/local/lib/python3.10/dist-packages/diagnostic_updater-4.0.7-py3.10.egg-info) by extension 'ros'
[0.164s] Level 1:colcon.colcon_core.package_identification:_identify(deps/realsense_runtime/root/opt/ros/humble/local/lib/python3.10/dist-packages/diagnostic_updater-4.0.7-py3.10.egg-info) by extensions ['cmake', 'python']
[0.164s] Level 1:colcon.colcon_core.package_identification:_identify(deps/realsense_runtime/root/opt/ros/humble/local/lib/python3.10/dist-packages/diagnostic_updater-4.0.7-py3.10.egg-info) by extension 'cmake'
[0.164s] Level 1:colcon.colcon_core.package_identification:_identify(deps/realsense_runtime/root/opt/ros/humble/local/lib/python3.10/dist-packages/diagnostic_updater-4.0.7-py3.10.egg-info) by extension 'python'
[0.164s] Level 1:colcon.colcon_core.package_identification:_identify(deps/realsense_runtime/root/opt/ros/humble/local/lib/python3.10/dist-packages/diagnostic_updater-4.0.7-py3.10.egg-info) by extensions ['python_setup_py']
[0.164s] Level 1:colcon.colcon_core.package_identification:_identify(deps/realsense_runtime/root/opt/ros/humble/local/lib/python3.10/dist-packages/diagnostic_updater-4.0.7-py3.10.egg-info) by extension 'python_setup_py'
[0.164s] Level 1:colcon.colcon_core.package_identification:_identify(deps/realsense_runtime/root/opt/ros/humble/local/lib/python3.10/dist-packages/realsense2_camera_msgs) by extensions ['ignore', 'ignore_ament_install']
[0.164s] Level 1:colcon.colcon_core.package_identification:_identify(deps/realsense_runtime/root/opt/ros/humble/local/lib/python3.10/dist-packages/realsense2_camera_msgs) by extension 'ignore'
[0.164s] Level 1:colcon.colcon_core.package_identification:_identify(deps/realsense_runtime/root/opt/ros/humble/local/lib/python3.10/dist-packages/realsense2_camera_msgs) by extension 'ignore_ament_install'
[0.164s] Level 1:colcon.colcon_core.package_identification:_identify(deps/realsense_runtime/root/opt/ros/humble/local/lib/python3.10/dist-packages/realsense2_camera_msgs) by extensions ['colcon_pkg']
[0.164s] Level 1:colcon.colcon_core.package_identification:_identify(deps/realsense_runtime/root/opt/ros/humble/local/lib/python3.10/dist-packages/realsense2_camera_msgs) by extension 'colcon_pkg'
[0.164s] Level 1:colcon.colcon_core.package_identification:_identify(deps/realsense_runtime/root/opt/ros/humble/local/lib/python3.10/dist-packages/realsense2_camera_msgs) by extensions ['colcon_meta']
[0.164s] Level 1:colcon.colcon_core.package_identification:_identify(deps/realsense_runtime/root/opt/ros/humble/local/lib/python3.10/dist-packages/realsense2_camera_msgs) by extension 'colcon_meta'
[0.164s] Level 1:colcon.colcon_core.package_identification:_identify(deps/realsense_runtime/root/opt/ros/humble/local/lib/python3.10/dist-packages/realsense2_camera_msgs) by extensions ['ros']
[0.164s] Level 1:colcon.colcon_core.package_identification:_identify(deps/realsense_runtime/root/opt/ros/humble/local/lib/python3.10/dist-packages/realsense2_camera_msgs) by extension 'ros'
[0.164s] Level 1:colcon.colcon_core.package_identification:_identify(deps/realsense_runtime/root/opt/ros/humble/local/lib/python3.10/dist-packages/realsense2_camera_msgs) by extensions ['cmake', 'python']
[0.164s] Level 1:colcon.colcon_core.package_identification:_identify(deps/realsense_runtime/root/opt/ros/humble/local/lib/python3.10/dist-packages/realsense2_camera_msgs) by extension 'cmake'
[0.164s] Level 1:colcon.colcon_core.package_identification:_identify(deps/realsense_runtime/root/opt/ros/humble/local/lib/python3.10/dist-packages/realsense2_camera_msgs) by extension 'python'
[0.165s] Level 1:colcon.colcon_core.package_identification:_identify(deps/realsense_runtime/root/opt/ros/humble/local/lib/python3.10/dist-packages/realsense2_camera_msgs) by extensions ['python_setup_py']
[0.165s] Level 1:colcon.colcon_core.package_identification:_identify(deps/realsense_runtime/root/opt/ros/humble/local/lib/python3.10/dist-packages/realsense2_camera_msgs) by extension 'python_setup_py'
[0.165s] Level 1:colcon.colcon_core.package_identification:_identify(deps/realsense_runtime/root/opt/ros/humble/local/lib/python3.10/dist-packages/realsense2_camera_msgs/action) by extensions ['ignore', 'ignore_ament_install']
[0.165s] Level 1:colcon.colcon_core.package_identification:_identify(deps/realsense_runtime/root/opt/ros/humble/local/lib/python3.10/dist-packages/realsense2_camera_msgs/action) by extension 'ignore'
[0.165s] Level 1:colcon.colcon_core.package_identification:_identify(deps/realsense_runtime/root/opt/ros/humble/local/lib/python3.10/dist-packages/realsense2_camera_msgs/action) by extension 'ignore_ament_install'
[0.165s] Level 1:colcon.colcon_core.package_identification:_identify(deps/realsense_runtime/root/opt/ros/humble/local/lib/python3.10/dist-packages/realsense2_camera_msgs/action) by extensions ['colcon_pkg']
[0.165s] Level 1:colcon.colcon_core.package_identification:_identify(deps/realsense_runtime/root/opt/ros/humble/local/lib/python3.10/dist-packages/realsense2_camera_msgs/action) by extension 'colcon_pkg'
[0.165s] Level 1:colcon.colcon_core.package_identification:_identify(deps/realsense_runtime/root/opt/ros/humble/local/lib/python3.10/dist-packages/realsense2_camera_msgs/action) by extensions ['colcon_meta']
[0.165s] Level 1:colcon.colcon_core.package_identification:_identify(deps/realsense_runtime/root/opt/ros/humble/local/lib/python3.10/dist-packages/realsense2_camera_msgs/action) by extension 'colcon_meta'
[0.165s] Level 1:colcon.colcon_core.package_identification:_identify(deps/realsense_runtime/root/opt/ros/humble/local/lib/python3.10/dist-packages/realsense2_camera_msgs/action) by extensions ['ros']
[0.165s] Level 1:colcon.colcon_core.package_identification:_identify(deps/realsense_runtime/root/opt/ros/humble/local/lib/python3.10/dist-packages/realsense2_camera_msgs/action) by extension 'ros'
[0.165s] Level 1:colcon.colcon_core.package_identification:_identify(deps/realsense_runtime/root/opt/ros/humble/local/lib/python3.10/dist-packages/realsense2_camera_msgs/action) by extensions ['cmake', 'python']
[0.165s] Level 1:colcon.colcon_core.package_identification:_identify(deps/realsense_runtime/root/opt/ros/humble/local/lib/python3.10/dist-packages/realsense2_camera_msgs/action) by extension 'cmake'
[0.165s] Level 1:colcon.colcon_core.package_identification:_identify(deps/realsense_runtime/root/opt/ros/humble/local/lib/python3.10/dist-packages/realsense2_camera_msgs/action) by extension 'python'
[0.165s] Level 1:colcon.colcon_core.package_identification:_identify(deps/realsense_runtime/root/opt/ros/humble/local/lib/python3.10/dist-packages/realsense2_camera_msgs/action) by extensions ['python_setup_py']
[0.165s] Level 1:colcon.colcon_core.package_identification:_identify(deps/realsense_runtime/root/opt/ros/humble/local/lib/python3.10/dist-packages/realsense2_camera_msgs/action) by extension 'python_setup_py'
[0.165s] Level 1:colcon.colcon_core.package_identification:_identify(deps/realsense_runtime/root/opt/ros/humble/local/lib/python3.10/dist-packages/realsense2_camera_msgs/msg) by extensions ['ignore', 'ignore_ament_install']
[0.165s] Level 1:colcon.colcon_core.package_identification:_identify(deps/realsense_runtime/root/opt/ros/humble/local/lib/python3.10/dist-packages/realsense2_camera_msgs/msg) by extension 'ignore'
[0.165s] Level 1:colcon.colcon_core.package_identification:_identify(deps/realsense_runtime/root/opt/ros/humble/local/lib/python3.10/dist-packages/realsense2_camera_msgs/msg) by extension 'ignore_ament_install'
[0.165s] Level 1:colcon.colcon_core.package_identification:_identify(deps/realsense_runtime/root/opt/ros/humble/local/lib/python3.10/dist-packages/realsense2_camera_msgs/msg) by extensions ['colcon_pkg']
[0.165s] Level 1:colcon.colcon_core.package_identification:_identify(deps/realsense_runtime/root/opt/ros/humble/local/lib/python3.10/dist-packages/realsense2_camera_msgs/msg) by extension 'colcon_pkg'
[0.165s] Level 1:colcon.colcon_core.package_identification:_identify(deps/realsense_runtime/root/opt/ros/humble/local/lib/python3.10/dist-packages/realsense2_camera_msgs/msg) by extensions ['colcon_meta']
[0.165s] Level 1:colcon.colcon_core.package_identification:_identify(deps/realsense_runtime/root/opt/ros/humble/local/lib/python3.10/dist-packages/realsense2_camera_msgs/msg) by extension 'colcon_meta'
[0.165s] Level 1:colcon.colcon_core.package_identification:_identify(deps/realsense_runtime/root/opt/ros/humble/local/lib/python3.10/dist-packages/realsense2_camera_msgs/msg) by extensions ['ros']
[0.165s] Level 1:colcon.colcon_core.package_identification:_identify(deps/realsense_runtime/root/opt/ros/humble/local/lib/python3.10/dist-packages/realsense2_camera_msgs/msg) by extension 'ros'
[0.165s] Level 1:colcon.colcon_core.package_identification:_identify(deps/realsense_runtime/root/opt/ros/humble/local/lib/python3.10/dist-packages/realsense2_camera_msgs/msg) by extensions ['cmake', 'python']
[0.165s] Level 1:colcon.colcon_core.package_identification:_identify(deps/realsense_runtime/root/opt/ros/humble/local/lib/python3.10/dist-packages/realsense2_camera_msgs/msg) by extension 'cmake'
[0.165s] Level 1:colcon.colcon_core.package_identification:_identify(deps/realsense_runtime/root/opt/ros/humble/local/lib/python3.10/dist-packages/realsense2_camera_msgs/msg) by extension 'python'
[0.165s] Level 1:colcon.colcon_core.package_identification:_identify(deps/realsense_runtime/root/opt/ros/humble/local/lib/python3.10/dist-packages/realsense2_camera_msgs/msg) by extensions ['python_setup_py']
[0.165s] Level 1:colcon.colcon_core.package_identification:_identify(deps/realsense_runtime/root/opt/ros/humble/local/lib/python3.10/dist-packages/realsense2_camera_msgs/msg) by extension 'python_setup_py'
[0.165s] Level 1:colcon.colcon_core.package_identification:_identify(deps/realsense_runtime/root/opt/ros/humble/local/lib/python3.10/dist-packages/realsense2_camera_msgs/srv) by extensions ['ignore', 'ignore_ament_install']
[0.165s] Level 1:colcon.colcon_core.package_identification:_identify(deps/realsense_runtime/root/opt/ros/humble/local/lib/python3.10/dist-packages/realsense2_camera_msgs/srv) by extension 'ignore'
[0.165s] Level 1:colcon.colcon_core.package_identification:_identify(deps/realsense_runtime/root/opt/ros/humble/local/lib/python3.10/dist-packages/realsense2_camera_msgs/srv) by extension 'ignore_ament_install'
[0.165s] Level 1:colcon.colcon_core.package_identification:_identify(deps/realsense_runtime/root/opt/ros/humble/local/lib/python3.10/dist-packages/realsense2_camera_msgs/srv) by extensions ['colcon_pkg']
[0.165s] Level 1:colcon.colcon_core.package_identification:_identify(deps/realsense_runtime/root/opt/ros/humble/local/lib/python3.10/dist-packages/realsense2_camera_msgs/srv) by extension 'colcon_pkg'
[0.165s] Level 1:colcon.colcon_core.package_identification:_identify(deps/realsense_runtime/root/opt/ros/humble/local/lib/python3.10/dist-packages/realsense2_camera_msgs/srv) by extensions ['colcon_meta']
[0.165s] Level 1:colcon.colcon_core.package_identification:_identify(deps/realsense_runtime/root/opt/ros/humble/local/lib/python3.10/dist-packages/realsense2_camera_msgs/srv) by extension 'colcon_meta'
[0.165s] Level 1:colcon.colcon_core.package_identification:_identify(deps/realsense_runtime/root/opt/ros/humble/local/lib/python3.10/dist-packages/realsense2_camera_msgs/srv) by extensions ['ros']
[0.165s] Level 1:colcon.colcon_core.package_identification:_identify(deps/realsense_runtime/root/opt/ros/humble/local/lib/python3.10/dist-packages/realsense2_camera_msgs/srv) by extension 'ros'
[0.165s] Level 1:colcon.colcon_core.package_identification:_identify(deps/realsense_runtime/root/opt/ros/humble/local/lib/python3.10/dist-packages/realsense2_camera_msgs/srv) by extensions ['cmake', 'python']
[0.165s] Level 1:colcon.colcon_core.package_identification:_identify(deps/realsense_runtime/root/opt/ros/humble/local/lib/python3.10/dist-packages/realsense2_camera_msgs/srv) by extension 'cmake'
[0.165s] Level 1:colcon.colcon_core.package_identification:_identify(deps/realsense_runtime/root/opt/ros/humble/local/lib/python3.10/dist-packages/realsense2_camera_msgs/srv) by extension 'python'
[0.165s] Level 1:colcon.colcon_core.package_identification:_identify(deps/realsense_runtime/root/opt/ros/humble/local/lib/python3.10/dist-packages/realsense2_camera_msgs/srv) by extensions ['python_setup_py']
[0.165s] Level 1:colcon.colcon_core.package_identification:_identify(deps/realsense_runtime/root/opt/ros/humble/local/lib/python3.10/dist-packages/realsense2_camera_msgs/srv) by extension 'python_setup_py'
[0.165s] Level 1:colcon.colcon_core.package_identification:_identify(deps/realsense_runtime/root/opt/ros/humble/local/lib/python3.10/dist-packages/realsense2_camera_msgs-4.58.2-py3.10.egg-info) by extensions ['ignore', 'ignore_ament_install']
[0.165s] Level 1:colcon.colcon_core.package_identification:_identify(deps/realsense_runtime/root/opt/ros/humble/local/lib/python3.10/dist-packages/realsense2_camera_msgs-4.58.2-py3.10.egg-info) by extension 'ignore'
[0.165s] Level 1:colcon.colcon_core.package_identification:_identify(deps/realsense_runtime/root/opt/ros/humble/local/lib/python3.10/dist-packages/realsense2_camera_msgs-4.58.2-py3.10.egg-info) by extension 'ignore_ament_install'
[0.165s] Level 1:colcon.colcon_core.package_identification:_identify(deps/realsense_runtime/root/opt/ros/humble/local/lib/python3.10/dist-packages/realsense2_camera_msgs-4.58.2-py3.10.egg-info) by extensions ['colcon_pkg']
[0.166s] Level 1:colcon.colcon_core.package_identification:_identify(deps/realsense_runtime/root/opt/ros/humble/local/lib/python3.10/dist-packages/realsense2_camera_msgs-4.58.2-py3.10.egg-info) by extension 'colcon_pkg'
[0.166s] Level 1:colcon.colcon_core.package_identification:_identify(deps/realsense_runtime/root/opt/ros/humble/local/lib/python3.10/dist-packages/realsense2_camera_msgs-4.58.2-py3.10.egg-info) by extensions ['colcon_meta']
[0.166s] Level 1:colcon.colcon_core.package_identification:_identify(deps/realsense_runtime/root/opt/ros/humble/local/lib/python3.10/dist-packages/realsense2_camera_msgs-4.58.2-py3.10.egg-info) by extension 'colcon_meta'
[0.166s] Level 1:colcon.colcon_core.package_identification:_identify(deps/realsense_runtime/root/opt/ros/humble/local/lib/python3.10/dist-packages/realsense2_camera_msgs-4.58.2-py3.10.egg-info) by extensions ['ros']
[0.166s] Level 1:colcon.colcon_core.package_identification:_identify(deps/realsense_runtime/root/opt/ros/humble/local/lib/python3.10/dist-packages/realsense2_camera_msgs-4.58.2-py3.10.egg-info) by extension 'ros'
[0.166s] Level 1:colcon.colcon_core.package_identification:_identify(deps/realsense_runtime/root/opt/ros/humble/local/lib/python3.10/dist-packages/realsense2_camera_msgs-4.58.2-py3.10.egg-info) by extensions ['cmake', 'python']
[0.166s] Level 1:colcon.colcon_core.package_identification:_identify(deps/realsense_runtime/root/opt/ros/humble/local/lib/python3.10/dist-packages/realsense2_camera_msgs-4.58.2-py3.10.egg-info) by extension 'cmake'
[0.166s] Level 1:colcon.colcon_core.package_identification:_identify(deps/realsense_runtime/root/opt/ros/humble/local/lib/python3.10/dist-packages/realsense2_camera_msgs-4.58.2-py3.10.egg-info) by extension 'python'
[0.166s] Level 1:colcon.colcon_core.package_identification:_identify(deps/realsense_runtime/root/opt/ros/humble/local/lib/python3.10/dist-packages/realsense2_camera_msgs-4.58.2-py3.10.egg-info) by extensions ['python_setup_py']
[0.166s] Level 1:colcon.colcon_core.package_identification:_identify(deps/realsense_runtime/root/opt/ros/humble/local/lib/python3.10/dist-packages/realsense2_camera_msgs-4.58.2-py3.10.egg-info) by extension 'python_setup_py'
[0.166s] Level 1:colcon.colcon_core.package_identification:_identify(deps/realsense_runtime/root/opt/ros/humble/share) by extensions ['ignore', 'ignore_ament_install']
[0.166s] Level 1:colcon.colcon_core.package_identification:_identify(deps/realsense_runtime/root/opt/ros/humble/share) by extension 'ignore'
[0.166s] Level 1:colcon.colcon_core.package_identification:_identify(deps/realsense_runtime/root/opt/ros/humble/share) by extension 'ignore_ament_install'
[0.166s] Level 1:colcon.colcon_core.package_identification:_identify(deps/realsense_runtime/root/opt/ros/humble/share) by extensions ['colcon_pkg']
[0.166s] Level 1:colcon.colcon_core.package_identification:_identify(deps/realsense_runtime/root/opt/ros/humble/share) by extension 'colcon_pkg'
[0.166s] Level 1:colcon.colcon_core.package_identification:_identify(deps/realsense_runtime/root/opt/ros/humble/share) by extensions ['colcon_meta']
[0.166s] Level 1:colcon.colcon_core.package_identification:_identify(deps/realsense_runtime/root/opt/ros/humble/share) by extension 'colcon_meta'
[0.166s] Level 1:colcon.colcon_core.package_identification:_identify(deps/realsense_runtime/root/opt/ros/humble/share) by extensions ['ros']
[0.166s] Level 1:colcon.colcon_core.package_identification:_identify(deps/realsense_runtime/root/opt/ros/humble/share) by extension 'ros'
[0.166s] Level 1:colcon.colcon_core.package_identification:_identify(deps/realsense_runtime/root/opt/ros/humble/share) by extensions ['cmake', 'python']
[0.166s] Level 1:colcon.colcon_core.package_identification:_identify(deps/realsense_runtime/root/opt/ros/humble/share) by extension 'cmake'
[0.166s] Level 1:colcon.colcon_core.package_identification:_identify(deps/realsense_runtime/root/opt/ros/humble/share) by extension 'python'
[0.166s] Level 1:colcon.colcon_core.package_identification:_identify(deps/realsense_runtime/root/opt/ros/humble/share) by extensions ['python_setup_py']
[0.166s] Level 1:colcon.colcon_core.package_identification:_identify(deps/realsense_runtime/root/opt/ros/humble/share) by extension 'python_setup_py'
[0.166s] Level 1:colcon.colcon_core.package_identification:_identify(deps/realsense_runtime/root/opt/ros/humble/share/ament_index) by extensions ['ignore', 'ignore_ament_install']
[0.166s] Level 1:colcon.colcon_core.package_identification:_identify(deps/realsense_runtime/root/opt/ros/humble/share/ament_index) by extension 'ignore'
[0.166s] Level 1:colcon.colcon_core.package_identification:_identify(deps/realsense_runtime/root/opt/ros/humble/share/ament_index) by extension 'ignore_ament_install'
[0.166s] Level 1:colcon.colcon_core.package_identification:_identify(deps/realsense_runtime/root/opt/ros/humble/share/ament_index) by extensions ['colcon_pkg']
[0.166s] Level 1:colcon.colcon_core.package_identification:_identify(deps/realsense_runtime/root/opt/ros/humble/share/ament_index) by extension 'colcon_pkg'
[0.166s] Level 1:colcon.colcon_core.package_identification:_identify(deps/realsense_runtime/root/opt/ros/humble/share/ament_index) by extensions ['colcon_meta']
[0.166s] Level 1:colcon.colcon_core.package_identification:_identify(deps/realsense_runtime/root/opt/ros/humble/share/ament_index) by extension 'colcon_meta'
[0.166s] Level 1:colcon.colcon_core.package_identification:_identify(deps/realsense_runtime/root/opt/ros/humble/share/ament_index) by extensions ['ros']
[0.166s] Level 1:colcon.colcon_core.package_identification:_identify(deps/realsense_runtime/root/opt/ros/humble/share/ament_index) by extension 'ros'
[0.166s] Level 1:colcon.colcon_core.package_identification:_identify(deps/realsense_runtime/root/opt/ros/humble/share/ament_index) by extensions ['cmake', 'python']
[0.166s] Level 1:colcon.colcon_core.package_identification:_identify(deps/realsense_runtime/root/opt/ros/humble/share/ament_index) by extension 'cmake'
[0.166s] Level 1:colcon.colcon_core.package_identification:_identify(deps/realsense_runtime/root/opt/ros/humble/share/ament_index) by extension 'python'
[0.166s] Level 1:colcon.colcon_core.package_identification:_identify(deps/realsense_runtime/root/opt/ros/humble/share/ament_index) by extensions ['python_setup_py']
[0.166s] Level 1:colcon.colcon_core.package_identification:_identify(deps/realsense_runtime/root/opt/ros/humble/share/ament_index) by extension 'python_setup_py'
[0.166s] Level 1:colcon.colcon_core.package_identification:_identify(deps/realsense_runtime/root/opt/ros/humble/share/ament_index/resource_index) by extensions ['ignore', 'ignore_ament_install']
[0.166s] Level 1:colcon.colcon_core.package_identification:_identify(deps/realsense_runtime/root/opt/ros/humble/share/ament_index/resource_index) by extension 'ignore'
[0.166s] Level 1:colcon.colcon_core.package_identification:_identify(deps/realsense_runtime/root/opt/ros/humble/share/ament_index/resource_index) by extension 'ignore_ament_install'
[0.166s] Level 1:colcon.colcon_core.package_identification:_identify(deps/realsense_runtime/root/opt/ros/humble/share/ament_index/resource_index) by extensions ['colcon_pkg']
[0.166s] Level 1:colcon.colcon_core.package_identification:_identify(deps/realsense_runtime/root/opt/ros/humble/share/ament_index/resource_index) by extension 'colcon_pkg'
[0.166s] Level 1:colcon.colcon_core.package_identification:_identify(deps/realsense_runtime/root/opt/ros/humble/share/ament_index/resource_index) by extensions ['colcon_meta']
[0.166s] Level 1:colcon.colcon_core.package_identification:_identify(deps/realsense_runtime/root/opt/ros/humble/share/ament_index/resource_index) by extension 'colcon_meta'
[0.166s] Level 1:colcon.colcon_core.package_identification:_identify(deps/realsense_runtime/root/opt/ros/humble/share/ament_index/resource_index) by extensions ['ros']
[0.166s] Level 1:colcon.colcon_core.package_identification:_identify(deps/realsense_runtime/root/opt/ros/humble/share/ament_index/resource_index) by extension 'ros'
[0.166s] Level 1:colcon.colcon_core.package_identification:_identify(deps/realsense_runtime/root/opt/ros/humble/share/ament_index/resource_index) by extensions ['cmake', 'python']
[0.166s] Level 1:colcon.colcon_core.package_identification:_identify(deps/realsense_runtime/root/opt/ros/humble/share/ament_index/resource_index) by extension 'cmake'
[0.166s] Level 1:colcon.colcon_core.package_identification:_identify(deps/realsense_runtime/root/opt/ros/humble/share/ament_index/resource_index) by extension 'python'
[0.166s] Level 1:colcon.colcon_core.package_identification:_identify(deps/realsense_runtime/root/opt/ros/humble/share/ament_index/resource_index) by extensions ['python_setup_py']
[0.166s] Level 1:colcon.colcon_core.package_identification:_identify(deps/realsense_runtime/root/opt/ros/humble/share/ament_index/resource_index) by extension 'python_setup_py'
[0.166s] Level 1:colcon.colcon_core.package_identification:_identify(deps/realsense_runtime/root/opt/ros/humble/share/ament_index/resource_index/package_run_dependencies) by extensions ['ignore', 'ignore_ament_install']
[0.167s] Level 1:colcon.colcon_core.package_identification:_identify(deps/realsense_runtime/root/opt/ros/humble/share/ament_index/resource_index/package_run_dependencies) by extension 'ignore'
[0.167s] Level 1:colcon.colcon_core.package_identification:_identify(deps/realsense_runtime/root/opt/ros/humble/share/ament_index/resource_index/package_run_dependencies) by extension 'ignore_ament_install'
[0.167s] Level 1:colcon.colcon_core.package_identification:_identify(deps/realsense_runtime/root/opt/ros/humble/share/ament_index/resource_index/package_run_dependencies) by extensions ['colcon_pkg']
[0.167s] Level 1:colcon.colcon_core.package_identification:_identify(deps/realsense_runtime/root/opt/ros/humble/share/ament_index/resource_index/package_run_dependencies) by extension 'colcon_pkg'
[0.167s] Level 1:colcon.colcon_core.package_identification:_identify(deps/realsense_runtime/root/opt/ros/humble/share/ament_index/resource_index/package_run_dependencies) by extensions ['colcon_meta']
[0.167s] Level 1:colcon.colcon_core.package_identification:_identify(deps/realsense_runtime/root/opt/ros/humble/share/ament_index/resource_index/package_run_dependencies) by extension 'colcon_meta'
[0.167s] Level 1:colcon.colcon_core.package_identification:_identify(deps/realsense_runtime/root/opt/ros/humble/share/ament_index/resource_index/package_run_dependencies) by extensions ['ros']
[0.167s] Level 1:colcon.colcon_core.package_identification:_identify(deps/realsense_runtime/root/opt/ros/humble/share/ament_index/resource_index/package_run_dependencies) by extension 'ros'
[0.167s] Level 1:colcon.colcon_core.package_identification:_identify(deps/realsense_runtime/root/opt/ros/humble/share/ament_index/resource_index/package_run_dependencies) by extensions ['cmake', 'python']
[0.167s] Level 1:colcon.colcon_core.package_identification:_identify(deps/realsense_runtime/root/opt/ros/humble/share/ament_index/resource_index/package_run_dependencies) by extension 'cmake'
[0.167s] Level 1:colcon.colcon_core.package_identification:_identify(deps/realsense_runtime/root/opt/ros/humble/share/ament_index/resource_index/package_run_dependencies) by extension 'python'
[0.167s] Level 1:colcon.colcon_core.package_identification:_identify(deps/realsense_runtime/root/opt/ros/humble/share/ament_index/resource_index/package_run_dependencies) by extensions ['python_setup_py']
[0.167s] Level 1:colcon.colcon_core.package_identification:_identify(deps/realsense_runtime/root/opt/ros/humble/share/ament_index/resource_index/package_run_dependencies) by extension 'python_setup_py'
[0.167s] Level 1:colcon.colcon_core.package_identification:_identify(deps/realsense_runtime/root/opt/ros/humble/share/ament_index/resource_index/packages) by extensions ['ignore', 'ignore_ament_install']
[0.167s] Level 1:colcon.colcon_core.package_identification:_identify(deps/realsense_runtime/root/opt/ros/humble/share/ament_index/resource_index/packages) by extension 'ignore'
[0.167s] Level 1:colcon.colcon_core.package_identification:_identify(deps/realsense_runtime/root/opt/ros/humble/share/ament_index/resource_index/packages) by extension 'ignore_ament_install'
[0.167s] Level 1:colcon.colcon_core.package_identification:_identify(deps/realsense_runtime/root/opt/ros/humble/share/ament_index/resource_index/packages) by extensions ['colcon_pkg']
[0.167s] Level 1:colcon.colcon_core.package_identification:_identify(deps/realsense_runtime/root/opt/ros/humble/share/ament_index/resource_index/packages) by extension 'colcon_pkg'
[0.167s] Level 1:colcon.colcon_core.package_identification:_identify(deps/realsense_runtime/root/opt/ros/humble/share/ament_index/resource_index/packages) by extensions ['colcon_meta']
[0.167s] Level 1:colcon.colcon_core.package_identification:_identify(deps/realsense_runtime/root/opt/ros/humble/share/ament_index/resource_index/packages) by extension 'colcon_meta'
[0.167s] Level 1:colcon.colcon_core.package_identification:_identify(deps/realsense_runtime/root/opt/ros/humble/share/ament_index/resource_index/packages) by extensions ['ros']
[0.167s] Level 1:colcon.colcon_core.package_identification:_identify(deps/realsense_runtime/root/opt/ros/humble/share/ament_index/resource_index/packages) by extension 'ros'
[0.167s] Level 1:colcon.colcon_core.package_identification:_identify(deps/realsense_runtime/root/opt/ros/humble/share/ament_index/resource_index/packages) by extensions ['cmake', 'python']
[0.167s] Level 1:colcon.colcon_core.package_identification:_identify(deps/realsense_runtime/root/opt/ros/humble/share/ament_index/resource_index/packages) by extension 'cmake'
[0.167s] Level 1:colcon.colcon_core.package_identification:_identify(deps/realsense_runtime/root/opt/ros/humble/share/ament_index/resource_index/packages) by extension 'python'
[0.167s] Level 1:colcon.colcon_core.package_identification:_identify(deps/realsense_runtime/root/opt/ros/humble/share/ament_index/resource_index/packages) by extensions ['python_setup_py']
[0.167s] Level 1:colcon.colcon_core.package_identification:_identify(deps/realsense_runtime/root/opt/ros/humble/share/ament_index/resource_index/packages) by extension 'python_setup_py'
[0.167s] Level 1:colcon.colcon_core.package_identification:_identify(deps/realsense_runtime/root/opt/ros/humble/share/ament_index/resource_index/parent_prefix_path) by extensions ['ignore', 'ignore_ament_install']
[0.167s] Level 1:colcon.colcon_core.package_identification:_identify(deps/realsense_runtime/root/opt/ros/humble/share/ament_index/resource_index/parent_prefix_path) by extension 'ignore'
[0.167s] Level 1:colcon.colcon_core.package_identification:_identify(deps/realsense_runtime/root/opt/ros/humble/share/ament_index/resource_index/parent_prefix_path) by extension 'ignore_ament_install'
[0.167s] Level 1:colcon.colcon_core.package_identification:_identify(deps/realsense_runtime/root/opt/ros/humble/share/ament_index/resource_index/parent_prefix_path) by extensions ['colcon_pkg']
[0.167s] Level 1:colcon.colcon_core.package_identification:_identify(deps/realsense_runtime/root/opt/ros/humble/share/ament_index/resource_index/parent_prefix_path) by extension 'colcon_pkg'
[0.167s] Level 1:colcon.colcon_core.package_identification:_identify(deps/realsense_runtime/root/opt/ros/humble/share/ament_index/resource_index/parent_prefix_path) by extensions ['colcon_meta']
[0.167s] Level 1:colcon.colcon_core.package_identification:_identify(deps/realsense_runtime/root/opt/ros/humble/share/ament_index/resource_index/parent_prefix_path) by extension 'colcon_meta'
[0.167s] Level 1:colcon.colcon_core.package_identification:_identify(deps/realsense_runtime/root/opt/ros/humble/share/ament_index/resource_index/parent_prefix_path) by extensions ['ros']
[0.167s] Level 1:colcon.colcon_core.package_identification:_identify(deps/realsense_runtime/root/opt/ros/humble/share/ament_index/resource_index/parent_prefix_path) by extension 'ros'
[0.167s] Level 1:colcon.colcon_core.package_identification:_identify(deps/realsense_runtime/root/opt/ros/humble/share/ament_index/resource_index/parent_prefix_path) by extensions ['cmake', 'python']
[0.167s] Level 1:colcon.colcon_core.package_identification:_identify(deps/realsense_runtime/root/opt/ros/humble/share/ament_index/resource_index/parent_prefix_path) by extension 'cmake'
[0.167s] Level 1:colcon.colcon_core.package_identification:_identify(deps/realsense_runtime/root/opt/ros/humble/share/ament_index/resource_index/parent_prefix_path) by extension 'python'
[0.167s] Level 1:colcon.colcon_core.package_identification:_identify(deps/realsense_runtime/root/opt/ros/humble/share/ament_index/resource_index/parent_prefix_path) by extensions ['python_setup_py']
[0.167s] Level 1:colcon.colcon_core.package_identification:_identify(deps/realsense_runtime/root/opt/ros/humble/share/ament_index/resource_index/parent_prefix_path) by extension 'python_setup_py'
[0.167s] Level 1:colcon.colcon_core.package_identification:_identify(deps/realsense_runtime/root/opt/ros/humble/share/ament_index/resource_index/rosidl_interfaces) by extensions ['ignore', 'ignore_ament_install']
[0.167s] Level 1:colcon.colcon_core.package_identification:_identify(deps/realsense_runtime/root/opt/ros/humble/share/ament_index/resource_index/rosidl_interfaces) by extension 'ignore'
[0.167s] Level 1:colcon.colcon_core.package_identification:_identify(deps/realsense_runtime/root/opt/ros/humble/share/ament_index/resource_index/rosidl_interfaces) by extension 'ignore_ament_install'
[0.167s] Level 1:colcon.colcon_core.package_identification:_identify(deps/realsense_runtime/root/opt/ros/humble/share/ament_index/resource_index/rosidl_interfaces) by extensions ['colcon_pkg']
[0.167s] Level 1:colcon.colcon_core.package_identification:_identify(deps/realsense_runtime/root/opt/ros/humble/share/ament_index/resource_index/rosidl_interfaces) by extension 'colcon_pkg'
[0.167s] Level 1:colcon.colcon_core.package_identification:_identify(deps/realsense_runtime/root/opt/ros/humble/share/ament_index/resource_index/rosidl_interfaces) by extensions ['colcon_meta']
[0.167s] Level 1:colcon.colcon_core.package_identification:_identify(deps/realsense_runtime/root/opt/ros/humble/share/ament_index/resource_index/rosidl_interfaces) by extension 'colcon_meta'
[0.167s] Level 1:colcon.colcon_core.package_identification:_identify(deps/realsense_runtime/root/opt/ros/humble/share/ament_index/resource_index/rosidl_interfaces) by extensions ['ros']
[0.167s] Level 1:colcon.colcon_core.package_identification:_identify(deps/realsense_runtime/root/opt/ros/humble/share/ament_index/resource_index/rosidl_interfaces) by extension 'ros'
[0.168s] Level 1:colcon.colcon_core.package_identification:_identify(deps/realsense_runtime/root/opt/ros/humble/share/ament_index/resource_index/rosidl_interfaces) by extensions ['cmake', 'python']
[0.168s] Level 1:colcon.colcon_core.package_identification:_identify(deps/realsense_runtime/root/opt/ros/humble/share/ament_index/resource_index/rosidl_interfaces) by extension 'cmake'
[0.168s] Level 1:colcon.colcon_core.package_identification:_identify(deps/realsense_runtime/root/opt/ros/humble/share/ament_index/resource_index/rosidl_interfaces) by extension 'python'
[0.168s] Level 1:colcon.colcon_core.package_identification:_identify(deps/realsense_runtime/root/opt/ros/humble/share/ament_index/resource_index/rosidl_interfaces) by extensions ['python_setup_py']
[0.168s] Level 1:colcon.colcon_core.package_identification:_identify(deps/realsense_runtime/root/opt/ros/humble/share/ament_index/resource_index/rosidl_interfaces) by extension 'python_setup_py'
[0.168s] Level 1:colcon.colcon_core.package_identification:_identify(deps/realsense_runtime/root/opt/ros/humble/share/ament_index/resource_index/rust_packages) by extensions ['ignore', 'ignore_ament_install']
[0.168s] Level 1:colcon.colcon_core.package_identification:_identify(deps/realsense_runtime/root/opt/ros/humble/share/ament_index/resource_index/rust_packages) by extension 'ignore'
[0.168s] Level 1:colcon.colcon_core.package_identification:_identify(deps/realsense_runtime/root/opt/ros/humble/share/ament_index/resource_index/rust_packages) by extension 'ignore_ament_install'
[0.168s] Level 1:colcon.colcon_core.package_identification:_identify(deps/realsense_runtime/root/opt/ros/humble/share/ament_index/resource_index/rust_packages) by extensions ['colcon_pkg']
[0.168s] Level 1:colcon.colcon_core.package_identification:_identify(deps/realsense_runtime/root/opt/ros/humble/share/ament_index/resource_index/rust_packages) by extension 'colcon_pkg'
[0.168s] Level 1:colcon.colcon_core.package_identification:_identify(deps/realsense_runtime/root/opt/ros/humble/share/ament_index/resource_index/rust_packages) by extensions ['colcon_meta']
[0.168s] Level 1:colcon.colcon_core.package_identification:_identify(deps/realsense_runtime/root/opt/ros/humble/share/ament_index/resource_index/rust_packages) by extension 'colcon_meta'
[0.168s] Level 1:colcon.colcon_core.package_identification:_identify(deps/realsense_runtime/root/opt/ros/humble/share/ament_index/resource_index/rust_packages) by extensions ['ros']
[0.168s] Level 1:colcon.colcon_core.package_identification:_identify(deps/realsense_runtime/root/opt/ros/humble/share/ament_index/resource_index/rust_packages) by extension 'ros'
[0.168s] Level 1:colcon.colcon_core.package_identification:_identify(deps/realsense_runtime/root/opt/ros/humble/share/ament_index/resource_index/rust_packages) by extensions ['cmake', 'python']
[0.168s] Level 1:colcon.colcon_core.package_identification:_identify(deps/realsense_runtime/root/opt/ros/humble/share/ament_index/resource_index/rust_packages) by extension 'cmake'
[0.168s] Level 1:colcon.colcon_core.package_identification:_identify(deps/realsense_runtime/root/opt/ros/humble/share/ament_index/resource_index/rust_packages) by extension 'python'
[0.168s] Level 1:colcon.colcon_core.package_identification:_identify(deps/realsense_runtime/root/opt/ros/humble/share/ament_index/resource_index/rust_packages) by extensions ['python_setup_py']
[0.168s] Level 1:colcon.colcon_core.package_identification:_identify(deps/realsense_runtime/root/opt/ros/humble/share/ament_index/resource_index/rust_packages) by extension 'python_setup_py'
[0.168s] Level 1:colcon.colcon_core.package_identification:_identify(deps/realsense_runtime/root/opt/ros/humble/share/diagnostic_updater) by extensions ['ignore', 'ignore_ament_install']
[0.168s] Level 1:colcon.colcon_core.package_identification:_identify(deps/realsense_runtime/root/opt/ros/humble/share/diagnostic_updater) by extension 'ignore'
[0.168s] Level 1:colcon.colcon_core.package_identification:_identify(deps/realsense_runtime/root/opt/ros/humble/share/diagnostic_updater) by extension 'ignore_ament_install'
[0.168s] Level 1:colcon.colcon_core.package_identification:_identify(deps/realsense_runtime/root/opt/ros/humble/share/diagnostic_updater) by extensions ['colcon_pkg']
[0.168s] Level 1:colcon.colcon_core.package_identification:_identify(deps/realsense_runtime/root/opt/ros/humble/share/diagnostic_updater) by extension 'colcon_pkg'
[0.168s] Level 1:colcon.colcon_core.package_identification:_identify(deps/realsense_runtime/root/opt/ros/humble/share/diagnostic_updater) by extensions ['colcon_meta']
[0.168s] Level 1:colcon.colcon_core.package_identification:_identify(deps/realsense_runtime/root/opt/ros/humble/share/diagnostic_updater) by extension 'colcon_meta'
[0.168s] Level 1:colcon.colcon_core.package_identification:_identify(deps/realsense_runtime/root/opt/ros/humble/share/diagnostic_updater) by extensions ['ros']
[0.168s] Level 1:colcon.colcon_core.package_identification:_identify(deps/realsense_runtime/root/opt/ros/humble/share/diagnostic_updater) by extension 'ros'
[0.168s] DEBUG:colcon.colcon_core.package_identification:Package 'deps/realsense_runtime/root/opt/ros/humble/share/diagnostic_updater' with type 'ros.ament_cmake' and name 'diagnostic_updater'
[0.169s] Level 1:colcon.colcon_core.package_identification:_identify(deps/realsense_runtime/root/opt/ros/humble/share/realsense2_camera_msgs) by extensions ['ignore', 'ignore_ament_install']
[0.169s] Level 1:colcon.colcon_core.package_identification:_identify(deps/realsense_runtime/root/opt/ros/humble/share/realsense2_camera_msgs) by extension 'ignore'
[0.169s] Level 1:colcon.colcon_core.package_identification:_identify(deps/realsense_runtime/root/opt/ros/humble/share/realsense2_camera_msgs) by extension 'ignore_ament_install'
[0.169s] Level 1:colcon.colcon_core.package_identification:_identify(deps/realsense_runtime/root/opt/ros/humble/share/realsense2_camera_msgs) by extensions ['colcon_pkg']
[0.169s] Level 1:colcon.colcon_core.package_identification:_identify(deps/realsense_runtime/root/opt/ros/humble/share/realsense2_camera_msgs) by extension 'colcon_pkg'
[0.169s] Level 1:colcon.colcon_core.package_identification:_identify(deps/realsense_runtime/root/opt/ros/humble/share/realsense2_camera_msgs) by extensions ['colcon_meta']
[0.169s] Level 1:colcon.colcon_core.package_identification:_identify(deps/realsense_runtime/root/opt/ros/humble/share/realsense2_camera_msgs) by extension 'colcon_meta'
[0.169s] Level 1:colcon.colcon_core.package_identification:_identify(deps/realsense_runtime/root/opt/ros/humble/share/realsense2_camera_msgs) by extensions ['ros']
[0.169s] Level 1:colcon.colcon_core.package_identification:_identify(deps/realsense_runtime/root/opt/ros/humble/share/realsense2_camera_msgs) by extension 'ros'
[0.169s] DEBUG:colcon.colcon_core.package_identification:Package 'deps/realsense_runtime/root/opt/ros/humble/share/realsense2_camera_msgs' with type 'ros.ament_cmake' and name 'realsense2_camera_msgs'
[0.169s] Level 1:colcon.colcon_core.package_identification:_identify(deps/realsense_runtime/root/usr) by extensions ['ignore', 'ignore_ament_install']
[0.169s] Level 1:colcon.colcon_core.package_identification:_identify(deps/realsense_runtime/root/usr) by extension 'ignore'
[0.169s] Level 1:colcon.colcon_core.package_identification:_identify(deps/realsense_runtime/root/usr) by extension 'ignore_ament_install'
[0.169s] Level 1:colcon.colcon_core.package_identification:_identify(deps/realsense_runtime/root/usr) by extensions ['colcon_pkg']
[0.169s] Level 1:colcon.colcon_core.package_identification:_identify(deps/realsense_runtime/root/usr) by extension 'colcon_pkg'
[0.169s] Level 1:colcon.colcon_core.package_identification:_identify(deps/realsense_runtime/root/usr) by extensions ['colcon_meta']
[0.169s] Level 1:colcon.colcon_core.package_identification:_identify(deps/realsense_runtime/root/usr) by extension 'colcon_meta'
[0.169s] Level 1:colcon.colcon_core.package_identification:_identify(deps/realsense_runtime/root/usr) by extensions ['ros']
[0.169s] Level 1:colcon.colcon_core.package_identification:_identify(deps/realsense_runtime/root/usr) by extension 'ros'
[0.169s] Level 1:colcon.colcon_core.package_identification:_identify(deps/realsense_runtime/root/usr) by extensions ['cmake', 'python']
[0.169s] Level 1:colcon.colcon_core.package_identification:_identify(deps/realsense_runtime/root/usr) by extension 'cmake'
[0.169s] Level 1:colcon.colcon_core.package_identification:_identify(deps/realsense_runtime/root/usr) by extension 'python'
[0.169s] Level 1:colcon.colcon_core.package_identification:_identify(deps/realsense_runtime/root/usr) by extensions ['python_setup_py']
[0.169s] Level 1:colcon.colcon_core.package_identification:_identify(deps/realsense_runtime/root/usr) by extension 'python_setup_py'
[0.169s] Level 1:colcon.colcon_core.package_identification:_identify(deps/realsense_runtime/root/usr/share) by extensions ['ignore', 'ignore_ament_install']
[0.169s] Level 1:colcon.colcon_core.package_identification:_identify(deps/realsense_runtime/root/usr/share) by extension 'ignore'
[0.169s] Level 1:colcon.colcon_core.package_identification:_identify(deps/realsense_runtime/root/usr/share) by extension 'ignore_ament_install'
[0.169s] Level 1:colcon.colcon_core.package_identification:_identify(deps/realsense_runtime/root/usr/share) by extensions ['colcon_pkg']
[0.170s] Level 1:colcon.colcon_core.package_identification:_identify(deps/realsense_runtime/root/usr/share) by extension 'colcon_pkg'
[0.170s] Level 1:colcon.colcon_core.package_identification:_identify(deps/realsense_runtime/root/usr/share) by extensions ['colcon_meta']
[0.170s] Level 1:colcon.colcon_core.package_identification:_identify(deps/realsense_runtime/root/usr/share) by extension 'colcon_meta'
[0.170s] Level 1:colcon.colcon_core.package_identification:_identify(deps/realsense_runtime/root/usr/share) by extensions ['ros']
[0.170s] Level 1:colcon.colcon_core.package_identification:_identify(deps/realsense_runtime/root/usr/share) by extension 'ros'
[0.170s] Level 1:colcon.colcon_core.package_identification:_identify(deps/realsense_runtime/root/usr/share) by extensions ['cmake', 'python']
[0.170s] Level 1:colcon.colcon_core.package_identification:_identify(deps/realsense_runtime/root/usr/share) by extension 'cmake'
[0.170s] Level 1:colcon.colcon_core.package_identification:_identify(deps/realsense_runtime/root/usr/share) by extension 'python'
[0.170s] Level 1:colcon.colcon_core.package_identification:_identify(deps/realsense_runtime/root/usr/share) by extensions ['python_setup_py']
[0.170s] Level 1:colcon.colcon_core.package_identification:_identify(deps/realsense_runtime/root/usr/share) by extension 'python_setup_py'
[0.170s] Level 1:colcon.colcon_core.package_identification:_identify(deps/realsense_runtime/root/usr/share/doc) by extensions ['ignore', 'ignore_ament_install']
[0.170s] Level 1:colcon.colcon_core.package_identification:_identify(deps/realsense_runtime/root/usr/share/doc) by extension 'ignore'
[0.170s] Level 1:colcon.colcon_core.package_identification:_identify(deps/realsense_runtime/root/usr/share/doc) by extension 'ignore_ament_install'
[0.170s] Level 1:colcon.colcon_core.package_identification:_identify(deps/realsense_runtime/root/usr/share/doc) by extensions ['colcon_pkg']
[0.170s] Level 1:colcon.colcon_core.package_identification:_identify(deps/realsense_runtime/root/usr/share/doc) by extension 'colcon_pkg'
[0.170s] Level 1:colcon.colcon_core.package_identification:_identify(deps/realsense_runtime/root/usr/share/doc) by extensions ['colcon_meta']
[0.170s] Level 1:colcon.colcon_core.package_identification:_identify(deps/realsense_runtime/root/usr/share/doc) by extension 'colcon_meta'
[0.170s] Level 1:colcon.colcon_core.package_identification:_identify(deps/realsense_runtime/root/usr/share/doc) by extensions ['ros']
[0.170s] Level 1:colcon.colcon_core.package_identification:_identify(deps/realsense_runtime/root/usr/share/doc) by extension 'ros'
[0.170s] Level 1:colcon.colcon_core.package_identification:_identify(deps/realsense_runtime/root/usr/share/doc) by extensions ['cmake', 'python']
[0.170s] Level 1:colcon.colcon_core.package_identification:_identify(deps/realsense_runtime/root/usr/share/doc) by extension 'cmake'
[0.170s] Level 1:colcon.colcon_core.package_identification:_identify(deps/realsense_runtime/root/usr/share/doc) by extension 'python'
[0.170s] Level 1:colcon.colcon_core.package_identification:_identify(deps/realsense_runtime/root/usr/share/doc) by extensions ['python_setup_py']
[0.170s] Level 1:colcon.colcon_core.package_identification:_identify(deps/realsense_runtime/root/usr/share/doc) by extension 'python_setup_py'
[0.170s] Level 1:colcon.colcon_core.package_identification:_identify(deps/realsense_runtime/root/usr/share/doc/ros-humble-diagnostic-updater) by extensions ['ignore', 'ignore_ament_install']
[0.170s] Level 1:colcon.colcon_core.package_identification:_identify(deps/realsense_runtime/root/usr/share/doc/ros-humble-diagnostic-updater) by extension 'ignore'
[0.170s] Level 1:colcon.colcon_core.package_identification:_identify(deps/realsense_runtime/root/usr/share/doc/ros-humble-diagnostic-updater) by extension 'ignore_ament_install'
[0.170s] Level 1:colcon.colcon_core.package_identification:_identify(deps/realsense_runtime/root/usr/share/doc/ros-humble-diagnostic-updater) by extensions ['colcon_pkg']
[0.170s] Level 1:colcon.colcon_core.package_identification:_identify(deps/realsense_runtime/root/usr/share/doc/ros-humble-diagnostic-updater) by extension 'colcon_pkg'
[0.170s] Level 1:colcon.colcon_core.package_identification:_identify(deps/realsense_runtime/root/usr/share/doc/ros-humble-diagnostic-updater) by extensions ['colcon_meta']
[0.170s] Level 1:colcon.colcon_core.package_identification:_identify(deps/realsense_runtime/root/usr/share/doc/ros-humble-diagnostic-updater) by extension 'colcon_meta'
[0.170s] Level 1:colcon.colcon_core.package_identification:_identify(deps/realsense_runtime/root/usr/share/doc/ros-humble-diagnostic-updater) by extensions ['ros']
[0.170s] Level 1:colcon.colcon_core.package_identification:_identify(deps/realsense_runtime/root/usr/share/doc/ros-humble-diagnostic-updater) by extension 'ros'
[0.170s] Level 1:colcon.colcon_core.package_identification:_identify(deps/realsense_runtime/root/usr/share/doc/ros-humble-diagnostic-updater) by extensions ['cmake', 'python']
[0.170s] Level 1:colcon.colcon_core.package_identification:_identify(deps/realsense_runtime/root/usr/share/doc/ros-humble-diagnostic-updater) by extension 'cmake'
[0.170s] Level 1:colcon.colcon_core.package_identification:_identify(deps/realsense_runtime/root/usr/share/doc/ros-humble-diagnostic-updater) by extension 'python'
[0.170s] Level 1:colcon.colcon_core.package_identification:_identify(deps/realsense_runtime/root/usr/share/doc/ros-humble-diagnostic-updater) by extensions ['python_setup_py']
[0.170s] Level 1:colcon.colcon_core.package_identification:_identify(deps/realsense_runtime/root/usr/share/doc/ros-humble-diagnostic-updater) by extension 'python_setup_py'
[0.170s] Level 1:colcon.colcon_core.package_identification:_identify(deps/realsense_runtime/root/usr/share/doc/ros-humble-librealsense2) by extensions ['ignore', 'ignore_ament_install']
[0.170s] Level 1:colcon.colcon_core.package_identification:_identify(deps/realsense_runtime/root/usr/share/doc/ros-humble-librealsense2) by extension 'ignore'
[0.170s] Level 1:colcon.colcon_core.package_identification:_identify(deps/realsense_runtime/root/usr/share/doc/ros-humble-librealsense2) by extension 'ignore_ament_install'
[0.170s] Level 1:colcon.colcon_core.package_identification:_identify(deps/realsense_runtime/root/usr/share/doc/ros-humble-librealsense2) by extensions ['colcon_pkg']
[0.170s] Level 1:colcon.colcon_core.package_identification:_identify(deps/realsense_runtime/root/usr/share/doc/ros-humble-librealsense2) by extension 'colcon_pkg'
[0.170s] Level 1:colcon.colcon_core.package_identification:_identify(deps/realsense_runtime/root/usr/share/doc/ros-humble-librealsense2) by extensions ['colcon_meta']
[0.170s] Level 1:colcon.colcon_core.package_identification:_identify(deps/realsense_runtime/root/usr/share/doc/ros-humble-librealsense2) by extension 'colcon_meta'
[0.170s] Level 1:colcon.colcon_core.package_identification:_identify(deps/realsense_runtime/root/usr/share/doc/ros-humble-librealsense2) by extensions ['ros']
[0.170s] Level 1:colcon.colcon_core.package_identification:_identify(deps/realsense_runtime/root/usr/share/doc/ros-humble-librealsense2) by extension 'ros'
[0.170s] Level 1:colcon.colcon_core.package_identification:_identify(deps/realsense_runtime/root/usr/share/doc/ros-humble-librealsense2) by extensions ['cmake', 'python']
[0.170s] Level 1:colcon.colcon_core.package_identification:_identify(deps/realsense_runtime/root/usr/share/doc/ros-humble-librealsense2) by extension 'cmake'
[0.170s] Level 1:colcon.colcon_core.package_identification:_identify(deps/realsense_runtime/root/usr/share/doc/ros-humble-librealsense2) by extension 'python'
[0.170s] Level 1:colcon.colcon_core.package_identification:_identify(deps/realsense_runtime/root/usr/share/doc/ros-humble-librealsense2) by extensions ['python_setup_py']
[0.170s] Level 1:colcon.colcon_core.package_identification:_identify(deps/realsense_runtime/root/usr/share/doc/ros-humble-librealsense2) by extension 'python_setup_py'
[0.170s] Level 1:colcon.colcon_core.package_identification:_identify(deps/realsense_runtime/root/usr/share/doc/ros-humble-realsense2-camera-msgs) by extensions ['ignore', 'ignore_ament_install']
[0.171s] Level 1:colcon.colcon_core.package_identification:_identify(deps/realsense_runtime/root/usr/share/doc/ros-humble-realsense2-camera-msgs) by extension 'ignore'
[0.171s] Level 1:colcon.colcon_core.package_identification:_identify(deps/realsense_runtime/root/usr/share/doc/ros-humble-realsense2-camera-msgs) by extension 'ignore_ament_install'
[0.171s] Level 1:colcon.colcon_core.package_identification:_identify(deps/realsense_runtime/root/usr/share/doc/ros-humble-realsense2-camera-msgs) by extensions ['colcon_pkg']
[0.171s] Level 1:colcon.colcon_core.package_identification:_identify(deps/realsense_runtime/root/usr/share/doc/ros-humble-realsense2-camera-msgs) by extension 'colcon_pkg'
[0.171s] Level 1:colcon.colcon_core.package_identification:_identify(deps/realsense_runtime/root/usr/share/doc/ros-humble-realsense2-camera-msgs) by extensions ['colcon_meta']
[0.171s] Level 1:colcon.colcon_core.package_identification:_identify(deps/realsense_runtime/root/usr/share/doc/ros-humble-realsense2-camera-msgs) by extension 'colcon_meta'
[0.171s] Level 1:colcon.colcon_core.package_identification:_identify(deps/realsense_runtime/root/usr/share/doc/ros-humble-realsense2-camera-msgs) by extensions ['ros']
[0.171s] Level 1:colcon.colcon_core.package_identification:_identify(deps/realsense_runtime/root/usr/share/doc/ros-humble-realsense2-camera-msgs) by extension 'ros'
[0.171s] Level 1:colcon.colcon_core.package_identification:_identify(deps/realsense_runtime/root/usr/share/doc/ros-humble-realsense2-camera-msgs) by extensions ['cmake', 'python']
[0.171s] Level 1:colcon.colcon_core.package_identification:_identify(deps/realsense_runtime/root/usr/share/doc/ros-humble-realsense2-camera-msgs) by extension 'cmake'
[0.171s] Level 1:colcon.colcon_core.package_identification:_identify(deps/realsense_runtime/root/usr/share/doc/ros-humble-realsense2-camera-msgs) by extension 'python'
[0.171s] Level 1:colcon.colcon_core.package_identification:_identify(deps/realsense_runtime/root/usr/share/doc/ros-humble-realsense2-camera-msgs) by extensions ['python_setup_py']
[0.171s] Level 1:colcon.colcon_core.package_identification:_identify(deps/realsense_runtime/root/usr/share/doc/ros-humble-realsense2-camera-msgs) by extension 'python_setup_py'
[0.171s] Level 1:colcon.colcon_core.package_identification:_identify(deps/share) by extensions ['ignore', 'ignore_ament_install']
[0.171s] Level 1:colcon.colcon_core.package_identification:_identify(deps/share) by extension 'ignore'
[0.171s] Level 1:colcon.colcon_core.package_identification:_identify(deps/share) by extension 'ignore_ament_install'
[0.171s] Level 1:colcon.colcon_core.package_identification:_identify(deps/share) by extensions ['colcon_pkg']
[0.171s] Level 1:colcon.colcon_core.package_identification:_identify(deps/share) by extension 'colcon_pkg'
[0.171s] Level 1:colcon.colcon_core.package_identification:_identify(deps/share) by extensions ['colcon_meta']
[0.171s] Level 1:colcon.colcon_core.package_identification:_identify(deps/share) by extension 'colcon_meta'
[0.171s] Level 1:colcon.colcon_core.package_identification:_identify(deps/share) by extensions ['ros']
[0.171s] Level 1:colcon.colcon_core.package_identification:_identify(deps/share) by extension 'ros'
[0.171s] Level 1:colcon.colcon_core.package_identification:_identify(deps/share) by extensions ['cmake', 'python']
[0.171s] Level 1:colcon.colcon_core.package_identification:_identify(deps/share) by extension 'cmake'
[0.171s] Level 1:colcon.colcon_core.package_identification:_identify(deps/share) by extension 'python'
[0.171s] Level 1:colcon.colcon_core.package_identification:_identify(deps/share) by extensions ['python_setup_py']
[0.171s] Level 1:colcon.colcon_core.package_identification:_identify(deps/share) by extension 'python_setup_py'
[0.171s] Level 1:colcon.colcon_core.package_identification:_identify(deps/share/sophus) by extensions ['ignore', 'ignore_ament_install']
[0.171s] Level 1:colcon.colcon_core.package_identification:_identify(deps/share/sophus) by extension 'ignore'
[0.171s] Level 1:colcon.colcon_core.package_identification:_identify(deps/share/sophus) by extension 'ignore_ament_install'
[0.171s] Level 1:colcon.colcon_core.package_identification:_identify(deps/share/sophus) by extensions ['colcon_pkg']
[0.171s] Level 1:colcon.colcon_core.package_identification:_identify(deps/share/sophus) by extension 'colcon_pkg'
[0.171s] Level 1:colcon.colcon_core.package_identification:_identify(deps/share/sophus) by extensions ['colcon_meta']
[0.171s] Level 1:colcon.colcon_core.package_identification:_identify(deps/share/sophus) by extension 'colcon_meta'
[0.171s] Level 1:colcon.colcon_core.package_identification:_identify(deps/share/sophus) by extensions ['ros']
[0.171s] Level 1:colcon.colcon_core.package_identification:_identify(deps/share/sophus) by extension 'ros'
[0.171s] Level 1:colcon.colcon_core.package_identification:_identify(deps/share/sophus) by extensions ['cmake', 'python']
[0.171s] Level 1:colcon.colcon_core.package_identification:_identify(deps/share/sophus) by extension 'cmake'
[0.171s] Level 1:colcon.colcon_core.package_identification:_identify(deps/share/sophus) by extension 'python'
[0.171s] Level 1:colcon.colcon_core.package_identification:_identify(deps/share/sophus) by extensions ['python_setup_py']
[0.171s] Level 1:colcon.colcon_core.package_identification:_identify(deps/share/sophus) by extension 'python_setup_py'
[0.171s] Level 1:colcon.colcon_core.package_identification:_identify(deps/share/sophus/cmake) by extensions ['ignore', 'ignore_ament_install']
[0.171s] Level 1:colcon.colcon_core.package_identification:_identify(deps/share/sophus/cmake) by extension 'ignore'
[0.171s] Level 1:colcon.colcon_core.package_identification:_identify(deps/share/sophus/cmake) by extension 'ignore_ament_install'
[0.171s] Level 1:colcon.colcon_core.package_identification:_identify(deps/share/sophus/cmake) by extensions ['colcon_pkg']
[0.171s] Level 1:colcon.colcon_core.package_identification:_identify(deps/share/sophus/cmake) by extension 'colcon_pkg'
[0.171s] Level 1:colcon.colcon_core.package_identification:_identify(deps/share/sophus/cmake) by extensions ['colcon_meta']
[0.171s] Level 1:colcon.colcon_core.package_identification:_identify(deps/share/sophus/cmake) by extension 'colcon_meta'
[0.171s] Level 1:colcon.colcon_core.package_identification:_identify(deps/share/sophus/cmake) by extensions ['ros']
[0.171s] Level 1:colcon.colcon_core.package_identification:_identify(deps/share/sophus/cmake) by extension 'ros'
[0.171s] Level 1:colcon.colcon_core.package_identification:_identify(deps/share/sophus/cmake) by extensions ['cmake', 'python']
[0.171s] Level 1:colcon.colcon_core.package_identification:_identify(deps/share/sophus/cmake) by extension 'cmake'
[0.171s] Level 1:colcon.colcon_core.package_identification:_identify(deps/share/sophus/cmake) by extension 'python'
[0.171s] Level 1:colcon.colcon_core.package_identification:_identify(deps/share/sophus/cmake) by extensions ['python_setup_py']
[0.171s] Level 1:colcon.colcon_core.package_identification:_identify(deps/share/sophus/cmake) by extension 'python_setup_py'
[0.171s] Level 1:colcon.colcon_core.package_identification:_identify(install) by extensions ['ignore', 'ignore_ament_install']
[0.172s] Level 1:colcon.colcon_core.package_identification:_identify(install) by extension 'ignore'
[0.172s] Level 1:colcon.colcon_core.package_identification:_identify(install) ignored
[0.172s] Level 1:colcon.colcon_core.package_identification:_identify(log) by extensions ['ignore', 'ignore_ament_install']
[0.172s] Level 1:colcon.colcon_core.package_identification:_identify(log) by extension 'ignore'
[0.172s] Level 1:colcon.colcon_core.package_identification:_identify(log) ignored
[0.172s] Level 1:colcon.colcon_core.package_identification:_identify(src) by extensions ['ignore', 'ignore_ament_install']
[0.172s] Level 1:colcon.colcon_core.package_identification:_identify(src) by extension 'ignore'
[0.172s] Level 1:colcon.colcon_core.package_identification:_identify(src) by extension 'ignore_ament_install'
[0.172s] Level 1:colcon.colcon_core.package_identification:_identify(src) by extensions ['colcon_pkg']
[0.172s] Level 1:colcon.colcon_core.package_identification:_identify(src) by extension 'colcon_pkg'
[0.172s] Level 1:colcon.colcon_core.package_identification:_identify(src) by extensions ['colcon_meta']
[0.172s] Level 1:colcon.colcon_core.package_identification:_identify(src) by extension 'colcon_meta'
[0.172s] Level 1:colcon.colcon_core.package_identification:_identify(src) by extensions ['ros']
[0.172s] Level 1:colcon.colcon_core.package_identification:_identify(src) by extension 'ros'
[0.172s] Level 1:colcon.colcon_core.package_identification:_identify(src) by extensions ['cmake', 'python']
[0.172s] Level 1:colcon.colcon_core.package_identification:_identify(src) by extension 'cmake'
[0.172s] Level 1:colcon.colcon_core.package_identification:_identify(src) by extension 'python'
[0.172s] Level 1:colcon.colcon_core.package_identification:_identify(src) by extensions ['python_setup_py']
[0.172s] Level 1:colcon.colcon_core.package_identification:_identify(src) by extension 'python_setup_py'
[0.172s] Level 1:colcon.colcon_core.package_identification:_identify(src/orbslam3_ros2) by extensions ['ignore', 'ignore_ament_install']
[0.172s] Level 1:colcon.colcon_core.package_identification:_identify(src/orbslam3_ros2) by extension 'ignore'
[0.172s] Level 1:colcon.colcon_core.package_identification:_identify(src/orbslam3_ros2) by extension 'ignore_ament_install'
[0.172s] Level 1:colcon.colcon_core.package_identification:_identify(src/orbslam3_ros2) by extensions ['colcon_pkg']
[0.172s] Level 1:colcon.colcon_core.package_identification:_identify(src/orbslam3_ros2) by extension 'colcon_pkg'
[0.172s] Level 1:colcon.colcon_core.package_identification:_identify(src/orbslam3_ros2) by extensions ['colcon_meta']
[0.172s] Level 1:colcon.colcon_core.package_identification:_identify(src/orbslam3_ros2) by extension 'colcon_meta'
[0.172s] Level 1:colcon.colcon_core.package_identification:_identify(src/orbslam3_ros2) by extensions ['ros']
[0.172s] Level 1:colcon.colcon_core.package_identification:_identify(src/orbslam3_ros2) by extension 'ros'
[0.172s] DEBUG:colcon.colcon_core.package_identification:Package 'src/orbslam3_ros2' with type 'ros.ament_cmake' and name 'orbslam3'
[0.172s] Level 1:colcon.colcon_core.package_discovery:discover_packages(recursive) using defaults
[0.172s] Level 1:colcon.colcon_core.package_discovery:discover_packages(ignore) discover
[0.173s] Level 1:colcon.colcon_core.package_discovery:discover_packages(ignore) using defaults
[0.173s] Level 1:colcon.colcon_core.package_discovery:discover_packages(path) discover
[0.173s] Level 1:colcon.colcon_core.package_discovery:discover_packages(path) using defaults
[0.187s] INFO:colcon.colcon_core.package_selection:Skipping not selected package 'ORB_SLAM3' in 'ORB_SLAM3'
[0.188s] INFO:colcon.colcon_core.package_selection:Skipping not selected package 'diagnostic_updater' in 'deps/realsense_runtime/root/opt/ros/humble/share/diagnostic_updater'
[0.188s] INFO:colcon.colcon_core.package_selection:Skipping not selected package 'pangolin' in 'Pangolin'
[0.188s] INFO:colcon.colcon_core.package_selection:Skipping not selected package 'realsense2_camera_msgs' in 'deps/realsense_runtime/root/opt/ros/humble/share/realsense2_camera_msgs'
[0.188s] Level 1:colcon.colcon_core.package_discovery:discover_packages(prefix_path) check parameters
[0.188s] Level 1:colcon.colcon_core.package_discovery:discover_packages(prefix_path) discover
[0.189s] DEBUG:colcon.colcon_installed_package_information.package_discovery:Found 344 installed packages in /opt/ros/humble
[0.190s] Level 1:colcon.colcon_core.package_discovery:discover_packages(prefix_path) using defaults
[0.209s] Level 5:colcon.colcon_core.verb:set package 'orbslam3' build argument 'cmake_args' from command line to 'None'
[0.209s] Level 5:colcon.colcon_core.verb:set package 'orbslam3' build argument 'cmake_target' from command line to 'None'
[0.209s] Level 5:colcon.colcon_core.verb:set package 'orbslam3' build argument 'cmake_target_skip_unavailable' from command line to 'False'
[0.209s] Level 5:colcon.colcon_core.verb:set package 'orbslam3' build argument 'cmake_clean_cache' from command line to 'False'
[0.209s] Level 5:colcon.colcon_core.verb:set package 'orbslam3' build argument 'cmake_clean_first' from command line to 'False'
[0.209s] Level 5:colcon.colcon_core.verb:set package 'orbslam3' build argument 'cmake_force_configure' from command line to 'False'
[0.209s] Level 5:colcon.colcon_core.verb:set package 'orbslam3' build argument 'ament_cmake_args' from command line to 'None'
[0.209s] Level 5:colcon.colcon_core.verb:set package 'orbslam3' build argument 'catkin_cmake_args' from command line to 'None'
[0.209s] Level 5:colcon.colcon_core.verb:set package 'orbslam3' build argument 'catkin_skip_building_tests' from command line to 'False'
[0.209s] DEBUG:colcon.colcon_core.verb:Building package 'orbslam3' with the following arguments: {'ament_cmake_args': None, 'build_base': '/home/j/colcon_ws/build/orbslam3', 'catkin_cmake_args': None, 'catkin_skip_building_tests': False, 'cmake_args': None, 'cmake_clean_cache': False, 'cmake_clean_first': False, 'cmake_force_configure': False, 'cmake_target': None, 'cmake_target_skip_unavailable': False, 'install_base': '/home/j/colcon_ws/install/orbslam3', 'merge_install': False, 'path': '/home/j/colcon_ws/src/orbslam3_ros2', 'symlink_install': True, 'test_result_base': None}
[0.209s] INFO:colcon.colcon_core.executor:Executing jobs using 'parallel' executor
[0.210s] DEBUG:colcon.colcon_parallel_executor.executor.parallel:run_until_complete
[0.210s] INFO:colcon.colcon_ros.task.ament_cmake.build:Building ROS package in '/home/j/colcon_ws/src/orbslam3_ros2' with build type 'ament_cmake'
[0.210s] INFO:colcon.colcon_cmake.task.cmake.build:Building CMake package in '/home/j/colcon_ws/src/orbslam3_ros2'
[0.211s] INFO:colcon.colcon_core.plugin_system:Skipping extension 'colcon_core.shell.bat': Not used on non-Windows systems
[0.211s] INFO:colcon.colcon_core.shell:Skip shell extension 'powershell' for command environment: Not usable outside of PowerShell
[0.211s] DEBUG:colcon.colcon_core.shell:Skip shell extension 'dsv' for command environment
[0.217s] DEBUG:colcon.colcon_core.event_handler.log_command:Invoking command in '/home/j/colcon_ws/build/orbslam3': CMAKE_PREFIX_PATH=/opt/ros/humble /usr/bin/cmake --build /home/j/colcon_ws/build/orbslam3 -- -j24 -l24
[0.763s] DEBUG:colcon.colcon_core.event_handler.log_command:Invoked command in '/home/j/colcon_ws/build/orbslam3' returned '0': CMAKE_PREFIX_PATH=/opt/ros/humble /usr/bin/cmake --build /home/j/colcon_ws/build/orbslam3 -- -j24 -l24
[0.768s] DEBUG:colcon.colcon_core.event_handler.log_command:Invoking command in '/home/j/colcon_ws/build/orbslam3': CMAKE_PREFIX_PATH=/opt/ros/humble /usr/bin/cmake --install /home/j/colcon_ws/build/orbslam3
[3.459s] Level 1:colcon.colcon_core.environment:create_environment_scripts_only(orbslam3)
[3.459s] DEBUG:colcon.colcon_core.event_handler.log_command:Invoked command in '/home/j/colcon_ws/build/orbslam3' returned '0': CMAKE_PREFIX_PATH=/opt/ros/humble /usr/bin/cmake --install /home/j/colcon_ws/build/orbslam3
[3.462s] Level 1:colcon.colcon_core.environment:checking '/home/j/colcon_ws/install/orbslam3' for CMake module files
[3.463s] Level 1:colcon.colcon_core.environment:checking '/home/j/colcon_ws/install/orbslam3' for CMake config files
[3.464s] Level 1:colcon.colcon_core.shell:create_environment_hook('orbslam3', 'cmake_prefix_path')
[3.464s] INFO:colcon.colcon_core.shell:Creating environment hook '/home/j/colcon_ws/install/orbslam3/share/orbslam3/hook/cmake_prefix_path.ps1'
[3.465s] INFO:colcon.colcon_core.shell:Creating environment descriptor '/home/j/colcon_ws/install/orbslam3/share/orbslam3/hook/cmake_prefix_path.dsv'
[3.466s] INFO:colcon.colcon_core.shell:Creating environment hook '/home/j/colcon_ws/install/orbslam3/share/orbslam3/hook/cmake_prefix_path.sh'
[3.467s] Level 1:colcon.colcon_core.environment:checking '/home/j/colcon_ws/install/orbslam3/lib'
[3.467s] Level 1:colcon.colcon_core.environment:checking '/home/j/colcon_ws/install/orbslam3/bin'
[3.468s] Level 1:colcon.colcon_core.environment:checking '/home/j/colcon_ws/install/orbslam3/lib/pkgconfig/orbslam3.pc'
[3.468s] Level 1:colcon.colcon_core.environment:checking '/home/j/colcon_ws/install/orbslam3/lib/python3.10/site-packages'
[3.468s] Level 1:colcon.colcon_core.environment:checking '/home/j/colcon_ws/install/orbslam3/bin'
[3.468s] INFO:colcon.colcon_core.shell:Creating package script '/home/j/colcon_ws/install/orbslam3/share/orbslam3/package.ps1'
[3.470s] INFO:colcon.colcon_core.shell:Creating package descriptor '/home/j/colcon_ws/install/orbslam3/share/orbslam3/package.dsv'
[3.470s] INFO:colcon.colcon_core.shell:Creating package script '/home/j/colcon_ws/install/orbslam3/share/orbslam3/package.sh'
[3.471s] INFO:colcon.colcon_core.shell:Creating package script '/home/j/colcon_ws/install/orbslam3/share/orbslam3/package.bash'
[3.472s] INFO:colcon.colcon_core.shell:Creating package script '/home/j/colcon_ws/install/orbslam3/share/orbslam3/package.zsh'
[3.472s] Level 1:colcon.colcon_core.environment:create_file_with_runtime_dependencies(/home/j/colcon_ws/install/orbslam3/share/colcon-core/packages/orbslam3)
[3.473s] Level 1:colcon.colcon_core.environment:create_environment_scripts_only(orbslam3)
[3.473s] Level 1:colcon.colcon_core.environment:checking '/home/j/colcon_ws/install/orbslam3' for CMake module files
[3.474s] Level 1:colcon.colcon_core.environment:checking '/home/j/colcon_ws/install/orbslam3' for CMake config files
[3.474s] Level 1:colcon.colcon_core.shell:create_environment_hook('orbslam3', 'cmake_prefix_path')
[3.474s] INFO:colcon.colcon_core.shell:Creating environment hook '/home/j/colcon_ws/install/orbslam3/share/orbslam3/hook/cmake_prefix_path.ps1'
[3.474s] INFO:colcon.colcon_core.shell:Creating environment descriptor '/home/j/colcon_ws/install/orbslam3/share/orbslam3/hook/cmake_prefix_path.dsv'
[3.475s] INFO:colcon.colcon_core.shell:Creating environment hook '/home/j/colcon_ws/install/orbslam3/share/orbslam3/hook/cmake_prefix_path.sh'
[3.475s] Level 1:colcon.colcon_core.environment:checking '/home/j/colcon_ws/install/orbslam3/lib'
[3.475s] Level 1:colcon.colcon_core.environment:checking '/home/j/colcon_ws/install/orbslam3/bin'
[3.475s] Level 1:colcon.colcon_core.environment:checking '/home/j/colcon_ws/install/orbslam3/lib/pkgconfig/orbslam3.pc'
[3.475s] Level 1:colcon.colcon_core.environment:checking '/home/j/colcon_ws/install/orbslam3/lib/python3.10/site-packages'
[3.476s] Level 1:colcon.colcon_core.environment:checking '/home/j/colcon_ws/install/orbslam3/bin'
[3.476s] INFO:colcon.colcon_core.shell:Creating package script '/home/j/colcon_ws/install/orbslam3/share/orbslam3/package.ps1'
[3.476s] INFO:colcon.colcon_core.shell:Creating package descriptor '/home/j/colcon_ws/install/orbslam3/share/orbslam3/package.dsv'
[3.477s] INFO:colcon.colcon_core.shell:Creating package script '/home/j/colcon_ws/install/orbslam3/share/orbslam3/package.sh'
[3.477s] INFO:colcon.colcon_core.shell:Creating package script '/home/j/colcon_ws/install/orbslam3/share/orbslam3/package.bash'
[3.477s] INFO:colcon.colcon_core.shell:Creating package script '/home/j/colcon_ws/install/orbslam3/share/orbslam3/package.zsh'
[3.477s] Level 1:colcon.colcon_core.environment:create_file_with_runtime_dependencies(/home/j/colcon_ws/install/orbslam3/share/colcon-core/packages/orbslam3)
[3.478s] DEBUG:colcon.colcon_parallel_executor.executor.parallel:closing loop
[3.478s] DEBUG:colcon.colcon_parallel_executor.executor.parallel:loop closed
[3.478s] DEBUG:colcon.colcon_parallel_executor.executor.parallel:run_until_complete finished with '0'
[3.478s] DEBUG:colcon.colcon_core.event_reactor:joining thread
[3.481s] INFO:colcon.colcon_core.plugin_system:Skipping extension 'colcon_notification.desktop_notification.terminal_notifier': Not used on non-Darwin systems
[3.481s] INFO:colcon.colcon_core.plugin_system:Skipping extension 'colcon_notification.desktop_notification.win32': Not used on non-Windows systems
[3.481s] INFO:colcon.colcon_notification.desktop_notification:Sending desktop notification using 'notify2'
[3.497s] DEBUG:colcon.colcon_core.event_reactor:joined thread
[3.497s] INFO:colcon.colcon_core.shell:Creating prefix script '/home/j/colcon_ws/install/local_setup.ps1'
[3.498s] INFO:colcon.colcon_core.shell:Creating prefix util module '/home/j/colcon_ws/install/_local_setup_util_ps1.py'
[3.498s] INFO:colcon.colcon_core.shell:Creating prefix chain script '/home/j/colcon_ws/install/setup.ps1'
[3.499s] INFO:colcon.colcon_core.shell:Creating prefix script '/home/j/colcon_ws/install/local_setup.sh'
[3.499s] INFO:colcon.colcon_core.shell:Creating prefix util module '/home/j/colcon_ws/install/_local_setup_util_sh.py'
[3.499s] INFO:colcon.colcon_core.shell:Creating prefix chain script '/home/j/colcon_ws/install/setup.sh'
[3.500s] INFO:colcon.colcon_core.shell:Creating prefix script '/home/j/colcon_ws/install/local_setup.bash'
[3.500s] INFO:colcon.colcon_core.shell:Creating prefix chain script '/home/j/colcon_ws/install/setup.bash'
[3.500s] INFO:colcon.colcon_core.shell:Creating prefix script '/home/j/colcon_ws/install/local_setup.zsh'
[3.500s] INFO:colcon.colcon_core.shell:Creating prefix chain script '/home/j/colcon_ws/install/setup.zsh'
