[0.009s] Invoking command in '/home/j/colcon_ws/build/orbslam3': CMAKE_PREFIX_PATH=/opt/ros/humble /usr/bin/cmake --build /home/j/colcon_ws/build/orbslam3 -- -j24 -l24
[0.070s] [ 25%] Built target stereo
[0.070s] Consolidate compiler generated dependencies of target stereo-inertial
[0.071s] [ 50%] Built target rgbd
[0.072s] [ 75%] Built target mono
[0.081s] [ 83%] Building CXX object CMakeFiles/stereo-inertial.dir/src/stereo-inertial/stereo-inertial.cpp.o
[0.083s] [ 91%] Building CXX object CMakeFiles/stereo-inertial.dir/src/stereo-inertial/stereo-inertial-node.cpp.o
[2.603s] In file included from /home/j/colcon_ws/ORB_SLAM3/include/Frame.h:30,
[2.603s]                  from /home/j/colcon_ws/ORB_SLAM3/include/KeyFrame.h:28,
[2.603s]                  from /home/j/colcon_ws/ORB_SLAM3/include/MapPoint.h:23,
[2.603s]                  from /home/j/colcon_ws/ORB_SLAM3/include/FrameDrawer.h:24,
[2.603s]                  from /home/j/colcon_ws/ORB_SLAM3/include/Viewer.h:23,
[2.603s]                  from /home/j/colcon_ws/ORB_SLAM3/include/Tracking.h:26,
[2.603s]                  from /home/j/colcon_ws/ORB_SLAM3/include/System.h:31,
[2.603s]                  from /home/j/colcon_ws/src/orbslam3_ros2/src/stereo-inertial/stereo-inertial-node.hpp:10,
[2.603s]                  from /home/j/colcon_ws/src/orbslam3_ros2/src/stereo-inertial/stereo-inertial.cpp:7:
[2.603s] /home/j/colcon_ws/ORB_SLAM3/include/ImuTypes.h: In member function ‘void ORB_SLAM3::IMU::Preintegrated::printMeasurements() const’:
[2.603s] /home/j/colcon_ws/ORB_SLAM3/include/ImuTypes.h:204:23: warning: comparison of integer expressions of different signedness: ‘int’ and ‘std::vector<ORB_SLAM3::IMU::Preintegrated::integrable>::size_type’ {aka ‘long unsigned int’} [-Wsign-compare]
[2.603s]   204 |         for(int i=0; i<mvMeasurements.size(); i++){
[2.604s]       |                      ~^~~~~~~~~~~~~~~~~~~~~~
[2.624s] In file included from /home/j/colcon_ws/ORB_SLAM3/include/Frame.h:30,
[2.624s]                  from /home/j/colcon_ws/ORB_SLAM3/include/KeyFrame.h:28,
[2.624s]                  from /home/j/colcon_ws/ORB_SLAM3/include/MapPoint.h:23,
[2.624s]                  from /home/j/colcon_ws/ORB_SLAM3/include/FrameDrawer.h:24,
[2.624s]                  from /home/j/colcon_ws/ORB_SLAM3/include/Viewer.h:23,
[2.624s]                  from /home/j/colcon_ws/ORB_SLAM3/include/Tracking.h:26,
[2.624s]                  from /home/j/colcon_ws/ORB_SLAM3/include/System.h:31,
[2.624s]                  from /home/j/colcon_ws/src/orbslam3_ros2/src/stereo-inertial/stereo-inertial-node.hpp:10,
[2.624s]                  from /home/j/colcon_ws/src/orbslam3_ros2/src/stereo-inertial/stereo-inertial-node.cpp:1:
[2.624s] /home/j/colcon_ws/ORB_SLAM3/include/ImuTypes.h: In member function ‘void ORB_SLAM3::IMU::Preintegrated::printMeasurements() const’:
[2.624s] /home/j/colcon_ws/ORB_SLAM3/include/ImuTypes.h:204:23: warning: comparison of integer expressions of different signedness: ‘int’ and ‘std::vector<ORB_SLAM3::IMU::Preintegrated::integrable>::size_type’ {aka ‘long unsigned int’} [-Wsign-compare]
[2.624s]   204 |         for(int i=0; i<mvMeasurements.size(); i++){
[2.625s]       |                      ~^~~~~~~~~~~~~~~~~~~~~~
[2.649s] In file included from /home/j/colcon_ws/ORB_SLAM3/Thirdparty/g2o/g2o/types/types_six_dof_expmap.h:37,
[2.650s]                  from /home/j/colcon_ws/ORB_SLAM3/include/Converter.h:26,
[2.650s]                  from /home/j/colcon_ws/ORB_SLAM3/include/Frame.h:33,
[2.650s]                  from /home/j/colcon_ws/ORB_SLAM3/include/KeyFrame.h:28,
[2.650s]                  from /home/j/colcon_ws/ORB_SLAM3/include/MapPoint.h:23,
[2.650s]                  from /home/j/colcon_ws/ORB_SLAM3/include/FrameDrawer.h:24,
[2.650s]                  from /home/j/colcon_ws/ORB_SLAM3/include/Viewer.h:23,
[2.650s]                  from /home/j/colcon_ws/ORB_SLAM3/include/Tracking.h:26,
[2.650s]                  from /home/j/colcon_ws/ORB_SLAM3/include/System.h:31,
[2.650s]                  from /home/j/colcon_ws/src/orbslam3_ros2/src/stereo-inertial/stereo-inertial-node.hpp:10,
[2.650s]                  from /home/j/colcon_ws/src/orbslam3_ros2/src/stereo-inertial/stereo-inertial.cpp:7:
[2.650s] /home/j/colcon_ws/ORB_SLAM3/Thirdparty/g2o/g2o/types/../core/base_vertex.h: At global scope:
[2.650s] /home/j/colcon_ws/ORB_SLAM3/Thirdparty/g2o/g2o/types/../core/base_vertex.h:62:74: warning: ‘Eigen::AlignedBit’ is deprecated [-Wdeprecated-declarations]
[2.650s]    62 |     typedef Eigen::Map<Matrix<double, D, D>, Matrix<double,D,D>::Flags & AlignedBit ? Aligned : Unaligned >  HessianBlockType;
[2.650s]       |                                                                          ^~~~~~~~~~
[2.650s] In file included from /usr/include/eigen3/Eigen/Core:161,
[2.650s]                  from /usr/include/eigen3/Eigen/LU:11,
[2.650s]                  from /home/j/colcon_ws/ORB_SLAM3/Thirdparty/Sophus/sophus/so2.hpp:12,
[2.650s]                  from /home/j/colcon_ws/ORB_SLAM3/Thirdparty/Sophus/sophus/se2.hpp:7,
[2.651s]                  from /home/j/colcon_ws/ORB_SLAM3/Thirdparty/Sophus/sophus/geometry.hpp:7,
[2.651s]                  from /home/j/colcon_ws/ORB_SLAM3/include/Frame.h:28,
[2.651s]                  from /home/j/colcon_ws/ORB_SLAM3/include/KeyFrame.h:28,
[2.651s]                  from /home/j/colcon_ws/ORB_SLAM3/include/MapPoint.h:23,
[2.651s]                  from /home/j/colcon_ws/ORB_SLAM3/include/FrameDrawer.h:24,
[2.651s]                  from /home/j/colcon_ws/ORB_SLAM3/include/Viewer.h:23,
[2.651s]                  from /home/j/colcon_ws/ORB_SLAM3/include/Tracking.h:26,
[2.651s]                  from /home/j/colcon_ws/ORB_SLAM3/include/System.h:31,
[2.651s]                  from /home/j/colcon_ws/src/orbslam3_ros2/src/stereo-inertial/stereo-inertial-node.hpp:10,
[2.651s]                  from /home/j/colcon_ws/src/orbslam3_ros2/src/stereo-inertial/stereo-inertial.cpp:7:
[2.651s] /usr/include/eigen3/Eigen/src/Core/util/Constants.h:167:37: note: declared here
[2.651s]   167 | EIGEN_DEPRECATED const unsigned int AlignedBit = 0x80;
[2.651s]       |                                     ^~~~~~~~~~
[2.661s] In file included from /home/j/colcon_ws/ORB_SLAM3/Thirdparty/g2o/g2o/types/types_six_dof_expmap.h:38,
[2.661s]                  from /home/j/colcon_ws/ORB_SLAM3/include/Converter.h:26,
[2.661s]                  from /home/j/colcon_ws/ORB_SLAM3/include/Frame.h:33,
[2.661s]                  from /home/j/colcon_ws/ORB_SLAM3/include/KeyFrame.h:28,
[2.661s]                  from /home/j/colcon_ws/ORB_SLAM3/include/MapPoint.h:23,
[2.661s]                  from /home/j/colcon_ws/ORB_SLAM3/include/FrameDrawer.h:24,
[2.661s]                  from /home/j/colcon_ws/ORB_SLAM3/include/Viewer.h:23,
[2.661s]                  from /home/j/colcon_ws/ORB_SLAM3/include/Tracking.h:26,
[2.661s]                  from /home/j/colcon_ws/ORB_SLAM3/include/System.h:31,
[2.661s]                  from /home/j/colcon_ws/src/orbslam3_ros2/src/stereo-inertial/stereo-inertial-node.hpp:10,
[2.661s]                  from /home/j/colcon_ws/src/orbslam3_ros2/src/stereo-inertial/stereo-inertial.cpp:7:
[2.661s] /home/j/colcon_ws/ORB_SLAM3/Thirdparty/g2o/g2o/types/../core/base_binary_edge.h:59:82: warning: ‘Eigen::AlignedBit’ is deprecated [-Wdeprecated-declarations]
[2.661s]    59 |       typedef Eigen::Map<Matrix<double, Di, Dj>, Matrix<double, Di, Dj>::Flags & AlignedBit ? Aligned : Unaligned > HessianBlockType;
[2.662s]       |                                                                                  ^~~~~~~~~~
[2.662s] In file included from /usr/include/eigen3/Eigen/Core:161,
[2.662s]                  from /usr/include/eigen3/Eigen/LU:11,
[2.662s]                  from /home/j/colcon_ws/ORB_SLAM3/Thirdparty/Sophus/sophus/so2.hpp:12,
[2.662s]                  from /home/j/colcon_ws/ORB_SLAM3/Thirdparty/Sophus/sophus/se2.hpp:7,
[2.662s]                  from /home/j/colcon_ws/ORB_SLAM3/Thirdparty/Sophus/sophus/geometry.hpp:7,
[2.662s]                  from /home/j/colcon_ws/ORB_SLAM3/include/Frame.h:28,
[2.662s]                  from /home/j/colcon_ws/ORB_SLAM3/include/KeyFrame.h:28,
[2.662s]                  from /home/j/colcon_ws/ORB_SLAM3/include/MapPoint.h:23,
[2.662s]                  from /home/j/colcon_ws/ORB_SLAM3/include/FrameDrawer.h:24,
[2.662s]                  from /home/j/colcon_ws/ORB_SLAM3/include/Viewer.h:23,
[2.662s]                  from /home/j/colcon_ws/ORB_SLAM3/include/Tracking.h:26,
[2.662s]                  from /home/j/colcon_ws/ORB_SLAM3/include/System.h:31,
[2.662s]                  from /home/j/colcon_ws/src/orbslam3_ros2/src/stereo-inertial/stereo-inertial-node.hpp:10,
[2.662s]                  from /home/j/colcon_ws/src/orbslam3_ros2/src/stereo-inertial/stereo-inertial.cpp:7:
[2.662s] /usr/include/eigen3/Eigen/src/Core/util/Constants.h:167:37: note: declared here
[2.662s]   167 | EIGEN_DEPRECATED const unsigned int AlignedBit = 0x80;
[2.662s]       |                                     ^~~~~~~~~~
[2.663s] In file included from /home/j/colcon_ws/ORB_SLAM3/Thirdparty/g2o/g2o/types/types_six_dof_expmap.h:38,
[2.663s]                  from /home/j/colcon_ws/ORB_SLAM3/include/Converter.h:26,
[2.663s]                  from /home/j/colcon_ws/ORB_SLAM3/include/Frame.h:33,
[2.663s]                  from /home/j/colcon_ws/ORB_SLAM3/include/KeyFrame.h:28,
[2.663s]                  from /home/j/colcon_ws/ORB_SLAM3/include/MapPoint.h:23,
[2.663s]                  from /home/j/colcon_ws/ORB_SLAM3/include/FrameDrawer.h:24,
[2.663s]                  from /home/j/colcon_ws/ORB_SLAM3/include/Viewer.h:23,
[2.663s]                  from /home/j/colcon_ws/ORB_SLAM3/include/Tracking.h:26,
[2.663s]                  from /home/j/colcon_ws/ORB_SLAM3/include/System.h:31,
[2.663s]                  from /home/j/colcon_ws/src/orbslam3_ros2/src/stereo-inertial/stereo-inertial-node.hpp:10,
[2.663s]                  from /home/j/colcon_ws/src/orbslam3_ros2/src/stereo-inertial/stereo-inertial.cpp:7:
[2.663s] /home/j/colcon_ws/ORB_SLAM3/Thirdparty/g2o/g2o/types/../core/base_binary_edge.h:60:82: warning: ‘Eigen::AlignedBit’ is deprecated [-Wdeprecated-declarations]
[2.663s]    60 |       typedef Eigen::Map<Matrix<double, Dj, Di>, Matrix<double, Dj, Di>::Flags & AlignedBit ? Aligned : Unaligned > HessianBlockTransposedType;
[2.663s]       |                                                                                  ^~~~~~~~~~
[2.663s] In file included from /usr/include/eigen3/Eigen/Core:161,
[2.663s]                  from /usr/include/eigen3/Eigen/LU:11,
[2.663s]                  from /home/j/colcon_ws/ORB_SLAM3/Thirdparty/Sophus/sophus/so2.hpp:12,
[2.663s]                  from /home/j/colcon_ws/ORB_SLAM3/Thirdparty/Sophus/sophus/se2.hpp:7,
[2.663s]                  from /home/j/colcon_ws/ORB_SLAM3/Thirdparty/Sophus/sophus/geometry.hpp:7,
[2.664s]                  from /home/j/colcon_ws/ORB_SLAM3/include/Frame.h:28,
[2.664s]                  from /home/j/colcon_ws/ORB_SLAM3/include/KeyFrame.h:28,
[2.664s]                  from /home/j/colcon_ws/ORB_SLAM3/include/MapPoint.h:23,
[2.664s]                  from /home/j/colcon_ws/ORB_SLAM3/include/FrameDrawer.h:24,
[2.664s]                  from /home/j/colcon_ws/ORB_SLAM3/include/Viewer.h:23,
[2.664s]                  from /home/j/colcon_ws/ORB_SLAM3/include/Tracking.h:26,
[2.664s]                  from /home/j/colcon_ws/ORB_SLAM3/include/System.h:31,
[2.664s]                  from /home/j/colcon_ws/src/orbslam3_ros2/src/stereo-inertial/stereo-inertial-node.hpp:10,
[2.664s]                  from /home/j/colcon_ws/src/orbslam3_ros2/src/stereo-inertial/stereo-inertial.cpp:7:
[2.664s] /usr/include/eigen3/Eigen/src/Core/util/Constants.h:167:37: note: declared here
[2.664s]   167 | EIGEN_DEPRECATED const unsigned int AlignedBit = 0x80;
[2.664s]       |                                     ^~~~~~~~~~
[2.670s] In file included from /home/j/colcon_ws/ORB_SLAM3/Thirdparty/g2o/g2o/types/types_six_dof_expmap.h:37,
[2.670s]                  from /home/j/colcon_ws/ORB_SLAM3/include/Converter.h:26,
[2.671s]                  from /home/j/colcon_ws/ORB_SLAM3/include/Frame.h:33,
[2.671s]                  from /home/j/colcon_ws/ORB_SLAM3/include/KeyFrame.h:28,
[2.671s]                  from /home/j/colcon_ws/ORB_SLAM3/include/MapPoint.h:23,
[2.671s]                  from /home/j/colcon_ws/ORB_SLAM3/include/FrameDrawer.h:24,
[2.671s]                  from /home/j/colcon_ws/ORB_SLAM3/include/Viewer.h:23,
[2.671s]                  from /home/j/colcon_ws/ORB_SLAM3/include/Tracking.h:26,
[2.671s]                  from /home/j/colcon_ws/ORB_SLAM3/include/System.h:31,
[2.671s]                  from /home/j/colcon_ws/src/orbslam3_ros2/src/stereo-inertial/stereo-inertial-node.hpp:10,
[2.671s]                  from /home/j/colcon_ws/src/orbslam3_ros2/src/stereo-inertial/stereo-inertial-node.cpp:1:
[2.671s] /home/j/colcon_ws/ORB_SLAM3/Thirdparty/g2o/g2o/types/../core/base_vertex.h: At global scope:
[2.671s] /home/j/colcon_ws/ORB_SLAM3/Thirdparty/g2o/g2o/types/../core/base_vertex.h:62:74: warning: ‘Eigen::AlignedBit’ is deprecated [-Wdeprecated-declarations]
[2.671s]    62 |     typedef Eigen::Map<Matrix<double, D, D>, Matrix<double,D,D>::Flags & AlignedBit ? Aligned : Unaligned >  HessianBlockType;
[2.671s]       |                                                                          ^~~~~~~~~~
[2.671s] In file included from /usr/include/eigen3/Eigen/Core:161,
[2.671s]                  from /usr/include/eigen3/Eigen/LU:11,
[2.671s]                  from /home/j/colcon_ws/ORB_SLAM3/Thirdparty/Sophus/sophus/so2.hpp:12,
[2.671s]                  from /home/j/colcon_ws/ORB_SLAM3/Thirdparty/Sophus/sophus/se2.hpp:7,
[2.671s]                  from /home/j/colcon_ws/ORB_SLAM3/Thirdparty/Sophus/sophus/geometry.hpp:7,
[2.671s]                  from /home/j/colcon_ws/ORB_SLAM3/include/Frame.h:28,
[2.672s]                  from /home/j/colcon_ws/ORB_SLAM3/include/KeyFrame.h:28,
[2.672s]                  from /home/j/colcon_ws/ORB_SLAM3/include/MapPoint.h:23,
[2.672s]                  from /home/j/colcon_ws/ORB_SLAM3/include/FrameDrawer.h:24,
[2.672s]                  from /home/j/colcon_ws/ORB_SLAM3/include/Viewer.h:23,
[2.672s]                  from /home/j/colcon_ws/ORB_SLAM3/include/Tracking.h:26,
[2.672s]                  from /home/j/colcon_ws/ORB_SLAM3/include/System.h:31,
[2.672s]                  from /home/j/colcon_ws/src/orbslam3_ros2/src/stereo-inertial/stereo-inertial-node.hpp:10,
[2.672s]                  from /home/j/colcon_ws/src/orbslam3_ros2/src/stereo-inertial/stereo-inertial-node.cpp:1:
[2.672s] /usr/include/eigen3/Eigen/src/Core/util/Constants.h:167:37: note: declared here
[2.672s]   167 | EIGEN_DEPRECATED const unsigned int AlignedBit = 0x80;
[2.672s]       |                                     ^~~~~~~~~~
[2.682s] In file included from /home/j/colcon_ws/ORB_SLAM3/Thirdparty/g2o/g2o/types/types_six_dof_expmap.h:38,
[2.682s]                  from /home/j/colcon_ws/ORB_SLAM3/include/Converter.h:26,
[2.682s]                  from /home/j/colcon_ws/ORB_SLAM3/include/Frame.h:33,
[2.682s]                  from /home/j/colcon_ws/ORB_SLAM3/include/KeyFrame.h:28,
[2.682s]                  from /home/j/colcon_ws/ORB_SLAM3/include/MapPoint.h:23,
[2.682s]                  from /home/j/colcon_ws/ORB_SLAM3/include/FrameDrawer.h:24,
[2.682s]                  from /home/j/colcon_ws/ORB_SLAM3/include/Viewer.h:23,
[2.682s]                  from /home/j/colcon_ws/ORB_SLAM3/include/Tracking.h:26,
[2.682s]                  from /home/j/colcon_ws/ORB_SLAM3/include/System.h:31,
[2.682s]                  from /home/j/colcon_ws/src/orbslam3_ros2/src/stereo-inertial/stereo-inertial-node.hpp:10,
[2.682s]                  from /home/j/colcon_ws/src/orbslam3_ros2/src/stereo-inertial/stereo-inertial-node.cpp:1:
[2.682s] /home/j/colcon_ws/ORB_SLAM3/Thirdparty/g2o/g2o/types/../core/base_binary_edge.h:59:82: warning: ‘Eigen::AlignedBit’ is deprecated [-Wdeprecated-declarations]
[2.682s]    59 |       typedef Eigen::Map<Matrix<double, Di, Dj>, Matrix<double, Di, Dj>::Flags & AlignedBit ? Aligned : Unaligned > HessianBlockType;
[2.682s]       |                                                                                  ^~~~~~~~~~
[2.682s] In file included from /usr/include/eigen3/Eigen/Core:161,
[2.682s]                  from /usr/include/eigen3/Eigen/LU:11,
[2.682s]                  from /home/j/colcon_ws/ORB_SLAM3/Thirdparty/Sophus/sophus/so2.hpp:12,
[2.682s]                  from /home/j/colcon_ws/ORB_SLAM3/Thirdparty/Sophus/sophus/se2.hpp:7,
[2.682s]                  from /home/j/colcon_ws/ORB_SLAM3/Thirdparty/Sophus/sophus/geometry.hpp:7,
[2.682s]                  from /home/j/colcon_ws/ORB_SLAM3/include/Frame.h:28,
[2.682s]                  from /home/j/colcon_ws/ORB_SLAM3/include/KeyFrame.h:28,
[2.682s]                  from /home/j/colcon_ws/ORB_SLAM3/include/MapPoint.h:23,
[2.682s]                  from /home/j/colcon_ws/ORB_SLAM3/include/FrameDrawer.h:24,
[2.682s]                  from /home/j/colcon_ws/ORB_SLAM3/include/Viewer.h:23,
[2.682s]                  from /home/j/colcon_ws/ORB_SLAM3/include/Tracking.h:26,
[2.682s]                  from /home/j/colcon_ws/ORB_SLAM3/include/System.h:31,
[2.682s]                  from /home/j/colcon_ws/src/orbslam3_ros2/src/stereo-inertial/stereo-inertial-node.hpp:10,
[2.682s]                  from /home/j/colcon_ws/src/orbslam3_ros2/src/stereo-inertial/stereo-inertial-node.cpp:1:
[2.682s] /usr/include/eigen3/Eigen/src/Core/util/Constants.h:167:37: note: declared here
[2.682s]   167 | EIGEN_DEPRECATED const unsigned int AlignedBit = 0x80;
[2.682s]       |                                     ^~~~~~~~~~
[2.682s] In file included from /home/j/colcon_ws/ORB_SLAM3/Thirdparty/g2o/g2o/types/types_six_dof_expmap.h:38,
[2.682s]                  from /home/j/colcon_ws/ORB_SLAM3/include/Converter.h:26,
[2.682s]                  from /home/j/colcon_ws/ORB_SLAM3/include/Frame.h:33,
[2.683s]                  from /home/j/colcon_ws/ORB_SLAM3/include/KeyFrame.h:28,
[2.683s]                  from /home/j/colcon_ws/ORB_SLAM3/include/MapPoint.h:23,
[2.683s]                  from /home/j/colcon_ws/ORB_SLAM3/include/FrameDrawer.h:24,
[2.683s]                  from /home/j/colcon_ws/ORB_SLAM3/include/Viewer.h:23,
[2.683s]                  from /home/j/colcon_ws/ORB_SLAM3/include/Tracking.h:26,
[2.683s]                  from /home/j/colcon_ws/ORB_SLAM3/include/System.h:31,
[2.683s]                  from /home/j/colcon_ws/src/orbslam3_ros2/src/stereo-inertial/stereo-inertial-node.hpp:10,
[2.683s]                  from /home/j/colcon_ws/src/orbslam3_ros2/src/stereo-inertial/stereo-inertial-node.cpp:1:
[2.683s] /home/j/colcon_ws/ORB_SLAM3/Thirdparty/g2o/g2o/types/../core/base_binary_edge.h:60:82: warning: ‘Eigen::AlignedBit’ is deprecated [-Wdeprecated-declarations]
[2.683s]    60 |       typedef Eigen::Map<Matrix<double, Dj, Di>, Matrix<double, Dj, Di>::Flags & AlignedBit ? Aligned : Unaligned > HessianBlockTransposedType;
[2.683s]       |                                                                                  ^~~~~~~~~~
[2.683s] In file included from /usr/include/eigen3/Eigen/Core:161,
[2.683s]                  from /usr/include/eigen3/Eigen/LU:11,
[2.683s]                  from /home/j/colcon_ws/ORB_SLAM3/Thirdparty/Sophus/sophus/so2.hpp:12,
[2.683s]                  from /home/j/colcon_ws/ORB_SLAM3/Thirdparty/Sophus/sophus/se2.hpp:7,
[2.683s]                  from /home/j/colcon_ws/ORB_SLAM3/Thirdparty/Sophus/sophus/geometry.hpp:7,
[2.683s]                  from /home/j/colcon_ws/ORB_SLAM3/include/Frame.h:28,
[2.683s]                  from /home/j/colcon_ws/ORB_SLAM3/include/KeyFrame.h:28,
[2.683s]                  from /home/j/colcon_ws/ORB_SLAM3/include/MapPoint.h:23,
[2.683s]                  from /home/j/colcon_ws/ORB_SLAM3/include/FrameDrawer.h:24,
[2.683s]                  from /home/j/colcon_ws/ORB_SLAM3/include/Viewer.h:23,
[2.683s]                  from /home/j/colcon_ws/ORB_SLAM3/include/Tracking.h:26,
[2.683s]                  from /home/j/colcon_ws/ORB_SLAM3/include/System.h:31,
[2.683s]                  from /home/j/colcon_ws/src/orbslam3_ros2/src/stereo-inertial/stereo-inertial-node.hpp:10,
[2.683s]                  from /home/j/colcon_ws/src/orbslam3_ros2/src/stereo-inertial/stereo-inertial-node.cpp:1:
[2.683s] /usr/include/eigen3/Eigen/src/Core/util/Constants.h:167:37: note: declared here
[2.683s]   167 | EIGEN_DEPRECATED const unsigned int AlignedBit = 0x80;
[2.683s]       |                                     ^~~~~~~~~~
[2.684s] In file included from /home/j/colcon_ws/ORB_SLAM3/Thirdparty/g2o/g2o/types/types_six_dof_expmap.h:41,
[2.684s]                  from /home/j/colcon_ws/ORB_SLAM3/include/Converter.h:26,
[2.684s]                  from /home/j/colcon_ws/ORB_SLAM3/include/Frame.h:33,
[2.684s]                  from /home/j/colcon_ws/ORB_SLAM3/include/KeyFrame.h:28,
[2.684s]                  from /home/j/colcon_ws/ORB_SLAM3/include/MapPoint.h:23,
[2.684s]                  from /home/j/colcon_ws/ORB_SLAM3/include/FrameDrawer.h:24,
[2.684s]                  from /home/j/colcon_ws/ORB_SLAM3/include/Viewer.h:23,
[2.684s]                  from /home/j/colcon_ws/ORB_SLAM3/include/Tracking.h:26,
[2.684s]                  from /home/j/colcon_ws/ORB_SLAM3/include/System.h:31,
[2.684s]                  from /home/j/colcon_ws/src/orbslam3_ros2/src/stereo-inertial/stereo-inertial-node.hpp:10,
[2.684s]                  from /home/j/colcon_ws/src/orbslam3_ros2/src/stereo-inertial/stereo-inertial.cpp:7:
[2.684s] /home/j/colcon_ws/ORB_SLAM3/Thirdparty/g2o/g2o/types/se3quat.h:43:38: warning: extra ‘;’ [-Wpedantic]
[2.684s]    43 |       EIGEN_MAKE_ALIGNED_OPERATOR_NEW;
[2.684s]       |                                      ^
[2.684s]       |                                      -
[2.705s] In file included from /home/j/colcon_ws/ORB_SLAM3/Thirdparty/g2o/g2o/types/types_six_dof_expmap.h:41,
[2.705s]                  from /home/j/colcon_ws/ORB_SLAM3/include/Converter.h:26,
[2.705s]                  from /home/j/colcon_ws/ORB_SLAM3/include/Frame.h:33,
[2.705s]                  from /home/j/colcon_ws/ORB_SLAM3/include/KeyFrame.h:28,
[2.705s]                  from /home/j/colcon_ws/ORB_SLAM3/include/MapPoint.h:23,
[2.705s]                  from /home/j/colcon_ws/ORB_SLAM3/include/FrameDrawer.h:24,
[2.705s]                  from /home/j/colcon_ws/ORB_SLAM3/include/Viewer.h:23,
[2.706s]                  from /home/j/colcon_ws/ORB_SLAM3/include/Tracking.h:26,
[2.706s]                  from /home/j/colcon_ws/ORB_SLAM3/include/System.h:31,
[2.706s]                  from /home/j/colcon_ws/src/orbslam3_ros2/src/stereo-inertial/stereo-inertial-node.hpp:10,
[2.706s]                  from /home/j/colcon_ws/src/orbslam3_ros2/src/stereo-inertial/stereo-inertial-node.cpp:1:
[2.706s] /home/j/colcon_ws/ORB_SLAM3/Thirdparty/g2o/g2o/types/se3quat.h:43:38: warning: extra ‘;’ [-Wpedantic]
[2.706s]    43 |       EIGEN_MAKE_ALIGNED_OPERATOR_NEW;
[2.706s]       |                                      ^
[2.706s]       |                                      -
[2.874s] In file included from /home/j/colcon_ws/ORB_SLAM3/Thirdparty/g2o/g2o/types/types_six_dof_expmap.h:37,
[2.874s]                  from /home/j/colcon_ws/ORB_SLAM3/include/Converter.h:26,
[2.874s]                  from /home/j/colcon_ws/ORB_SLAM3/include/Frame.h:33,
[2.874s]                  from /home/j/colcon_ws/ORB_SLAM3/include/KeyFrame.h:28,
[2.874s]                  from /home/j/colcon_ws/ORB_SLAM3/include/MapPoint.h:23,
[2.874s]                  from /home/j/colcon_ws/ORB_SLAM3/include/FrameDrawer.h:24,
[2.874s]                  from /home/j/colcon_ws/ORB_SLAM3/include/Viewer.h:23,
[2.875s]                  from /home/j/colcon_ws/ORB_SLAM3/include/Tracking.h:26,
[2.875s]                  from /home/j/colcon_ws/ORB_SLAM3/include/System.h:31,
[2.875s]                  from /home/j/colcon_ws/src/orbslam3_ros2/src/stereo-inertial/stereo-inertial-node.hpp:10,
[2.875s]                  from /home/j/colcon_ws/src/orbslam3_ros2/src/stereo-inertial/stereo-inertial.cpp:7:
[2.875s] /home/j/colcon_ws/ORB_SLAM3/Thirdparty/g2o/g2o/types/../core/base_vertex.h: In instantiation of ‘class g2o::BaseVertex<3, Eigen::Matrix<double, 3, 1> >’:
[2.875s] /home/j/colcon_ws/ORB_SLAM3/Thirdparty/g2o/g2o/types/types_sba.h:40:35:   required from here
[2.875s] /home/j/colcon_ws/ORB_SLAM3/Thirdparty/g2o/g2o/types/../core/base_vertex.h:62:72: warning: ‘Eigen::AlignedBit’ is deprecated [-Wdeprecated-declarations]
[2.875s]    62 |     typedef Eigen::Map<Matrix<double, D, D>, Matrix<double,D,D>::Flags & AlignedBit ? Aligned : Unaligned >  HessianBlockType;
[2.875s]       |                                                                  ~~~~~~^~~~~~~~~~~~
[2.875s] In file included from /usr/include/eigen3/Eigen/Core:161,
[2.875s]                  from /usr/include/eigen3/Eigen/LU:11,
[2.875s]                  from /home/j/colcon_ws/ORB_SLAM3/Thirdparty/Sophus/sophus/so2.hpp:12,
[2.875s]                  from /home/j/colcon_ws/ORB_SLAM3/Thirdparty/Sophus/sophus/se2.hpp:7,
[2.875s]                  from /home/j/colcon_ws/ORB_SLAM3/Thirdparty/Sophus/sophus/geometry.hpp:7,
[2.875s]                  from /home/j/colcon_ws/ORB_SLAM3/include/Frame.h:28,
[2.875s]                  from /home/j/colcon_ws/ORB_SLAM3/include/KeyFrame.h:28,
[2.875s]                  from /home/j/colcon_ws/ORB_SLAM3/include/MapPoint.h:23,
[2.875s]                  from /home/j/colcon_ws/ORB_SLAM3/include/FrameDrawer.h:24,
[2.875s]                  from /home/j/colcon_ws/ORB_SLAM3/include/Viewer.h:23,
[2.875s]                  from /home/j/colcon_ws/ORB_SLAM3/include/Tracking.h:26,
[2.875s]                  from /home/j/colcon_ws/ORB_SLAM3/include/System.h:31,
[2.875s]                  from /home/j/colcon_ws/src/orbslam3_ros2/src/stereo-inertial/stereo-inertial-node.hpp:10,
[2.875s]                  from /home/j/colcon_ws/src/orbslam3_ros2/src/stereo-inertial/stereo-inertial.cpp:7:
[2.875s] /usr/include/eigen3/Eigen/src/Core/util/Constants.h:167:37: note: declared here
[2.875s]   167 | EIGEN_DEPRECATED const unsigned int AlignedBit = 0x80;
[2.875s]       |                                     ^~~~~~~~~~
[2.889s] In file included from /home/j/colcon_ws/ORB_SLAM3/Thirdparty/g2o/g2o/types/types_six_dof_expmap.h:37,
[2.889s]                  from /home/j/colcon_ws/ORB_SLAM3/include/Converter.h:26,
[2.889s]                  from /home/j/colcon_ws/ORB_SLAM3/include/Frame.h:33,
[2.889s]                  from /home/j/colcon_ws/ORB_SLAM3/include/KeyFrame.h:28,
[2.889s]                  from /home/j/colcon_ws/ORB_SLAM3/include/MapPoint.h:23,
[2.889s]                  from /home/j/colcon_ws/ORB_SLAM3/include/FrameDrawer.h:24,
[2.889s]                  from /home/j/colcon_ws/ORB_SLAM3/include/Viewer.h:23,
[2.889s]                  from /home/j/colcon_ws/ORB_SLAM3/include/Tracking.h:26,
[2.889s]                  from /home/j/colcon_ws/ORB_SLAM3/include/System.h:31,
[2.889s]                  from /home/j/colcon_ws/src/orbslam3_ros2/src/stereo-inertial/stereo-inertial-node.hpp:10,
[2.889s]                  from /home/j/colcon_ws/src/orbslam3_ros2/src/stereo-inertial/stereo-inertial.cpp:7:
[2.889s] /home/j/colcon_ws/ORB_SLAM3/Thirdparty/g2o/g2o/types/../core/base_vertex.h: In instantiation of ‘class g2o::BaseVertex<6, g2o::SE3Quat>’:
[2.889s] /home/j/colcon_ws/ORB_SLAM3/Thirdparty/g2o/g2o/types/types_six_dof_expmap.h:59:33:   required from here
[2.889s] /home/j/colcon_ws/ORB_SLAM3/Thirdparty/g2o/g2o/types/../core/base_vertex.h:62:72: warning: ‘Eigen::AlignedBit’ is deprecated [-Wdeprecated-declarations]
[2.889s]    62 |     typedef Eigen::Map<Matrix<double, D, D>, Matrix<double,D,D>::Flags & AlignedBit ? Aligned : Unaligned >  HessianBlockType;
[2.889s]       |                                                                  ~~~~~~^~~~~~~~~~~~
[2.889s] In file included from /usr/include/eigen3/Eigen/Core:161,
[2.889s]                  from /usr/include/eigen3/Eigen/LU:11,
[2.889s]                  from /home/j/colcon_ws/ORB_SLAM3/Thirdparty/Sophus/sophus/so2.hpp:12,
[2.889s]                  from /home/j/colcon_ws/ORB_SLAM3/Thirdparty/Sophus/sophus/se2.hpp:7,
[2.889s]                  from /home/j/colcon_ws/ORB_SLAM3/Thirdparty/Sophus/sophus/geometry.hpp:7,
[2.889s]                  from /home/j/colcon_ws/ORB_SLAM3/include/Frame.h:28,
[2.889s]                  from /home/j/colcon_ws/ORB_SLAM3/include/KeyFrame.h:28,
[2.889s]                  from /home/j/colcon_ws/ORB_SLAM3/include/MapPoint.h:23,
[2.889s]                  from /home/j/colcon_ws/ORB_SLAM3/include/FrameDrawer.h:24,
[2.889s]                  from /home/j/colcon_ws/ORB_SLAM3/include/Viewer.h:23,
[2.889s]                  from /home/j/colcon_ws/ORB_SLAM3/include/Tracking.h:26,
[2.889s]                  from /home/j/colcon_ws/ORB_SLAM3/include/System.h:31,
[2.889s]                  from /home/j/colcon_ws/src/orbslam3_ros2/src/stereo-inertial/stereo-inertial-node.hpp:10,
[2.889s]                  from /home/j/colcon_ws/src/orbslam3_ros2/src/stereo-inertial/stereo-inertial.cpp:7:
[2.889s] /usr/include/eigen3/Eigen/src/Core/util/Constants.h:167:37: note: declared here
[2.889s]   167 | EIGEN_DEPRECATED const unsigned int AlignedBit = 0x80;
[2.889s]       |                                     ^~~~~~~~~~
[2.899s] In file included from /home/j/colcon_ws/ORB_SLAM3/Thirdparty/g2o/g2o/types/types_six_dof_expmap.h:37,
[2.899s]                  from /home/j/colcon_ws/ORB_SLAM3/include/Converter.h:26,
[2.899s]                  from /home/j/colcon_ws/ORB_SLAM3/include/Frame.h:33,
[2.899s]                  from /home/j/colcon_ws/ORB_SLAM3/include/KeyFrame.h:28,
[2.899s]                  from /home/j/colcon_ws/ORB_SLAM3/include/MapPoint.h:23,
[2.899s]                  from /home/j/colcon_ws/ORB_SLAM3/include/FrameDrawer.h:24,
[2.899s]                  from /home/j/colcon_ws/ORB_SLAM3/include/Viewer.h:23,
[2.899s]                  from /home/j/colcon_ws/ORB_SLAM3/include/Tracking.h:26,
[2.899s]                  from /home/j/colcon_ws/ORB_SLAM3/include/System.h:31,
[2.899s]                  from /home/j/colcon_ws/src/orbslam3_ros2/src/stereo-inertial/stereo-inertial-node.hpp:10,
[2.899s]                  from /home/j/colcon_ws/src/orbslam3_ros2/src/stereo-inertial/stereo-inertial-node.cpp:1:
[2.899s] /home/j/colcon_ws/ORB_SLAM3/Thirdparty/g2o/g2o/types/../core/base_vertex.h: In instantiation of ‘class g2o::BaseVertex<3, Eigen::Matrix<double, 3, 1> >’:
[2.899s] /home/j/colcon_ws/ORB_SLAM3/Thirdparty/g2o/g2o/types/types_sba.h:40:35:   required from here
[2.899s] /home/j/colcon_ws/ORB_SLAM3/Thirdparty/g2o/g2o/types/../core/base_vertex.h:62:72: warning: ‘Eigen::AlignedBit’ is deprecated [-Wdeprecated-declarations]
[2.899s]    62 |     typedef Eigen::Map<Matrix<double, D, D>, Matrix<double,D,D>::Flags & AlignedBit ? Aligned : Unaligned >  HessianBlockType;
[2.899s]       |                                                                  ~~~~~~^~~~~~~~~~~~
[2.899s] In file included from /usr/include/eigen3/Eigen/Core:161,
[2.899s]                  from /usr/include/eigen3/Eigen/LU:11,
[2.899s]                  from /home/j/colcon_ws/ORB_SLAM3/Thirdparty/Sophus/sophus/so2.hpp:12,
[2.899s]                  from /home/j/colcon_ws/ORB_SLAM3/Thirdparty/Sophus/sophus/se2.hpp:7,
[2.899s]                  from /home/j/colcon_ws/ORB_SLAM3/Thirdparty/Sophus/sophus/geometry.hpp:7,
[2.899s]                  from /home/j/colcon_ws/ORB_SLAM3/include/Frame.h:28,
[2.899s]                  from /home/j/colcon_ws/ORB_SLAM3/include/KeyFrame.h:28,
[2.899s]                  from /home/j/colcon_ws/ORB_SLAM3/include/MapPoint.h:23,
[2.899s]                  from /home/j/colcon_ws/ORB_SLAM3/include/FrameDrawer.h:24,
[2.899s]                  from /home/j/colcon_ws/ORB_SLAM3/include/Viewer.h:23,
[2.899s]                  from /home/j/colcon_ws/ORB_SLAM3/include/Tracking.h:26,
[2.899s]                  from /home/j/colcon_ws/ORB_SLAM3/include/System.h:31,
[2.899s]                  from /home/j/colcon_ws/src/orbslam3_ros2/src/stereo-inertial/stereo-inertial-node.hpp:10,
[2.899s]                  from /home/j/colcon_ws/src/orbslam3_ros2/src/stereo-inertial/stereo-inertial-node.cpp:1:
[2.899s] /usr/include/eigen3/Eigen/src/Core/util/Constants.h:167:37: note: declared here
[2.899s]   167 | EIGEN_DEPRECATED const unsigned int AlignedBit = 0x80;
[2.899s]       |                                     ^~~~~~~~~~
[2.904s] In file included from /home/j/colcon_ws/ORB_SLAM3/Thirdparty/g2o/g2o/types/types_six_dof_expmap.h:38,
[2.904s]                  from /home/j/colcon_ws/ORB_SLAM3/include/Converter.h:26,
[2.904s]                  from /home/j/colcon_ws/ORB_SLAM3/include/Frame.h:33,
[2.904s]                  from /home/j/colcon_ws/ORB_SLAM3/include/KeyFrame.h:28,
[2.904s]                  from /home/j/colcon_ws/ORB_SLAM3/include/MapPoint.h:23,
[2.904s]                  from /home/j/colcon_ws/ORB_SLAM3/include/FrameDrawer.h:24,
[2.904s]                  from /home/j/colcon_ws/ORB_SLAM3/include/Viewer.h:23,
[2.904s]                  from /home/j/colcon_ws/ORB_SLAM3/include/Tracking.h:26,
[2.904s]                  from /home/j/colcon_ws/ORB_SLAM3/include/System.h:31,
[2.904s]                  from /home/j/colcon_ws/src/orbslam3_ros2/src/stereo-inertial/stereo-inertial-node.hpp:10,
[2.904s]                  from /home/j/colcon_ws/src/orbslam3_ros2/src/stereo-inertial/stereo-inertial.cpp:7:
[2.904s] /home/j/colcon_ws/ORB_SLAM3/Thirdparty/g2o/g2o/types/../core/base_binary_edge.h: In instantiation of ‘class g2o::BaseBinaryEdge<6, g2o::SE3Quat, g2o::VertexSE3Expmap, g2o::VertexSE3Expmap>’:
[2.904s] /home/j/colcon_ws/ORB_SLAM3/Thirdparty/g2o/g2o/types/types_six_dof_expmap.h:83:24:   required from here
[2.904s] /home/j/colcon_ws/ORB_SLAM3/Thirdparty/g2o/g2o/types/../core/base_binary_edge.h:59:80: warning: ‘Eigen::AlignedBit’ is deprecated [-Wdeprecated-declarations]
[2.904s]    59 |       typedef Eigen::Map<Matrix<double, Di, Dj>, Matrix<double, Di, Dj>::Flags & AlignedBit ? Aligned : Unaligned > HessianBlockType;
[2.904s]       |                                                                          ~~~~~~^~~~~~~~~~~~
[2.905s] In file included from /usr/include/eigen3/Eigen/Core:161,
[2.905s]                  from /usr/include/eigen3/Eigen/LU:11,
[2.905s]                  from /home/j/colcon_ws/ORB_SLAM3/Thirdparty/Sophus/sophus/so2.hpp:12,
[2.905s]                  from /home/j/colcon_ws/ORB_SLAM3/Thirdparty/Sophus/sophus/se2.hpp:7,
[2.905s]                  from /home/j/colcon_ws/ORB_SLAM3/Thirdparty/Sophus/sophus/geometry.hpp:7,
[2.905s]                  from /home/j/colcon_ws/ORB_SLAM3/include/Frame.h:28,
[2.905s]                  from /home/j/colcon_ws/ORB_SLAM3/include/KeyFrame.h:28,
[2.905s]                  from /home/j/colcon_ws/ORB_SLAM3/include/MapPoint.h:23,
[2.905s]                  from /home/j/colcon_ws/ORB_SLAM3/include/FrameDrawer.h:24,
[2.905s]                  from /home/j/colcon_ws/ORB_SLAM3/include/Viewer.h:23,
[2.905s]                  from /home/j/colcon_ws/ORB_SLAM3/include/Tracking.h:26,
[2.905s]                  from /home/j/colcon_ws/ORB_SLAM3/include/System.h:31,
[2.905s]                  from /home/j/colcon_ws/src/orbslam3_ros2/src/stereo-inertial/stereo-inertial-node.hpp:10,
[2.905s]                  from /home/j/colcon_ws/src/orbslam3_ros2/src/stereo-inertial/stereo-inertial.cpp:7:
[2.905s] /usr/include/eigen3/Eigen/src/Core/util/Constants.h:167:37: note: declared here
[2.905s]   167 | EIGEN_DEPRECATED const unsigned int AlignedBit = 0x80;
[2.905s]       |                                     ^~~~~~~~~~
[2.905s] In file included from /home/j/colcon_ws/ORB_SLAM3/Thirdparty/g2o/g2o/types/types_six_dof_expmap.h:38,
[2.905s]                  from /home/j/colcon_ws/ORB_SLAM3/include/Converter.h:26,
[2.905s]                  from /home/j/colcon_ws/ORB_SLAM3/include/Frame.h:33,
[2.905s]                  from /home/j/colcon_ws/ORB_SLAM3/include/KeyFrame.h:28,
[2.905s]                  from /home/j/colcon_ws/ORB_SLAM3/include/MapPoint.h:23,
[2.905s]                  from /home/j/colcon_ws/ORB_SLAM3/include/FrameDrawer.h:24,
[2.905s]                  from /home/j/colcon_ws/ORB_SLAM3/include/Viewer.h:23,
[2.905s]                  from /home/j/colcon_ws/ORB_SLAM3/include/Tracking.h:26,
[2.905s]                  from /home/j/colcon_ws/ORB_SLAM3/include/System.h:31,
[2.905s]                  from /home/j/colcon_ws/src/orbslam3_ros2/src/stereo-inertial/stereo-inertial-node.hpp:10,
[2.905s]                  from /home/j/colcon_ws/src/orbslam3_ros2/src/stereo-inertial/stereo-inertial.cpp:7:
[2.905s] /home/j/colcon_ws/ORB_SLAM3/Thirdparty/g2o/g2o/types/../core/base_binary_edge.h:60:80: warning: ‘Eigen::AlignedBit’ is deprecated [-Wdeprecated-declarations]
[2.905s]    60 |       typedef Eigen::Map<Matrix<double, Dj, Di>, Matrix<double, Dj, Di>::Flags & AlignedBit ? Aligned : Unaligned > HessianBlockTransposedType;
[2.905s]       |                                                                          ~~~~~~^~~~~~~~~~~~
[2.905s] In file included from /usr/include/eigen3/Eigen/Core:161,
[2.905s]                  from /usr/include/eigen3/Eigen/LU:11,
[2.905s]                  from /home/j/colcon_ws/ORB_SLAM3/Thirdparty/Sophus/sophus/so2.hpp:12,
[2.905s]                  from /home/j/colcon_ws/ORB_SLAM3/Thirdparty/Sophus/sophus/se2.hpp:7,
[2.905s]                  from /home/j/colcon_ws/ORB_SLAM3/Thirdparty/Sophus/sophus/geometry.hpp:7,
[2.905s]                  from /home/j/colcon_ws/ORB_SLAM3/include/Frame.h:28,
[2.905s]                  from /home/j/colcon_ws/ORB_SLAM3/include/KeyFrame.h:28,
[2.905s]                  from /home/j/colcon_ws/ORB_SLAM3/include/MapPoint.h:23,
[2.905s]                  from /home/j/colcon_ws/ORB_SLAM3/include/FrameDrawer.h:24,
[2.905s]                  from /home/j/colcon_ws/ORB_SLAM3/include/Viewer.h:23,
[2.905s]                  from /home/j/colcon_ws/ORB_SLAM3/include/Tracking.h:26,
[2.905s]                  from /home/j/colcon_ws/ORB_SLAM3/include/System.h:31,
[2.905s]                  from /home/j/colcon_ws/src/orbslam3_ros2/src/stereo-inertial/stereo-inertial-node.hpp:10,
[2.905s]                  from /home/j/colcon_ws/src/orbslam3_ros2/src/stereo-inertial/stereo-inertial.cpp:7:
[2.906s] /usr/include/eigen3/Eigen/src/Core/util/Constants.h:167:37: note: declared here
[2.906s]   167 | EIGEN_DEPRECATED const unsigned int AlignedBit = 0x80;
[2.906s]       |                                     ^~~~~~~~~~
[2.914s] In file included from /home/j/colcon_ws/ORB_SLAM3/Thirdparty/g2o/g2o/types/types_six_dof_expmap.h:37,
[2.914s]                  from /home/j/colcon_ws/ORB_SLAM3/include/Converter.h:26,
[2.914s]                  from /home/j/colcon_ws/ORB_SLAM3/include/Frame.h:33,
[2.914s]                  from /home/j/colcon_ws/ORB_SLAM3/include/KeyFrame.h:28,
[2.914s]                  from /home/j/colcon_ws/ORB_SLAM3/include/MapPoint.h:23,
[2.914s]                  from /home/j/colcon_ws/ORB_SLAM3/include/FrameDrawer.h:24,
[2.914s]                  from /home/j/colcon_ws/ORB_SLAM3/include/Viewer.h:23,
[2.914s]                  from /home/j/colcon_ws/ORB_SLAM3/include/Tracking.h:26,
[2.914s]                  from /home/j/colcon_ws/ORB_SLAM3/include/System.h:31,
[2.914s]                  from /home/j/colcon_ws/src/orbslam3_ros2/src/stereo-inertial/stereo-inertial-node.hpp:10,
[2.914s]                  from /home/j/colcon_ws/src/orbslam3_ros2/src/stereo-inertial/stereo-inertial-node.cpp:1:
[2.914s] /home/j/colcon_ws/ORB_SLAM3/Thirdparty/g2o/g2o/types/../core/base_vertex.h: In instantiation of ‘class g2o::BaseVertex<6, g2o::SE3Quat>’:
[2.914s] /home/j/colcon_ws/ORB_SLAM3/Thirdparty/g2o/g2o/types/types_six_dof_expmap.h:59:33:   required from here
[2.914s] /home/j/colcon_ws/ORB_SLAM3/Thirdparty/g2o/g2o/types/../core/base_vertex.h:62:72: warning: ‘Eigen::AlignedBit’ is deprecated [-Wdeprecated-declarations]
[2.914s]    62 |     typedef Eigen::Map<Matrix<double, D, D>, Matrix<double,D,D>::Flags & AlignedBit ? Aligned : Unaligned >  HessianBlockType;
[2.914s]       |                                                                  ~~~~~~^~~~~~~~~~~~
[2.914s] In file included from /usr/include/eigen3/Eigen/Core:161,
[2.914s]                  from /usr/include/eigen3/Eigen/LU:11,
[2.914s]                  from /home/j/colcon_ws/ORB_SLAM3/Thirdparty/Sophus/sophus/so2.hpp:12,
[2.914s]                  from /home/j/colcon_ws/ORB_SLAM3/Thirdparty/Sophus/sophus/se2.hpp:7,
[2.914s]                  from /home/j/colcon_ws/ORB_SLAM3/Thirdparty/Sophus/sophus/geometry.hpp:7,
[2.914s]                  from /home/j/colcon_ws/ORB_SLAM3/include/Frame.h:28,
[2.914s]                  from /home/j/colcon_ws/ORB_SLAM3/include/KeyFrame.h:28,
[2.914s]                  from /home/j/colcon_ws/ORB_SLAM3/include/MapPoint.h:23,
[2.914s]                  from /home/j/colcon_ws/ORB_SLAM3/include/FrameDrawer.h:24,
[2.914s]                  from /home/j/colcon_ws/ORB_SLAM3/include/Viewer.h:23,
[2.914s]                  from /home/j/colcon_ws/ORB_SLAM3/include/Tracking.h:26,
[2.914s]                  from /home/j/colcon_ws/ORB_SLAM3/include/System.h:31,
[2.914s]                  from /home/j/colcon_ws/src/orbslam3_ros2/src/stereo-inertial/stereo-inertial-node.hpp:10,
[2.914s]                  from /home/j/colcon_ws/src/orbslam3_ros2/src/stereo-inertial/stereo-inertial-node.cpp:1:
[2.914s] /usr/include/eigen3/Eigen/src/Core/util/Constants.h:167:37: note: declared here
[2.914s]   167 | EIGEN_DEPRECATED const unsigned int AlignedBit = 0x80;
[2.914s]       |                                     ^~~~~~~~~~
[2.929s] In file included from /home/j/colcon_ws/ORB_SLAM3/Thirdparty/g2o/g2o/types/types_six_dof_expmap.h:38,
[2.929s]                  from /home/j/colcon_ws/ORB_SLAM3/include/Converter.h:26,
[2.929s]                  from /home/j/colcon_ws/ORB_SLAM3/include/Frame.h:33,
[2.929s]                  from /home/j/colcon_ws/ORB_SLAM3/include/KeyFrame.h:28,
[2.929s]                  from /home/j/colcon_ws/ORB_SLAM3/include/MapPoint.h:23,
[2.929s]                  from /home/j/colcon_ws/ORB_SLAM3/include/FrameDrawer.h:24,
[2.929s]                  from /home/j/colcon_ws/ORB_SLAM3/include/Viewer.h:23,
[2.929s]                  from /home/j/colcon_ws/ORB_SLAM3/include/Tracking.h:26,
[2.929s]                  from /home/j/colcon_ws/ORB_SLAM3/include/System.h:31,
[2.929s]                  from /home/j/colcon_ws/src/orbslam3_ros2/src/stereo-inertial/stereo-inertial-node.hpp:10,
[2.929s]                  from /home/j/colcon_ws/src/orbslam3_ros2/src/stereo-inertial/stereo-inertial-node.cpp:1:
[2.929s] /home/j/colcon_ws/ORB_SLAM3/Thirdparty/g2o/g2o/types/../core/base_binary_edge.h: In instantiation of ‘class g2o::BaseBinaryEdge<6, g2o::SE3Quat, g2o::VertexSE3Expmap, g2o::VertexSE3Expmap>’:
[2.929s] /home/j/colcon_ws/ORB_SLAM3/Thirdparty/g2o/g2o/types/types_six_dof_expmap.h:83:24:   required from here
[2.929s] /home/j/colcon_ws/ORB_SLAM3/Thirdparty/g2o/g2o/types/../core/base_binary_edge.h:59:80: warning: ‘Eigen::AlignedBit’ is deprecated [-Wdeprecated-declarations]
[2.930s]    59 |       typedef Eigen::Map<Matrix<double, Di, Dj>, Matrix<double, Di, Dj>::Flags & AlignedBit ? Aligned : Unaligned > HessianBlockType;
[2.930s]       |                                                                          ~~~~~~^~~~~~~~~~~~
[2.930s] In file included from /usr/include/eigen3/Eigen/Core:161,
[2.930s]                  from /usr/include/eigen3/Eigen/LU:11,
[2.930s]                  from /home/j/colcon_ws/ORB_SLAM3/Thirdparty/Sophus/sophus/so2.hpp:12,
[2.930s]                  from /home/j/colcon_ws/ORB_SLAM3/Thirdparty/Sophus/sophus/se2.hpp:7,
[2.930s]                  from /home/j/colcon_ws/ORB_SLAM3/Thirdparty/Sophus/sophus/geometry.hpp:7,
[2.930s]                  from /home/j/colcon_ws/ORB_SLAM3/include/Frame.h:28,
[2.930s]                  from /home/j/colcon_ws/ORB_SLAM3/include/KeyFrame.h:28,
[2.930s]                  from /home/j/colcon_ws/ORB_SLAM3/include/MapPoint.h:23,
[2.930s]                  from /home/j/colcon_ws/ORB_SLAM3/include/FrameDrawer.h:24,
[2.930s]                  from /home/j/colcon_ws/ORB_SLAM3/include/Viewer.h:23,
[2.930s]                  from /home/j/colcon_ws/ORB_SLAM3/include/Tracking.h:26,
[2.930s]                  from /home/j/colcon_ws/ORB_SLAM3/include/System.h:31,
[2.930s]                  from /home/j/colcon_ws/src/orbslam3_ros2/src/stereo-inertial/stereo-inertial-node.hpp:10,
[2.930s]                  from /home/j/colcon_ws/src/orbslam3_ros2/src/stereo-inertial/stereo-inertial-node.cpp:1:
[2.930s] /usr/include/eigen3/Eigen/src/Core/util/Constants.h:167:37: note: declared here
[2.930s]   167 | EIGEN_DEPRECATED const unsigned int AlignedBit = 0x80;
[2.930s]       |                                     ^~~~~~~~~~
[2.930s] In file included from /home/j/colcon_ws/ORB_SLAM3/Thirdparty/g2o/g2o/types/types_six_dof_expmap.h:38,
[2.930s]                  from /home/j/colcon_ws/ORB_SLAM3/include/Converter.h:26,
[2.930s]                  from /home/j/colcon_ws/ORB_SLAM3/include/Frame.h:33,
[2.930s]                  from /home/j/colcon_ws/ORB_SLAM3/include/KeyFrame.h:28,
[2.930s]                  from /home/j/colcon_ws/ORB_SLAM3/include/MapPoint.h:23,
[2.930s]                  from /home/j/colcon_ws/ORB_SLAM3/include/FrameDrawer.h:24,
[2.930s]                  from /home/j/colcon_ws/ORB_SLAM3/include/Viewer.h:23,
[2.930s]                  from /home/j/colcon_ws/ORB_SLAM3/include/Tracking.h:26,
[2.930s]                  from /home/j/colcon_ws/ORB_SLAM3/include/System.h:31,
[2.930s]                  from /home/j/colcon_ws/src/orbslam3_ros2/src/stereo-inertial/stereo-inertial-node.hpp:10,
[2.930s]                  from /home/j/colcon_ws/src/orbslam3_ros2/src/stereo-inertial/stereo-inertial-node.cpp:1:
[2.930s] /home/j/colcon_ws/ORB_SLAM3/Thirdparty/g2o/g2o/types/../core/base_binary_edge.h:60:80: warning: ‘Eigen::AlignedBit’ is deprecated [-Wdeprecated-declarations]
[2.930s]    60 |       typedef Eigen::Map<Matrix<double, Dj, Di>, Matrix<double, Dj, Di>::Flags & AlignedBit ? Aligned : Unaligned > HessianBlockTransposedType;
[2.930s]       |                                                                          ~~~~~~^~~~~~~~~~~~
[2.930s] In file included from /usr/include/eigen3/Eigen/Core:161,
[2.930s]                  from /usr/include/eigen3/Eigen/LU:11,
[2.930s]                  from /home/j/colcon_ws/ORB_SLAM3/Thirdparty/Sophus/sophus/so2.hpp:12,
[2.930s]                  from /home/j/colcon_ws/ORB_SLAM3/Thirdparty/Sophus/sophus/se2.hpp:7,
[2.930s]                  from /home/j/colcon_ws/ORB_SLAM3/Thirdparty/Sophus/sophus/geometry.hpp:7,
[2.930s]                  from /home/j/colcon_ws/ORB_SLAM3/include/Frame.h:28,
[2.930s]                  from /home/j/colcon_ws/ORB_SLAM3/include/KeyFrame.h:28,
[2.930s]                  from /home/j/colcon_ws/ORB_SLAM3/include/MapPoint.h:23,
[2.930s]                  from /home/j/colcon_ws/ORB_SLAM3/include/FrameDrawer.h:24,
[2.930s]                  from /home/j/colcon_ws/ORB_SLAM3/include/Viewer.h:23,
[2.930s]                  from /home/j/colcon_ws/ORB_SLAM3/include/Tracking.h:26,
[2.930s]                  from /home/j/colcon_ws/ORB_SLAM3/include/System.h:31,
[2.930s]                  from /home/j/colcon_ws/src/orbslam3_ros2/src/stereo-inertial/stereo-inertial-node.hpp:10,
[2.931s]                  from /home/j/colcon_ws/src/orbslam3_ros2/src/stereo-inertial/stereo-inertial-node.cpp:1:
[2.931s] /usr/include/eigen3/Eigen/src/Core/util/Constants.h:167:37: note: declared here
[2.931s]   167 | EIGEN_DEPRECATED const unsigned int AlignedBit = 0x80;
[2.931s]       |                                     ^~~~~~~~~~
[2.941s] In file included from /home/j/colcon_ws/ORB_SLAM3/Thirdparty/g2o/g2o/types/types_six_dof_expmap.h:38,
[2.941s]                  from /home/j/colcon_ws/ORB_SLAM3/include/Converter.h:26,
[2.941s]                  from /home/j/colcon_ws/ORB_SLAM3/include/Frame.h:33,
[2.941s]                  from /home/j/colcon_ws/ORB_SLAM3/include/KeyFrame.h:28,
[2.941s]                  from /home/j/colcon_ws/ORB_SLAM3/include/MapPoint.h:23,
[2.941s]                  from /home/j/colcon_ws/ORB_SLAM3/include/FrameDrawer.h:24,
[2.941s]                  from /home/j/colcon_ws/ORB_SLAM3/include/Viewer.h:23,
[2.941s]                  from /home/j/colcon_ws/ORB_SLAM3/include/Tracking.h:26,
[2.941s]                  from /home/j/colcon_ws/ORB_SLAM3/include/System.h:31,
[2.941s]                  from /home/j/colcon_ws/src/orbslam3_ros2/src/stereo-inertial/stereo-inertial-node.hpp:10,
[2.941s]                  from /home/j/colcon_ws/src/orbslam3_ros2/src/stereo-inertial/stereo-inertial.cpp:7:
[2.941s] /home/j/colcon_ws/ORB_SLAM3/Thirdparty/g2o/g2o/types/../core/base_binary_edge.h: In instantiation of ‘class g2o::BaseBinaryEdge<2, Eigen::Matrix<double, 2, 1>, g2o::VertexSBAPointXYZ, g2o::VertexSE3Expmap>’:
[2.941s] /home/j/colcon_ws/ORB_SLAM3/Thirdparty/g2o/g2o/types/types_six_dof_expmap.h:114:35:   required from here
[2.941s] /home/j/colcon_ws/ORB_SLAM3/Thirdparty/g2o/g2o/types/../core/base_binary_edge.h:59:80: warning: ‘Eigen::AlignedBit’ is deprecated [-Wdeprecated-declarations]
[2.941s]    59 |       typedef Eigen::Map<Matrix<double, Di, Dj>, Matrix<double, Di, Dj>::Flags & AlignedBit ? Aligned : Unaligned > HessianBlockType;
[2.941s]       |                                                                          ~~~~~~^~~~~~~~~~~~
[2.941s] In file included from /usr/include/eigen3/Eigen/Core:161,
[2.941s]                  from /usr/include/eigen3/Eigen/LU:11,
[2.941s]                  from /home/j/colcon_ws/ORB_SLAM3/Thirdparty/Sophus/sophus/so2.hpp:12,
[2.941s]                  from /home/j/colcon_ws/ORB_SLAM3/Thirdparty/Sophus/sophus/se2.hpp:7,
[2.941s]                  from /home/j/colcon_ws/ORB_SLAM3/Thirdparty/Sophus/sophus/geometry.hpp:7,
[2.941s]                  from /home/j/colcon_ws/ORB_SLAM3/include/Frame.h:28,
[2.941s]                  from /home/j/colcon_ws/ORB_SLAM3/include/KeyFrame.h:28,
[2.941s]                  from /home/j/colcon_ws/ORB_SLAM3/include/MapPoint.h:23,
[2.941s]                  from /home/j/colcon_ws/ORB_SLAM3/include/FrameDrawer.h:24,
[2.941s]                  from /home/j/colcon_ws/ORB_SLAM3/include/Viewer.h:23,
[2.941s]                  from /home/j/colcon_ws/ORB_SLAM3/include/Tracking.h:26,
[2.941s]                  from /home/j/colcon_ws/ORB_SLAM3/include/System.h:31,
[2.941s]                  from /home/j/colcon_ws/src/orbslam3_ros2/src/stereo-inertial/stereo-inertial-node.hpp:10,
[2.941s]                  from /home/j/colcon_ws/src/orbslam3_ros2/src/stereo-inertial/stereo-inertial.cpp:7:
[2.941s] /usr/include/eigen3/Eigen/src/Core/util/Constants.h:167:37: note: declared here
[2.941s]   167 | EIGEN_DEPRECATED const unsigned int AlignedBit = 0x80;
[2.941s]       |                                     ^~~~~~~~~~
[2.948s] In file included from /home/j/colcon_ws/ORB_SLAM3/Thirdparty/g2o/g2o/types/types_six_dof_expmap.h:38,
[2.948s]                  from /home/j/colcon_ws/ORB_SLAM3/include/Converter.h:26,
[2.948s]                  from /home/j/colcon_ws/ORB_SLAM3/include/Frame.h:33,
[2.948s]                  from /home/j/colcon_ws/ORB_SLAM3/include/KeyFrame.h:28,
[2.948s]                  from /home/j/colcon_ws/ORB_SLAM3/include/MapPoint.h:23,
[2.948s]                  from /home/j/colcon_ws/ORB_SLAM3/include/FrameDrawer.h:24,
[2.948s]                  from /home/j/colcon_ws/ORB_SLAM3/include/Viewer.h:23,
[2.948s]                  from /home/j/colcon_ws/ORB_SLAM3/include/Tracking.h:26,
[2.948s]                  from /home/j/colcon_ws/ORB_SLAM3/include/System.h:31,
[2.948s]                  from /home/j/colcon_ws/src/orbslam3_ros2/src/stereo-inertial/stereo-inertial-node.hpp:10,
[2.948s]                  from /home/j/colcon_ws/src/orbslam3_ros2/src/stereo-inertial/stereo-inertial.cpp:7:
[2.948s] /home/j/colcon_ws/ORB_SLAM3/Thirdparty/g2o/g2o/types/../core/base_binary_edge.h:60:80: warning: ‘Eigen::AlignedBit’ is deprecated [-Wdeprecated-declarations]
[2.948s]    60 |       typedef Eigen::Map<Matrix<double, Dj, Di>, Matrix<double, Dj, Di>::Flags & AlignedBit ? Aligned : Unaligned > HessianBlockTransposedType;
[2.948s]       |                                                                          ~~~~~~^~~~~~~~~~~~
[2.948s] In file included from /usr/include/eigen3/Eigen/Core:161,
[2.948s]                  from /usr/include/eigen3/Eigen/LU:11,
[2.948s]                  from /home/j/colcon_ws/ORB_SLAM3/Thirdparty/Sophus/sophus/so2.hpp:12,
[2.948s]                  from /home/j/colcon_ws/ORB_SLAM3/Thirdparty/Sophus/sophus/se2.hpp:7,
[2.948s]                  from /home/j/colcon_ws/ORB_SLAM3/Thirdparty/Sophus/sophus/geometry.hpp:7,
[2.948s]                  from /home/j/colcon_ws/ORB_SLAM3/include/Frame.h:28,
[2.948s]                  from /home/j/colcon_ws/ORB_SLAM3/include/KeyFrame.h:28,
[2.948s]                  from /home/j/colcon_ws/ORB_SLAM3/include/MapPoint.h:23,
[2.948s]                  from /home/j/colcon_ws/ORB_SLAM3/include/FrameDrawer.h:24,
[2.948s]                  from /home/j/colcon_ws/ORB_SLAM3/include/Viewer.h:23,
[2.948s]                  from /home/j/colcon_ws/ORB_SLAM3/include/Tracking.h:26,
[2.948s]                  from /home/j/colcon_ws/ORB_SLAM3/include/System.h:31,
[2.948s]                  from /home/j/colcon_ws/src/orbslam3_ros2/src/stereo-inertial/stereo-inertial-node.hpp:10,
[2.948s]                  from /home/j/colcon_ws/src/orbslam3_ros2/src/stereo-inertial/stereo-inertial.cpp:7:
[2.948s] /usr/include/eigen3/Eigen/src/Core/util/Constants.h:167:37: note: declared here
[2.948s]   167 | EIGEN_DEPRECATED const unsigned int AlignedBit = 0x80;
[2.948s]       |                                     ^~~~~~~~~~
[2.967s] In file included from /home/j/colcon_ws/ORB_SLAM3/Thirdparty/g2o/g2o/types/types_six_dof_expmap.h:38,
[2.967s]                  from /home/j/colcon_ws/ORB_SLAM3/include/Converter.h:26,
[2.967s]                  from /home/j/colcon_ws/ORB_SLAM3/include/Frame.h:33,
[2.967s]                  from /home/j/colcon_ws/ORB_SLAM3/include/KeyFrame.h:28,
[2.967s]                  from /home/j/colcon_ws/ORB_SLAM3/include/MapPoint.h:23,
[2.967s]                  from /home/j/colcon_ws/ORB_SLAM3/include/FrameDrawer.h:24,
[2.967s]                  from /home/j/colcon_ws/ORB_SLAM3/include/Viewer.h:23,
[2.967s]                  from /home/j/colcon_ws/ORB_SLAM3/include/Tracking.h:26,
[2.967s]                  from /home/j/colcon_ws/ORB_SLAM3/include/System.h:31,
[2.968s]                  from /home/j/colcon_ws/src/orbslam3_ros2/src/stereo-inertial/stereo-inertial-node.hpp:10,
[2.968s]                  from /home/j/colcon_ws/src/orbslam3_ros2/src/stereo-inertial/stereo-inertial-node.cpp:1:
[2.968s] /home/j/colcon_ws/ORB_SLAM3/Thirdparty/g2o/g2o/types/../core/base_binary_edge.h: In instantiation of ‘class g2o::BaseBinaryEdge<2, Eigen::Matrix<double, 2, 1>, g2o::VertexSBAPointXYZ, g2o::VertexSE3Expmap>’:
[2.968s] /home/j/colcon_ws/ORB_SLAM3/Thirdparty/g2o/g2o/types/types_six_dof_expmap.h:114:35:   required from here
[2.968s] /home/j/colcon_ws/ORB_SLAM3/Thirdparty/g2o/g2o/types/../core/base_binary_edge.h:59:80: warning: ‘Eigen::AlignedBit’ is deprecated [-Wdeprecated-declarations]
[2.968s]    59 |       typedef Eigen::Map<Matrix<double, Di, Dj>, Matrix<double, Di, Dj>::Flags & AlignedBit ? Aligned : Unaligned > HessianBlockType;
[2.968s]       |                                                                          ~~~~~~^~~~~~~~~~~~
[2.968s] In file included from /usr/include/eigen3/Eigen/Core:161,
[2.968s]                  from /usr/include/eigen3/Eigen/LU:11,
[2.968s]                  from /home/j/colcon_ws/ORB_SLAM3/Thirdparty/Sophus/sophus/so2.hpp:12,
[2.968s]                  from /home/j/colcon_ws/ORB_SLAM3/Thirdparty/Sophus/sophus/se2.hpp:7,
[2.968s]                  from /home/j/colcon_ws/ORB_SLAM3/Thirdparty/Sophus/sophus/geometry.hpp:7,
[2.968s]                  from /home/j/colcon_ws/ORB_SLAM3/include/Frame.h:28,
[2.968s]                  from /home/j/colcon_ws/ORB_SLAM3/include/KeyFrame.h:28,
[2.968s]                  from /home/j/colcon_ws/ORB_SLAM3/include/MapPoint.h:23,
[2.968s]                  from /home/j/colcon_ws/ORB_SLAM3/include/FrameDrawer.h:24,
[2.968s]                  from /home/j/colcon_ws/ORB_SLAM3/include/Viewer.h:23,
[2.968s]                  from /home/j/colcon_ws/ORB_SLAM3/include/Tracking.h:26,
[2.968s]                  from /home/j/colcon_ws/ORB_SLAM3/include/System.h:31,
[2.969s]                  from /home/j/colcon_ws/src/orbslam3_ros2/src/stereo-inertial/stereo-inertial-node.hpp:10,
[2.969s]                  from /home/j/colcon_ws/src/orbslam3_ros2/src/stereo-inertial/stereo-inertial-node.cpp:1:
[2.969s] /usr/include/eigen3/Eigen/src/Core/util/Constants.h:167:37: note: declared here
[2.969s]   167 | EIGEN_DEPRECATED const unsigned int AlignedBit = 0x80;
[2.969s]       |                                     ^~~~~~~~~~
[2.975s] In file included from /home/j/colcon_ws/ORB_SLAM3/Thirdparty/g2o/g2o/types/types_six_dof_expmap.h:38,
[2.975s]                  from /home/j/colcon_ws/ORB_SLAM3/include/Converter.h:26,
[2.975s]                  from /home/j/colcon_ws/ORB_SLAM3/include/Frame.h:33,
[2.975s]                  from /home/j/colcon_ws/ORB_SLAM3/include/KeyFrame.h:28,
[2.975s]                  from /home/j/colcon_ws/ORB_SLAM3/include/MapPoint.h:23,
[2.975s]                  from /home/j/colcon_ws/ORB_SLAM3/include/FrameDrawer.h:24,
[2.975s]                  from /home/j/colcon_ws/ORB_SLAM3/include/Viewer.h:23,
[2.975s]                  from /home/j/colcon_ws/ORB_SLAM3/include/Tracking.h:26,
[2.975s]                  from /home/j/colcon_ws/ORB_SLAM3/include/System.h:31,
[2.975s]                  from /home/j/colcon_ws/src/orbslam3_ros2/src/stereo-inertial/stereo-inertial-node.hpp:10,
[2.975s]                  from /home/j/colcon_ws/src/orbslam3_ros2/src/stereo-inertial/stereo-inertial-node.cpp:1:
[2.975s] /home/j/colcon_ws/ORB_SLAM3/Thirdparty/g2o/g2o/types/../core/base_binary_edge.h:60:80: warning: ‘Eigen::AlignedBit’ is deprecated [-Wdeprecated-declarations]
[2.975s]    60 |       typedef Eigen::Map<Matrix<double, Dj, Di>, Matrix<double, Dj, Di>::Flags & AlignedBit ? Aligned : Unaligned > HessianBlockTransposedType;
[2.975s]       |                                                                          ~~~~~~^~~~~~~~~~~~
[2.975s] In file included from /usr/include/eigen3/Eigen/Core:161,
[2.975s]                  from /usr/include/eigen3/Eigen/LU:11,
[2.975s]                  from /home/j/colcon_ws/ORB_SLAM3/Thirdparty/Sophus/sophus/so2.hpp:12,
[2.976s]                  from /home/j/colcon_ws/ORB_SLAM3/Thirdparty/Sophus/sophus/se2.hpp:7,
[2.976s]                  from /home/j/colcon_ws/ORB_SLAM3/Thirdparty/Sophus/sophus/geometry.hpp:7,
[2.976s]                  from /home/j/colcon_ws/ORB_SLAM3/include/Frame.h:28,
[2.976s]                  from /home/j/colcon_ws/ORB_SLAM3/include/KeyFrame.h:28,
[2.976s]                  from /home/j/colcon_ws/ORB_SLAM3/include/MapPoint.h:23,
[2.976s]                  from /home/j/colcon_ws/ORB_SLAM3/include/FrameDrawer.h:24,
[2.976s]                  from /home/j/colcon_ws/ORB_SLAM3/include/Viewer.h:23,
[2.976s]                  from /home/j/colcon_ws/ORB_SLAM3/include/Tracking.h:26,
[2.976s]                  from /home/j/colcon_ws/ORB_SLAM3/include/System.h:31,
[2.976s]                  from /home/j/colcon_ws/src/orbslam3_ros2/src/stereo-inertial/stereo-inertial-node.hpp:10,
[2.976s]                  from /home/j/colcon_ws/src/orbslam3_ros2/src/stereo-inertial/stereo-inertial-node.cpp:1:
[2.976s] /usr/include/eigen3/Eigen/src/Core/util/Constants.h:167:37: note: declared here
[2.976s]   167 | EIGEN_DEPRECATED const unsigned int AlignedBit = 0x80;
[2.976s]       |                                     ^~~~~~~~~~
[2.980s] In file included from /home/j/colcon_ws/ORB_SLAM3/Thirdparty/g2o/g2o/types/types_six_dof_expmap.h:38,
[2.980s]                  from /home/j/colcon_ws/ORB_SLAM3/include/Converter.h:26,
[2.980s]                  from /home/j/colcon_ws/ORB_SLAM3/include/Frame.h:33,
[2.980s]                  from /home/j/colcon_ws/ORB_SLAM3/include/KeyFrame.h:28,
[2.980s]                  from /home/j/colcon_ws/ORB_SLAM3/include/MapPoint.h:23,
[2.980s]                  from /home/j/colcon_ws/ORB_SLAM3/include/FrameDrawer.h:24,
[2.980s]                  from /home/j/colcon_ws/ORB_SLAM3/include/Viewer.h:23,
[2.980s]                  from /home/j/colcon_ws/ORB_SLAM3/include/Tracking.h:26,
[2.980s]                  from /home/j/colcon_ws/ORB_SLAM3/include/System.h:31,
[2.980s]                  from /home/j/colcon_ws/src/orbslam3_ros2/src/stereo-inertial/stereo-inertial-node.hpp:10,
[2.980s]                  from /home/j/colcon_ws/src/orbslam3_ros2/src/stereo-inertial/stereo-inertial.cpp:7:
[2.980s] /home/j/colcon_ws/ORB_SLAM3/Thirdparty/g2o/g2o/types/../core/base_binary_edge.h: In instantiation of ‘class g2o::BaseBinaryEdge<3, Eigen::Matrix<double, 3, 1>, g2o::VertexSBAPointXYZ, g2o::VertexSE3Expmap>’:
[2.980s] /home/j/colcon_ws/ORB_SLAM3/Thirdparty/g2o/g2o/types/types_six_dof_expmap.h:146:41:   required from here
[2.980s] /home/j/colcon_ws/ORB_SLAM3/Thirdparty/g2o/g2o/types/../core/base_binary_edge.h:59:80: warning: ‘Eigen::AlignedBit’ is deprecated [-Wdeprecated-declarations]
[2.980s]    59 |       typedef Eigen::Map<Matrix<double, Di, Dj>, Matrix<double, Di, Dj>::Flags & AlignedBit ? Aligned : Unaligned > HessianBlockType;
[2.980s]       |                                                                          ~~~~~~^~~~~~~~~~~~
[2.980s] In file included from /usr/include/eigen3/Eigen/Core:161,
[2.981s]                  from /usr/include/eigen3/Eigen/LU:11,
[2.981s]                  from /home/j/colcon_ws/ORB_SLAM3/Thirdparty/Sophus/sophus/so2.hpp:12,
[2.981s]                  from /home/j/colcon_ws/ORB_SLAM3/Thirdparty/Sophus/sophus/se2.hpp:7,
[2.981s]                  from /home/j/colcon_ws/ORB_SLAM3/Thirdparty/Sophus/sophus/geometry.hpp:7,
[2.981s]                  from /home/j/colcon_ws/ORB_SLAM3/include/Frame.h:28,
[2.981s]                  from /home/j/colcon_ws/ORB_SLAM3/include/KeyFrame.h:28,
[2.981s]                  from /home/j/colcon_ws/ORB_SLAM3/include/MapPoint.h:23,
[2.981s]                  from /home/j/colcon_ws/ORB_SLAM3/include/FrameDrawer.h:24,
[2.981s]                  from /home/j/colcon_ws/ORB_SLAM3/include/Viewer.h:23,
[2.981s]                  from /home/j/colcon_ws/ORB_SLAM3/include/Tracking.h:26,
[2.981s]                  from /home/j/colcon_ws/ORB_SLAM3/include/System.h:31,
[2.981s]                  from /home/j/colcon_ws/src/orbslam3_ros2/src/stereo-inertial/stereo-inertial-node.hpp:10,
[2.981s]                  from /home/j/colcon_ws/src/orbslam3_ros2/src/stereo-inertial/stereo-inertial.cpp:7:
[2.981s] /usr/include/eigen3/Eigen/src/Core/util/Constants.h:167:37: note: declared here
[2.981s]   167 | EIGEN_DEPRECATED const unsigned int AlignedBit = 0x80;
[2.981s]       |                                     ^~~~~~~~~~
[2.981s] In file included from /home/j/colcon_ws/ORB_SLAM3/Thirdparty/g2o/g2o/types/types_six_dof_expmap.h:38,
[2.981s]                  from /home/j/colcon_ws/ORB_SLAM3/include/Converter.h:26,
[2.981s]                  from /home/j/colcon_ws/ORB_SLAM3/include/Frame.h:33,
[2.982s]                  from /home/j/colcon_ws/ORB_SLAM3/include/KeyFrame.h:28,
[2.982s]                  from /home/j/colcon_ws/ORB_SLAM3/include/MapPoint.h:23,
[2.982s]                  from /home/j/colcon_ws/ORB_SLAM3/include/FrameDrawer.h:24,
[2.982s]                  from /home/j/colcon_ws/ORB_SLAM3/include/Viewer.h:23,
[2.982s]                  from /home/j/colcon_ws/ORB_SLAM3/include/Tracking.h:26,
[2.982s]                  from /home/j/colcon_ws/ORB_SLAM3/include/System.h:31,
[2.982s]                  from /home/j/colcon_ws/src/orbslam3_ros2/src/stereo-inertial/stereo-inertial-node.hpp:10,
[2.982s]                  from /home/j/colcon_ws/src/orbslam3_ros2/src/stereo-inertial/stereo-inertial.cpp:7:
[2.982s] /home/j/colcon_ws/ORB_SLAM3/Thirdparty/g2o/g2o/types/../core/base_binary_edge.h:60:80: warning: ‘Eigen::AlignedBit’ is deprecated [-Wdeprecated-declarations]
[2.982s]    60 |       typedef Eigen::Map<Matrix<double, Dj, Di>, Matrix<double, Dj, Di>::Flags & AlignedBit ? Aligned : Unaligned > HessianBlockTransposedType;
[2.982s]       |                                                                          ~~~~~~^~~~~~~~~~~~
[2.982s] In file included from /usr/include/eigen3/Eigen/Core:161,
[2.982s]                  from /usr/include/eigen3/Eigen/LU:11,
[2.982s]                  from /home/j/colcon_ws/ORB_SLAM3/Thirdparty/Sophus/sophus/so2.hpp:12,
[2.982s]                  from /home/j/colcon_ws/ORB_SLAM3/Thirdparty/Sophus/sophus/se2.hpp:7,
[2.982s]                  from /home/j/colcon_ws/ORB_SLAM3/Thirdparty/Sophus/sophus/geometry.hpp:7,
[2.982s]                  from /home/j/colcon_ws/ORB_SLAM3/include/Frame.h:28,
[2.982s]                  from /home/j/colcon_ws/ORB_SLAM3/include/KeyFrame.h:28,
[2.982s]                  from /home/j/colcon_ws/ORB_SLAM3/include/MapPoint.h:23,
[2.983s]                  from /home/j/colcon_ws/ORB_SLAM3/include/FrameDrawer.h:24,
[2.983s]                  from /home/j/colcon_ws/ORB_SLAM3/include/Viewer.h:23,
[2.983s]                  from /home/j/colcon_ws/ORB_SLAM3/include/Tracking.h:26,
[2.983s]                  from /home/j/colcon_ws/ORB_SLAM3/include/System.h:31,
[2.983s]                  from /home/j/colcon_ws/src/orbslam3_ros2/src/stereo-inertial/stereo-inertial-node.hpp:10,
[2.983s]                  from /home/j/colcon_ws/src/orbslam3_ros2/src/stereo-inertial/stereo-inertial.cpp:7:
[2.983s] /usr/include/eigen3/Eigen/src/Core/util/Constants.h:167:37: note: declared here
[2.983s]   167 | EIGEN_DEPRECATED const unsigned int AlignedBit = 0x80;
[2.983s]       |                                     ^~~~~~~~~~
[3.005s] In file included from /home/j/colcon_ws/ORB_SLAM3/Thirdparty/g2o/g2o/types/types_six_dof_expmap.h:38,
[3.006s]                  from /home/j/colcon_ws/ORB_SLAM3/include/Converter.h:26,
[3.006s]                  from /home/j/colcon_ws/ORB_SLAM3/include/Frame.h:33,
[3.006s]                  from /home/j/colcon_ws/ORB_SLAM3/include/KeyFrame.h:28,
[3.006s]                  from /home/j/colcon_ws/ORB_SLAM3/include/MapPoint.h:23,
[3.006s]                  from /home/j/colcon_ws/ORB_SLAM3/include/FrameDrawer.h:24,
[3.006s]                  from /home/j/colcon_ws/ORB_SLAM3/include/Viewer.h:23,
[3.006s]                  from /home/j/colcon_ws/ORB_SLAM3/include/Tracking.h:26,
[3.006s]                  from /home/j/colcon_ws/ORB_SLAM3/include/System.h:31,
[3.006s]                  from /home/j/colcon_ws/src/orbslam3_ros2/src/stereo-inertial/stereo-inertial-node.hpp:10,
[3.006s]                  from /home/j/colcon_ws/src/orbslam3_ros2/src/stereo-inertial/stereo-inertial-node.cpp:1:
[3.006s] /home/j/colcon_ws/ORB_SLAM3/Thirdparty/g2o/g2o/types/../core/base_binary_edge.h: In instantiation of ‘class g2o::BaseBinaryEdge<3, Eigen::Matrix<double, 3, 1>, g2o::VertexSBAPointXYZ, g2o::VertexSE3Expmap>’:
[3.006s] /home/j/colcon_ws/ORB_SLAM3/Thirdparty/g2o/g2o/types/types_six_dof_expmap.h:146:41:   required from here
[3.006s] /home/j/colcon_ws/ORB_SLAM3/Thirdparty/g2o/g2o/types/../core/base_binary_edge.h:59:80: warning: ‘Eigen::AlignedBit’ is deprecated [-Wdeprecated-declarations]
[3.006s]    59 |       typedef Eigen::Map<Matrix<double, Di, Dj>, Matrix<double, Di, Dj>::Flags & AlignedBit ? Aligned : Unaligned > HessianBlockType;
[3.006s]       |                                                                          ~~~~~~^~~~~~~~~~~~
[3.006s] In file included from /usr/include/eigen3/Eigen/Core:161,
[3.006s]                  from /usr/include/eigen3/Eigen/LU:11,
[3.006s]                  from /home/j/colcon_ws/ORB_SLAM3/Thirdparty/Sophus/sophus/so2.hpp:12,
[3.006s]                  from /home/j/colcon_ws/ORB_SLAM3/Thirdparty/Sophus/sophus/se2.hpp:7,
[3.006s]                  from /home/j/colcon_ws/ORB_SLAM3/Thirdparty/Sophus/sophus/geometry.hpp:7,
[3.006s]                  from /home/j/colcon_ws/ORB_SLAM3/include/Frame.h:28,
[3.006s]                  from /home/j/colcon_ws/ORB_SLAM3/include/KeyFrame.h:28,
[3.006s]                  from /home/j/colcon_ws/ORB_SLAM3/include/MapPoint.h:23,
[3.006s]                  from /home/j/colcon_ws/ORB_SLAM3/include/FrameDrawer.h:24,
[3.006s]                  from /home/j/colcon_ws/ORB_SLAM3/include/Viewer.h:23,
[3.006s]                  from /home/j/colcon_ws/ORB_SLAM3/include/Tracking.h:26,
[3.006s]                  from /home/j/colcon_ws/ORB_SLAM3/include/System.h:31,
[3.006s]                  from /home/j/colcon_ws/src/orbslam3_ros2/src/stereo-inertial/stereo-inertial-node.hpp:10,
[3.006s]                  from /home/j/colcon_ws/src/orbslam3_ros2/src/stereo-inertial/stereo-inertial-node.cpp:1:
[3.006s] /usr/include/eigen3/Eigen/src/Core/util/Constants.h:167:37: note: declared here
[3.006s]   167 | EIGEN_DEPRECATED const unsigned int AlignedBit = 0x80;
[3.006s]       |                                     ^~~~~~~~~~
[3.007s] In file included from /home/j/colcon_ws/ORB_SLAM3/Thirdparty/g2o/g2o/types/types_six_dof_expmap.h:38,
[3.007s]                  from /home/j/colcon_ws/ORB_SLAM3/include/Converter.h:26,
[3.007s]                  from /home/j/colcon_ws/ORB_SLAM3/include/Frame.h:33,
[3.007s]                  from /home/j/colcon_ws/ORB_SLAM3/include/KeyFrame.h:28,
[3.007s]                  from /home/j/colcon_ws/ORB_SLAM3/include/MapPoint.h:23,
[3.007s]                  from /home/j/colcon_ws/ORB_SLAM3/include/FrameDrawer.h:24,
[3.007s]                  from /home/j/colcon_ws/ORB_SLAM3/include/Viewer.h:23,
[3.007s]                  from /home/j/colcon_ws/ORB_SLAM3/include/Tracking.h:26,
[3.007s]                  from /home/j/colcon_ws/ORB_SLAM3/include/System.h:31,
[3.007s]                  from /home/j/colcon_ws/src/orbslam3_ros2/src/stereo-inertial/stereo-inertial-node.hpp:10,
[3.007s]                  from /home/j/colcon_ws/src/orbslam3_ros2/src/stereo-inertial/stereo-inertial-node.cpp:1:
[3.007s] /home/j/colcon_ws/ORB_SLAM3/Thirdparty/g2o/g2o/types/../core/base_binary_edge.h:60:80: warning: ‘Eigen::AlignedBit’ is deprecated [-Wdeprecated-declarations]
[3.007s]    60 |       typedef Eigen::Map<Matrix<double, Dj, Di>, Matrix<double, Dj, Di>::Flags & AlignedBit ? Aligned : Unaligned > HessianBlockTransposedType;
[3.007s]       |                                                                          ~~~~~~^~~~~~~~~~~~
[3.007s] In file included from /usr/include/eigen3/Eigen/Core:161,
[3.007s]                  from /usr/include/eigen3/Eigen/LU:11,
[3.007s]                  from /home/j/colcon_ws/ORB_SLAM3/Thirdparty/Sophus/sophus/so2.hpp:12,
[3.007s]                  from /home/j/colcon_ws/ORB_SLAM3/Thirdparty/Sophus/sophus/se2.hpp:7,
[3.007s]                  from /home/j/colcon_ws/ORB_SLAM3/Thirdparty/Sophus/sophus/geometry.hpp:7,
[3.007s]                  from /home/j/colcon_ws/ORB_SLAM3/include/Frame.h:28,
[3.007s]                  from /home/j/colcon_ws/ORB_SLAM3/include/KeyFrame.h:28,
[3.007s]                  from /home/j/colcon_ws/ORB_SLAM3/include/MapPoint.h:23,
[3.007s]                  from /home/j/colcon_ws/ORB_SLAM3/include/FrameDrawer.h:24,
[3.007s]                  from /home/j/colcon_ws/ORB_SLAM3/include/Viewer.h:23,
[3.007s]                  from /home/j/colcon_ws/ORB_SLAM3/include/Tracking.h:26,
[3.007s]                  from /home/j/colcon_ws/ORB_SLAM3/include/System.h:31,
[3.007s]                  from /home/j/colcon_ws/src/orbslam3_ros2/src/stereo-inertial/stereo-inertial-node.hpp:10,
[3.007s]                  from /home/j/colcon_ws/src/orbslam3_ros2/src/stereo-inertial/stereo-inertial-node.cpp:1:
[3.007s] /usr/include/eigen3/Eigen/src/Core/util/Constants.h:167:37: note: declared here
[3.007s]   167 | EIGEN_DEPRECATED const unsigned int AlignedBit = 0x80;
[3.007s]       |                                     ^~~~~~~~~~
[3.088s] In file included from /home/j/colcon_ws/ORB_SLAM3/Thirdparty/g2o/g2o/types/types_six_dof_expmap.h:37,
[3.088s]                  from /home/j/colcon_ws/ORB_SLAM3/include/Converter.h:26,
[3.088s]                  from /home/j/colcon_ws/ORB_SLAM3/include/Frame.h:33,
[3.088s]                  from /home/j/colcon_ws/ORB_SLAM3/include/KeyFrame.h:28,
[3.088s]                  from /home/j/colcon_ws/ORB_SLAM3/include/MapPoint.h:23,
[3.088s]                  from /home/j/colcon_ws/ORB_SLAM3/include/FrameDrawer.h:24,
[3.088s]                  from /home/j/colcon_ws/ORB_SLAM3/include/Viewer.h:23,
[3.088s]                  from /home/j/colcon_ws/ORB_SLAM3/include/Tracking.h:26,
[3.088s]                  from /home/j/colcon_ws/ORB_SLAM3/include/System.h:31,
[3.088s]                  from /home/j/colcon_ws/src/orbslam3_ros2/src/stereo-inertial/stereo-inertial-node.hpp:10,
[3.088s]                  from /home/j/colcon_ws/src/orbslam3_ros2/src/stereo-inertial/stereo-inertial.cpp:7:
[3.088s] /home/j/colcon_ws/ORB_SLAM3/Thirdparty/g2o/g2o/types/../core/base_vertex.h: In instantiation of ‘class g2o::BaseVertex<7, g2o::Sim3>’:
[3.088s] /home/j/colcon_ws/ORB_SLAM3/Thirdparty/g2o/g2o/types/types_seven_dof_expmap.h:48:35:   required from here
[3.088s] /home/j/colcon_ws/ORB_SLAM3/Thirdparty/g2o/g2o/types/../core/base_vertex.h:62:72: warning: ‘Eigen::AlignedBit’ is deprecated [-Wdeprecated-declarations]
[3.088s]    62 |     typedef Eigen::Map<Matrix<double, D, D>, Matrix<double,D,D>::Flags & AlignedBit ? Aligned : Unaligned >  HessianBlockType;
[3.088s]       |                                                                  ~~~~~~^~~~~~~~~~~~
[3.088s] In file included from /usr/include/eigen3/Eigen/Core:161,
[3.088s]                  from /usr/include/eigen3/Eigen/LU:11,
[3.088s]                  from /home/j/colcon_ws/ORB_SLAM3/Thirdparty/Sophus/sophus/so2.hpp:12,
[3.088s]                  from /home/j/colcon_ws/ORB_SLAM3/Thirdparty/Sophus/sophus/se2.hpp:7,
[3.088s]                  from /home/j/colcon_ws/ORB_SLAM3/Thirdparty/Sophus/sophus/geometry.hpp:7,
[3.088s]                  from /home/j/colcon_ws/ORB_SLAM3/include/Frame.h:28,
[3.088s]                  from /home/j/colcon_ws/ORB_SLAM3/include/KeyFrame.h:28,
[3.088s]                  from /home/j/colcon_ws/ORB_SLAM3/include/MapPoint.h:23,
[3.088s]                  from /home/j/colcon_ws/ORB_SLAM3/include/FrameDrawer.h:24,
[3.088s]                  from /home/j/colcon_ws/ORB_SLAM3/include/Viewer.h:23,
[3.088s]                  from /home/j/colcon_ws/ORB_SLAM3/include/Tracking.h:26,
[3.088s]                  from /home/j/colcon_ws/ORB_SLAM3/include/System.h:31,
[3.088s]                  from /home/j/colcon_ws/src/orbslam3_ros2/src/stereo-inertial/stereo-inertial-node.hpp:10,
[3.088s]                  from /home/j/colcon_ws/src/orbslam3_ros2/src/stereo-inertial/stereo-inertial.cpp:7:
[3.088s] /usr/include/eigen3/Eigen/src/Core/util/Constants.h:167:37: note: declared here
[3.088s]   167 | EIGEN_DEPRECATED const unsigned int AlignedBit = 0x80;
[3.088s]       |                                     ^~~~~~~~~~
[3.105s] In file included from /home/j/colcon_ws/ORB_SLAM3/Thirdparty/g2o/g2o/types/types_six_dof_expmap.h:38,
[3.105s]                  from /home/j/colcon_ws/ORB_SLAM3/include/Converter.h:26,
[3.105s]                  from /home/j/colcon_ws/ORB_SLAM3/include/Frame.h:33,
[3.105s]                  from /home/j/colcon_ws/ORB_SLAM3/include/KeyFrame.h:28,
[3.105s]                  from /home/j/colcon_ws/ORB_SLAM3/include/MapPoint.h:23,
[3.105s]                  from /home/j/colcon_ws/ORB_SLAM3/include/FrameDrawer.h:24,
[3.105s]                  from /home/j/colcon_ws/ORB_SLAM3/include/Viewer.h:23,
[3.105s]                  from /home/j/colcon_ws/ORB_SLAM3/include/Tracking.h:26,
[3.105s]                  from /home/j/colcon_ws/ORB_SLAM3/include/System.h:31,
[3.105s]                  from /home/j/colcon_ws/src/orbslam3_ros2/src/stereo-inertial/stereo-inertial-node.hpp:10,
[3.105s]                  from /home/j/colcon_ws/src/orbslam3_ros2/src/stereo-inertial/stereo-inertial.cpp:7:
[3.105s] /home/j/colcon_ws/ORB_SLAM3/Thirdparty/g2o/g2o/types/../core/base_binary_edge.h: In instantiation of ‘class g2o::BaseBinaryEdge<7, g2o::Sim3, g2o::VertexSim3Expmap, g2o::VertexSim3Expmap>’:
[3.105s] /home/j/colcon_ws/ORB_SLAM3/Thirdparty/g2o/g2o/types/types_seven_dof_expmap.h:99:27:   required from here
[3.105s] /home/j/colcon_ws/ORB_SLAM3/Thirdparty/g2o/g2o/types/../core/base_binary_edge.h:59:80: warning: ‘Eigen::AlignedBit’ is deprecated [-Wdeprecated-declarations]
[3.105s]    59 |       typedef Eigen::Map<Matrix<double, Di, Dj>, Matrix<double, Di, Dj>::Flags & AlignedBit ? Aligned : Unaligned > HessianBlockType;
[3.105s]       |                                                                          ~~~~~~^~~~~~~~~~~~
[3.105s] In file included from /usr/include/eigen3/Eigen/Core:161,
[3.105s]                  from /usr/include/eigen3/Eigen/LU:11,
[3.105s]                  from /home/j/colcon_ws/ORB_SLAM3/Thirdparty/Sophus/sophus/so2.hpp:12,
[3.105s]                  from /home/j/colcon_ws/ORB_SLAM3/Thirdparty/Sophus/sophus/se2.hpp:7,
[3.105s]                  from /home/j/colcon_ws/ORB_SLAM3/Thirdparty/Sophus/sophus/geometry.hpp:7,
[3.105s]                  from /home/j/colcon_ws/ORB_SLAM3/include/Frame.h:28,
[3.105s]                  from /home/j/colcon_ws/ORB_SLAM3/include/KeyFrame.h:28,
[3.105s]                  from /home/j/colcon_ws/ORB_SLAM3/include/MapPoint.h:23,
[3.105s]                  from /home/j/colcon_ws/ORB_SLAM3/include/FrameDrawer.h:24,
[3.105s]                  from /home/j/colcon_ws/ORB_SLAM3/include/Viewer.h:23,
[3.105s]                  from /home/j/colcon_ws/ORB_SLAM3/include/Tracking.h:26,
[3.105s]                  from /home/j/colcon_ws/ORB_SLAM3/include/System.h:31,
[3.105s]                  from /home/j/colcon_ws/src/orbslam3_ros2/src/stereo-inertial/stereo-inertial-node.hpp:10,
[3.105s]                  from /home/j/colcon_ws/src/orbslam3_ros2/src/stereo-inertial/stereo-inertial.cpp:7:
[3.105s] /usr/include/eigen3/Eigen/src/Core/util/Constants.h:167:37: note: declared here
[3.105s]   167 | EIGEN_DEPRECATED const unsigned int AlignedBit = 0x80;
[3.105s]       |                                     ^~~~~~~~~~
[3.105s] In file included from /home/j/colcon_ws/ORB_SLAM3/Thirdparty/g2o/g2o/types/types_six_dof_expmap.h:38,
[3.105s]                  from /home/j/colcon_ws/ORB_SLAM3/include/Converter.h:26,
[3.105s]                  from /home/j/colcon_ws/ORB_SLAM3/include/Frame.h:33,
[3.105s]                  from /home/j/colcon_ws/ORB_SLAM3/include/KeyFrame.h:28,
[3.105s]                  from /home/j/colcon_ws/ORB_SLAM3/include/MapPoint.h:23,
[3.105s]                  from /home/j/colcon_ws/ORB_SLAM3/include/FrameDrawer.h:24,
[3.105s]                  from /home/j/colcon_ws/ORB_SLAM3/include/Viewer.h:23,
[3.105s]                  from /home/j/colcon_ws/ORB_SLAM3/include/Tracking.h:26,
[3.105s]                  from /home/j/colcon_ws/ORB_SLAM3/include/System.h:31,
[3.106s]                  from /home/j/colcon_ws/src/orbslam3_ros2/src/stereo-inertial/stereo-inertial-node.hpp:10,
[3.106s]                  from /home/j/colcon_ws/src/orbslam3_ros2/src/stereo-inertial/stereo-inertial.cpp:7:
[3.106s] /home/j/colcon_ws/ORB_SLAM3/Thirdparty/g2o/g2o/types/../core/base_binary_edge.h:60:80: warning: ‘Eigen::AlignedBit’ is deprecated [-Wdeprecated-declarations]
[3.106s]    60 |       typedef Eigen::Map<Matrix<double, Dj, Di>, Matrix<double, Dj, Di>::Flags & AlignedBit ? Aligned : Unaligned > HessianBlockTransposedType;
[3.106s]       |                                                                          ~~~~~~^~~~~~~~~~~~
[3.106s] In file included from /usr/include/eigen3/Eigen/Core:161,
[3.106s]                  from /usr/include/eigen3/Eigen/LU:11,
[3.106s]                  from /home/j/colcon_ws/ORB_SLAM3/Thirdparty/Sophus/sophus/so2.hpp:12,
[3.106s]                  from /home/j/colcon_ws/ORB_SLAM3/Thirdparty/Sophus/sophus/se2.hpp:7,
[3.106s]                  from /home/j/colcon_ws/ORB_SLAM3/Thirdparty/Sophus/sophus/geometry.hpp:7,
[3.106s]                  from /home/j/colcon_ws/ORB_SLAM3/include/Frame.h:28,
[3.106s]                  from /home/j/colcon_ws/ORB_SLAM3/include/KeyFrame.h:28,
[3.106s]                  from /home/j/colcon_ws/ORB_SLAM3/include/MapPoint.h:23,
[3.106s]                  from /home/j/colcon_ws/ORB_SLAM3/include/FrameDrawer.h:24,
[3.106s]                  from /home/j/colcon_ws/ORB_SLAM3/include/Viewer.h:23,
[3.106s]                  from /home/j/colcon_ws/ORB_SLAM3/include/Tracking.h:26,
[3.106s]                  from /home/j/colcon_ws/ORB_SLAM3/include/System.h:31,
[3.106s]                  from /home/j/colcon_ws/src/orbslam3_ros2/src/stereo-inertial/stereo-inertial-node.hpp:10,
[3.106s]                  from /home/j/colcon_ws/src/orbslam3_ros2/src/stereo-inertial/stereo-inertial.cpp:7:
[3.106s] /usr/include/eigen3/Eigen/src/Core/util/Constants.h:167:37: note: declared here
[3.106s]   167 | EIGEN_DEPRECATED const unsigned int AlignedBit = 0x80;
[3.106s]       |                                     ^~~~~~~~~~
[3.115s] In file included from /home/j/colcon_ws/ORB_SLAM3/Thirdparty/g2o/g2o/types/types_six_dof_expmap.h:37,
[3.115s]                  from /home/j/colcon_ws/ORB_SLAM3/include/Converter.h:26,
[3.115s]                  from /home/j/colcon_ws/ORB_SLAM3/include/Frame.h:33,
[3.115s]                  from /home/j/colcon_ws/ORB_SLAM3/include/KeyFrame.h:28,
[3.115s]                  from /home/j/colcon_ws/ORB_SLAM3/include/MapPoint.h:23,
[3.115s]                  from /home/j/colcon_ws/ORB_SLAM3/include/FrameDrawer.h:24,
[3.115s]                  from /home/j/colcon_ws/ORB_SLAM3/include/Viewer.h:23,
[3.115s]                  from /home/j/colcon_ws/ORB_SLAM3/include/Tracking.h:26,
[3.115s]                  from /home/j/colcon_ws/ORB_SLAM3/include/System.h:31,
[3.115s]                  from /home/j/colcon_ws/src/orbslam3_ros2/src/stereo-inertial/stereo-inertial-node.hpp:10,
[3.115s]                  from /home/j/colcon_ws/src/orbslam3_ros2/src/stereo-inertial/stereo-inertial-node.cpp:1:
[3.115s] /home/j/colcon_ws/ORB_SLAM3/Thirdparty/g2o/g2o/types/../core/base_vertex.h: In instantiation of ‘class g2o::BaseVertex<7, g2o::Sim3>’:
[3.115s] /home/j/colcon_ws/ORB_SLAM3/Thirdparty/g2o/g2o/types/types_seven_dof_expmap.h:48:35:   required from here
[3.115s] /home/j/colcon_ws/ORB_SLAM3/Thirdparty/g2o/g2o/types/../core/base_vertex.h:62:72: warning: ‘Eigen::AlignedBit’ is deprecated [-Wdeprecated-declarations]
[3.115s]    62 |     typedef Eigen::Map<Matrix<double, D, D>, Matrix<double,D,D>::Flags & AlignedBit ? Aligned : Unaligned >  HessianBlockType;
[3.115s]       |                                                                  ~~~~~~^~~~~~~~~~~~
[3.115s] In file included from /usr/include/eigen3/Eigen/Core:161,
[3.115s]                  from /usr/include/eigen3/Eigen/LU:11,
[3.115s]                  from /home/j/colcon_ws/ORB_SLAM3/Thirdparty/Sophus/sophus/so2.hpp:12,
[3.115s]                  from /home/j/colcon_ws/ORB_SLAM3/Thirdparty/Sophus/sophus/se2.hpp:7,
[3.115s]                  from /home/j/colcon_ws/ORB_SLAM3/Thirdparty/Sophus/sophus/geometry.hpp:7,
[3.115s]                  from /home/j/colcon_ws/ORB_SLAM3/include/Frame.h:28,
[3.115s]                  from /home/j/colcon_ws/ORB_SLAM3/include/KeyFrame.h:28,
[3.115s]                  from /home/j/colcon_ws/ORB_SLAM3/include/MapPoint.h:23,
[3.115s]                  from /home/j/colcon_ws/ORB_SLAM3/include/FrameDrawer.h:24,
[3.115s]                  from /home/j/colcon_ws/ORB_SLAM3/include/Viewer.h:23,
[3.115s]                  from /home/j/colcon_ws/ORB_SLAM3/include/Tracking.h:26,
[3.115s]                  from /home/j/colcon_ws/ORB_SLAM3/include/System.h:31,
[3.115s]                  from /home/j/colcon_ws/src/orbslam3_ros2/src/stereo-inertial/stereo-inertial-node.hpp:10,
[3.116s]                  from /home/j/colcon_ws/src/orbslam3_ros2/src/stereo-inertial/stereo-inertial-node.cpp:1:
[3.116s] /usr/include/eigen3/Eigen/src/Core/util/Constants.h:167:37: note: declared here
[3.116s]   167 | EIGEN_DEPRECATED const unsigned int AlignedBit = 0x80;
[3.116s]       |                                     ^~~~~~~~~~
[3.130s] In file included from /home/j/colcon_ws/ORB_SLAM3/Thirdparty/g2o/g2o/types/types_six_dof_expmap.h:38,
[3.130s]                  from /home/j/colcon_ws/ORB_SLAM3/include/Converter.h:26,
[3.130s]                  from /home/j/colcon_ws/ORB_SLAM3/include/Frame.h:33,
[3.130s]                  from /home/j/colcon_ws/ORB_SLAM3/include/KeyFrame.h:28,
[3.130s]                  from /home/j/colcon_ws/ORB_SLAM3/include/MapPoint.h:23,
[3.130s]                  from /home/j/colcon_ws/ORB_SLAM3/include/FrameDrawer.h:24,
[3.130s]                  from /home/j/colcon_ws/ORB_SLAM3/include/Viewer.h:23,
[3.130s]                  from /home/j/colcon_ws/ORB_SLAM3/include/Tracking.h:26,
[3.130s]                  from /home/j/colcon_ws/ORB_SLAM3/include/System.h:31,
[3.130s]                  from /home/j/colcon_ws/src/orbslam3_ros2/src/stereo-inertial/stereo-inertial-node.hpp:10,
[3.130s]                  from /home/j/colcon_ws/src/orbslam3_ros2/src/stereo-inertial/stereo-inertial.cpp:7:
[3.130s] /home/j/colcon_ws/ORB_SLAM3/Thirdparty/g2o/g2o/types/../core/base_binary_edge.h: In instantiation of ‘class g2o::BaseBinaryEdge<2, Eigen::Matrix<double, 2, 1>, g2o::VertexSBAPointXYZ, g2o::VertexSim3Expmap>’:
[3.130s] /home/j/colcon_ws/ORB_SLAM3/Thirdparty/g2o/g2o/types/types_seven_dof_expmap.h:130:36:   required from here
[3.130s] /home/j/colcon_ws/ORB_SLAM3/Thirdparty/g2o/g2o/types/../core/base_binary_edge.h:59:80: warning: ‘Eigen::AlignedBit’ is deprecated [-Wdeprecated-declarations]
[3.130s]    59 |       typedef Eigen::Map<Matrix<double, Di, Dj>, Matrix<double, Di, Dj>::Flags & AlignedBit ? Aligned : Unaligned > HessianBlockType;
[3.130s]       |                                                                          ~~~~~~^~~~~~~~~~~~
[3.130s] In file included from /usr/include/eigen3/Eigen/Core:161,
[3.130s]                  from /usr/include/eigen3/Eigen/LU:11,
[3.130s]                  from /home/j/colcon_ws/ORB_SLAM3/Thirdparty/Sophus/sophus/so2.hpp:12,
[3.130s]                  from /home/j/colcon_ws/ORB_SLAM3/Thirdparty/Sophus/sophus/se2.hpp:7,
[3.130s]                  from /home/j/colcon_ws/ORB_SLAM3/Thirdparty/Sophus/sophus/geometry.hpp:7,
[3.130s]                  from /home/j/colcon_ws/ORB_SLAM3/include/Frame.h:28,
[3.130s]                  from /home/j/colcon_ws/ORB_SLAM3/include/KeyFrame.h:28,
[3.130s]                  from /home/j/colcon_ws/ORB_SLAM3/include/MapPoint.h:23,
[3.130s]                  from /home/j/colcon_ws/ORB_SLAM3/include/FrameDrawer.h:24,
[3.130s]                  from /home/j/colcon_ws/ORB_SLAM3/include/Viewer.h:23,
[3.130s]                  from /home/j/colcon_ws/ORB_SLAM3/include/Tracking.h:26,
[3.130s]                  from /home/j/colcon_ws/ORB_SLAM3/include/System.h:31,
[3.130s]                  from /home/j/colcon_ws/src/orbslam3_ros2/src/stereo-inertial/stereo-inertial-node.hpp:10,
[3.130s]                  from /home/j/colcon_ws/src/orbslam3_ros2/src/stereo-inertial/stereo-inertial.cpp:7:
[3.130s] /usr/include/eigen3/Eigen/src/Core/util/Constants.h:167:37: note: declared here
[3.130s]   167 | EIGEN_DEPRECATED const unsigned int AlignedBit = 0x80;
[3.130s]       |                                     ^~~~~~~~~~
[3.135s] In file included from /home/j/colcon_ws/ORB_SLAM3/Thirdparty/g2o/g2o/types/types_six_dof_expmap.h:38,
[3.135s]                  from /home/j/colcon_ws/ORB_SLAM3/include/Converter.h:26,
[3.135s]                  from /home/j/colcon_ws/ORB_SLAM3/include/Frame.h:33,
[3.135s]                  from /home/j/colcon_ws/ORB_SLAM3/include/KeyFrame.h:28,
[3.135s]                  from /home/j/colcon_ws/ORB_SLAM3/include/MapPoint.h:23,
[3.135s]                  from /home/j/colcon_ws/ORB_SLAM3/include/FrameDrawer.h:24,
[3.135s]                  from /home/j/colcon_ws/ORB_SLAM3/include/Viewer.h:23,
[3.135s]                  from /home/j/colcon_ws/ORB_SLAM3/include/Tracking.h:26,
[3.135s]                  from /home/j/colcon_ws/ORB_SLAM3/include/System.h:31,
[3.135s]                  from /home/j/colcon_ws/src/orbslam3_ros2/src/stereo-inertial/stereo-inertial-node.hpp:10,
[3.135s]                  from /home/j/colcon_ws/src/orbslam3_ros2/src/stereo-inertial/stereo-inertial-node.cpp:1:
[3.135s] /home/j/colcon_ws/ORB_SLAM3/Thirdparty/g2o/g2o/types/../core/base_binary_edge.h: In instantiation of ‘class g2o::BaseBinaryEdge<7, g2o::Sim3, g2o::VertexSim3Expmap, g2o::VertexSim3Expmap>’:
[3.135s] /home/j/colcon_ws/ORB_SLAM3/Thirdparty/g2o/g2o/types/types_seven_dof_expmap.h:99:27:   required from here
[3.135s] /home/j/colcon_ws/ORB_SLAM3/Thirdparty/g2o/g2o/types/../core/base_binary_edge.h:59:80: warning: ‘Eigen::AlignedBit’ is deprecated [-Wdeprecated-declarations]
[3.135s]    59 |       typedef Eigen::Map<Matrix<double, Di, Dj>, Matrix<double, Di, Dj>::Flags & AlignedBit ? Aligned : Unaligned > HessianBlockType;
[3.135s]       |                                                                          ~~~~~~^~~~~~~~~~~~
[3.135s] In file included from /usr/include/eigen3/Eigen/Core:161,
[3.135s]                  from /usr/include/eigen3/Eigen/LU:11,
[3.135s]                  from /home/j/colcon_ws/ORB_SLAM3/Thirdparty/Sophus/sophus/so2.hpp:12,
[3.135s]                  from /home/j/colcon_ws/ORB_SLAM3/Thirdparty/Sophus/sophus/se2.hpp:7,
[3.135s]                  from /home/j/colcon_ws/ORB_SLAM3/Thirdparty/Sophus/sophus/geometry.hpp:7,
[3.135s]                  from /home/j/colcon_ws/ORB_SLAM3/include/Frame.h:28,
[3.135s]                  from /home/j/colcon_ws/ORB_SLAM3/include/KeyFrame.h:28,
[3.135s]                  from /home/j/colcon_ws/ORB_SLAM3/include/MapPoint.h:23,
[3.135s]                  from /home/j/colcon_ws/ORB_SLAM3/include/FrameDrawer.h:24,
[3.135s]                  from /home/j/colcon_ws/ORB_SLAM3/include/Viewer.h:23,
[3.135s]                  from /home/j/colcon_ws/ORB_SLAM3/include/Tracking.h:26,
[3.135s]                  from /home/j/colcon_ws/ORB_SLAM3/include/System.h:31,
[3.135s]                  from /home/j/colcon_ws/src/orbslam3_ros2/src/stereo-inertial/stereo-inertial-node.hpp:10,
[3.135s]                  from /home/j/colcon_ws/src/orbslam3_ros2/src/stereo-inertial/stereo-inertial-node.cpp:1:
[3.135s] /usr/include/eigen3/Eigen/src/Core/util/Constants.h:167:37: note: declared here
[3.135s]   167 | EIGEN_DEPRECATED const unsigned int AlignedBit = 0x80;
[3.135s]       |                                     ^~~~~~~~~~
[3.135s] In file included from /home/j/colcon_ws/ORB_SLAM3/Thirdparty/g2o/g2o/types/types_six_dof_expmap.h:38,
[3.135s]                  from /home/j/colcon_ws/ORB_SLAM3/include/Converter.h:26,
[3.135s]                  from /home/j/colcon_ws/ORB_SLAM3/include/Frame.h:33,
[3.135s]                  from /home/j/colcon_ws/ORB_SLAM3/include/KeyFrame.h:28,
[3.135s]                  from /home/j/colcon_ws/ORB_SLAM3/include/MapPoint.h:23,
[3.136s]                  from /home/j/colcon_ws/ORB_SLAM3/include/FrameDrawer.h:24,
[3.136s]                  from /home/j/colcon_ws/ORB_SLAM3/include/Viewer.h:23,
[3.136s]                  from /home/j/colcon_ws/ORB_SLAM3/include/Tracking.h:26,
[3.136s]                  from /home/j/colcon_ws/ORB_SLAM3/include/System.h:31,
[3.136s]                  from /home/j/colcon_ws/src/orbslam3_ros2/src/stereo-inertial/stereo-inertial-node.hpp:10,
[3.136s]                  from /home/j/colcon_ws/src/orbslam3_ros2/src/stereo-inertial/stereo-inertial-node.cpp:1:
[3.136s] /home/j/colcon_ws/ORB_SLAM3/Thirdparty/g2o/g2o/types/../core/base_binary_edge.h:60:80: warning: ‘Eigen::AlignedBit’ is deprecated [-Wdeprecated-declarations]
[3.136s]    60 |       typedef Eigen::Map<Matrix<double, Dj, Di>, Matrix<double, Dj, Di>::Flags & AlignedBit ? Aligned : Unaligned > HessianBlockTransposedType;
[3.136s]       |                                                                          ~~~~~~^~~~~~~~~~~~
[3.136s] In file included from /usr/include/eigen3/Eigen/Core:161,
[3.136s]                  from /usr/include/eigen3/Eigen/LU:11,
[3.136s]                  from /home/j/colcon_ws/ORB_SLAM3/Thirdparty/Sophus/sophus/so2.hpp:12,
[3.136s]                  from /home/j/colcon_ws/ORB_SLAM3/Thirdparty/Sophus/sophus/se2.hpp:7,
[3.136s]                  from /home/j/colcon_ws/ORB_SLAM3/Thirdparty/Sophus/sophus/geometry.hpp:7,
[3.136s]                  from /home/j/colcon_ws/ORB_SLAM3/include/Frame.h:28,
[3.136s]                  from /home/j/colcon_ws/ORB_SLAM3/include/KeyFrame.h:28,
[3.136s]                  from /home/j/colcon_ws/ORB_SLAM3/include/MapPoint.h:23,
[3.136s]                  from /home/j/colcon_ws/ORB_SLAM3/include/FrameDrawer.h:24,
[3.136s]                  from /home/j/colcon_ws/ORB_SLAM3/include/Viewer.h:23,
[3.136s]                  from /home/j/colcon_ws/ORB_SLAM3/include/Tracking.h:26,
[3.136s]                  from /home/j/colcon_ws/ORB_SLAM3/include/System.h:31,
[3.136s]                  from /home/j/colcon_ws/src/orbslam3_ros2/src/stereo-inertial/stereo-inertial-node.hpp:10,
[3.136s]                  from /home/j/colcon_ws/src/orbslam3_ros2/src/stereo-inertial/stereo-inertial-node.cpp:1:
[3.136s] /usr/include/eigen3/Eigen/src/Core/util/Constants.h:167:37: note: declared here
[3.136s]   167 | EIGEN_DEPRECATED const unsigned int AlignedBit = 0x80;
[3.136s]       |                                     ^~~~~~~~~~
[3.138s] In file included from /home/j/colcon_ws/ORB_SLAM3/Thirdparty/g2o/g2o/types/types_six_dof_expmap.h:38,
[3.138s]                  from /home/j/colcon_ws/ORB_SLAM3/include/Converter.h:26,
[3.138s]                  from /home/j/colcon_ws/ORB_SLAM3/include/Frame.h:33,
[3.138s]                  from /home/j/colcon_ws/ORB_SLAM3/include/KeyFrame.h:28,
[3.138s]                  from /home/j/colcon_ws/ORB_SLAM3/include/MapPoint.h:23,
[3.138s]                  from /home/j/colcon_ws/ORB_SLAM3/include/FrameDrawer.h:24,
[3.138s]                  from /home/j/colcon_ws/ORB_SLAM3/include/Viewer.h:23,
[3.138s]                  from /home/j/colcon_ws/ORB_SLAM3/include/Tracking.h:26,
[3.138s]                  from /home/j/colcon_ws/ORB_SLAM3/include/System.h:31,
[3.138s]                  from /home/j/colcon_ws/src/orbslam3_ros2/src/stereo-inertial/stereo-inertial-node.hpp:10,
[3.138s]                  from /home/j/colcon_ws/src/orbslam3_ros2/src/stereo-inertial/stereo-inertial.cpp:7:
[3.138s] /home/j/colcon_ws/ORB_SLAM3/Thirdparty/g2o/g2o/types/../core/base_binary_edge.h:60:80: warning: ‘Eigen::AlignedBit’ is deprecated [-Wdeprecated-declarations]
[3.138s]    60 |       typedef Eigen::Map<Matrix<double, Dj, Di>, Matrix<double, Dj, Di>::Flags & AlignedBit ? Aligned : Unaligned > HessianBlockTransposedType;
[3.138s]       |                                                                          ~~~~~~^~~~~~~~~~~~
[3.138s] In file included from /usr/include/eigen3/Eigen/Core:161,
[3.138s]                  from /usr/include/eigen3/Eigen/LU:11,
[3.138s]                  from /home/j/colcon_ws/ORB_SLAM3/Thirdparty/Sophus/sophus/so2.hpp:12,
[3.138s]                  from /home/j/colcon_ws/ORB_SLAM3/Thirdparty/Sophus/sophus/se2.hpp:7,
[3.138s]                  from /home/j/colcon_ws/ORB_SLAM3/Thirdparty/Sophus/sophus/geometry.hpp:7,
[3.138s]                  from /home/j/colcon_ws/ORB_SLAM3/include/Frame.h:28,
[3.138s]                  from /home/j/colcon_ws/ORB_SLAM3/include/KeyFrame.h:28,
[3.138s]                  from /home/j/colcon_ws/ORB_SLAM3/include/MapPoint.h:23,
[3.138s]                  from /home/j/colcon_ws/ORB_SLAM3/include/FrameDrawer.h:24,
[3.138s]                  from /home/j/colcon_ws/ORB_SLAM3/include/Viewer.h:23,
[3.138s]                  from /home/j/colcon_ws/ORB_SLAM3/include/Tracking.h:26,
[3.138s]                  from /home/j/colcon_ws/ORB_SLAM3/include/System.h:31,
[3.138s]                  from /home/j/colcon_ws/src/orbslam3_ros2/src/stereo-inertial/stereo-inertial-node.hpp:10,
[3.138s]                  from /home/j/colcon_ws/src/orbslam3_ros2/src/stereo-inertial/stereo-inertial.cpp:7:
[3.138s] /usr/include/eigen3/Eigen/src/Core/util/Constants.h:167:37: note: declared here
[3.138s]   167 | EIGEN_DEPRECATED const unsigned int AlignedBit = 0x80;
[3.138s]       |                                     ^~~~~~~~~~
[3.159s] In file included from /home/j/colcon_ws/ORB_SLAM3/Thirdparty/g2o/g2o/types/types_six_dof_expmap.h:38,
[3.159s]                  from /home/j/colcon_ws/ORB_SLAM3/include/Converter.h:26,
[3.159s]                  from /home/j/colcon_ws/ORB_SLAM3/include/Frame.h:33,
[3.159s]                  from /home/j/colcon_ws/ORB_SLAM3/include/KeyFrame.h:28,
[3.159s]                  from /home/j/colcon_ws/ORB_SLAM3/include/MapPoint.h:23,
[3.159s]                  from /home/j/colcon_ws/ORB_SLAM3/include/FrameDrawer.h:24,
[3.159s]                  from /home/j/colcon_ws/ORB_SLAM3/include/Viewer.h:23,
[3.159s]                  from /home/j/colcon_ws/ORB_SLAM3/include/Tracking.h:26,
[3.159s]                  from /home/j/colcon_ws/ORB_SLAM3/include/System.h:31,
[3.159s]                  from /home/j/colcon_ws/src/orbslam3_ros2/src/stereo-inertial/stereo-inertial-node.hpp:10,
[3.159s]                  from /home/j/colcon_ws/src/orbslam3_ros2/src/stereo-inertial/stereo-inertial-node.cpp:1:
[3.159s] /home/j/colcon_ws/ORB_SLAM3/Thirdparty/g2o/g2o/types/../core/base_binary_edge.h: In instantiation of ‘class g2o::BaseBinaryEdge<2, Eigen::Matrix<double, 2, 1>, g2o::VertexSBAPointXYZ, g2o::VertexSim3Expmap>’:
[3.159s] /home/j/colcon_ws/ORB_SLAM3/Thirdparty/g2o/g2o/types/types_seven_dof_expmap.h:130:36:   required from here
[3.159s] /home/j/colcon_ws/ORB_SLAM3/Thirdparty/g2o/g2o/types/../core/base_binary_edge.h:59:80: warning: ‘Eigen::AlignedBit’ is deprecated [-Wdeprecated-declarations]
[3.159s]    59 |       typedef Eigen::Map<Matrix<double, Di, Dj>, Matrix<double, Di, Dj>::Flags & AlignedBit ? Aligned : Unaligned > HessianBlockType;
[3.159s]       |                                                                          ~~~~~~^~~~~~~~~~~~
[3.159s] In file included from /usr/include/eigen3/Eigen/Core:161,
[3.160s]                  from /usr/include/eigen3/Eigen/LU:11,
[3.160s]                  from /home/j/colcon_ws/ORB_SLAM3/Thirdparty/Sophus/sophus/so2.hpp:12,
[3.160s]                  from /home/j/colcon_ws/ORB_SLAM3/Thirdparty/Sophus/sophus/se2.hpp:7,
[3.160s]                  from /home/j/colcon_ws/ORB_SLAM3/Thirdparty/Sophus/sophus/geometry.hpp:7,
[3.160s]                  from /home/j/colcon_ws/ORB_SLAM3/include/Frame.h:28,
[3.160s]                  from /home/j/colcon_ws/ORB_SLAM3/include/KeyFrame.h:28,
[3.160s]                  from /home/j/colcon_ws/ORB_SLAM3/include/MapPoint.h:23,
[3.160s]                  from /home/j/colcon_ws/ORB_SLAM3/include/FrameDrawer.h:24,
[3.160s]                  from /home/j/colcon_ws/ORB_SLAM3/include/Viewer.h:23,
[3.160s]                  from /home/j/colcon_ws/ORB_SLAM3/include/Tracking.h:26,
[3.160s]                  from /home/j/colcon_ws/ORB_SLAM3/include/System.h:31,
[3.160s]                  from /home/j/colcon_ws/src/orbslam3_ros2/src/stereo-inertial/stereo-inertial-node.hpp:10,
[3.160s]                  from /home/j/colcon_ws/src/orbslam3_ros2/src/stereo-inertial/stereo-inertial-node.cpp:1:
[3.160s] /usr/include/eigen3/Eigen/src/Core/util/Constants.h:167:37: note: declared here
[3.160s]   167 | EIGEN_DEPRECATED const unsigned int AlignedBit = 0x80;
[3.160s]       |                                     ^~~~~~~~~~
[3.167s] In file included from /home/j/colcon_ws/ORB_SLAM3/Thirdparty/g2o/g2o/types/types_six_dof_expmap.h:38,
[3.167s]                  from /home/j/colcon_ws/ORB_SLAM3/include/Converter.h:26,
[3.167s]                  from /home/j/colcon_ws/ORB_SLAM3/include/Frame.h:33,
[3.167s]                  from /home/j/colcon_ws/ORB_SLAM3/include/KeyFrame.h:28,
[3.167s]                  from /home/j/colcon_ws/ORB_SLAM3/include/MapPoint.h:23,
[3.168s]                  from /home/j/colcon_ws/ORB_SLAM3/include/FrameDrawer.h:24,
[3.168s]                  from /home/j/colcon_ws/ORB_SLAM3/include/Viewer.h:23,
[3.168s]                  from /home/j/colcon_ws/ORB_SLAM3/include/Tracking.h:26,
[3.168s]                  from /home/j/colcon_ws/ORB_SLAM3/include/System.h:31,
[3.168s]                  from /home/j/colcon_ws/src/orbslam3_ros2/src/stereo-inertial/stereo-inertial-node.hpp:10,
[3.168s]                  from /home/j/colcon_ws/src/orbslam3_ros2/src/stereo-inertial/stereo-inertial-node.cpp:1:
[3.168s] /home/j/colcon_ws/ORB_SLAM3/Thirdparty/g2o/g2o/types/../core/base_binary_edge.h:60:80: warning: ‘Eigen::AlignedBit’ is deprecated [-Wdeprecated-declarations]
[3.168s]    60 |       typedef Eigen::Map<Matrix<double, Dj, Di>, Matrix<double, Dj, Di>::Flags & AlignedBit ? Aligned : Unaligned > HessianBlockTransposedType;
[3.168s]       |                                                                          ~~~~~~^~~~~~~~~~~~
[3.168s] In file included from /usr/include/eigen3/Eigen/Core:161,
[3.168s]                  from /usr/include/eigen3/Eigen/LU:11,
[3.168s]                  from /home/j/colcon_ws/ORB_SLAM3/Thirdparty/Sophus/sophus/so2.hpp:12,
[3.168s]                  from /home/j/colcon_ws/ORB_SLAM3/Thirdparty/Sophus/sophus/se2.hpp:7,
[3.168s]                  from /home/j/colcon_ws/ORB_SLAM3/Thirdparty/Sophus/sophus/geometry.hpp:7,
[3.168s]                  from /home/j/colcon_ws/ORB_SLAM3/include/Frame.h:28,
[3.168s]                  from /home/j/colcon_ws/ORB_SLAM3/include/KeyFrame.h:28,
[3.168s]                  from /home/j/colcon_ws/ORB_SLAM3/include/MapPoint.h:23,
[3.168s]                  from /home/j/colcon_ws/ORB_SLAM3/include/FrameDrawer.h:24,
[3.168s]                  from /home/j/colcon_ws/ORB_SLAM3/include/Viewer.h:23,
[3.168s]                  from /home/j/colcon_ws/ORB_SLAM3/include/Tracking.h:26,
[3.168s]                  from /home/j/colcon_ws/ORB_SLAM3/include/System.h:31,
[3.168s]                  from /home/j/colcon_ws/src/orbslam3_ros2/src/stereo-inertial/stereo-inertial-node.hpp:10,
[3.168s]                  from /home/j/colcon_ws/src/orbslam3_ros2/src/stereo-inertial/stereo-inertial-node.cpp:1:
[3.168s] /usr/include/eigen3/Eigen/src/Core/util/Constants.h:167:37: note: declared here
[3.168s]   167 | EIGEN_DEPRECATED const unsigned int AlignedBit = 0x80;
[3.168s]       |                                     ^~~~~~~~~~
[3.671s] In file included from /home/j/colcon_ws/ORB_SLAM3/include/Atlas.h:26,
[3.671s]                  from /home/j/colcon_ws/ORB_SLAM3/include/FrameDrawer.h:25,
[3.671s]                  from /home/j/colcon_ws/ORB_SLAM3/include/Viewer.h:23,
[3.671s]                  from /home/j/colcon_ws/ORB_SLAM3/include/Tracking.h:26,
[3.671s]                  from /home/j/colcon_ws/ORB_SLAM3/include/System.h:31,
[3.671s]                  from /home/j/colcon_ws/src/orbslam3_ros2/src/stereo-inertial/stereo-inertial-node.hpp:10,
[3.671s]                  from /home/j/colcon_ws/src/orbslam3_ros2/src/stereo-inertial/stereo-inertial.cpp:7:
[3.671s] /home/j/colcon_ws/ORB_SLAM3/include/CameraModels/Pinhole.h: In member function ‘virtual bool ORB_SLAM3::Pinhole::matchAndtriangulate(const cv::KeyPoint&, const cv::KeyPoint&, ORB_SLAM3::GeometricCamera*, Sophus::SE3f&, Sophus::SE3f&, float, float, Eigen::Vector3f&)’:
[3.671s] /home/j/colcon_ws/ORB_SLAM3/include/CameraModels/Pinhole.h:83:54: warning: unused parameter ‘kp1’ [-Wunused-parameter]
[3.671s]    83 |         bool matchAndtriangulate(const cv::KeyPoint& kp1, const cv::KeyPoint& kp2, GeometricCamera* pOther,
[3.671s]       |                                  ~~~~~~~~~~~~~~~~~~~~^~~
[3.671s] /home/j/colcon_ws/ORB_SLAM3/include/CameraModels/Pinhole.h:83:79: warning: unused parameter ‘kp2’ [-Wunused-parameter]
[3.671s]    83 |         bool matchAndtriangulate(const cv::KeyPoint& kp1, const cv::KeyPoint& kp2, GeometricCamera* pOther,
[3.671s]       |                                                           ~~~~~~~~~~~~~~~~~~~~^~~
[3.671s] /home/j/colcon_ws/ORB_SLAM3/include/CameraModels/Pinhole.h:83:101: warning: unused parameter ‘pOther’ [-Wunused-parameter]
[3.671s]    83 |         bool matchAndtriangulate(const cv::KeyPoint& kp1, const cv::KeyPoint& kp2, GeometricCamera* pOther,
[3.671s]       |                                                                                    ~~~~~~~~~~~~~~~~~^~~~~~
[3.671s] /home/j/colcon_ws/ORB_SLAM3/include/CameraModels/Pinhole.h:84:48: warning: unused parameter ‘Tcw1’ [-Wunused-parameter]
[3.671s]    84 |                                  Sophus::SE3f& Tcw1, Sophus::SE3f& Tcw2,
[3.671s]       |                                  ~~~~~~~~~~~~~~^~~~
[3.672s] /home/j/colcon_ws/ORB_SLAM3/include/CameraModels/Pinhole.h:84:68: warning: unused parameter ‘Tcw2’ [-Wunused-parameter]
[3.672s]    84 |                                  Sophus::SE3f& Tcw1, Sophus::SE3f& Tcw2,
[3.672s]       |                                                      ~~~~~~~~~~~~~~^~~~
[3.672s] /home/j/colcon_ws/ORB_SLAM3/include/CameraModels/Pinhole.h:85:46: warning: unused parameter ‘sigmaLevel1’ [-Wunused-parameter]
[3.672s]    85 |                                  const float sigmaLevel1, const float sigmaLevel2,
[3.672s]       |                                  ~~~~~~~~~~~~^~~~~~~~~~~
[3.672s] /home/j/colcon_ws/ORB_SLAM3/include/CameraModels/Pinhole.h:85:71: warning: unused parameter ‘sigmaLevel2’ [-Wunused-parameter]
[3.672s]    85 |                                  const float sigmaLevel1, const float sigmaLevel2,
[3.672s]       |                                                           ~~~~~~~~~~~~^~~~~~~~~~~
[3.672s] /home/j/colcon_ws/ORB_SLAM3/include/CameraModels/Pinhole.h:86:51: warning: unused parameter ‘x3Dtriangulated’ [-Wunused-parameter]
[3.672s]    86 |                                  Eigen::Vector3f& x3Dtriangulated) { return false;}
[3.672s]       |                                  ~~~~~~~~~~~~~~~~~^~~~~~~~~~~~~~~
[3.672s] In file included from /home/j/colcon_ws/ORB_SLAM3/include/Atlas.h:27,
[3.672s]                  from /home/j/colcon_ws/ORB_SLAM3/include/FrameDrawer.h:25,
[3.672s]                  from /home/j/colcon_ws/ORB_SLAM3/include/Viewer.h:23,
[3.672s]                  from /home/j/colcon_ws/ORB_SLAM3/include/Tracking.h:26,
[3.672s]                  from /home/j/colcon_ws/ORB_SLAM3/include/System.h:31,
[3.672s]                  from /home/j/colcon_ws/src/orbslam3_ros2/src/stereo-inertial/stereo-inertial-node.hpp:10,
[3.672s]                  from /home/j/colcon_ws/src/orbslam3_ros2/src/stereo-inertial/stereo-inertial.cpp:7:
[3.672s] /home/j/colcon_ws/ORB_SLAM3/include/CameraModels/KannalaBrandt8.h: In constructor ‘ORB_SLAM3::KannalaBrandt8::KannalaBrandt8(std::vector<float>)’:
[3.672s] /home/j/colcon_ws/ORB_SLAM3/include/CameraModels/KannalaBrandt8.h:102:21: warning: ‘ORB_SLAM3::KannalaBrandt8::precision’ will be initialized after [-Wreorder]
[3.672s]   102 |         const float precision;
[3.672s]       |                     ^~~~~~~~~
[3.672s] /home/j/colcon_ws/ORB_SLAM3/include/CameraModels/KannalaBrandt8.h:88:26: warning:   ‘std::vector<int> ORB_SLAM3::KannalaBrandt8::mvLappingArea’ [-Wreorder]
[3.672s]    88 |         std::vector<int> mvLappingArea;
[3.672s]       |                          ^~~~~~~~~~~~~
[3.672s] In file included from /home/j/colcon_ws/ORB_SLAM3/include/Atlas.h:27,
[3.672s]                  from /home/j/colcon_ws/ORB_SLAM3/include/FrameDrawer.h:25,
[3.672s]                  from /home/j/colcon_ws/ORB_SLAM3/include/Viewer.h:23,
[3.672s]                  from /home/j/colcon_ws/ORB_SLAM3/include/Tracking.h:26,
[3.672s]                  from /home/j/colcon_ws/ORB_SLAM3/include/System.h:31,
[3.672s]                  from /home/j/colcon_ws/src/orbslam3_ros2/src/stereo-inertial/stereo-inertial-node.hpp:10,
[3.672s]                  from /home/j/colcon_ws/src/orbslam3_ros2/src/stereo-inertial/stereo-inertial.cpp:7:
[3.672s] /home/j/colcon_ws/ORB_SLAM3/include/CameraModels/KannalaBrandt8.h:47:9: warning:   when initialized here [-Wreorder]
[3.672s]    47 |         KannalaBrandt8(const std::vector<float> _vParameters) : GeometricCamera(_vParameters), precision(1e-6), mvLappingArea(2,0) ,tvr(nullptr) {
[3.672s]       |         ^~~~~~~~~~~~~~
[3.672s] In file included from /home/j/colcon_ws/ORB_SLAM3/include/Atlas.h:27,
[3.672s]                  from /home/j/colcon_ws/ORB_SLAM3/include/FrameDrawer.h:25,
[3.672s]                  from /home/j/colcon_ws/ORB_SLAM3/include/Viewer.h:23,
[3.672s]                  from /home/j/colcon_ws/ORB_SLAM3/include/Tracking.h:26,
[3.672s]                  from /home/j/colcon_ws/ORB_SLAM3/include/System.h:31,
[3.672s]                  from /home/j/colcon_ws/src/orbslam3_ros2/src/stereo-inertial/stereo-inertial-node.hpp:10,
[3.672s]                  from /home/j/colcon_ws/src/orbslam3_ros2/src/stereo-inertial/stereo-inertial.cpp:7:
[3.672s] /home/j/colcon_ws/ORB_SLAM3/include/CameraModels/KannalaBrandt8.h: In constructor ‘ORB_SLAM3::KannalaBrandt8::KannalaBrandt8(std::vector<float>, float)’:
[3.672s] /home/j/colcon_ws/ORB_SLAM3/include/CameraModels/KannalaBrandt8.h:102:21: warning: ‘ORB_SLAM3::KannalaBrandt8::precision’ will be initialized after [-Wreorder]
[3.672s]   102 |         const float precision;
[3.672s]       |                     ^~~~~~~~~
[3.672s] /home/j/colcon_ws/ORB_SLAM3/include/CameraModels/KannalaBrandt8.h:88:26: warning:   ‘std::vector<int> ORB_SLAM3::KannalaBrandt8::mvLappingArea’ [-Wreorder]
[3.672s]    88 |         std::vector<int> mvLappingArea;
[3.673s]       |                          ^~~~~~~~~~~~~
[3.673s] /home/j/colcon_ws/ORB_SLAM3/include/CameraModels/KannalaBrandt8.h:53:9: warning:   when initialized here [-Wreorder]
[3.673s]    53 |         KannalaBrandt8(const std::vector<float> _vParameters, const float _precision) : GeometricCamera(_vParameters),
[3.673s]       |         ^~~~~~~~~~~~~~
[3.673s] /home/j/colcon_ws/ORB_SLAM3/include/CameraModels/KannalaBrandt8.h: In constructor ‘ORB_SLAM3::KannalaBrandt8::KannalaBrandt8(ORB_SLAM3::KannalaBrandt8*)’:
[3.673s] /home/j/colcon_ws/ORB_SLAM3/include/CameraModels/KannalaBrandt8.h:102:21: warning: ‘ORB_SLAM3::KannalaBrandt8::precision’ will be initialized after [-Wreorder]
[3.673s]   102 |         const float precision;
[3.673s]       |                     ^~~~~~~~~
[3.673s] /home/j/colcon_ws/ORB_SLAM3/include/CameraModels/KannalaBrandt8.h:88:26: warning:   ‘std::vector<int> ORB_SLAM3::KannalaBrandt8::mvLappingArea’ [-Wreorder]
[3.673s]    88 |         std::vector<int> mvLappingArea;
[3.673s]       |                          ^~~~~~~~~~~~~
[3.673s] /home/j/colcon_ws/ORB_SLAM3/include/CameraModels/KannalaBrandt8.h:59:9: warning:   when initialized here [-Wreorder]
[3.673s]    59 |         KannalaBrandt8(KannalaBrandt8* pKannala) : GeometricCamera(pKannala->mvParameters), precision(pKannala->precision), mvLappingArea(2,0) ,tvr(nullptr) {
[3.673s]       |         ^~~~~~~~~~~~~~
[3.704s] In file included from /home/j/colcon_ws/ORB_SLAM3/include/Atlas.h:26,
[3.704s]                  from /home/j/colcon_ws/ORB_SLAM3/include/FrameDrawer.h:25,
[3.704s]                  from /home/j/colcon_ws/ORB_SLAM3/include/Viewer.h:23,
[3.705s]                  from /home/j/colcon_ws/ORB_SLAM3/include/Tracking.h:26,
[3.705s]                  from /home/j/colcon_ws/ORB_SLAM3/include/System.h:31,
[3.705s]                  from /home/j/colcon_ws/src/orbslam3_ros2/src/stereo-inertial/stereo-inertial-node.hpp:10,
[3.705s]                  from /home/j/colcon_ws/src/orbslam3_ros2/src/stereo-inertial/stereo-inertial-node.cpp:1:
[3.705s] /home/j/colcon_ws/ORB_SLAM3/include/CameraModels/Pinhole.h: In member function ‘virtual bool ORB_SLAM3::Pinhole::matchAndtriangulate(const cv::KeyPoint&, const cv::KeyPoint&, ORB_SLAM3::GeometricCamera*, Sophus::SE3f&, Sophus::SE3f&, float, float, Eigen::Vector3f&)’:
[3.705s] /home/j/colcon_ws/ORB_SLAM3/include/CameraModels/Pinhole.h:83:54: warning: unused parameter ‘kp1’ [-Wunused-parameter]
[3.705s]    83 |         bool matchAndtriangulate(const cv::KeyPoint& kp1, const cv::KeyPoint& kp2, GeometricCamera* pOther,
[3.705s]       |                                  ~~~~~~~~~~~~~~~~~~~~^~~
[3.705s] /home/j/colcon_ws/ORB_SLAM3/include/CameraModels/Pinhole.h:83:79: warning: unused parameter ‘kp2’ [-Wunused-parameter]
[3.705s]    83 |         bool matchAndtriangulate(const cv::KeyPoint& kp1, const cv::KeyPoint& kp2, GeometricCamera* pOther,
[3.705s]       |                                                           ~~~~~~~~~~~~~~~~~~~~^~~
[3.705s] /home/j/colcon_ws/ORB_SLAM3/include/CameraModels/Pinhole.h:83:101: warning: unused parameter ‘pOther’ [-Wunused-parameter]
[3.705s]    83 |         bool matchAndtriangulate(const cv::KeyPoint& kp1, const cv::KeyPoint& kp2, GeometricCamera* pOther,
[3.705s]       |                                                                                    ~~~~~~~~~~~~~~~~~^~~~~~
[3.705s] /home/j/colcon_ws/ORB_SLAM3/include/CameraModels/Pinhole.h:84:48: warning: unused parameter ‘Tcw1’ [-Wunused-parameter]
[3.705s]    84 |                                  Sophus::SE3f& Tcw1, Sophus::SE3f& Tcw2,
[3.705s]       |                                  ~~~~~~~~~~~~~~^~~~
[3.705s] /home/j/colcon_ws/ORB_SLAM3/include/CameraModels/Pinhole.h:84:68: warning: unused parameter ‘Tcw2’ [-Wunused-parameter]
[3.705s]    84 |                                  Sophus::SE3f& Tcw1, Sophus::SE3f& Tcw2,
[3.705s]       |                                                      ~~~~~~~~~~~~~~^~~~
[3.705s] /home/j/colcon_ws/ORB_SLAM3/include/CameraModels/Pinhole.h:85:46: warning: unused parameter ‘sigmaLevel1’ [-Wunused-parameter]
[3.705s]    85 |                                  const float sigmaLevel1, const float sigmaLevel2,
[3.705s]       |                                  ~~~~~~~~~~~~^~~~~~~~~~~
[3.705s] /home/j/colcon_ws/ORB_SLAM3/include/CameraModels/Pinhole.h:85:71: warning: unused parameter ‘sigmaLevel2’ [-Wunused-parameter]
[3.705s]    85 |                                  const float sigmaLevel1, const float sigmaLevel2,
[3.705s]       |                                                           ~~~~~~~~~~~~^~~~~~~~~~~
[3.705s] /home/j/colcon_ws/ORB_SLAM3/include/CameraModels/Pinhole.h:86:51: warning: unused parameter ‘x3Dtriangulated’ [-Wunused-parameter]
[3.705s]    86 |                                  Eigen::Vector3f& x3Dtriangulated) { return false;}
[3.705s]       |                                  ~~~~~~~~~~~~~~~~~^~~~~~~~~~~~~~~
[3.705s] In file included from /home/j/colcon_ws/ORB_SLAM3/include/Atlas.h:27,
[3.705s]                  from /home/j/colcon_ws/ORB_SLAM3/include/FrameDrawer.h:25,
[3.706s]                  from /home/j/colcon_ws/ORB_SLAM3/include/Viewer.h:23,
[3.706s]                  from /home/j/colcon_ws/ORB_SLAM3/include/Tracking.h:26,
[3.706s]                  from /home/j/colcon_ws/ORB_SLAM3/include/System.h:31,
[3.706s]                  from /home/j/colcon_ws/src/orbslam3_ros2/src/stereo-inertial/stereo-inertial-node.hpp:10,
[3.706s]                  from /home/j/colcon_ws/src/orbslam3_ros2/src/stereo-inertial/stereo-inertial-node.cpp:1:
[3.706s] /home/j/colcon_ws/ORB_SLAM3/include/CameraModels/KannalaBrandt8.h: In constructor ‘ORB_SLAM3::KannalaBrandt8::KannalaBrandt8(std::vector<float>)’:
[3.706s] /home/j/colcon_ws/ORB_SLAM3/include/CameraModels/KannalaBrandt8.h:102:21: warning: ‘ORB_SLAM3::KannalaBrandt8::precision’ will be initialized after [-Wreorder]
[3.706s]   102 |         const float precision;
[3.706s]       |                     ^~~~~~~~~
[3.706s] /home/j/colcon_ws/ORB_SLAM3/include/CameraModels/KannalaBrandt8.h:88:26: warning:   ‘std::vector<int> ORB_SLAM3::KannalaBrandt8::mvLappingArea’ [-Wreorder]
[3.706s]    88 |         std::vector<int> mvLappingArea;
[3.706s]       |                          ^~~~~~~~~~~~~
[3.706s] In file included from /home/j/colcon_ws/ORB_SLAM3/include/Atlas.h:27,
[3.706s]                  from /home/j/colcon_ws/ORB_SLAM3/include/FrameDrawer.h:25,
[3.706s]                  from /home/j/colcon_ws/ORB_SLAM3/include/Viewer.h:23,
[3.706s]                  from /home/j/colcon_ws/ORB_SLAM3/include/Tracking.h:26,
[3.706s]                  from /home/j/colcon_ws/ORB_SLAM3/include/System.h:31,
[3.706s]                  from /home/j/colcon_ws/src/orbslam3_ros2/src/stereo-inertial/stereo-inertial-node.hpp:10,
[3.706s]                  from /home/j/colcon_ws/src/orbslam3_ros2/src/stereo-inertial/stereo-inertial-node.cpp:1:
[3.706s] /home/j/colcon_ws/ORB_SLAM3/include/CameraModels/KannalaBrandt8.h:47:9: warning:   when initialized here [-Wreorder]
[3.706s]    47 |         KannalaBrandt8(const std::vector<float> _vParameters) : GeometricCamera(_vParameters), precision(1e-6), mvLappingArea(2,0) ,tvr(nullptr) {
[3.706s]       |         ^~~~~~~~~~~~~~
[3.706s] In file included from /home/j/colcon_ws/ORB_SLAM3/include/Atlas.h:27,
[3.706s]                  from /home/j/colcon_ws/ORB_SLAM3/include/FrameDrawer.h:25,
[3.706s]                  from /home/j/colcon_ws/ORB_SLAM3/include/Viewer.h:23,
[3.706s]                  from /home/j/colcon_ws/ORB_SLAM3/include/Tracking.h:26,
[3.706s]                  from /home/j/colcon_ws/ORB_SLAM3/include/System.h:31,
[3.706s]                  from /home/j/colcon_ws/src/orbslam3_ros2/src/stereo-inertial/stereo-inertial-node.hpp:10,
[3.706s]                  from /home/j/colcon_ws/src/orbslam3_ros2/src/stereo-inertial/stereo-inertial-node.cpp:1:
[3.706s] /home/j/colcon_ws/ORB_SLAM3/include/CameraModels/KannalaBrandt8.h: In constructor ‘ORB_SLAM3::KannalaBrandt8::KannalaBrandt8(std::vector<float>, float)’:
[3.706s] /home/j/colcon_ws/ORB_SLAM3/include/CameraModels/KannalaBrandt8.h:102:21: warning: ‘ORB_SLAM3::KannalaBrandt8::precision’ will be initialized after [-Wreorder]
[3.706s]   102 |         const float precision;
[3.706s]       |                     ^~~~~~~~~
[3.706s] /home/j/colcon_ws/ORB_SLAM3/include/CameraModels/KannalaBrandt8.h:88:26: warning:   ‘std::vector<int> ORB_SLAM3::KannalaBrandt8::mvLappingArea’ [-Wreorder]
[3.706s]    88 |         std::vector<int> mvLappingArea;
[3.706s]       |                          ^~~~~~~~~~~~~
[3.706s] /home/j/colcon_ws/ORB_SLAM3/include/CameraModels/KannalaBrandt8.h:53:9: warning:   when initialized here [-Wreorder]
[3.706s]    53 |         KannalaBrandt8(const std::vector<float> _vParameters, const float _precision) : GeometricCamera(_vParameters),
[3.706s]       |         ^~~~~~~~~~~~~~
[3.706s] /home/j/colcon_ws/ORB_SLAM3/include/CameraModels/KannalaBrandt8.h: In constructor ‘ORB_SLAM3::KannalaBrandt8::KannalaBrandt8(ORB_SLAM3::KannalaBrandt8*)’:
[3.706s] /home/j/colcon_ws/ORB_SLAM3/include/CameraModels/KannalaBrandt8.h:102:21: warning: ‘ORB_SLAM3::KannalaBrandt8::precision’ will be initialized after [-Wreorder]
[3.706s]   102 |         const float precision;
[3.706s]       |                     ^~~~~~~~~
[3.706s] /home/j/colcon_ws/ORB_SLAM3/include/CameraModels/KannalaBrandt8.h:88:26: warning:   ‘std::vector<int> ORB_SLAM3::KannalaBrandt8::mvLappingArea’ [-Wreorder]
[3.706s]    88 |         std::vector<int> mvLappingArea;
[3.706s]       |                          ^~~~~~~~~~~~~
[3.706s] /home/j/colcon_ws/ORB_SLAM3/include/CameraModels/KannalaBrandt8.h:59:9: warning:   when initialized here [-Wreorder]
[3.706s]    59 |         KannalaBrandt8(KannalaBrandt8* pKannala) : GeometricCamera(pKannala->mvParameters), precision(pKannala->precision), mvLappingArea(2,0) ,tvr(nullptr) {
[3.706s]       |         ^~~~~~~~~~~~~~
[12.370s] [100%] Linking CXX executable stereo-inertial
[12.771s] [100%] Built target stereo-inertial
[12.778s] Invoked command in '/home/j/colcon_ws/build/orbslam3' returned '0': CMAKE_PREFIX_PATH=/opt/ros/humble /usr/bin/cmake --build /home/j/colcon_ws/build/orbslam3 -- -j24 -l24
[12.784s] Invoking command in '/home/j/colcon_ws/build/orbslam3': CMAKE_PREFIX_PATH=/opt/ros/humble /usr/bin/cmake --install /home/j/colcon_ws/build/orbslam3
[12.793s] -- Install configuration: "Release"
[12.794s] -- Execute custom install script
[12.794s] -- Up-to-date symlink: /home/j/colcon_ws/install/orbslam3/lib/orbslam3/mono
[12.794s] -- Up-to-date symlink: /home/j/colcon_ws/install/orbslam3/lib/orbslam3/rgbd
[12.794s] -- Up-to-date symlink: /home/j/colcon_ws/install/orbslam3/lib/orbslam3/stereo
[12.795s] -- Up-to-date symlink: /home/j/colcon_ws/install/orbslam3/lib/orbslam3/stereo-inertial
[12.795s] -- Up-to-date symlink: /home/j/colcon_ws/install/orbslam3/share/ament_index/resource_index/package_run_dependencies/orbslam3
[12.795s] -- Up-to-date symlink: /home/j/colcon_ws/install/orbslam3/share/ament_index/resource_index/parent_prefix_path/orbslam3
[12.795s] -- Up-to-date symlink: /home/j/colcon_ws/install/orbslam3/share/orbslam3/environment/ament_prefix_path.sh
[12.795s] -- Up-to-date symlink: /home/j/colcon_ws/install/orbslam3/share/orbslam3/environment/ament_prefix_path.dsv
[12.795s] -- Up-to-date symlink: /home/j/colcon_ws/install/orbslam3/share/orbslam3/environment/path.sh
[12.795s] -- Up-to-date symlink: /home/j/colcon_ws/install/orbslam3/share/orbslam3/environment/path.dsv
[12.796s] -- Up-to-date symlink: /home/j/colcon_ws/install/orbslam3/share/orbslam3/local_setup.bash
[12.796s] -- Up-to-date symlink: /home/j/colcon_ws/install/orbslam3/share/orbslam3/local_setup.sh
[12.796s] -- Up-to-date symlink: /home/j/colcon_ws/install/orbslam3/share/orbslam3/local_setup.zsh
[12.796s] -- Up-to-date symlink: /home/j/colcon_ws/install/orbslam3/share/orbslam3/local_setup.dsv
[12.796s] -- Symlinking: /home/j/colcon_ws/install/orbslam3/share/orbslam3/package.dsv
[12.808s] -- Up-to-date symlink: /home/j/colcon_ws/install/orbslam3/share/ament_index/resource_index/packages/orbslam3
[12.808s] -- Up-to-date symlink: /home/j/colcon_ws/install/orbslam3/share/orbslam3/cmake/orbslam3Config.cmake
[12.808s] -- Up-to-date symlink: /home/j/colcon_ws/install/orbslam3/share/orbslam3/cmake/orbslam3Config-version.cmake
[12.808s] -- Up-to-date symlink: /home/j/colcon_ws/install/orbslam3/share/orbslam3/package.xml
[12.810s] Invoked command in '/home/j/colcon_ws/build/orbslam3' returned '0': CMAKE_PREFIX_PATH=/opt/ros/humble /usr/bin/cmake --install /home/j/colcon_ws/build/orbslam3
