[0.010s] Invoking command in '/home/j/colcon_ws/build/orbslam3': CMAKE_PREFIX_PATH=/opt/ros/humble /usr/bin/cmake /home/j/colcon_ws/src/orbslam3_ros2 -DCMAKE_BUILD_TYPE=Release -DCMAKE_PREFIX_PATH=/home/j/colcon_ws/deps -DAMENT_CMAKE_SYMLINK_INSTALL=1 -DCMAKE_INSTALL_PREFIX=/home/j/colcon_ws/install/orbslam3
[0.153s] -- The C compiler identification is GNU 11.4.0
[0.222s] -- The CXX compiler identification is GNU 11.4.0
[0.231s] -- Detecting C compiler ABI info
[0.332s] -- Detecting C compiler ABI info - done
[0.349s] -- Check for working C compiler: /usr/bin/cc - skipped
[0.350s] -- Detecting C compile features
[0.351s] -- Detecting C compile features - done
[0.356s] -- Detecting CXX compiler ABI info
[0.470s] -- Detecting CXX compiler ABI info - done
[0.476s] -- Check for working CXX compiler: /usr/bin/c++ - skipped
[0.476s] -- Detecting CXX compile features
[0.476s] -- Detecting CXX compile features - done
[0.484s] -- Found ament_cmake: 1.3.14 (/opt/ros/humble/share/ament_cmake/cmake)
[0.626s] -- Found Python3: /usr/bin/python3 (found version "3.10.12") found components: Interpreter 
[0.691s] -- Override CMake install command with custom implementation using symlinks instead of copying resources
[0.718s] -- Found rclcpp: 16.0.19 (/opt/ros/humble/share/rclcpp/cmake)
[0.761s] -- Found rosidl_generator_c: 3.1.8 (/opt/ros/humble/share/rosidl_generator_c/cmake)
[0.765s] -- Found rosidl_adapter: 3.1.8 (/opt/ros/humble/share/rosidl_adapter/cmake)
[0.772s] -- Found rosidl_generator_cpp: 3.1.8 (/opt/ros/humble/share/rosidl_generator_cpp/cmake)
[0.783s] -- Using all available rosidl_typesupport_c: rosidl_typesupport_fastrtps_c;rosidl_typesupport_introspection_c
[0.795s] -- Using all available rosidl_typesupport_cpp: rosidl_typesupport_fastrtps_cpp;rosidl_typesupport_introspection_cpp
[0.830s] -- Found rmw_implementation_cmake: 6.1.2 (/opt/ros/humble/share/rmw_implementation_cmake/cmake)
[0.832s] -- Found rmw_fastrtps_cpp: 6.2.10 (/opt/ros/humble/share/rmw_fastrtps_cpp/cmake)
[0.961s] -- Found OpenSSL: /usr/lib/x86_64-linux-gnu/libcrypto.so (found version "3.0.2")  
[0.995s] -- Found FastRTPS: /opt/ros/humble/include  
[1.031s] -- Using RMW implementation 'rmw_fastrtps_cpp' as default
[1.042s] -- Looking for pthread.h
[1.122s] -- Looking for pthread.h - found
[1.123s] -- Performing Test CMAKE_HAVE_LIBC_PTHREAD
[1.257s] -- Performing Test CMAKE_HAVE_LIBC_PTHREAD - Success
[1.257s] -- Found Threads: TRUE  
[1.303s] -- Found sensor_msgs: 4.9.1 (/opt/ros/humble/share/sensor_msgs/cmake)
[1.326s] -- Found cv_bridge: 3.2.1 (/opt/ros/humble/share/cv_bridge/cmake)
[1.336s] -- Found message_filters: 4.3.16 (/opt/ros/humble/share/message_filters/cmake)
[1.349s] -- Found ORB_SLAM3: /home/j/colcon_ws/ORB_SLAM3/lib/libORB_SLAM3.so  
[1.394s] -- Configuring done
[1.412s] -- Generating done
[1.417s] -- Build files have been written to: /home/j/colcon_ws/build/orbslam3
[30.030s] Invoked command in '/home/j/colcon_ws/build/orbslam3' returned '0': CMAKE_PREFIX_PATH=/opt/ros/humble /usr/bin/cmake /home/j/colcon_ws/src/orbslam3_ros2 -DCMAKE_BUILD_TYPE=Release -DCMAKE_PREFIX_PATH=/home/j/colcon_ws/deps -DAMENT_CMAKE_SYMLINK_INSTALL=1 -DCMAKE_INSTALL_PREFIX=/home/j/colcon_ws/install/orbslam3
[30.036s] Invoking command in '/home/j/colcon_ws/build/orbslam3': CMAKE_PREFIX_PATH=/opt/ros/humble /usr/bin/cmake --build /home/j/colcon_ws/build/orbslam3 -- -j24 -l24
[30.115s] [ 25%] Building CXX object CMakeFiles/mono.dir/src/monocular/monocular-slam-node.cpp.o
[30.116s] [ 25%] Building CXX object CMakeFiles/stereo.dir/src/stereo/stereo-slam-node.cpp.o
[30.116s] [ 25%] Building CXX object CMakeFiles/stereo.dir/src/stereo/stereo.cpp.o
[30.116s] [ 33%] Building CXX object CMakeFiles/stereo-inertial.dir/src/stereo-inertial/stereo-inertial-node.cpp.o
[30.118s] [ 41%] Building CXX object CMakeFiles/mono.dir/src/monocular/mono.cpp.o
[30.123s] [ 66%] Building CXX object CMakeFiles/stereo-inertial.dir/src/stereo-inertial/stereo-inertial.cpp.o
[30.123s] [ 58%] Building CXX object CMakeFiles/rgbd.dir/src/rgbd/rgbd.cpp.o
[30.124s] [ 58%] Building CXX object CMakeFiles/rgbd.dir/src/rgbd/rgbd-slam-node.cpp.o
[34.685s] In file included from /home/j/colcon_ws/ORB_SLAM3/include/Frame.h:30,
[34.685s]                  from /home/j/colcon_ws/ORB_SLAM3/include/KeyFrame.h:28,
[34.686s]                  from /home/j/colcon_ws/ORB_SLAM3/include/MapPoint.h:23,
[34.686s]                  from /home/j/colcon_ws/ORB_SLAM3/include/FrameDrawer.h:24,
[34.686s]                  from /home/j/colcon_ws/ORB_SLAM3/include/Viewer.h:23,
[34.686s]                  from /home/j/colcon_ws/ORB_SLAM3/include/Tracking.h:26,
[34.686s]                  from /home/j/colcon_ws/ORB_SLAM3/include/System.h:31,
[34.686s]                  from /home/j/colcon_ws/src/orbslam3_ros2/src/monocular/monocular-slam-node.hpp:9,
[34.686s]                  from /home/j/colcon_ws/src/orbslam3_ros2/src/monocular/monocular-slam-node.cpp:1:
[34.686s] /home/j/colcon_ws/ORB_SLAM3/include/ImuTypes.h: In member function ‘void ORB_SLAM3::IMU::Preintegrated::printMeasurements() const’:
[34.686s] /home/j/colcon_ws/ORB_SLAM3/include/ImuTypes.h:204:23: warning: comparison of integer expressions of different signedness: ‘int’ and ‘std::vector<ORB_SLAM3::IMU::Preintegrated::integrable>::size_type’ {aka ‘long unsigned int’} [-Wsign-compare]
[34.686s]   204 |         for(int i=0; i<mvMeasurements.size(); i++){
[34.686s]       |                      ~^~~~~~~~~~~~~~~~~~~~~~
[34.703s] In file included from /home/j/colcon_ws/ORB_SLAM3/include/Frame.h:30,
[34.703s]                  from /home/j/colcon_ws/ORB_SLAM3/include/KeyFrame.h:28,
[34.703s]                  from /home/j/colcon_ws/ORB_SLAM3/include/MapPoint.h:23,
[34.703s]                  from /home/j/colcon_ws/ORB_SLAM3/include/FrameDrawer.h:24,
[34.703s]                  from /home/j/colcon_ws/ORB_SLAM3/include/Viewer.h:23,
[34.704s]                  from /home/j/colcon_ws/ORB_SLAM3/include/Tracking.h:26,
[34.704s]                  from /home/j/colcon_ws/ORB_SLAM3/include/System.h:31,
[34.704s]                  from /home/j/colcon_ws/src/orbslam3_ros2/src/rgbd/rgbd-slam-node.hpp:18,
[34.704s]                  from /home/j/colcon_ws/src/orbslam3_ros2/src/rgbd/rgbd.cpp:7:
[34.704s] /home/j/colcon_ws/ORB_SLAM3/include/ImuTypes.h: In member function ‘void ORB_SLAM3::IMU::Preintegrated::printMeasurements() const’:
[34.704s] /home/j/colcon_ws/ORB_SLAM3/include/ImuTypes.h:204:23: warning: comparison of integer expressions of different signedness: ‘int’ and ‘std::vector<ORB_SLAM3::IMU::Preintegrated::integrable>::size_type’ {aka ‘long unsigned int’} [-Wsign-compare]
[34.704s]   204 |         for(int i=0; i<mvMeasurements.size(); i++){
[34.704s]       |                      ~^~~~~~~~~~~~~~~~~~~~~~
[34.704s] In file included from /home/j/colcon_ws/ORB_SLAM3/include/Frame.h:30,
[34.704s]                  from /home/j/colcon_ws/ORB_SLAM3/include/KeyFrame.h:28,
[34.704s]                  from /home/j/colcon_ws/ORB_SLAM3/include/MapPoint.h:23,
[34.704s]                  from /home/j/colcon_ws/ORB_SLAM3/include/FrameDrawer.h:24,
[34.704s]                  from /home/j/colcon_ws/ORB_SLAM3/include/Viewer.h:23,
[34.705s]                  from /home/j/colcon_ws/ORB_SLAM3/include/Tracking.h:26,
[34.705s]                  from /home/j/colcon_ws/ORB_SLAM3/include/System.h:31,
[34.705s]                  from /home/j/colcon_ws/src/orbslam3_ros2/src/rgbd/rgbd-slam-node.hpp:18,
[34.705s]                  from /home/j/colcon_ws/src/orbslam3_ros2/src/rgbd/rgbd-slam-node.cpp:1:
[34.705s] /home/j/colcon_ws/ORB_SLAM3/include/ImuTypes.h: In member function ‘void ORB_SLAM3::IMU::Preintegrated::printMeasurements() const’:
[34.705s] /home/j/colcon_ws/ORB_SLAM3/include/ImuTypes.h:204:23: warning: comparison of integer expressions of different signedness: ‘int’ and ‘std::vector<ORB_SLAM3::IMU::Preintegrated::integrable>::size_type’ {aka ‘long unsigned int’} [-Wsign-compare]
[34.705s]   204 |         for(int i=0; i<mvMeasurements.size(); i++){
[34.705s]       |                      ~^~~~~~~~~~~~~~~~~~~~~~
[34.710s] In file included from /home/j/colcon_ws/ORB_SLAM3/include/Frame.h:30,
[34.710s]                  from /home/j/colcon_ws/ORB_SLAM3/include/KeyFrame.h:28,
[34.710s]                  from /home/j/colcon_ws/ORB_SLAM3/include/MapPoint.h:23,
[34.710s]                  from /home/j/colcon_ws/ORB_SLAM3/include/FrameDrawer.h:24,
[34.710s]                  from /home/j/colcon_ws/ORB_SLAM3/include/Viewer.h:23,
[34.710s]                  from /home/j/colcon_ws/ORB_SLAM3/include/Tracking.h:26,
[34.710s]                  from /home/j/colcon_ws/ORB_SLAM3/include/System.h:31,
[34.710s]                  from /home/j/colcon_ws/src/orbslam3_ros2/src/stereo-inertial/stereo-inertial-node.hpp:10,
[34.711s]                  from /home/j/colcon_ws/src/orbslam3_ros2/src/stereo-inertial/stereo-inertial.cpp:7:
[34.711s] /home/j/colcon_ws/ORB_SLAM3/include/ImuTypes.h: In member function ‘void ORB_SLAM3::IMU::Preintegrated::printMeasurements() const’:
[34.711s] /home/j/colcon_ws/ORB_SLAM3/include/ImuTypes.h:204:23: warning: comparison of integer expressions of different signedness: ‘int’ and ‘std::vector<ORB_SLAM3::IMU::Preintegrated::integrable>::size_type’ {aka ‘long unsigned int’} [-Wsign-compare]
[34.711s]   204 |         for(int i=0; i<mvMeasurements.size(); i++){
[34.711s]       |                      ~^~~~~~~~~~~~~~~~~~~~~~
[34.742s] In file included from /home/j/colcon_ws/ORB_SLAM3/include/Frame.h:30,
[34.742s]                  from /home/j/colcon_ws/ORB_SLAM3/include/KeyFrame.h:28,
[34.742s]                  from /home/j/colcon_ws/ORB_SLAM3/include/MapPoint.h:23,
[34.742s]                  from /home/j/colcon_ws/ORB_SLAM3/include/FrameDrawer.h:24,
[34.742s]                  from /home/j/colcon_ws/ORB_SLAM3/include/Viewer.h:23,
[34.742s]                  from /home/j/colcon_ws/ORB_SLAM3/include/Tracking.h:26,
[34.743s]                  from /home/j/colcon_ws/ORB_SLAM3/include/System.h:31,
[34.743s]                  from /home/j/colcon_ws/src/orbslam3_ros2/src/stereo/stereo-slam-node.hpp:13,
[34.743s]                  from /home/j/colcon_ws/src/orbslam3_ros2/src/stereo/stereo-slam-node.cpp:1:
[34.743s] /home/j/colcon_ws/ORB_SLAM3/include/ImuTypes.h: In member function ‘void ORB_SLAM3::IMU::Preintegrated::printMeasurements() const’:
[34.743s] /home/j/colcon_ws/ORB_SLAM3/include/ImuTypes.h:204:23: warning: comparison of integer expressions of different signedness: ‘int’ and ‘std::vector<ORB_SLAM3::IMU::Preintegrated::integrable>::size_type’ {aka ‘long unsigned int’} [-Wsign-compare]
[34.743s]   204 |         for(int i=0; i<mvMeasurements.size(); i++){
[34.743s]       |                      ~^~~~~~~~~~~~~~~~~~~~~~
[34.755s] In file included from /home/j/colcon_ws/ORB_SLAM3/include/Frame.h:30,
[34.755s]                  from /home/j/colcon_ws/ORB_SLAM3/include/KeyFrame.h:28,
[34.755s]                  from /home/j/colcon_ws/ORB_SLAM3/include/MapPoint.h:23,
[34.755s]                  from /home/j/colcon_ws/ORB_SLAM3/include/FrameDrawer.h:24,
[34.755s]                  from /home/j/colcon_ws/ORB_SLAM3/include/Viewer.h:23,
[34.755s]                  from /home/j/colcon_ws/ORB_SLAM3/include/Tracking.h:26,
[34.755s]                  from /home/j/colcon_ws/ORB_SLAM3/include/System.h:31,
[34.755s]                  from /home/j/colcon_ws/src/orbslam3_ros2/src/stereo-inertial/stereo-inertial-node.hpp:10,
[34.755s]                  from /home/j/colcon_ws/src/orbslam3_ros2/src/stereo-inertial/stereo-inertial-node.cpp:1:
[34.756s] /home/j/colcon_ws/ORB_SLAM3/include/ImuTypes.h: In member function ‘void ORB_SLAM3::IMU::Preintegrated::printMeasurements() const’:
[34.756s] /home/j/colcon_ws/ORB_SLAM3/include/ImuTypes.h:204:23: warning: comparison of integer expressions of different signedness: ‘int’ and ‘std::vector<ORB_SLAM3::IMU::Preintegrated::integrable>::size_type’ {aka ‘long unsigned int’} [-Wsign-compare]
[34.756s]   204 |         for(int i=0; i<mvMeasurements.size(); i++){
[34.756s]       |                      ~^~~~~~~~~~~~~~~~~~~~~~
[34.774s] In file included from /home/j/colcon_ws/ORB_SLAM3/Thirdparty/g2o/g2o/types/types_six_dof_expmap.h:37,
[34.774s]                  from /home/j/colcon_ws/ORB_SLAM3/include/Converter.h:26,
[34.774s]                  from /home/j/colcon_ws/ORB_SLAM3/include/Frame.h:33,
[34.774s]                  from /home/j/colcon_ws/ORB_SLAM3/include/KeyFrame.h:28,
[34.774s]                  from /home/j/colcon_ws/ORB_SLAM3/include/MapPoint.h:23,
[34.774s]                  from /home/j/colcon_ws/ORB_SLAM3/include/FrameDrawer.h:24,
[34.774s]                  from /home/j/colcon_ws/ORB_SLAM3/include/Viewer.h:23,
[34.774s]                  from /home/j/colcon_ws/ORB_SLAM3/include/Tracking.h:26,
[34.774s]                  from /home/j/colcon_ws/ORB_SLAM3/include/System.h:31,
[34.775s]                  from /home/j/colcon_ws/src/orbslam3_ros2/src/monocular/monocular-slam-node.hpp:9,
[34.775s]                  from /home/j/colcon_ws/src/orbslam3_ros2/src/monocular/monocular-slam-node.cpp:1:
[34.775s] /home/j/colcon_ws/ORB_SLAM3/Thirdparty/g2o/g2o/types/../core/base_vertex.h: At global scope:
[34.775s] /home/j/colcon_ws/ORB_SLAM3/Thirdparty/g2o/g2o/types/../core/base_vertex.h:62:74: warning: ‘Eigen::AlignedBit’ is deprecated [-Wdeprecated-declarations]
[34.775s]    62 |     typedef Eigen::Map<Matrix<double, D, D>, Matrix<double,D,D>::Flags & AlignedBit ? Aligned : Unaligned >  HessianBlockType;
[34.775s]       |                                                                          ^~~~~~~~~~
[34.775s] In file included from /usr/include/eigen3/Eigen/Core:161,
[34.775s]                  from /usr/include/eigen3/Eigen/LU:11,
[34.775s]                  from /home/j/colcon_ws/ORB_SLAM3/Thirdparty/Sophus/sophus/so2.hpp:12,
[34.775s]                  from /home/j/colcon_ws/ORB_SLAM3/Thirdparty/Sophus/sophus/se2.hpp:7,
[34.775s]                  from /home/j/colcon_ws/ORB_SLAM3/Thirdparty/Sophus/sophus/geometry.hpp:7,
[34.775s]                  from /home/j/colcon_ws/ORB_SLAM3/include/Frame.h:28,
[34.775s]                  from /home/j/colcon_ws/ORB_SLAM3/include/KeyFrame.h:28,
[34.776s]                  from /home/j/colcon_ws/ORB_SLAM3/include/MapPoint.h:23,
[34.776s]                  from /home/j/colcon_ws/ORB_SLAM3/include/FrameDrawer.h:24,
[34.776s]                  from /home/j/colcon_ws/ORB_SLAM3/include/Viewer.h:23,
[34.776s]                  from /home/j/colcon_ws/ORB_SLAM3/include/Tracking.h:26,
[34.776s]                  from /home/j/colcon_ws/ORB_SLAM3/include/System.h:31,
[34.776s]                  from /home/j/colcon_ws/src/orbslam3_ros2/src/monocular/monocular-slam-node.hpp:9,
[34.776s]                  from /home/j/colcon_ws/src/orbslam3_ros2/src/monocular/monocular-slam-node.cpp:1:
[34.776s] /usr/include/eigen3/Eigen/src/Core/util/Constants.h:167:37: note: declared here
[34.776s]   167 | EIGEN_DEPRECATED const unsigned int AlignedBit = 0x80;
[34.776s]       |                                     ^~~~~~~~~~
[34.789s] In file included from /home/j/colcon_ws/ORB_SLAM3/Thirdparty/g2o/g2o/types/types_six_dof_expmap.h:37,
[34.789s]                  from /home/j/colcon_ws/ORB_SLAM3/include/Converter.h:26,
[34.790s]                  from /home/j/colcon_ws/ORB_SLAM3/include/Frame.h:33,
[34.790s]                  from /home/j/colcon_ws/ORB_SLAM3/include/KeyFrame.h:28,
[34.790s]                  from /home/j/colcon_ws/ORB_SLAM3/include/MapPoint.h:23,
[34.790s]                  from /home/j/colcon_ws/ORB_SLAM3/include/FrameDrawer.h:24,
[34.790s]                  from /home/j/colcon_ws/ORB_SLAM3/include/Viewer.h:23,
[34.790s]                  from /home/j/colcon_ws/ORB_SLAM3/include/Tracking.h:26,
[34.790s]                  from /home/j/colcon_ws/ORB_SLAM3/include/System.h:31,
[34.790s]                  from /home/j/colcon_ws/src/orbslam3_ros2/src/rgbd/rgbd-slam-node.hpp:18,
[34.790s]                  from /home/j/colcon_ws/src/orbslam3_ros2/src/rgbd/rgbd.cpp:7:
[34.790s] /home/j/colcon_ws/ORB_SLAM3/Thirdparty/g2o/g2o/types/../core/base_vertex.h: At global scope:
[34.790s] /home/j/colcon_ws/ORB_SLAM3/Thirdparty/g2o/g2o/types/../core/base_vertex.h:62:74: warning: ‘Eigen::AlignedBit’ is deprecated [-Wdeprecated-declarations]
[34.790s]    62 |     typedef Eigen::Map<Matrix<double, D, D>, Matrix<double,D,D>::Flags & AlignedBit ? Aligned : Unaligned >  HessianBlockType;
[34.790s]       |                                                                          ^~~~~~~~~~
[34.791s] In file included from /usr/include/eigen3/Eigen/Core:161,
[34.791s]                  from /usr/include/eigen3/Eigen/LU:11,
[34.791s]                  from /home/j/colcon_ws/ORB_SLAM3/Thirdparty/Sophus/sophus/so2.hpp:12,
[34.791s]                  from /home/j/colcon_ws/ORB_SLAM3/Thirdparty/Sophus/sophus/se2.hpp:7,
[34.791s]                  from /home/j/colcon_ws/ORB_SLAM3/Thirdparty/Sophus/sophus/geometry.hpp:7,
[34.791s]                  from /home/j/colcon_ws/ORB_SLAM3/include/Frame.h:28,
[34.791s]                  from /home/j/colcon_ws/ORB_SLAM3/include/KeyFrame.h:28,
[34.791s]                  from /home/j/colcon_ws/ORB_SLAM3/include/MapPoint.h:23,
[34.791s]                  from /home/j/colcon_ws/ORB_SLAM3/include/FrameDrawer.h:24,
[34.791s]                  from /home/j/colcon_ws/ORB_SLAM3/include/Viewer.h:23,
[34.791s]                  from /home/j/colcon_ws/ORB_SLAM3/include/Tracking.h:26,
[34.791s]                  from /home/j/colcon_ws/ORB_SLAM3/include/System.h:31,
[34.792s]                  from /home/j/colcon_ws/src/orbslam3_ros2/src/rgbd/rgbd-slam-node.hpp:18,
[34.792s]                  from /home/j/colcon_ws/src/orbslam3_ros2/src/rgbd/rgbd.cpp:7:
[34.792s] /usr/include/eigen3/Eigen/src/Core/util/Constants.h:167:37: note: declared here
[34.792s]   167 | EIGEN_DEPRECATED const unsigned int AlignedBit = 0x80;
[34.792s]       |                                     ^~~~~~~~~~
[34.792s] In file included from /home/j/colcon_ws/ORB_SLAM3/Thirdparty/g2o/g2o/types/types_six_dof_expmap.h:37,
[34.792s]                  from /home/j/colcon_ws/ORB_SLAM3/include/Converter.h:26,
[34.792s]                  from /home/j/colcon_ws/ORB_SLAM3/include/Frame.h:33,
[34.792s]                  from /home/j/colcon_ws/ORB_SLAM3/include/KeyFrame.h:28,
[34.792s]                  from /home/j/colcon_ws/ORB_SLAM3/include/MapPoint.h:23,
[34.792s]                  from /home/j/colcon_ws/ORB_SLAM3/include/FrameDrawer.h:24,
[34.792s]                  from /home/j/colcon_ws/ORB_SLAM3/include/Viewer.h:23,
[34.792s]                  from /home/j/colcon_ws/ORB_SLAM3/include/Tracking.h:26,
[34.793s]                  from /home/j/colcon_ws/ORB_SLAM3/include/System.h:31,
[34.793s]                  from /home/j/colcon_ws/src/orbslam3_ros2/src/rgbd/rgbd-slam-node.hpp:18,
[34.793s]                  from /home/j/colcon_ws/src/orbslam3_ros2/src/rgbd/rgbd-slam-node.cpp:1:
[34.793s] /home/j/colcon_ws/ORB_SLAM3/Thirdparty/g2o/g2o/types/../core/base_vertex.h: At global scope:
[34.793s] /home/j/colcon_ws/ORB_SLAM3/Thirdparty/g2o/g2o/types/../core/base_vertex.h:62:74: warning: ‘Eigen::AlignedBit’ is deprecated [-Wdeprecated-declarations]
[34.793s]    62 |     typedef Eigen::Map<Matrix<double, D, D>, Matrix<double,D,D>::Flags & AlignedBit ? Aligned : Unaligned >  HessianBlockType;
[34.793s]       |                                                                          ^~~~~~~~~~
[34.793s] In file included from /usr/include/eigen3/Eigen/Core:161,
[34.793s]                  from /usr/include/eigen3/Eigen/LU:11,
[34.793s]                  from /home/j/colcon_ws/ORB_SLAM3/Thirdparty/Sophus/sophus/so2.hpp:12,
[34.793s]                  from /home/j/colcon_ws/ORB_SLAM3/Thirdparty/Sophus/sophus/se2.hpp:7,
[34.793s]                  from /home/j/colcon_ws/ORB_SLAM3/Thirdparty/Sophus/sophus/geometry.hpp:7,
[34.794s]                  from /home/j/colcon_ws/ORB_SLAM3/include/Frame.h:28,
[34.794s]                  from /home/j/colcon_ws/ORB_SLAM3/include/KeyFrame.h:28,
[34.794s]                  from /home/j/colcon_ws/ORB_SLAM3/include/MapPoint.h:23,
[34.794s]                  from /home/j/colcon_ws/ORB_SLAM3/include/FrameDrawer.h:24,
[34.794s]                  from /home/j/colcon_ws/ORB_SLAM3/include/Viewer.h:23,
[34.794s]                  from /home/j/colcon_ws/ORB_SLAM3/include/Tracking.h:26,
[34.794s]                  from /home/j/colcon_ws/ORB_SLAM3/include/System.h:31,
[34.794s]                  from /home/j/colcon_ws/src/orbslam3_ros2/src/rgbd/rgbd-slam-node.hpp:18,
[34.794s]                  from /home/j/colcon_ws/src/orbslam3_ros2/src/rgbd/rgbd-slam-node.cpp:1:
[34.795s] /usr/include/eigen3/Eigen/src/Core/util/Constants.h:167:37: note: declared here
[34.795s]   167 | EIGEN_DEPRECATED const unsigned int AlignedBit = 0x80;
[34.795s]       |                                     ^~~~~~~~~~
[34.795s] In file included from /home/j/colcon_ws/ORB_SLAM3/Thirdparty/g2o/g2o/types/types_six_dof_expmap.h:38,
[34.795s]                  from /home/j/colcon_ws/ORB_SLAM3/include/Converter.h:26,
[34.795s]                  from /home/j/colcon_ws/ORB_SLAM3/include/Frame.h:33,
[34.795s]                  from /home/j/colcon_ws/ORB_SLAM3/include/KeyFrame.h:28,
[34.796s]                  from /home/j/colcon_ws/ORB_SLAM3/include/MapPoint.h:23,
[34.796s]                  from /home/j/colcon_ws/ORB_SLAM3/include/FrameDrawer.h:24,
[34.796s]                  from /home/j/colcon_ws/ORB_SLAM3/include/Viewer.h:23,
[34.796s]                  from /home/j/colcon_ws/ORB_SLAM3/include/Tracking.h:26,
[34.796s]                  from /home/j/colcon_ws/ORB_SLAM3/include/System.h:31,
[34.796s]                  from /home/j/colcon_ws/src/orbslam3_ros2/src/monocular/monocular-slam-node.hpp:9,
[34.796s]                  from /home/j/colcon_ws/src/orbslam3_ros2/src/monocular/monocular-slam-node.cpp:1:
[34.796s] /home/j/colcon_ws/ORB_SLAM3/Thirdparty/g2o/g2o/types/../core/base_binary_edge.h:59:82: warning: ‘Eigen::AlignedBit’ is deprecated [-Wdeprecated-declarations]
[34.796s]    59 |       typedef Eigen::Map<Matrix<double, Di, Dj>, Matrix<double, Di, Dj>::Flags & AlignedBit ? Aligned : Unaligned > HessianBlockType;
[34.796s]       |                                                                                  ^~~~~~~~~~
[34.796s] In file included from /usr/include/eigen3/Eigen/Core:161,
[34.796s]                  from /usr/include/eigen3/Eigen/LU:11,
[34.797s]                  from /home/j/colcon_ws/ORB_SLAM3/Thirdparty/Sophus/sophus/so2.hpp:12,
[34.797s]                  from /home/j/colcon_ws/ORB_SLAM3/Thirdparty/Sophus/sophus/se2.hpp:7,
[34.797s]                  from /home/j/colcon_ws/ORB_SLAM3/Thirdparty/Sophus/sophus/geometry.hpp:7,
[34.797s]                  from /home/j/colcon_ws/ORB_SLAM3/include/Frame.h:28,
[34.797s]                  from /home/j/colcon_ws/ORB_SLAM3/include/KeyFrame.h:28,
[34.797s]                  from /home/j/colcon_ws/ORB_SLAM3/include/MapPoint.h:23,
[34.797s]                  from /home/j/colcon_ws/ORB_SLAM3/include/FrameDrawer.h:24,
[34.797s]                  from /home/j/colcon_ws/ORB_SLAM3/include/Viewer.h:23,
[34.797s]                  from /home/j/colcon_ws/ORB_SLAM3/include/Tracking.h:26,
[34.797s]                  from /home/j/colcon_ws/ORB_SLAM3/include/System.h:31,
[34.797s]                  from /home/j/colcon_ws/src/orbslam3_ros2/src/monocular/monocular-slam-node.hpp:9,
[34.797s]                  from /home/j/colcon_ws/src/orbslam3_ros2/src/monocular/monocular-slam-node.cpp:1:
[34.798s] /usr/include/eigen3/Eigen/src/Core/util/Constants.h:167:37: note: declared here
[34.798s]   167 | EIGEN_DEPRECATED const unsigned int AlignedBit = 0x80;
[34.798s]       |                                     ^~~~~~~~~~
[34.798s] In file included from /home/j/colcon_ws/ORB_SLAM3/Thirdparty/g2o/g2o/types/types_six_dof_expmap.h:38,
[34.798s]                  from /home/j/colcon_ws/ORB_SLAM3/include/Converter.h:26,
[34.798s]                  from /home/j/colcon_ws/ORB_SLAM3/include/Frame.h:33,
[34.798s]                  from /home/j/colcon_ws/ORB_SLAM3/include/KeyFrame.h:28,
[34.798s]                  from /home/j/colcon_ws/ORB_SLAM3/include/MapPoint.h:23,
[34.798s]                  from /home/j/colcon_ws/ORB_SLAM3/include/FrameDrawer.h:24,
[34.798s]                  from /home/j/colcon_ws/ORB_SLAM3/include/Viewer.h:23,
[34.798s]                  from /home/j/colcon_ws/ORB_SLAM3/include/Tracking.h:26,
[34.798s]                  from /home/j/colcon_ws/ORB_SLAM3/include/System.h:31,
[34.799s]                  from /home/j/colcon_ws/src/orbslam3_ros2/src/monocular/monocular-slam-node.hpp:9,
[34.799s]                  from /home/j/colcon_ws/src/orbslam3_ros2/src/monocular/monocular-slam-node.cpp:1:
[34.799s] /home/j/colcon_ws/ORB_SLAM3/Thirdparty/g2o/g2o/types/../core/base_binary_edge.h:60:82: warning: ‘Eigen::AlignedBit’ is deprecated [-Wdeprecated-declarations]
[34.799s]    60 |       typedef Eigen::Map<Matrix<double, Dj, Di>, Matrix<double, Dj, Di>::Flags & AlignedBit ? Aligned : Unaligned > HessianBlockTransposedType;
[34.799s]       |                                                                                  ^~~~~~~~~~
[34.799s] In file included from /usr/include/eigen3/Eigen/Core:161,
[34.800s]                  from /usr/include/eigen3/Eigen/LU:11,
[34.800s]                  from /home/j/colcon_ws/ORB_SLAM3/Thirdparty/Sophus/sophus/so2.hpp:12,
[34.800s]                  from /home/j/colcon_ws/ORB_SLAM3/Thirdparty/Sophus/sophus/se2.hpp:7,
[34.800s]                  from /home/j/colcon_ws/ORB_SLAM3/Thirdparty/Sophus/sophus/geometry.hpp:7,
[34.800s]                  from /home/j/colcon_ws/ORB_SLAM3/include/Frame.h:28,
[34.800s]                  from /home/j/colcon_ws/ORB_SLAM3/include/KeyFrame.h:28,
[34.800s]                  from /home/j/colcon_ws/ORB_SLAM3/include/MapPoint.h:23,
[34.800s]                  from /home/j/colcon_ws/ORB_SLAM3/include/FrameDrawer.h:24,
[34.800s]                  from /home/j/colcon_ws/ORB_SLAM3/include/Viewer.h:23,
[34.800s]                  from /home/j/colcon_ws/ORB_SLAM3/include/Tracking.h:26,
[34.800s]                  from /home/j/colcon_ws/ORB_SLAM3/include/System.h:31,
[34.800s]                  from /home/j/colcon_ws/src/orbslam3_ros2/src/monocular/monocular-slam-node.hpp:9,
[34.800s]                  from /home/j/colcon_ws/src/orbslam3_ros2/src/monocular/monocular-slam-node.cpp:1:
[34.801s] /usr/include/eigen3/Eigen/src/Core/util/Constants.h:167:37: note: declared here
[34.801s]   167 | EIGEN_DEPRECATED const unsigned int AlignedBit = 0x80;
[34.801s]       |                                     ^~~~~~~~~~
[34.801s] In file included from /home/j/colcon_ws/ORB_SLAM3/Thirdparty/g2o/g2o/types/types_six_dof_expmap.h:37,
[34.801s]                  from /home/j/colcon_ws/ORB_SLAM3/include/Converter.h:26,
[34.801s]                  from /home/j/colcon_ws/ORB_SLAM3/include/Frame.h:33,
[34.801s]                  from /home/j/colcon_ws/ORB_SLAM3/include/KeyFrame.h:28,
[34.801s]                  from /home/j/colcon_ws/ORB_SLAM3/include/MapPoint.h:23,
[34.801s]                  from /home/j/colcon_ws/ORB_SLAM3/include/FrameDrawer.h:24,
[34.801s]                  from /home/j/colcon_ws/ORB_SLAM3/include/Viewer.h:23,
[34.801s]                  from /home/j/colcon_ws/ORB_SLAM3/include/Tracking.h:26,
[34.801s]                  from /home/j/colcon_ws/ORB_SLAM3/include/System.h:31,
[34.802s]                  from /home/j/colcon_ws/src/orbslam3_ros2/src/stereo-inertial/stereo-inertial-node.hpp:10,
[34.802s]                  from /home/j/colcon_ws/src/orbslam3_ros2/src/stereo-inertial/stereo-inertial.cpp:7:
[34.802s] /home/j/colcon_ws/ORB_SLAM3/Thirdparty/g2o/g2o/types/../core/base_vertex.h: At global scope:
[34.802s] /home/j/colcon_ws/ORB_SLAM3/Thirdparty/g2o/g2o/types/../core/base_vertex.h:62:74: warning: ‘Eigen::AlignedBit’ is deprecated [-Wdeprecated-declarations]
[34.802s]    62 |     typedef Eigen::Map<Matrix<double, D, D>, Matrix<double,D,D>::Flags & AlignedBit ? Aligned : Unaligned >  HessianBlockType;
[34.802s]       |                                                                          ^~~~~~~~~~
[34.802s] In file included from /usr/include/eigen3/Eigen/Core:161,
[34.802s]                  from /usr/include/eigen3/Eigen/LU:11,
[34.802s]                  from /home/j/colcon_ws/ORB_SLAM3/Thirdparty/Sophus/sophus/so2.hpp:12,
[34.802s]                  from /home/j/colcon_ws/ORB_SLAM3/Thirdparty/Sophus/sophus/se2.hpp:7,
[34.802s]                  from /home/j/colcon_ws/ORB_SLAM3/Thirdparty/Sophus/sophus/geometry.hpp:7,
[34.802s]                  from /home/j/colcon_ws/ORB_SLAM3/include/Frame.h:28,
[34.802s]                  from /home/j/colcon_ws/ORB_SLAM3/include/KeyFrame.h:28,
[34.803s]                  from /home/j/colcon_ws/ORB_SLAM3/include/MapPoint.h:23,
[34.803s]                  from /home/j/colcon_ws/ORB_SLAM3/include/FrameDrawer.h:24,
[34.803s]                  from /home/j/colcon_ws/ORB_SLAM3/include/Viewer.h:23,
[34.803s]                  from /home/j/colcon_ws/ORB_SLAM3/include/Tracking.h:26,
[34.803s]                  from /home/j/colcon_ws/ORB_SLAM3/include/System.h:31,
[34.803s]                  from /home/j/colcon_ws/src/orbslam3_ros2/src/stereo-inertial/stereo-inertial-node.hpp:10,
[34.803s]                  from /home/j/colcon_ws/src/orbslam3_ros2/src/stereo-inertial/stereo-inertial.cpp:7:
[34.803s] /usr/include/eigen3/Eigen/src/Core/util/Constants.h:167:37: note: declared here
[34.803s]   167 | EIGEN_DEPRECATED const unsigned int AlignedBit = 0x80;
[34.803s]       |                                     ^~~~~~~~~~
[34.811s] In file included from /home/j/colcon_ws/ORB_SLAM3/Thirdparty/g2o/g2o/types/types_six_dof_expmap.h:38,
[34.811s]                  from /home/j/colcon_ws/ORB_SLAM3/include/Converter.h:26,
[34.811s]                  from /home/j/colcon_ws/ORB_SLAM3/include/Frame.h:33,
[34.812s]                  from /home/j/colcon_ws/ORB_SLAM3/include/KeyFrame.h:28,
[34.812s]                  from /home/j/colcon_ws/ORB_SLAM3/include/MapPoint.h:23,
[34.812s]                  from /home/j/colcon_ws/ORB_SLAM3/include/FrameDrawer.h:24,
[34.812s]                  from /home/j/colcon_ws/ORB_SLAM3/include/Viewer.h:23,
[34.812s]                  from /home/j/colcon_ws/ORB_SLAM3/include/Tracking.h:26,
[34.812s]                  from /home/j/colcon_ws/ORB_SLAM3/include/System.h:31,
[34.812s]                  from /home/j/colcon_ws/src/orbslam3_ros2/src/rgbd/rgbd-slam-node.hpp:18,
[34.812s]                  from /home/j/colcon_ws/src/orbslam3_ros2/src/rgbd/rgbd.cpp:7:
[34.812s] /home/j/colcon_ws/ORB_SLAM3/Thirdparty/g2o/g2o/types/../core/base_binary_edge.h:59:82: warning: ‘Eigen::AlignedBit’ is deprecated [-Wdeprecated-declarations]
[34.812s]    59 |       typedef Eigen::Map<Matrix<double, Di, Dj>, Matrix<double, Di, Dj>::Flags & AlignedBit ? Aligned : Unaligned > HessianBlockType;
[34.812s]       |                                                                                  ^~~~~~~~~~
[34.812s] In file included from /usr/include/eigen3/Eigen/Core:161,
[34.812s]                  from /usr/include/eigen3/Eigen/LU:11,
[34.813s]                  from /home/j/colcon_ws/ORB_SLAM3/Thirdparty/Sophus/sophus/so2.hpp:12,
[34.813s]                  from /home/j/colcon_ws/ORB_SLAM3/Thirdparty/Sophus/sophus/se2.hpp:7,
[34.813s]                  from /home/j/colcon_ws/ORB_SLAM3/Thirdparty/Sophus/sophus/geometry.hpp:7,
[34.813s]                  from /home/j/colcon_ws/ORB_SLAM3/include/Frame.h:28,
[34.813s]                  from /home/j/colcon_ws/ORB_SLAM3/include/KeyFrame.h:28,
[34.813s]                  from /home/j/colcon_ws/ORB_SLAM3/include/MapPoint.h:23,
[34.813s]                  from /home/j/colcon_ws/ORB_SLAM3/include/FrameDrawer.h:24,
[34.813s]                  from /home/j/colcon_ws/ORB_SLAM3/include/Viewer.h:23,
[34.813s]                  from /home/j/colcon_ws/ORB_SLAM3/include/Tracking.h:26,
[34.813s]                  from /home/j/colcon_ws/ORB_SLAM3/include/System.h:31,
[34.813s]                  from /home/j/colcon_ws/src/orbslam3_ros2/src/rgbd/rgbd-slam-node.hpp:18,
[34.813s]                  from /home/j/colcon_ws/src/orbslam3_ros2/src/rgbd/rgbd.cpp:7:
[34.814s] /usr/include/eigen3/Eigen/src/Core/util/Constants.h:167:37: note: declared here
[34.814s]   167 | EIGEN_DEPRECATED const unsigned int AlignedBit = 0x80;
[34.814s]       |                                     ^~~~~~~~~~
[34.814s] In file included from /home/j/colcon_ws/ORB_SLAM3/Thirdparty/g2o/g2o/types/types_six_dof_expmap.h:38,
[34.814s]                  from /home/j/colcon_ws/ORB_SLAM3/include/Converter.h:26,
[34.814s]                  from /home/j/colcon_ws/ORB_SLAM3/include/Frame.h:33,
[34.814s]                  from /home/j/colcon_ws/ORB_SLAM3/include/KeyFrame.h:28,
[34.814s]                  from /home/j/colcon_ws/ORB_SLAM3/include/MapPoint.h:23,
[34.814s]                  from /home/j/colcon_ws/ORB_SLAM3/include/FrameDrawer.h:24,
[34.814s]                  from /home/j/colcon_ws/ORB_SLAM3/include/Viewer.h:23,
[34.814s]                  from /home/j/colcon_ws/ORB_SLAM3/include/Tracking.h:26,
[34.814s]                  from /home/j/colcon_ws/ORB_SLAM3/include/System.h:31,
[34.815s]                  from /home/j/colcon_ws/src/orbslam3_ros2/src/rgbd/rgbd-slam-node.hpp:18,
[34.815s]                  from /home/j/colcon_ws/src/orbslam3_ros2/src/rgbd/rgbd-slam-node.cpp:1:
[34.815s] /home/j/colcon_ws/ORB_SLAM3/Thirdparty/g2o/g2o/types/../core/base_binary_edge.h:59:82: warning: ‘Eigen::AlignedBit’ is deprecated [-Wdeprecated-declarations]
[34.815s]    59 |       typedef Eigen::Map<Matrix<double, Di, Dj>, Matrix<double, Di, Dj>::Flags & AlignedBit ? Aligned : Unaligned > HessianBlockType;
[34.815s]       |                                                                                  ^~~~~~~~~~
[34.815s] In file included from /usr/include/eigen3/Eigen/Core:161,
[34.815s]                  from /usr/include/eigen3/Eigen/LU:11,
[34.815s]                  from /home/j/colcon_ws/ORB_SLAM3/Thirdparty/Sophus/sophus/so2.hpp:12,
[34.815s]                  from /home/j/colcon_ws/ORB_SLAM3/Thirdparty/Sophus/sophus/se2.hpp:7,
[34.815s]                  from /home/j/colcon_ws/ORB_SLAM3/Thirdparty/Sophus/sophus/geometry.hpp:7,
[34.815s]                  from /home/j/colcon_ws/ORB_SLAM3/include/Frame.h:28,
[34.815s]                  from /home/j/colcon_ws/ORB_SLAM3/include/KeyFrame.h:28,
[34.815s]                  from /home/j/colcon_ws/ORB_SLAM3/include/MapPoint.h:23,
[34.816s]                  from /home/j/colcon_ws/ORB_SLAM3/include/FrameDrawer.h:24,
[34.816s]                  from /home/j/colcon_ws/ORB_SLAM3/include/Viewer.h:23,
[34.816s]                  from /home/j/colcon_ws/ORB_SLAM3/include/Tracking.h:26,
[34.816s]                  from /home/j/colcon_ws/ORB_SLAM3/include/System.h:31,
[34.816s]                  from /home/j/colcon_ws/src/orbslam3_ros2/src/rgbd/rgbd-slam-node.hpp:18,
[34.816s]                  from /home/j/colcon_ws/src/orbslam3_ros2/src/rgbd/rgbd-slam-node.cpp:1:
[34.816s] /usr/include/eigen3/Eigen/src/Core/util/Constants.h:167:37: note: declared here
[34.816s]   167 | EIGEN_DEPRECATED const unsigned int AlignedBit = 0x80;
[34.816s]       |                                     ^~~~~~~~~~
[34.816s] In file included from /home/j/colcon_ws/ORB_SLAM3/Thirdparty/g2o/g2o/types/types_six_dof_expmap.h:38,
[34.816s]                  from /home/j/colcon_ws/ORB_SLAM3/include/Converter.h:26,
[34.816s]                  from /home/j/colcon_ws/ORB_SLAM3/include/Frame.h:33,
[34.816s]                  from /home/j/colcon_ws/ORB_SLAM3/include/KeyFrame.h:28,
[34.817s]                  from /home/j/colcon_ws/ORB_SLAM3/include/MapPoint.h:23,
[34.817s]                  from /home/j/colcon_ws/ORB_SLAM3/include/FrameDrawer.h:24,
[34.817s]                  from /home/j/colcon_ws/ORB_SLAM3/include/Viewer.h:23,
[34.817s]                  from /home/j/colcon_ws/ORB_SLAM3/include/Tracking.h:26,
[34.817s]                  from /home/j/colcon_ws/ORB_SLAM3/include/System.h:31,
[34.817s]                  from /home/j/colcon_ws/src/orbslam3_ros2/src/rgbd/rgbd-slam-node.hpp:18,
[34.817s]                  from /home/j/colcon_ws/src/orbslam3_ros2/src/rgbd/rgbd.cpp:7:
[34.817s] /home/j/colcon_ws/ORB_SLAM3/Thirdparty/g2o/g2o/types/../core/base_binary_edge.h:60:82: warning: ‘Eigen::AlignedBit’ is deprecated [-Wdeprecated-declarations]
[34.817s]    60 |       typedef Eigen::Map<Matrix<double, Dj, Di>, Matrix<double, Dj, Di>::Flags & AlignedBit ? Aligned : Unaligned > HessianBlockTransposedType;
[34.817s]       |                                                                                  ^~~~~~~~~~
[34.817s] In file included from /usr/include/eigen3/Eigen/Core:161,
[34.817s]                  from /usr/include/eigen3/Eigen/LU:11,
[34.817s]                  from /home/j/colcon_ws/ORB_SLAM3/Thirdparty/Sophus/sophus/so2.hpp:12,
[34.818s]                  from /home/j/colcon_ws/ORB_SLAM3/Thirdparty/Sophus/sophus/se2.hpp:7,
[34.818s]                  from /home/j/colcon_ws/ORB_SLAM3/Thirdparty/Sophus/sophus/geometry.hpp:7,
[34.818s]                  from /home/j/colcon_ws/ORB_SLAM3/include/Frame.h:28,
[34.818s]                  from /home/j/colcon_ws/ORB_SLAM3/include/KeyFrame.h:28,
[34.818s]                  from /home/j/colcon_ws/ORB_SLAM3/include/MapPoint.h:23,
[34.818s]                  from /home/j/colcon_ws/ORB_SLAM3/include/FrameDrawer.h:24,
[34.818s]                  from /home/j/colcon_ws/ORB_SLAM3/include/Viewer.h:23,
[34.818s]                  from /home/j/colcon_ws/ORB_SLAM3/include/Tracking.h:26,
[34.818s]                  from /home/j/colcon_ws/ORB_SLAM3/include/System.h:31,
[34.818s]                  from /home/j/colcon_ws/src/orbslam3_ros2/src/rgbd/rgbd-slam-node.hpp:18,
[34.818s]                  from /home/j/colcon_ws/src/orbslam3_ros2/src/rgbd/rgbd.cpp:7:
[34.818s] /usr/include/eigen3/Eigen/src/Core/util/Constants.h:167:37: note: declared here
[34.818s]   167 | EIGEN_DEPRECATED const unsigned int AlignedBit = 0x80;
[34.819s]       |                                     ^~~~~~~~~~
[34.819s] In file included from /home/j/colcon_ws/ORB_SLAM3/Thirdparty/g2o/g2o/types/types_six_dof_expmap.h:38,
[34.819s]                  from /home/j/colcon_ws/ORB_SLAM3/include/Converter.h:26,
[34.819s]                  from /home/j/colcon_ws/ORB_SLAM3/include/Frame.h:33,
[34.819s]                  from /home/j/colcon_ws/ORB_SLAM3/include/KeyFrame.h:28,
[34.819s]                  from /home/j/colcon_ws/ORB_SLAM3/include/MapPoint.h:23,
[34.819s]                  from /home/j/colcon_ws/ORB_SLAM3/include/FrameDrawer.h:24,
[34.819s]                  from /home/j/colcon_ws/ORB_SLAM3/include/Viewer.h:23,
[34.819s]                  from /home/j/colcon_ws/ORB_SLAM3/include/Tracking.h:26,
[34.819s]                  from /home/j/colcon_ws/ORB_SLAM3/include/System.h:31,
[34.819s]                  from /home/j/colcon_ws/src/orbslam3_ros2/src/rgbd/rgbd-slam-node.hpp:18,
[34.819s]                  from /home/j/colcon_ws/src/orbslam3_ros2/src/rgbd/rgbd-slam-node.cpp:1:
[34.819s] /home/j/colcon_ws/ORB_SLAM3/Thirdparty/g2o/g2o/types/../core/base_binary_edge.h:60:82: warning: ‘Eigen::AlignedBit’ is deprecated [-Wdeprecated-declarations]
[34.820s]    60 |       typedef Eigen::Map<Matrix<double, Dj, Di>, Matrix<double, Dj, Di>::Flags & AlignedBit ? Aligned : Unaligned > HessianBlockTransposedType;
[34.820s]       |                                                                                  ^~~~~~~~~~
[34.820s] In file included from /usr/include/eigen3/Eigen/Core:161,
[34.820s]                  from /usr/include/eigen3/Eigen/LU:11,
[34.820s]                  from /home/j/colcon_ws/ORB_SLAM3/Thirdparty/Sophus/sophus/so2.hpp:12,
[34.820s]                  from /home/j/colcon_ws/ORB_SLAM3/Thirdparty/Sophus/sophus/se2.hpp:7,
[34.820s]                  from /home/j/colcon_ws/ORB_SLAM3/Thirdparty/Sophus/sophus/geometry.hpp:7,
[34.820s]                  from /home/j/colcon_ws/ORB_SLAM3/include/Frame.h:28,
[34.820s]                  from /home/j/colcon_ws/ORB_SLAM3/include/KeyFrame.h:28,
[34.821s]                  from /home/j/colcon_ws/ORB_SLAM3/include/MapPoint.h:23,
[34.821s]                  from /home/j/colcon_ws/ORB_SLAM3/include/FrameDrawer.h:24,
[34.821s]                  from /home/j/colcon_ws/ORB_SLAM3/include/Viewer.h:23,
[34.821s]                  from /home/j/colcon_ws/ORB_SLAM3/include/Tracking.h:26,
[34.821s]                  from /home/j/colcon_ws/ORB_SLAM3/include/System.h:31,
[34.821s]                  from /home/j/colcon_ws/src/orbslam3_ros2/src/rgbd/rgbd-slam-node.hpp:18,
[34.822s]                  from /home/j/colcon_ws/src/orbslam3_ros2/src/rgbd/rgbd-slam-node.cpp:1:
[34.822s] /usr/include/eigen3/Eigen/src/Core/util/Constants.h:167:37: note: declared here
[34.822s]   167 | EIGEN_DEPRECATED const unsigned int AlignedBit = 0x80;
[34.822s]       |                                     ^~~~~~~~~~
[34.822s] In file included from /home/j/colcon_ws/ORB_SLAM3/Thirdparty/g2o/g2o/types/types_six_dof_expmap.h:38,
[34.822s]                  from /home/j/colcon_ws/ORB_SLAM3/include/Converter.h:26,
[34.822s]                  from /home/j/colcon_ws/ORB_SLAM3/include/Frame.h:33,
[34.822s]                  from /home/j/colcon_ws/ORB_SLAM3/include/KeyFrame.h:28,
[34.822s]                  from /home/j/colcon_ws/ORB_SLAM3/include/MapPoint.h:23,
[34.822s]                  from /home/j/colcon_ws/ORB_SLAM3/include/FrameDrawer.h:24,
[34.822s]                  from /home/j/colcon_ws/ORB_SLAM3/include/Viewer.h:23,
[34.822s]                  from /home/j/colcon_ws/ORB_SLAM3/include/Tracking.h:26,
[34.822s]                  from /home/j/colcon_ws/ORB_SLAM3/include/System.h:31,
[34.823s]                  from /home/j/colcon_ws/src/orbslam3_ros2/src/stereo-inertial/stereo-inertial-node.hpp:10,
[34.823s]                  from /home/j/colcon_ws/src/orbslam3_ros2/src/stereo-inertial/stereo-inertial.cpp:7:
[34.823s] /home/j/colcon_ws/ORB_SLAM3/Thirdparty/g2o/g2o/types/../core/base_binary_edge.h:59:82: warning: ‘Eigen::AlignedBit’ is deprecated [-Wdeprecated-declarations]
[34.823s]    59 |       typedef Eigen::Map<Matrix<double, Di, Dj>, Matrix<double, Di, Dj>::Flags & AlignedBit ? Aligned : Unaligned > HessianBlockType;
[34.823s]       |                                                                                  ^~~~~~~~~~
[34.823s] In file included from /usr/include/eigen3/Eigen/Core:161,
[34.823s]                  from /usr/include/eigen3/Eigen/LU:11,
[34.823s]                  from /home/j/colcon_ws/ORB_SLAM3/Thirdparty/Sophus/sophus/so2.hpp:12,
[34.823s]                  from /home/j/colcon_ws/ORB_SLAM3/Thirdparty/Sophus/sophus/se2.hpp:7,
[34.823s]                  from /home/j/colcon_ws/ORB_SLAM3/Thirdparty/Sophus/sophus/geometry.hpp:7,
[34.823s]                  from /home/j/colcon_ws/ORB_SLAM3/include/Frame.h:28,
[34.823s]                  from /home/j/colcon_ws/ORB_SLAM3/include/KeyFrame.h:28,
[34.824s]                  from /home/j/colcon_ws/ORB_SLAM3/include/MapPoint.h:23,
[34.824s]                  from /home/j/colcon_ws/ORB_SLAM3/include/FrameDrawer.h:24,
[34.824s]                  from /home/j/colcon_ws/ORB_SLAM3/include/Viewer.h:23,
[34.824s]                  from /home/j/colcon_ws/ORB_SLAM3/include/Tracking.h:26,
[34.824s]                  from /home/j/colcon_ws/ORB_SLAM3/include/System.h:31,
[34.824s]                  from /home/j/colcon_ws/src/orbslam3_ros2/src/stereo-inertial/stereo-inertial-node.hpp:10,
[34.824s]                  from /home/j/colcon_ws/src/orbslam3_ros2/src/stereo-inertial/stereo-inertial.cpp:7:
[34.824s] /usr/include/eigen3/Eigen/src/Core/util/Constants.h:167:37: note: declared here
[34.824s]   167 | EIGEN_DEPRECATED const unsigned int AlignedBit = 0x80;
[34.824s]       |                                     ^~~~~~~~~~
[34.824s] In file included from /home/j/colcon_ws/ORB_SLAM3/Thirdparty/g2o/g2o/types/types_six_dof_expmap.h:38,
[34.824s]                  from /home/j/colcon_ws/ORB_SLAM3/include/Converter.h:26,
[34.824s]                  from /home/j/colcon_ws/ORB_SLAM3/include/Frame.h:33,
[34.825s]                  from /home/j/colcon_ws/ORB_SLAM3/include/KeyFrame.h:28,
[34.825s]                  from /home/j/colcon_ws/ORB_SLAM3/include/MapPoint.h:23,
[34.825s]                  from /home/j/colcon_ws/ORB_SLAM3/include/FrameDrawer.h:24,
[34.825s]                  from /home/j/colcon_ws/ORB_SLAM3/include/Viewer.h:23,
[34.825s]                  from /home/j/colcon_ws/ORB_SLAM3/include/Tracking.h:26,
[34.825s]                  from /home/j/colcon_ws/ORB_SLAM3/include/System.h:31,
[34.825s]                  from /home/j/colcon_ws/src/orbslam3_ros2/src/stereo-inertial/stereo-inertial-node.hpp:10,
[34.825s]                  from /home/j/colcon_ws/src/orbslam3_ros2/src/stereo-inertial/stereo-inertial.cpp:7:
[34.825s] /home/j/colcon_ws/ORB_SLAM3/Thirdparty/g2o/g2o/types/../core/base_binary_edge.h:60:82: warning: ‘Eigen::AlignedBit’ is deprecated [-Wdeprecated-declarations]
[34.825s]    60 |       typedef Eigen::Map<Matrix<double, Dj, Di>, Matrix<double, Dj, Di>::Flags & AlignedBit ? Aligned : Unaligned > HessianBlockTransposedType;
[34.825s]       |                                                                                  ^~~~~~~~~~
[34.825s] In file included from /usr/include/eigen3/Eigen/Core:161,
[34.825s]                  from /usr/include/eigen3/Eigen/LU:11,
[34.826s]                  from /home/j/colcon_ws/ORB_SLAM3/Thirdparty/Sophus/sophus/so2.hpp:12,
[34.826s]                  from /home/j/colcon_ws/ORB_SLAM3/Thirdparty/Sophus/sophus/se2.hpp:7,
[34.826s]                  from /home/j/colcon_ws/ORB_SLAM3/Thirdparty/Sophus/sophus/geometry.hpp:7,
[34.826s]                  from /home/j/colcon_ws/ORB_SLAM3/include/Frame.h:28,
[34.826s]                  from /home/j/colcon_ws/ORB_SLAM3/include/KeyFrame.h:28,
[34.826s]                  from /home/j/colcon_ws/ORB_SLAM3/include/MapPoint.h:23,
[34.826s]                  from /home/j/colcon_ws/ORB_SLAM3/include/FrameDrawer.h:24,
[34.826s]                  from /home/j/colcon_ws/ORB_SLAM3/include/Viewer.h:23,
[34.826s]                  from /home/j/colcon_ws/ORB_SLAM3/include/Tracking.h:26,
[34.826s]                  from /home/j/colcon_ws/ORB_SLAM3/include/System.h:31,
[34.826s]                  from /home/j/colcon_ws/src/orbslam3_ros2/src/stereo-inertial/stereo-inertial-node.hpp:10,
[34.826s]                  from /home/j/colcon_ws/src/orbslam3_ros2/src/stereo-inertial/stereo-inertial.cpp:7:
[34.826s] /usr/include/eigen3/Eigen/src/Core/util/Constants.h:167:37: note: declared here
[34.827s]   167 | EIGEN_DEPRECATED const unsigned int AlignedBit = 0x80;
[34.827s]       |                                     ^~~~~~~~~~
[34.828s] In file included from /home/j/colcon_ws/ORB_SLAM3/Thirdparty/g2o/g2o/types/types_six_dof_expmap.h:37,
[34.828s]                  from /home/j/colcon_ws/ORB_SLAM3/include/Converter.h:26,
[34.828s]                  from /home/j/colcon_ws/ORB_SLAM3/include/Frame.h:33,
[34.828s]                  from /home/j/colcon_ws/ORB_SLAM3/include/KeyFrame.h:28,
[34.828s]                  from /home/j/colcon_ws/ORB_SLAM3/include/MapPoint.h:23,
[34.828s]                  from /home/j/colcon_ws/ORB_SLAM3/include/FrameDrawer.h:24,
[34.829s]                  from /home/j/colcon_ws/ORB_SLAM3/include/Viewer.h:23,
[34.829s]                  from /home/j/colcon_ws/ORB_SLAM3/include/Tracking.h:26,
[34.829s]                  from /home/j/colcon_ws/ORB_SLAM3/include/System.h:31,
[34.829s]                  from /home/j/colcon_ws/src/orbslam3_ros2/src/stereo/stereo-slam-node.hpp:13,
[34.829s]                  from /home/j/colcon_ws/src/orbslam3_ros2/src/stereo/stereo-slam-node.cpp:1:
[34.829s] /home/j/colcon_ws/ORB_SLAM3/Thirdparty/g2o/g2o/types/../core/base_vertex.h: At global scope:
[34.829s] /home/j/colcon_ws/ORB_SLAM3/Thirdparty/g2o/g2o/types/../core/base_vertex.h:62:74: warning: ‘Eigen::AlignedBit’ is deprecated [-Wdeprecated-declarations]
[34.829s]    62 |     typedef Eigen::Map<Matrix<double, D, D>, Matrix<double,D,D>::Flags & AlignedBit ? Aligned : Unaligned >  HessianBlockType;
[34.829s]       |                                                                          ^~~~~~~~~~
[34.829s] In file included from /usr/include/eigen3/Eigen/Core:161,
[34.829s]                  from /usr/include/eigen3/Eigen/LU:11,
[34.829s]                  from /home/j/colcon_ws/ORB_SLAM3/Thirdparty/Sophus/sophus/so2.hpp:12,
[34.829s]                  from /home/j/colcon_ws/ORB_SLAM3/Thirdparty/Sophus/sophus/se2.hpp:7,
[34.830s]                  from /home/j/colcon_ws/ORB_SLAM3/Thirdparty/Sophus/sophus/geometry.hpp:7,
[34.830s]                  from /home/j/colcon_ws/ORB_SLAM3/include/Frame.h:28,
[34.830s]                  from /home/j/colcon_ws/ORB_SLAM3/include/KeyFrame.h:28,
[34.830s]                  from /home/j/colcon_ws/ORB_SLAM3/include/MapPoint.h:23,
[34.830s]                  from /home/j/colcon_ws/ORB_SLAM3/include/FrameDrawer.h:24,
[34.830s]                  from /home/j/colcon_ws/ORB_SLAM3/include/Viewer.h:23,
[34.830s]                  from /home/j/colcon_ws/ORB_SLAM3/include/Tracking.h:26,
[34.830s]                  from /home/j/colcon_ws/ORB_SLAM3/include/System.h:31,
[34.830s]                  from /home/j/colcon_ws/src/orbslam3_ros2/src/stereo/stereo-slam-node.hpp:13,
[34.830s]                  from /home/j/colcon_ws/src/orbslam3_ros2/src/stereo/stereo-slam-node.cpp:1:
[34.830s] /usr/include/eigen3/Eigen/src/Core/util/Constants.h:167:37: note: declared here
[34.830s]   167 | EIGEN_DEPRECATED const unsigned int AlignedBit = 0x80;
[34.831s]       |                                     ^~~~~~~~~~
[34.840s] In file included from /home/j/colcon_ws/ORB_SLAM3/Thirdparty/g2o/g2o/types/types_six_dof_expmap.h:41,
[34.840s]                  from /home/j/colcon_ws/ORB_SLAM3/include/Converter.h:26,
[34.840s]                  from /home/j/colcon_ws/ORB_SLAM3/include/Frame.h:33,
[34.840s]                  from /home/j/colcon_ws/ORB_SLAM3/include/KeyFrame.h:28,
[34.840s]                  from /home/j/colcon_ws/ORB_SLAM3/include/MapPoint.h:23,
[34.840s]                  from /home/j/colcon_ws/ORB_SLAM3/include/FrameDrawer.h:24,
[34.840s]                  from /home/j/colcon_ws/ORB_SLAM3/include/Viewer.h:23,
[34.841s]                  from /home/j/colcon_ws/ORB_SLAM3/include/Tracking.h:26,
[34.841s]                  from /home/j/colcon_ws/ORB_SLAM3/include/System.h:31,
[34.841s]                  from /home/j/colcon_ws/src/orbslam3_ros2/src/monocular/monocular-slam-node.hpp:9,
[34.841s]                  from /home/j/colcon_ws/src/orbslam3_ros2/src/monocular/monocular-slam-node.cpp:1:
[34.841s] /home/j/colcon_ws/ORB_SLAM3/Thirdparty/g2o/g2o/types/se3quat.h:43:38: warning: extra ‘;’ [-Wpedantic]
[34.841s]    43 |       EIGEN_MAKE_ALIGNED_OPERATOR_NEW;
[34.841s]       |                                      ^
[34.841s]       |                                      -
[34.843s] In file included from /home/j/colcon_ws/ORB_SLAM3/Thirdparty/g2o/g2o/types/types_six_dof_expmap.h:37,
[34.843s]                  from /home/j/colcon_ws/ORB_SLAM3/include/Converter.h:26,
[34.843s]                  from /home/j/colcon_ws/ORB_SLAM3/include/Frame.h:33,
[34.843s]                  from /home/j/colcon_ws/ORB_SLAM3/include/KeyFrame.h:28,
[34.843s]                  from /home/j/colcon_ws/ORB_SLAM3/include/MapPoint.h:23,
[34.843s]                  from /home/j/colcon_ws/ORB_SLAM3/include/FrameDrawer.h:24,
[34.843s]                  from /home/j/colcon_ws/ORB_SLAM3/include/Viewer.h:23,
[34.843s]                  from /home/j/colcon_ws/ORB_SLAM3/include/Tracking.h:26,
[34.843s]                  from /home/j/colcon_ws/ORB_SLAM3/include/System.h:31,
[34.844s]                  from /home/j/colcon_ws/src/orbslam3_ros2/src/stereo-inertial/stereo-inertial-node.hpp:10,
[34.844s]                  from /home/j/colcon_ws/src/orbslam3_ros2/src/stereo-inertial/stereo-inertial-node.cpp:1:
[34.844s] /home/j/colcon_ws/ORB_SLAM3/Thirdparty/g2o/g2o/types/../core/base_vertex.h: At global scope:
[34.844s] /home/j/colcon_ws/ORB_SLAM3/Thirdparty/g2o/g2o/types/../core/base_vertex.h:62:74: warning: ‘Eigen::AlignedBit’ is deprecated [-Wdeprecated-declarations]
[34.844s]    62 |     typedef Eigen::Map<Matrix<double, D, D>, Matrix<double,D,D>::Flags & AlignedBit ? Aligned : Unaligned >  HessianBlockType;
[34.844s]       |                                                                          ^~~~~~~~~~
[34.844s] In file included from /usr/include/eigen3/Eigen/Core:161,
[34.844s]                  from /usr/include/eigen3/Eigen/LU:11,
[34.844s]                  from /home/j/colcon_ws/ORB_SLAM3/Thirdparty/Sophus/sophus/so2.hpp:12,
[34.844s]                  from /home/j/colcon_ws/ORB_SLAM3/Thirdparty/Sophus/sophus/se2.hpp:7,
[34.844s]                  from /home/j/colcon_ws/ORB_SLAM3/Thirdparty/Sophus/sophus/geometry.hpp:7,
[34.844s]                  from /home/j/colcon_ws/ORB_SLAM3/include/Frame.h:28,
[34.845s]                  from /home/j/colcon_ws/ORB_SLAM3/include/KeyFrame.h:28,
[34.845s]                  from /home/j/colcon_ws/ORB_SLAM3/include/MapPoint.h:23,
[34.845s]                  from /home/j/colcon_ws/ORB_SLAM3/include/FrameDrawer.h:24,
[34.845s]                  from /home/j/colcon_ws/ORB_SLAM3/include/Viewer.h:23,
[34.845s]                  from /home/j/colcon_ws/ORB_SLAM3/include/Tracking.h:26,
[34.845s]                  from /home/j/colcon_ws/ORB_SLAM3/include/System.h:31,
[34.845s]                  from /home/j/colcon_ws/src/orbslam3_ros2/src/stereo-inertial/stereo-inertial-node.hpp:10,
[34.845s]                  from /home/j/colcon_ws/src/orbslam3_ros2/src/stereo-inertial/stereo-inertial-node.cpp:1:
[34.845s] /usr/include/eigen3/Eigen/src/Core/util/Constants.h:167:37: note: declared here
[34.845s]   167 | EIGEN_DEPRECATED const unsigned int AlignedBit = 0x80;
[34.845s]       |                                     ^~~~~~~~~~
[34.849s] In file included from /home/j/colcon_ws/ORB_SLAM3/Thirdparty/g2o/g2o/types/types_six_dof_expmap.h:38,
[34.849s]                  from /home/j/colcon_ws/ORB_SLAM3/include/Converter.h:26,
[34.849s]                  from /home/j/colcon_ws/ORB_SLAM3/include/Frame.h:33,
[34.850s]                  from /home/j/colcon_ws/ORB_SLAM3/include/KeyFrame.h:28,
[34.850s]                  from /home/j/colcon_ws/ORB_SLAM3/include/MapPoint.h:23,
[34.850s]                  from /home/j/colcon_ws/ORB_SLAM3/include/FrameDrawer.h:24,
[34.850s]                  from /home/j/colcon_ws/ORB_SLAM3/include/Viewer.h:23,
[34.850s]                  from /home/j/colcon_ws/ORB_SLAM3/include/Tracking.h:26,
[34.850s]                  from /home/j/colcon_ws/ORB_SLAM3/include/System.h:31,
[34.850s]                  from /home/j/colcon_ws/src/orbslam3_ros2/src/stereo/stereo-slam-node.hpp:13,
[34.850s]                  from /home/j/colcon_ws/src/orbslam3_ros2/src/stereo/stereo-slam-node.cpp:1:
[34.850s] /home/j/colcon_ws/ORB_SLAM3/Thirdparty/g2o/g2o/types/../core/base_binary_edge.h:59:82: warning: ‘Eigen::AlignedBit’ is deprecated [-Wdeprecated-declarations]
[34.850s]    59 |       typedef Eigen::Map<Matrix<double, Di, Dj>, Matrix<double, Di, Dj>::Flags & AlignedBit ? Aligned : Unaligned > HessianBlockType;
[34.850s]       |                                                                                  ^~~~~~~~~~
[34.850s] In file included from /usr/include/eigen3/Eigen/Core:161,
[34.850s]                  from /usr/include/eigen3/Eigen/LU:11,
[34.851s]                  from /home/j/colcon_ws/ORB_SLAM3/Thirdparty/Sophus/sophus/so2.hpp:12,
[34.851s]                  from /home/j/colcon_ws/ORB_SLAM3/Thirdparty/Sophus/sophus/se2.hpp:7,
[34.851s]                  from /home/j/colcon_ws/ORB_SLAM3/Thirdparty/Sophus/sophus/geometry.hpp:7,
[34.851s]                  from /home/j/colcon_ws/ORB_SLAM3/include/Frame.h:28,
[34.851s]                  from /home/j/colcon_ws/ORB_SLAM3/include/KeyFrame.h:28,
[34.851s]                  from /home/j/colcon_ws/ORB_SLAM3/include/MapPoint.h:23,
[34.851s]                  from /home/j/colcon_ws/ORB_SLAM3/include/FrameDrawer.h:24,
[34.851s]                  from /home/j/colcon_ws/ORB_SLAM3/include/Viewer.h:23,
[34.851s]                  from /home/j/colcon_ws/ORB_SLAM3/include/Tracking.h:26,
[34.851s]                  from /home/j/colcon_ws/ORB_SLAM3/include/System.h:31,
[34.851s]                  from /home/j/colcon_ws/src/orbslam3_ros2/src/stereo/stereo-slam-node.hpp:13,
[34.851s]                  from /home/j/colcon_ws/src/orbslam3_ros2/src/stereo/stereo-slam-node.cpp:1:
[34.851s] /usr/include/eigen3/Eigen/src/Core/util/Constants.h:167:37: note: declared here
[34.852s]   167 | EIGEN_DEPRECATED const unsigned int AlignedBit = 0x80;
[34.852s]       |                                     ^~~~~~~~~~
[34.852s] In file included from /home/j/colcon_ws/ORB_SLAM3/Thirdparty/g2o/g2o/types/types_six_dof_expmap.h:38,
[34.852s]                  from /home/j/colcon_ws/ORB_SLAM3/include/Converter.h:26,
[34.852s]                  from /home/j/colcon_ws/ORB_SLAM3/include/Frame.h:33,
[34.852s]                  from /home/j/colcon_ws/ORB_SLAM3/include/KeyFrame.h:28,
[34.852s]                  from /home/j/colcon_ws/ORB_SLAM3/include/MapPoint.h:23,
[34.852s]                  from /home/j/colcon_ws/ORB_SLAM3/include/FrameDrawer.h:24,
[34.852s]                  from /home/j/colcon_ws/ORB_SLAM3/include/Viewer.h:23,
[34.852s]                  from /home/j/colcon_ws/ORB_SLAM3/include/Tracking.h:26,
[34.852s]                  from /home/j/colcon_ws/ORB_SLAM3/include/System.h:31,
[34.852s]                  from /home/j/colcon_ws/src/orbslam3_ros2/src/stereo/stereo-slam-node.hpp:13,
[34.853s]                  from /home/j/colcon_ws/src/orbslam3_ros2/src/stereo/stereo-slam-node.cpp:1:
[34.853s] /home/j/colcon_ws/ORB_SLAM3/Thirdparty/g2o/g2o/types/../core/base_binary_edge.h:60:82: warning: ‘Eigen::AlignedBit’ is deprecated [-Wdeprecated-declarations]
[34.853s]    60 |       typedef Eigen::Map<Matrix<double, Dj, Di>, Matrix<double, Dj, Di>::Flags & AlignedBit ? Aligned : Unaligned > HessianBlockTransposedType;
[34.853s]       |                                                                                  ^~~~~~~~~~
[34.853s] In file included from /usr/include/eigen3/Eigen/Core:161,
[34.853s]                  from /usr/include/eigen3/Eigen/LU:11,
[34.853s]                  from /home/j/colcon_ws/ORB_SLAM3/Thirdparty/Sophus/sophus/so2.hpp:12,
[34.853s]                  from /home/j/colcon_ws/ORB_SLAM3/Thirdparty/Sophus/sophus/se2.hpp:7,
[34.853s]                  from /home/j/colcon_ws/ORB_SLAM3/Thirdparty/Sophus/sophus/geometry.hpp:7,
[34.853s]                  from /home/j/colcon_ws/ORB_SLAM3/include/Frame.h:28,
[34.853s]                  from /home/j/colcon_ws/ORB_SLAM3/include/KeyFrame.h:28,
[34.853s]                  from /home/j/colcon_ws/ORB_SLAM3/include/MapPoint.h:23,
[34.853s]                  from /home/j/colcon_ws/ORB_SLAM3/include/FrameDrawer.h:24,
[34.854s]                  from /home/j/colcon_ws/ORB_SLAM3/include/Viewer.h:23,
[34.854s]                  from /home/j/colcon_ws/ORB_SLAM3/include/Tracking.h:26,
[34.854s]                  from /home/j/colcon_ws/ORB_SLAM3/include/System.h:31,
[34.854s]                  from /home/j/colcon_ws/src/orbslam3_ros2/src/stereo/stereo-slam-node.hpp:13,
[34.854s]                  from /home/j/colcon_ws/src/orbslam3_ros2/src/stereo/stereo-slam-node.cpp:1:
[34.854s] /usr/include/eigen3/Eigen/src/Core/util/Constants.h:167:37: note: declared here
[34.854s]   167 | EIGEN_DEPRECATED const unsigned int AlignedBit = 0x80;
[34.854s]       |                                     ^~~~~~~~~~
[34.855s] In file included from /home/j/colcon_ws/ORB_SLAM3/Thirdparty/g2o/g2o/types/types_six_dof_expmap.h:41,
[34.856s]                  from /home/j/colcon_ws/ORB_SLAM3/include/Converter.h:26,
[34.856s]                  from /home/j/colcon_ws/ORB_SLAM3/include/Frame.h:33,
[34.856s]                  from /home/j/colcon_ws/ORB_SLAM3/include/KeyFrame.h:28,
[34.856s]                  from /home/j/colcon_ws/ORB_SLAM3/include/MapPoint.h:23,
[34.856s]                  from /home/j/colcon_ws/ORB_SLAM3/include/FrameDrawer.h:24,
[34.856s]                  from /home/j/colcon_ws/ORB_SLAM3/include/Viewer.h:23,
[34.856s]                  from /home/j/colcon_ws/ORB_SLAM3/include/Tracking.h:26,
[34.856s]                  from /home/j/colcon_ws/ORB_SLAM3/include/System.h:31,
[34.856s]                  from /home/j/colcon_ws/src/orbslam3_ros2/src/rgbd/rgbd-slam-node.hpp:18,
[34.856s]                  from /home/j/colcon_ws/src/orbslam3_ros2/src/rgbd/rgbd.cpp:7:
[34.856s] /home/j/colcon_ws/ORB_SLAM3/Thirdparty/g2o/g2o/types/se3quat.h:43:38: warning: extra ‘;’ [-Wpedantic]
[34.856s]    43 |       EIGEN_MAKE_ALIGNED_OPERATOR_NEW;
[34.856s]       |                                      ^
[34.857s]       |                                      -
[34.857s] In file included from /home/j/colcon_ws/ORB_SLAM3/Thirdparty/g2o/g2o/types/types_six_dof_expmap.h:41,
[34.857s]                  from /home/j/colcon_ws/ORB_SLAM3/include/Converter.h:26,
[34.857s]                  from /home/j/colcon_ws/ORB_SLAM3/include/Frame.h:33,
[34.857s]                  from /home/j/colcon_ws/ORB_SLAM3/include/KeyFrame.h:28,
[34.857s]                  from /home/j/colcon_ws/ORB_SLAM3/include/MapPoint.h:23,
[34.857s]                  from /home/j/colcon_ws/ORB_SLAM3/include/FrameDrawer.h:24,
[34.857s]                  from /home/j/colcon_ws/ORB_SLAM3/include/Viewer.h:23,
[34.857s]                  from /home/j/colcon_ws/ORB_SLAM3/include/Tracking.h:26,
[34.857s]                  from /home/j/colcon_ws/ORB_SLAM3/include/System.h:31,
[34.857s]                  from /home/j/colcon_ws/src/orbslam3_ros2/src/rgbd/rgbd-slam-node.hpp:18,
[34.857s]                  from /home/j/colcon_ws/src/orbslam3_ros2/src/rgbd/rgbd-slam-node.cpp:1:
[34.858s] /home/j/colcon_ws/ORB_SLAM3/Thirdparty/g2o/g2o/types/se3quat.h:43:38: warning: extra ‘;’ [-Wpedantic]
[34.858s]    43 |       EIGEN_MAKE_ALIGNED_OPERATOR_NEW;
[34.858s]       |                                      ^
[34.858s]       |                                      -
[34.864s] In file included from /home/j/colcon_ws/ORB_SLAM3/Thirdparty/g2o/g2o/types/types_six_dof_expmap.h:38,
[34.864s]                  from /home/j/colcon_ws/ORB_SLAM3/include/Converter.h:26,
[34.864s]                  from /home/j/colcon_ws/ORB_SLAM3/include/Frame.h:33,
[34.864s]                  from /home/j/colcon_ws/ORB_SLAM3/include/KeyFrame.h:28,
[34.865s]                  from /home/j/colcon_ws/ORB_SLAM3/include/MapPoint.h:23,
[34.865s]                  from /home/j/colcon_ws/ORB_SLAM3/include/FrameDrawer.h:24,
[34.865s]                  from /home/j/colcon_ws/ORB_SLAM3/include/Viewer.h:23,
[34.865s]                  from /home/j/colcon_ws/ORB_SLAM3/include/Tracking.h:26,
[34.865s]                  from /home/j/colcon_ws/ORB_SLAM3/include/System.h:31,
[34.865s]                  from /home/j/colcon_ws/src/orbslam3_ros2/src/stereo-inertial/stereo-inertial-node.hpp:10,
[34.865s]                  from /home/j/colcon_ws/src/orbslam3_ros2/src/stereo-inertial/stereo-inertial-node.cpp:1:
[34.865s] /home/j/colcon_ws/ORB_SLAM3/Thirdparty/g2o/g2o/types/../core/base_binary_edge.h:59:82: warning: ‘Eigen::AlignedBit’ is deprecated [-Wdeprecated-declarations]
[34.865s]    59 |       typedef Eigen::Map<Matrix<double, Di, Dj>, Matrix<double, Di, Dj>::Flags & AlignedBit ? Aligned : Unaligned > HessianBlockType;
[34.865s]       |                                                                                  ^~~~~~~~~~
[34.865s] In file included from /usr/include/eigen3/Eigen/Core:161,
[34.865s]                  from /usr/include/eigen3/Eigen/LU:11,
[34.866s]                  from /home/j/colcon_ws/ORB_SLAM3/Thirdparty/Sophus/sophus/so2.hpp:12,
[34.866s]                  from /home/j/colcon_ws/ORB_SLAM3/Thirdparty/Sophus/sophus/se2.hpp:7,
[34.866s]                  from /home/j/colcon_ws/ORB_SLAM3/Thirdparty/Sophus/sophus/geometry.hpp:7,
[34.866s]                  from /home/j/colcon_ws/ORB_SLAM3/include/Frame.h:28,
[34.866s]                  from /home/j/colcon_ws/ORB_SLAM3/include/KeyFrame.h:28,
[34.866s]                  from /home/j/colcon_ws/ORB_SLAM3/include/MapPoint.h:23,
[34.866s]                  from /home/j/colcon_ws/ORB_SLAM3/include/FrameDrawer.h:24,
[34.866s]                  from /home/j/colcon_ws/ORB_SLAM3/include/Viewer.h:23,
[34.866s]                  from /home/j/colcon_ws/ORB_SLAM3/include/Tracking.h:26,
[34.867s]                  from /home/j/colcon_ws/ORB_SLAM3/include/System.h:31,
[34.867s]                  from /home/j/colcon_ws/src/orbslam3_ros2/src/stereo-inertial/stereo-inertial-node.hpp:10,
[34.867s]                  from /home/j/colcon_ws/src/orbslam3_ros2/src/stereo-inertial/stereo-inertial-node.cpp:1:
[34.867s] /usr/include/eigen3/Eigen/src/Core/util/Constants.h:167:37: note: declared here
[34.867s]   167 | EIGEN_DEPRECATED const unsigned int AlignedBit = 0x80;
[34.867s]       |                                     ^~~~~~~~~~
[34.867s] In file included from /home/j/colcon_ws/ORB_SLAM3/Thirdparty/g2o/g2o/types/types_six_dof_expmap.h:38,
[34.867s]                  from /home/j/colcon_ws/ORB_SLAM3/include/Converter.h:26,
[34.867s]                  from /home/j/colcon_ws/ORB_SLAM3/include/Frame.h:33,
[34.867s]                  from /home/j/colcon_ws/ORB_SLAM3/include/KeyFrame.h:28,
[34.867s]                  from /home/j/colcon_ws/ORB_SLAM3/include/MapPoint.h:23,
[34.867s]                  from /home/j/colcon_ws/ORB_SLAM3/include/FrameDrawer.h:24,
[34.867s]                  from /home/j/colcon_ws/ORB_SLAM3/include/Viewer.h:23,
[34.868s]                  from /home/j/colcon_ws/ORB_SLAM3/include/Tracking.h:26,
[34.868s]                  from /home/j/colcon_ws/ORB_SLAM3/include/System.h:31,
[34.868s]                  from /home/j/colcon_ws/src/orbslam3_ros2/src/stereo-inertial/stereo-inertial-node.hpp:10,
[34.868s]                  from /home/j/colcon_ws/src/orbslam3_ros2/src/stereo-inertial/stereo-inertial-node.cpp:1:
[34.868s] /home/j/colcon_ws/ORB_SLAM3/Thirdparty/g2o/g2o/types/../core/base_binary_edge.h:60:82: warning: ‘Eigen::AlignedBit’ is deprecated [-Wdeprecated-declarations]
[34.868s]    60 |       typedef Eigen::Map<Matrix<double, Dj, Di>, Matrix<double, Dj, Di>::Flags & AlignedBit ? Aligned : Unaligned > HessianBlockTransposedType;
[34.868s]       |                                                                                  ^~~~~~~~~~
[34.868s] In file included from /usr/include/eigen3/Eigen/Core:161,
[34.868s]                  from /usr/include/eigen3/Eigen/LU:11,
[34.868s]                  from /home/j/colcon_ws/ORB_SLAM3/Thirdparty/Sophus/sophus/so2.hpp:12,
[34.868s]                  from /home/j/colcon_ws/ORB_SLAM3/Thirdparty/Sophus/sophus/se2.hpp:7,
[34.868s]                  from /home/j/colcon_ws/ORB_SLAM3/Thirdparty/Sophus/sophus/geometry.hpp:7,
[34.868s]                  from /home/j/colcon_ws/ORB_SLAM3/include/Frame.h:28,
[34.869s]                  from /home/j/colcon_ws/ORB_SLAM3/include/KeyFrame.h:28,
[34.869s]                  from /home/j/colcon_ws/ORB_SLAM3/include/MapPoint.h:23,
[34.869s]                  from /home/j/colcon_ws/ORB_SLAM3/include/FrameDrawer.h:24,
[34.869s]                  from /home/j/colcon_ws/ORB_SLAM3/include/Viewer.h:23,
[34.869s]                  from /home/j/colcon_ws/ORB_SLAM3/include/Tracking.h:26,
[34.869s]                  from /home/j/colcon_ws/ORB_SLAM3/include/System.h:31,
[34.869s]                  from /home/j/colcon_ws/src/orbslam3_ros2/src/stereo-inertial/stereo-inertial-node.hpp:10,
[34.869s]                  from /home/j/colcon_ws/src/orbslam3_ros2/src/stereo-inertial/stereo-inertial-node.cpp:1:
[34.869s] /usr/include/eigen3/Eigen/src/Core/util/Constants.h:167:37: note: declared here
[34.869s]   167 | EIGEN_DEPRECATED const unsigned int AlignedBit = 0x80;
[34.869s]       |                                     ^~~~~~~~~~
[34.869s] In file included from /home/j/colcon_ws/ORB_SLAM3/Thirdparty/g2o/g2o/types/types_six_dof_expmap.h:41,
[34.869s]                  from /home/j/colcon_ws/ORB_SLAM3/include/Converter.h:26,
[34.870s]                  from /home/j/colcon_ws/ORB_SLAM3/include/Frame.h:33,
[34.870s]                  from /home/j/colcon_ws/ORB_SLAM3/include/KeyFrame.h:28,
[34.870s]                  from /home/j/colcon_ws/ORB_SLAM3/include/MapPoint.h:23,
[34.870s]                  from /home/j/colcon_ws/ORB_SLAM3/include/FrameDrawer.h:24,
[34.870s]                  from /home/j/colcon_ws/ORB_SLAM3/include/Viewer.h:23,
[34.870s]                  from /home/j/colcon_ws/ORB_SLAM3/include/Tracking.h:26,
[34.870s]                  from /home/j/colcon_ws/ORB_SLAM3/include/System.h:31,
[34.870s]                  from /home/j/colcon_ws/src/orbslam3_ros2/src/stereo-inertial/stereo-inertial-node.hpp:10,
[34.870s]                  from /home/j/colcon_ws/src/orbslam3_ros2/src/stereo-inertial/stereo-inertial.cpp:7:
[34.870s] /home/j/colcon_ws/ORB_SLAM3/Thirdparty/g2o/g2o/types/se3quat.h:43:38: warning: extra ‘;’ [-Wpedantic]
[34.870s]    43 |       EIGEN_MAKE_ALIGNED_OPERATOR_NEW;
[34.870s]       |                                      ^
[34.871s]       |                                      -
[34.893s] In file included from /home/j/colcon_ws/ORB_SLAM3/Thirdparty/g2o/g2o/types/types_six_dof_expmap.h:41,
[34.893s]                  from /home/j/colcon_ws/ORB_SLAM3/include/Converter.h:26,
[34.893s]                  from /home/j/colcon_ws/ORB_SLAM3/include/Frame.h:33,
[34.893s]                  from /home/j/colcon_ws/ORB_SLAM3/include/KeyFrame.h:28,
[34.894s]                  from /home/j/colcon_ws/ORB_SLAM3/include/MapPoint.h:23,
[34.894s]                  from /home/j/colcon_ws/ORB_SLAM3/include/FrameDrawer.h:24,
[34.894s]                  from /home/j/colcon_ws/ORB_SLAM3/include/Viewer.h:23,
[34.894s]                  from /home/j/colcon_ws/ORB_SLAM3/include/Tracking.h:26,
[34.894s]                  from /home/j/colcon_ws/ORB_SLAM3/include/System.h:31,
[34.894s]                  from /home/j/colcon_ws/src/orbslam3_ros2/src/stereo/stereo-slam-node.hpp:13,
[34.894s]                  from /home/j/colcon_ws/src/orbslam3_ros2/src/stereo/stereo-slam-node.cpp:1:
[34.894s] /home/j/colcon_ws/ORB_SLAM3/Thirdparty/g2o/g2o/types/se3quat.h:43:38: warning: extra ‘;’ [-Wpedantic]
[34.894s]    43 |       EIGEN_MAKE_ALIGNED_OPERATOR_NEW;
[34.894s]       |                                      ^
[34.894s]       |                                      -
[34.908s] In file included from /home/j/colcon_ws/ORB_SLAM3/Thirdparty/g2o/g2o/types/types_six_dof_expmap.h:41,
[34.908s]                  from /home/j/colcon_ws/ORB_SLAM3/include/Converter.h:26,
[34.908s]                  from /home/j/colcon_ws/ORB_SLAM3/include/Frame.h:33,
[34.909s]                  from /home/j/colcon_ws/ORB_SLAM3/include/KeyFrame.h:28,
[34.909s]                  from /home/j/colcon_ws/ORB_SLAM3/include/MapPoint.h:23,
[34.909s]                  from /home/j/colcon_ws/ORB_SLAM3/include/FrameDrawer.h:24,
[34.909s]                  from /home/j/colcon_ws/ORB_SLAM3/include/Viewer.h:23,
[34.909s]                  from /home/j/colcon_ws/ORB_SLAM3/include/Tracking.h:26,
[34.909s]                  from /home/j/colcon_ws/ORB_SLAM3/include/System.h:31,
[34.909s]                  from /home/j/colcon_ws/src/orbslam3_ros2/src/stereo-inertial/stereo-inertial-node.hpp:10,
[34.909s]                  from /home/j/colcon_ws/src/orbslam3_ros2/src/stereo-inertial/stereo-inertial-node.cpp:1:
[34.909s] /home/j/colcon_ws/ORB_SLAM3/Thirdparty/g2o/g2o/types/se3quat.h:43:38: warning: extra ‘;’ [-Wpedantic]
[34.909s]    43 |       EIGEN_MAKE_ALIGNED_OPERATOR_NEW;
[34.909s]       |                                      ^
[34.909s]       |                                      -
[34.946s] In file included from /home/j/colcon_ws/ORB_SLAM3/include/Frame.h:30,
[34.947s]                  from /home/j/colcon_ws/ORB_SLAM3/include/KeyFrame.h:28,
[34.947s]                  from /home/j/colcon_ws/ORB_SLAM3/include/MapPoint.h:23,
[34.947s]                  from /home/j/colcon_ws/ORB_SLAM3/include/FrameDrawer.h:24,
[34.947s]                  from /home/j/colcon_ws/ORB_SLAM3/include/Viewer.h:23,
[34.947s]                  from /home/j/colcon_ws/ORB_SLAM3/include/Tracking.h:26,
[34.947s]                  from /home/j/colcon_ws/ORB_SLAM3/include/System.h:31,
[34.947s]                  from /home/j/colcon_ws/src/orbslam3_ros2/src/monocular/monocular-slam-node.hpp:9,
[34.947s]                  from /home/j/colcon_ws/src/orbslam3_ros2/src/monocular/mono.cpp:7:
[34.947s] /home/j/colcon_ws/ORB_SLAM3/include/ImuTypes.h: In member function ‘void ORB_SLAM3::IMU::Preintegrated::printMeasurements() const’:
[34.947s] /home/j/colcon_ws/ORB_SLAM3/include/ImuTypes.h:204:23: warning: comparison of integer expressions of different signedness: ‘int’ and ‘std::vector<ORB_SLAM3::IMU::Preintegrated::integrable>::size_type’ {aka ‘long unsigned int’} [-Wsign-compare]
[34.947s]   204 |         for(int i=0; i<mvMeasurements.size(); i++){
[34.947s]       |                      ~^~~~~~~~~~~~~~~~~~~~~~
[34.959s] In file included from /home/j/colcon_ws/ORB_SLAM3/include/Frame.h:30,
[34.959s]                  from /home/j/colcon_ws/ORB_SLAM3/include/KeyFrame.h:28,
[34.959s]                  from /home/j/colcon_ws/ORB_SLAM3/include/MapPoint.h:23,
[34.959s]                  from /home/j/colcon_ws/ORB_SLAM3/include/FrameDrawer.h:24,
[34.959s]                  from /home/j/colcon_ws/ORB_SLAM3/include/Viewer.h:23,
[34.959s]                  from /home/j/colcon_ws/ORB_SLAM3/include/Tracking.h:26,
[34.960s]                  from /home/j/colcon_ws/ORB_SLAM3/include/System.h:31,
[34.960s]                  from /home/j/colcon_ws/src/orbslam3_ros2/src/stereo/stereo-slam-node.hpp:13,
[34.960s]                  from /home/j/colcon_ws/src/orbslam3_ros2/src/stereo/stereo.cpp:7:
[34.960s] /home/j/colcon_ws/ORB_SLAM3/include/ImuTypes.h: In member function ‘void ORB_SLAM3::IMU::Preintegrated::printMeasurements() const’:
[34.960s] /home/j/colcon_ws/ORB_SLAM3/include/ImuTypes.h:204:23: warning: comparison of integer expressions of different signedness: ‘int’ and ‘std::vector<ORB_SLAM3::IMU::Preintegrated::integrable>::size_type’ {aka ‘long unsigned int’} [-Wsign-compare]
[34.960s]   204 |         for(int i=0; i<mvMeasurements.size(); i++){
[34.960s]       |                      ~^~~~~~~~~~~~~~~~~~~~~~
[35.036s] In file included from /home/j/colcon_ws/ORB_SLAM3/Thirdparty/g2o/g2o/types/types_six_dof_expmap.h:37,
[35.036s]                  from /home/j/colcon_ws/ORB_SLAM3/include/Converter.h:26,
[35.036s]                  from /home/j/colcon_ws/ORB_SLAM3/include/Frame.h:33,
[35.036s]                  from /home/j/colcon_ws/ORB_SLAM3/include/KeyFrame.h:28,
[35.036s]                  from /home/j/colcon_ws/ORB_SLAM3/include/MapPoint.h:23,
[35.036s]                  from /home/j/colcon_ws/ORB_SLAM3/include/FrameDrawer.h:24,
[35.037s]                  from /home/j/colcon_ws/ORB_SLAM3/include/Viewer.h:23,
[35.037s]                  from /home/j/colcon_ws/ORB_SLAM3/include/Tracking.h:26,
[35.037s]                  from /home/j/colcon_ws/ORB_SLAM3/include/System.h:31,
[35.037s]                  from /home/j/colcon_ws/src/orbslam3_ros2/src/monocular/monocular-slam-node.hpp:9,
[35.037s]                  from /home/j/colcon_ws/src/orbslam3_ros2/src/monocular/mono.cpp:7:
[35.037s] /home/j/colcon_ws/ORB_SLAM3/Thirdparty/g2o/g2o/types/../core/base_vertex.h: At global scope:
[35.037s] /home/j/colcon_ws/ORB_SLAM3/Thirdparty/g2o/g2o/types/../core/base_vertex.h:62:74: warning: ‘Eigen::AlignedBit’ is deprecated [-Wdeprecated-declarations]
[35.037s]    62 |     typedef Eigen::Map<Matrix<double, D, D>, Matrix<double,D,D>::Flags & AlignedBit ? Aligned : Unaligned >  HessianBlockType;
[35.037s]       |                                                                          ^~~~~~~~~~
[35.037s] In file included from /usr/include/eigen3/Eigen/Core:161,
[35.037s]                  from /usr/include/eigen3/Eigen/LU:11,
[35.037s]                  from /home/j/colcon_ws/ORB_SLAM3/Thirdparty/Sophus/sophus/so2.hpp:12,
[35.037s]                  from /home/j/colcon_ws/ORB_SLAM3/Thirdparty/Sophus/sophus/se2.hpp:7,
[35.038s]                  from /home/j/colcon_ws/ORB_SLAM3/Thirdparty/Sophus/sophus/geometry.hpp:7,
[35.038s]                  from /home/j/colcon_ws/ORB_SLAM3/include/Frame.h:28,
[35.038s]                  from /home/j/colcon_ws/ORB_SLAM3/include/KeyFrame.h:28,
[35.038s]                  from /home/j/colcon_ws/ORB_SLAM3/include/MapPoint.h:23,
[35.038s]                  from /home/j/colcon_ws/ORB_SLAM3/include/FrameDrawer.h:24,
[35.038s]                  from /home/j/colcon_ws/ORB_SLAM3/include/Viewer.h:23,
[35.038s]                  from /home/j/colcon_ws/ORB_SLAM3/include/Tracking.h:26,
[35.038s]                  from /home/j/colcon_ws/ORB_SLAM3/include/System.h:31,
[35.038s]                  from /home/j/colcon_ws/src/orbslam3_ros2/src/monocular/monocular-slam-node.hpp:9,
[35.038s]                  from /home/j/colcon_ws/src/orbslam3_ros2/src/monocular/mono.cpp:7:
[35.038s] /usr/include/eigen3/Eigen/src/Core/util/Constants.h:167:37: note: declared here
[35.038s]   167 | EIGEN_DEPRECATED const unsigned int AlignedBit = 0x80;
[35.039s]       |                                     ^~~~~~~~~~
[35.044s] In file included from /home/j/colcon_ws/ORB_SLAM3/Thirdparty/g2o/g2o/types/types_six_dof_expmap.h:37,
[35.044s]                  from /home/j/colcon_ws/ORB_SLAM3/include/Converter.h:26,
[35.045s]                  from /home/j/colcon_ws/ORB_SLAM3/include/Frame.h:33,
[35.045s]                  from /home/j/colcon_ws/ORB_SLAM3/include/KeyFrame.h:28,
[35.045s]                  from /home/j/colcon_ws/ORB_SLAM3/include/MapPoint.h:23,
[35.045s]                  from /home/j/colcon_ws/ORB_SLAM3/include/FrameDrawer.h:24,
[35.045s]                  from /home/j/colcon_ws/ORB_SLAM3/include/Viewer.h:23,
[35.045s]                  from /home/j/colcon_ws/ORB_SLAM3/include/Tracking.h:26,
[35.045s]                  from /home/j/colcon_ws/ORB_SLAM3/include/System.h:31,
[35.045s]                  from /home/j/colcon_ws/src/orbslam3_ros2/src/stereo/stereo-slam-node.hpp:13,
[35.045s]                  from /home/j/colcon_ws/src/orbslam3_ros2/src/stereo/stereo.cpp:7:
[35.045s] /home/j/colcon_ws/ORB_SLAM3/Thirdparty/g2o/g2o/types/../core/base_vertex.h: At global scope:
[35.045s] /home/j/colcon_ws/ORB_SLAM3/Thirdparty/g2o/g2o/types/../core/base_vertex.h:62:74: warning: ‘Eigen::AlignedBit’ is deprecated [-Wdeprecated-declarations]
[35.045s]    62 |     typedef Eigen::Map<Matrix<double, D, D>, Matrix<double,D,D>::Flags & AlignedBit ? Aligned : Unaligned >  HessianBlockType;
[35.046s]       |                                                                          ^~~~~~~~~~
[35.046s] In file included from /usr/include/eigen3/Eigen/Core:161,
[35.046s]                  from /usr/include/eigen3/Eigen/LU:11,
[35.046s]                  from /home/j/colcon_ws/ORB_SLAM3/Thirdparty/Sophus/sophus/so2.hpp:12,
[35.046s]                  from /home/j/colcon_ws/ORB_SLAM3/Thirdparty/Sophus/sophus/se2.hpp:7,
[35.046s]                  from /home/j/colcon_ws/ORB_SLAM3/Thirdparty/Sophus/sophus/geometry.hpp:7,
[35.046s]                  from /home/j/colcon_ws/ORB_SLAM3/include/Frame.h:28,
[35.046s]                  from /home/j/colcon_ws/ORB_SLAM3/include/KeyFrame.h:28,
[35.046s]                  from /home/j/colcon_ws/ORB_SLAM3/include/MapPoint.h:23,
[35.046s]                  from /home/j/colcon_ws/ORB_SLAM3/include/FrameDrawer.h:24,
[35.046s]                  from /home/j/colcon_ws/ORB_SLAM3/include/Viewer.h:23,
[35.046s]                  from /home/j/colcon_ws/ORB_SLAM3/include/Tracking.h:26,
[35.046s]                  from /home/j/colcon_ws/ORB_SLAM3/include/System.h:31,
[35.047s]                  from /home/j/colcon_ws/src/orbslam3_ros2/src/stereo/stereo-slam-node.hpp:13,
[35.047s]                  from /home/j/colcon_ws/src/orbslam3_ros2/src/stereo/stereo.cpp:7:
[35.047s] /usr/include/eigen3/Eigen/src/Core/util/Constants.h:167:37: note: declared here
[35.047s]   167 | EIGEN_DEPRECATED const unsigned int AlignedBit = 0x80;
[35.047s]       |                                     ^~~~~~~~~~
[35.058s] In file included from /home/j/colcon_ws/ORB_SLAM3/Thirdparty/g2o/g2o/types/types_six_dof_expmap.h:38,
[35.058s]                  from /home/j/colcon_ws/ORB_SLAM3/include/Converter.h:26,
[35.058s]                  from /home/j/colcon_ws/ORB_SLAM3/include/Frame.h:33,
[35.058s]                  from /home/j/colcon_ws/ORB_SLAM3/include/KeyFrame.h:28,
[35.058s]                  from /home/j/colcon_ws/ORB_SLAM3/include/MapPoint.h:23,
[35.058s]                  from /home/j/colcon_ws/ORB_SLAM3/include/FrameDrawer.h:24,
[35.058s]                  from /home/j/colcon_ws/ORB_SLAM3/include/Viewer.h:23,
[35.058s]                  from /home/j/colcon_ws/ORB_SLAM3/include/Tracking.h:26,
[35.058s]                  from /home/j/colcon_ws/ORB_SLAM3/include/System.h:31,
[35.058s]                  from /home/j/colcon_ws/src/orbslam3_ros2/src/monocular/monocular-slam-node.hpp:9,
[35.059s]                  from /home/j/colcon_ws/src/orbslam3_ros2/src/monocular/mono.cpp:7:
[35.059s] /home/j/colcon_ws/ORB_SLAM3/Thirdparty/g2o/g2o/types/../core/base_binary_edge.h:59:82: warning: ‘Eigen::AlignedBit’ is deprecated [-Wdeprecated-declarations]
[35.059s]    59 |       typedef Eigen::Map<Matrix<double, Di, Dj>, Matrix<double, Di, Dj>::Flags & AlignedBit ? Aligned : Unaligned > HessianBlockType;
[35.059s]       |                                                                                  ^~~~~~~~~~
[35.059s] In file included from /usr/include/eigen3/Eigen/Core:161,
[35.059s]                  from /usr/include/eigen3/Eigen/LU:11,
[35.059s]                  from /home/j/colcon_ws/ORB_SLAM3/Thirdparty/Sophus/sophus/so2.hpp:12,
[35.059s]                  from /home/j/colcon_ws/ORB_SLAM3/Thirdparty/Sophus/sophus/se2.hpp:7,
[35.059s]                  from /home/j/colcon_ws/ORB_SLAM3/Thirdparty/Sophus/sophus/geometry.hpp:7,
[35.059s]                  from /home/j/colcon_ws/ORB_SLAM3/include/Frame.h:28,
[35.059s]                  from /home/j/colcon_ws/ORB_SLAM3/include/KeyFrame.h:28,
[35.059s]                  from /home/j/colcon_ws/ORB_SLAM3/include/MapPoint.h:23,
[35.059s]                  from /home/j/colcon_ws/ORB_SLAM3/include/FrameDrawer.h:24,
[35.060s]                  from /home/j/colcon_ws/ORB_SLAM3/include/Viewer.h:23,
[35.060s]                  from /home/j/colcon_ws/ORB_SLAM3/include/Tracking.h:26,
[35.060s]                  from /home/j/colcon_ws/ORB_SLAM3/include/System.h:31,
[35.060s]                  from /home/j/colcon_ws/src/orbslam3_ros2/src/monocular/monocular-slam-node.hpp:9,
[35.060s]                  from /home/j/colcon_ws/src/orbslam3_ros2/src/monocular/mono.cpp:7:
[35.060s] /usr/include/eigen3/Eigen/src/Core/util/Constants.h:167:37: note: declared here
[35.060s]   167 | EIGEN_DEPRECATED const unsigned int AlignedBit = 0x80;
[35.060s]       |                                     ^~~~~~~~~~
[35.060s] In file included from /home/j/colcon_ws/ORB_SLAM3/Thirdparty/g2o/g2o/types/types_six_dof_expmap.h:38,
[35.060s]                  from /home/j/colcon_ws/ORB_SLAM3/include/Converter.h:26,
[35.060s]                  from /home/j/colcon_ws/ORB_SLAM3/include/Frame.h:33,
[35.060s]                  from /home/j/colcon_ws/ORB_SLAM3/include/KeyFrame.h:28,
[35.061s]                  from /home/j/colcon_ws/ORB_SLAM3/include/MapPoint.h:23,
[35.061s]                  from /home/j/colcon_ws/ORB_SLAM3/include/FrameDrawer.h:24,
[35.061s]                  from /home/j/colcon_ws/ORB_SLAM3/include/Viewer.h:23,
[35.061s]                  from /home/j/colcon_ws/ORB_SLAM3/include/Tracking.h:26,
[35.061s]                  from /home/j/colcon_ws/ORB_SLAM3/include/System.h:31,
[35.061s]                  from /home/j/colcon_ws/src/orbslam3_ros2/src/monocular/monocular-slam-node.hpp:9,
[35.061s]                  from /home/j/colcon_ws/src/orbslam3_ros2/src/monocular/mono.cpp:7:
[35.061s] /home/j/colcon_ws/ORB_SLAM3/Thirdparty/g2o/g2o/types/../core/base_binary_edge.h:60:82: warning: ‘Eigen::AlignedBit’ is deprecated [-Wdeprecated-declarations]
[35.061s]    60 |       typedef Eigen::Map<Matrix<double, Dj, Di>, Matrix<double, Dj, Di>::Flags & AlignedBit ? Aligned : Unaligned > HessianBlockTransposedType;
[35.061s]       |                                                                                  ^~~~~~~~~~
[35.061s] In file included from /usr/include/eigen3/Eigen/Core:161,
[35.061s]                  from /usr/include/eigen3/Eigen/LU:11,
[35.061s]                  from /home/j/colcon_ws/ORB_SLAM3/Thirdparty/Sophus/sophus/so2.hpp:12,
[35.062s]                  from /home/j/colcon_ws/ORB_SLAM3/Thirdparty/Sophus/sophus/se2.hpp:7,
[35.062s]                  from /home/j/colcon_ws/ORB_SLAM3/Thirdparty/Sophus/sophus/geometry.hpp:7,
[35.062s]                  from /home/j/colcon_ws/ORB_SLAM3/include/Frame.h:28,
[35.062s]                  from /home/j/colcon_ws/ORB_SLAM3/include/KeyFrame.h:28,
[35.062s]                  from /home/j/colcon_ws/ORB_SLAM3/include/MapPoint.h:23,
[35.062s]                  from /home/j/colcon_ws/ORB_SLAM3/include/FrameDrawer.h:24,
[35.062s]                  from /home/j/colcon_ws/ORB_SLAM3/include/Viewer.h:23,
[35.062s]                  from /home/j/colcon_ws/ORB_SLAM3/include/Tracking.h:26,
[35.062s]                  from /home/j/colcon_ws/ORB_SLAM3/include/System.h:31,
[35.062s]                  from /home/j/colcon_ws/src/orbslam3_ros2/src/monocular/monocular-slam-node.hpp:9,
[35.062s]                  from /home/j/colcon_ws/src/orbslam3_ros2/src/monocular/mono.cpp:7:
[35.062s] /usr/include/eigen3/Eigen/src/Core/util/Constants.h:167:37: note: declared here
[35.062s]   167 | EIGEN_DEPRECATED const unsigned int AlignedBit = 0x80;
[35.063s]       |                                     ^~~~~~~~~~
[35.066s] In file included from /home/j/colcon_ws/ORB_SLAM3/Thirdparty/g2o/g2o/types/types_six_dof_expmap.h:38,
[35.066s]                  from /home/j/colcon_ws/ORB_SLAM3/include/Converter.h:26,
[35.066s]                  from /home/j/colcon_ws/ORB_SLAM3/include/Frame.h:33,
[35.066s]                  from /home/j/colcon_ws/ORB_SLAM3/include/KeyFrame.h:28,
[35.066s]                  from /home/j/colcon_ws/ORB_SLAM3/include/MapPoint.h:23,
[35.066s]                  from /home/j/colcon_ws/ORB_SLAM3/include/FrameDrawer.h:24,
[35.066s]                  from /home/j/colcon_ws/ORB_SLAM3/include/Viewer.h:23,
[35.066s]                  from /home/j/colcon_ws/ORB_SLAM3/include/Tracking.h:26,
[35.066s]                  from /home/j/colcon_ws/ORB_SLAM3/include/System.h:31,
[35.066s]                  from /home/j/colcon_ws/src/orbslam3_ros2/src/stereo/stereo-slam-node.hpp:13,
[35.066s]                  from /home/j/colcon_ws/src/orbslam3_ros2/src/stereo/stereo.cpp:7:
[35.067s] /home/j/colcon_ws/ORB_SLAM3/Thirdparty/g2o/g2o/types/../core/base_binary_edge.h:59:82: warning: ‘Eigen::AlignedBit’ is deprecated [-Wdeprecated-declarations]
[35.067s]    59 |       typedef Eigen::Map<Matrix<double, Di, Dj>, Matrix<double, Di, Dj>::Flags & AlignedBit ? Aligned : Unaligned > HessianBlockType;
[35.067s]       |                                                                                  ^~~~~~~~~~
[35.067s] In file included from /usr/include/eigen3/Eigen/Core:161,
[35.067s]                  from /usr/include/eigen3/Eigen/LU:11,
[35.067s]                  from /home/j/colcon_ws/ORB_SLAM3/Thirdparty/Sophus/sophus/so2.hpp:12,
[35.067s]                  from /home/j/colcon_ws/ORB_SLAM3/Thirdparty/Sophus/sophus/se2.hpp:7,
[35.067s]                  from /home/j/colcon_ws/ORB_SLAM3/Thirdparty/Sophus/sophus/geometry.hpp:7,
[35.067s]                  from /home/j/colcon_ws/ORB_SLAM3/include/Frame.h:28,
[35.067s]                  from /home/j/colcon_ws/ORB_SLAM3/include/KeyFrame.h:28,
[35.067s]                  from /home/j/colcon_ws/ORB_SLAM3/include/MapPoint.h:23,
[35.067s]                  from /home/j/colcon_ws/ORB_SLAM3/include/FrameDrawer.h:24,
[35.067s]                  from /home/j/colcon_ws/ORB_SLAM3/include/Viewer.h:23,
[35.068s]                  from /home/j/colcon_ws/ORB_SLAM3/include/Tracking.h:26,
[35.068s]                  from /home/j/colcon_ws/ORB_SLAM3/include/System.h:31,
[35.068s]                  from /home/j/colcon_ws/src/orbslam3_ros2/src/stereo/stereo-slam-node.hpp:13,
[35.068s]                  from /home/j/colcon_ws/src/orbslam3_ros2/src/stereo/stereo.cpp:7:
[35.068s] /usr/include/eigen3/Eigen/src/Core/util/Constants.h:167:37: note: declared here
[35.068s]   167 | EIGEN_DEPRECATED const unsigned int AlignedBit = 0x80;
[35.068s]       |                                     ^~~~~~~~~~
[35.068s] In file included from /home/j/colcon_ws/ORB_SLAM3/Thirdparty/g2o/g2o/types/types_six_dof_expmap.h:38,
[35.068s]                  from /home/j/colcon_ws/ORB_SLAM3/include/Converter.h:26,
[35.068s]                  from /home/j/colcon_ws/ORB_SLAM3/include/Frame.h:33,
[35.068s]                  from /home/j/colcon_ws/ORB_SLAM3/include/KeyFrame.h:28,
[35.068s]                  from /home/j/colcon_ws/ORB_SLAM3/include/MapPoint.h:23,
[35.069s]                  from /home/j/colcon_ws/ORB_SLAM3/include/FrameDrawer.h:24,
[35.069s]                  from /home/j/colcon_ws/ORB_SLAM3/include/Viewer.h:23,
[35.069s]                  from /home/j/colcon_ws/ORB_SLAM3/include/Tracking.h:26,
[35.069s]                  from /home/j/colcon_ws/ORB_SLAM3/include/System.h:31,
[35.069s]                  from /home/j/colcon_ws/src/orbslam3_ros2/src/stereo/stereo-slam-node.hpp:13,
[35.069s]                  from /home/j/colcon_ws/src/orbslam3_ros2/src/stereo/stereo.cpp:7:
[35.069s] /home/j/colcon_ws/ORB_SLAM3/Thirdparty/g2o/g2o/types/../core/base_binary_edge.h:60:82: warning: ‘Eigen::AlignedBit’ is deprecated [-Wdeprecated-declarations]
[35.069s]    60 |       typedef Eigen::Map<Matrix<double, Dj, Di>, Matrix<double, Dj, Di>::Flags & AlignedBit ? Aligned : Unaligned > HessianBlockTransposedType;
[35.069s]       |                                                                                  ^~~~~~~~~~
[35.069s] In file included from /usr/include/eigen3/Eigen/Core:161,
[35.069s]                  from /usr/include/eigen3/Eigen/LU:11,
[35.069s]                  from /home/j/colcon_ws/ORB_SLAM3/Thirdparty/Sophus/sophus/so2.hpp:12,
[35.069s]                  from /home/j/colcon_ws/ORB_SLAM3/Thirdparty/Sophus/sophus/se2.hpp:7,
[35.070s]                  from /home/j/colcon_ws/ORB_SLAM3/Thirdparty/Sophus/sophus/geometry.hpp:7,
[35.070s]                  from /home/j/colcon_ws/ORB_SLAM3/include/Frame.h:28,
[35.070s]                  from /home/j/colcon_ws/ORB_SLAM3/include/KeyFrame.h:28,
[35.070s]                  from /home/j/colcon_ws/ORB_SLAM3/include/MapPoint.h:23,
[35.070s]                  from /home/j/colcon_ws/ORB_SLAM3/include/FrameDrawer.h:24,
[35.070s]                  from /home/j/colcon_ws/ORB_SLAM3/include/Viewer.h:23,
[35.070s]                  from /home/j/colcon_ws/ORB_SLAM3/include/Tracking.h:26,
[35.070s]                  from /home/j/colcon_ws/ORB_SLAM3/include/System.h:31,
[35.070s]                  from /home/j/colcon_ws/src/orbslam3_ros2/src/stereo/stereo-slam-node.hpp:13,
[35.070s]                  from /home/j/colcon_ws/src/orbslam3_ros2/src/stereo/stereo.cpp:7:
[35.070s] /usr/include/eigen3/Eigen/src/Core/util/Constants.h:167:37: note: declared here
[35.070s]   167 | EIGEN_DEPRECATED const unsigned int AlignedBit = 0x80;
[35.071s]       |                                     ^~~~~~~~~~
[35.103s] In file included from /home/j/colcon_ws/ORB_SLAM3/Thirdparty/g2o/g2o/types/types_six_dof_expmap.h:41,
[35.103s]                  from /home/j/colcon_ws/ORB_SLAM3/include/Converter.h:26,
[35.103s]                  from /home/j/colcon_ws/ORB_SLAM3/include/Frame.h:33,
[35.103s]                  from /home/j/colcon_ws/ORB_SLAM3/include/KeyFrame.h:28,
[35.103s]                  from /home/j/colcon_ws/ORB_SLAM3/include/MapPoint.h:23,
[35.104s]                  from /home/j/colcon_ws/ORB_SLAM3/include/FrameDrawer.h:24,
[35.104s]                  from /home/j/colcon_ws/ORB_SLAM3/include/Viewer.h:23,
[35.104s]                  from /home/j/colcon_ws/ORB_SLAM3/include/Tracking.h:26,
[35.104s]                  from /home/j/colcon_ws/ORB_SLAM3/include/System.h:31,
[35.104s]                  from /home/j/colcon_ws/src/orbslam3_ros2/src/monocular/monocular-slam-node.hpp:9,
[35.104s]                  from /home/j/colcon_ws/src/orbslam3_ros2/src/monocular/mono.cpp:7:
[35.104s] /home/j/colcon_ws/ORB_SLAM3/Thirdparty/g2o/g2o/types/se3quat.h:43:38: warning: extra ‘;’ [-Wpedantic]
[35.104s]    43 |       EIGEN_MAKE_ALIGNED_OPERATOR_NEW;
[35.104s]       |                                      ^
[35.104s]       |                                      -
[35.111s] In file included from /home/j/colcon_ws/ORB_SLAM3/Thirdparty/g2o/g2o/types/types_six_dof_expmap.h:41,
[35.111s]                  from /home/j/colcon_ws/ORB_SLAM3/include/Converter.h:26,
[35.111s]                  from /home/j/colcon_ws/ORB_SLAM3/include/Frame.h:33,
[35.111s]                  from /home/j/colcon_ws/ORB_SLAM3/include/KeyFrame.h:28,
[35.111s]                  from /home/j/colcon_ws/ORB_SLAM3/include/MapPoint.h:23,
[35.111s]                  from /home/j/colcon_ws/ORB_SLAM3/include/FrameDrawer.h:24,
[35.111s]                  from /home/j/colcon_ws/ORB_SLAM3/include/Viewer.h:23,
[35.111s]                  from /home/j/colcon_ws/ORB_SLAM3/include/Tracking.h:26,
[35.111s]                  from /home/j/colcon_ws/ORB_SLAM3/include/System.h:31,
[35.111s]                  from /home/j/colcon_ws/src/orbslam3_ros2/src/stereo/stereo-slam-node.hpp:13,
[35.111s]                  from /home/j/colcon_ws/src/orbslam3_ros2/src/stereo/stereo.cpp:7:
[35.111s] /home/j/colcon_ws/ORB_SLAM3/Thirdparty/g2o/g2o/types/se3quat.h:43:38: warning: extra ‘;’ [-Wpedantic]
[35.112s]    43 |       EIGEN_MAKE_ALIGNED_OPERATOR_NEW;
[35.112s]       |                                      ^
[35.112s]       |                                      -
[35.212s] In file included from /home/j/colcon_ws/ORB_SLAM3/Thirdparty/g2o/g2o/types/types_six_dof_expmap.h:37,
[35.212s]                  from /home/j/colcon_ws/ORB_SLAM3/include/Converter.h:26,
[35.212s]                  from /home/j/colcon_ws/ORB_SLAM3/include/Frame.h:33,
[35.212s]                  from /home/j/colcon_ws/ORB_SLAM3/include/KeyFrame.h:28,
[35.212s]                  from /home/j/colcon_ws/ORB_SLAM3/include/MapPoint.h:23,
[35.212s]                  from /home/j/colcon_ws/ORB_SLAM3/include/FrameDrawer.h:24,
[35.213s]                  from /home/j/colcon_ws/ORB_SLAM3/include/Viewer.h:23,
[35.213s]                  from /home/j/colcon_ws/ORB_SLAM3/include/Tracking.h:26,
[35.213s]                  from /home/j/colcon_ws/ORB_SLAM3/include/System.h:31,
[35.213s]                  from /home/j/colcon_ws/src/orbslam3_ros2/src/monocular/monocular-slam-node.hpp:9,
[35.213s]                  from /home/j/colcon_ws/src/orbslam3_ros2/src/monocular/monocular-slam-node.cpp:1:
[35.213s] /home/j/colcon_ws/ORB_SLAM3/Thirdparty/g2o/g2o/types/../core/base_vertex.h: In instantiation of ‘class g2o::BaseVertex<3, Eigen::Matrix<double, 3, 1> >’:
[35.213s] /home/j/colcon_ws/ORB_SLAM3/Thirdparty/g2o/g2o/types/types_sba.h:40:35:   required from here
[35.213s] /home/j/colcon_ws/ORB_SLAM3/Thirdparty/g2o/g2o/types/../core/base_vertex.h:62:72: warning: ‘Eigen::AlignedBit’ is deprecated [-Wdeprecated-declarations]
[35.213s]    62 |     typedef Eigen::Map<Matrix<double, D, D>, Matrix<double,D,D>::Flags & AlignedBit ? Aligned : Unaligned >  HessianBlockType;
[35.213s]       |                                                                  ~~~~~~^~~~~~~~~~~~
[35.213s] In file included from /usr/include/eigen3/Eigen/Core:161,
[35.213s]                  from /usr/include/eigen3/Eigen/LU:11,
[35.213s]                  from /home/j/colcon_ws/ORB_SLAM3/Thirdparty/Sophus/sophus/so2.hpp:12,
[35.214s]                  from /home/j/colcon_ws/ORB_SLAM3/Thirdparty/Sophus/sophus/se2.hpp:7,
[35.214s]                  from /home/j/colcon_ws/ORB_SLAM3/Thirdparty/Sophus/sophus/geometry.hpp:7,
[35.214s]                  from /home/j/colcon_ws/ORB_SLAM3/include/Frame.h:28,
[35.214s]                  from /home/j/colcon_ws/ORB_SLAM3/include/KeyFrame.h:28,
[35.214s]                  from /home/j/colcon_ws/ORB_SLAM3/include/MapPoint.h:23,
[35.214s]                  from /home/j/colcon_ws/ORB_SLAM3/include/FrameDrawer.h:24,
[35.214s]                  from /home/j/colcon_ws/ORB_SLAM3/include/Viewer.h:23,
[35.214s]                  from /home/j/colcon_ws/ORB_SLAM3/include/Tracking.h:26,
[35.214s]                  from /home/j/colcon_ws/ORB_SLAM3/include/System.h:31,
[35.214s]                  from /home/j/colcon_ws/src/orbslam3_ros2/src/monocular/monocular-slam-node.hpp:9,
[35.214s]                  from /home/j/colcon_ws/src/orbslam3_ros2/src/monocular/monocular-slam-node.cpp:1:
[35.214s] /usr/include/eigen3/Eigen/src/Core/util/Constants.h:167:37: note: declared here
[35.214s]   167 | EIGEN_DEPRECATED const unsigned int AlignedBit = 0x80;
[35.215s]       |                                     ^~~~~~~~~~
[35.228s] In file included from /home/j/colcon_ws/ORB_SLAM3/Thirdparty/g2o/g2o/types/types_six_dof_expmap.h:37,
[35.228s]                  from /home/j/colcon_ws/ORB_SLAM3/include/Converter.h:26,
[35.228s]                  from /home/j/colcon_ws/ORB_SLAM3/include/Frame.h:33,
[35.228s]                  from /home/j/colcon_ws/ORB_SLAM3/include/KeyFrame.h:28,
[35.228s]                  from /home/j/colcon_ws/ORB_SLAM3/include/MapPoint.h:23,
[35.228s]                  from /home/j/colcon_ws/ORB_SLAM3/include/FrameDrawer.h:24,
[35.228s]                  from /home/j/colcon_ws/ORB_SLAM3/include/Viewer.h:23,
[35.228s]                  from /home/j/colcon_ws/ORB_SLAM3/include/Tracking.h:26,
[35.228s]                  from /home/j/colcon_ws/ORB_SLAM3/include/System.h:31,
[35.228s]                  from /home/j/colcon_ws/src/orbslam3_ros2/src/rgbd/rgbd-slam-node.hpp:18,
[35.228s]                  from /home/j/colcon_ws/src/orbslam3_ros2/src/rgbd/rgbd-slam-node.cpp:1:
[35.229s] /home/j/colcon_ws/ORB_SLAM3/Thirdparty/g2o/g2o/types/../core/base_vertex.h: In instantiation of ‘class g2o::BaseVertex<3, Eigen::Matrix<double, 3, 1> >’:
[35.229s] /home/j/colcon_ws/ORB_SLAM3/Thirdparty/g2o/g2o/types/types_sba.h:40:35:   required from here
[35.229s] /home/j/colcon_ws/ORB_SLAM3/Thirdparty/g2o/g2o/types/../core/base_vertex.h:62:72: warning: ‘Eigen::AlignedBit’ is deprecated [-Wdeprecated-declarations]
[35.229s]    62 |     typedef Eigen::Map<Matrix<double, D, D>, Matrix<double,D,D>::Flags & AlignedBit ? Aligned : Unaligned >  HessianBlockType;
[35.229s]       |                                                                  ~~~~~~^~~~~~~~~~~~
[35.229s] In file included from /usr/include/eigen3/Eigen/Core:161,
[35.229s]                  from /usr/include/eigen3/Eigen/LU:11,
[35.229s]                  from /home/j/colcon_ws/ORB_SLAM3/Thirdparty/Sophus/sophus/so2.hpp:12,
[35.229s]                  from /home/j/colcon_ws/ORB_SLAM3/Thirdparty/Sophus/sophus/se2.hpp:7,
[35.229s]                  from /home/j/colcon_ws/ORB_SLAM3/Thirdparty/Sophus/sophus/geometry.hpp:7,
[35.229s]                  from /home/j/colcon_ws/ORB_SLAM3/include/Frame.h:28,
[35.229s]                  from /home/j/colcon_ws/ORB_SLAM3/include/KeyFrame.h:28,
[35.229s]                  from /home/j/colcon_ws/ORB_SLAM3/include/MapPoint.h:23,
[35.230s]                  from /home/j/colcon_ws/ORB_SLAM3/include/FrameDrawer.h:24,
[35.230s]                  from /home/j/colcon_ws/ORB_SLAM3/include/Viewer.h:23,
[35.230s]                  from /home/j/colcon_ws/ORB_SLAM3/include/Tracking.h:26,
[35.230s]                  from /home/j/colcon_ws/ORB_SLAM3/include/System.h:31,
[35.230s]                  from /home/j/colcon_ws/src/orbslam3_ros2/src/rgbd/rgbd-slam-node.hpp:18,
[35.230s]                  from /home/j/colcon_ws/src/orbslam3_ros2/src/rgbd/rgbd-slam-node.cpp:1:
[35.230s] /usr/include/eigen3/Eigen/src/Core/util/Constants.h:167:37: note: declared here
[35.230s]   167 | EIGEN_DEPRECATED const unsigned int AlignedBit = 0x80;
[35.230s]       |                                     ^~~~~~~~~~
[35.230s] In file included from /home/j/colcon_ws/ORB_SLAM3/Thirdparty/g2o/g2o/types/types_six_dof_expmap.h:37,
[35.231s]                  from /home/j/colcon_ws/ORB_SLAM3/include/Converter.h:26,
[35.231s]                  from /home/j/colcon_ws/ORB_SLAM3/include/Frame.h:33,
[35.231s]                  from /home/j/colcon_ws/ORB_SLAM3/include/KeyFrame.h:28,
[35.231s]                  from /home/j/colcon_ws/ORB_SLAM3/include/MapPoint.h:23,
[35.231s]                  from /home/j/colcon_ws/ORB_SLAM3/include/FrameDrawer.h:24,
[35.231s]                  from /home/j/colcon_ws/ORB_SLAM3/include/Viewer.h:23,
[35.231s]                  from /home/j/colcon_ws/ORB_SLAM3/include/Tracking.h:26,
[35.231s]                  from /home/j/colcon_ws/ORB_SLAM3/include/System.h:31,
[35.231s]                  from /home/j/colcon_ws/src/orbslam3_ros2/src/rgbd/rgbd-slam-node.hpp:18,
[35.231s]                  from /home/j/colcon_ws/src/orbslam3_ros2/src/rgbd/rgbd.cpp:7:
[35.231s] /home/j/colcon_ws/ORB_SLAM3/Thirdparty/g2o/g2o/types/../core/base_vertex.h: In instantiation of ‘class g2o::BaseVertex<3, Eigen::Matrix<double, 3, 1> >’:
[35.231s] /home/j/colcon_ws/ORB_SLAM3/Thirdparty/g2o/g2o/types/types_sba.h:40:35:   required from here
[35.231s] /home/j/colcon_ws/ORB_SLAM3/Thirdparty/g2o/g2o/types/../core/base_vertex.h:62:72: warning: ‘Eigen::AlignedBit’ is deprecated [-Wdeprecated-declarations]
[35.232s]    62 |     typedef Eigen::Map<Matrix<double, D, D>, Matrix<double,D,D>::Flags & AlignedBit ? Aligned : Unaligned >  HessianBlockType;
[35.232s]       |                                                                  ~~~~~~^~~~~~~~~~~~
[35.232s] In file included from /usr/include/eigen3/Eigen/Core:161,
[35.232s]                  from /usr/include/eigen3/Eigen/LU:11,
[35.232s]                  from /home/j/colcon_ws/ORB_SLAM3/Thirdparty/Sophus/sophus/so2.hpp:12,
[35.232s]                  from /home/j/colcon_ws/ORB_SLAM3/Thirdparty/Sophus/sophus/se2.hpp:7,
[35.232s]                  from /home/j/colcon_ws/ORB_SLAM3/Thirdparty/Sophus/sophus/geometry.hpp:7,
[35.232s]                  from /home/j/colcon_ws/ORB_SLAM3/include/Frame.h:28,
[35.232s]                  from /home/j/colcon_ws/ORB_SLAM3/include/KeyFrame.h:28,
[35.232s]                  from /home/j/colcon_ws/ORB_SLAM3/include/MapPoint.h:23,
[35.232s]                  from /home/j/colcon_ws/ORB_SLAM3/include/FrameDrawer.h:24,
[35.232s]                  from /home/j/colcon_ws/ORB_SLAM3/include/Viewer.h:23,
[35.232s]                  from /home/j/colcon_ws/ORB_SLAM3/include/Tracking.h:26,
[35.233s]                  from /home/j/colcon_ws/ORB_SLAM3/include/System.h:31,
[35.233s]                  from /home/j/colcon_ws/src/orbslam3_ros2/src/rgbd/rgbd-slam-node.hpp:18,
[35.233s]                  from /home/j/colcon_ws/src/orbslam3_ros2/src/rgbd/rgbd.cpp:7:
[35.233s] /usr/include/eigen3/Eigen/src/Core/util/Constants.h:167:37: note: declared here
[35.233s]   167 | EIGEN_DEPRECATED const unsigned int AlignedBit = 0x80;
[35.233s]       |                                     ^~~~~~~~~~
[35.238s] In file included from /home/j/colcon_ws/ORB_SLAM3/Thirdparty/g2o/g2o/types/types_six_dof_expmap.h:37,
[35.238s]                  from /home/j/colcon_ws/ORB_SLAM3/include/Converter.h:26,
[35.238s]                  from /home/j/colcon_ws/ORB_SLAM3/include/Frame.h:33,
[35.238s]                  from /home/j/colcon_ws/ORB_SLAM3/include/KeyFrame.h:28,
[35.238s]                  from /home/j/colcon_ws/ORB_SLAM3/include/MapPoint.h:23,
[35.239s]                  from /home/j/colcon_ws/ORB_SLAM3/include/FrameDrawer.h:24,
[35.239s]                  from /home/j/colcon_ws/ORB_SLAM3/include/Viewer.h:23,
[35.239s]                  from /home/j/colcon_ws/ORB_SLAM3/include/Tracking.h:26,
[35.239s]                  from /home/j/colcon_ws/ORB_SLAM3/include/System.h:31,
[35.239s]                  from /home/j/colcon_ws/src/orbslam3_ros2/src/stereo-inertial/stereo-inertial-node.hpp:10,
[35.239s]                  from /home/j/colcon_ws/src/orbslam3_ros2/src/stereo-inertial/stereo-inertial.cpp:7:
[35.239s] /home/j/colcon_ws/ORB_SLAM3/Thirdparty/g2o/g2o/types/../core/base_vertex.h: In instantiation of ‘class g2o::BaseVertex<3, Eigen::Matrix<double, 3, 1> >’:
[35.239s] /home/j/colcon_ws/ORB_SLAM3/Thirdparty/g2o/g2o/types/types_sba.h:40:35:   required from here
[35.239s] /home/j/colcon_ws/ORB_SLAM3/Thirdparty/g2o/g2o/types/../core/base_vertex.h:62:72: warning: ‘Eigen::AlignedBit’ is deprecated [-Wdeprecated-declarations]
[35.239s]    62 |     typedef Eigen::Map<Matrix<double, D, D>, Matrix<double,D,D>::Flags & AlignedBit ? Aligned : Unaligned >  HessianBlockType;
[35.239s]       |                                                                  ~~~~~~^~~~~~~~~~~~
[35.239s] In file included from /usr/include/eigen3/Eigen/Core:161,
[35.239s]                  from /usr/include/eigen3/Eigen/LU:11,
[35.240s]                  from /home/j/colcon_ws/ORB_SLAM3/Thirdparty/Sophus/sophus/so2.hpp:12,
[35.240s]                  from /home/j/colcon_ws/ORB_SLAM3/Thirdparty/Sophus/sophus/se2.hpp:7,
[35.240s]                  from /home/j/colcon_ws/ORB_SLAM3/Thirdparty/Sophus/sophus/geometry.hpp:7,
[35.240s]                  from /home/j/colcon_ws/ORB_SLAM3/include/Frame.h:28,
[35.240s]                  from /home/j/colcon_ws/ORB_SLAM3/include/KeyFrame.h:28,
[35.240s]                  from /home/j/colcon_ws/ORB_SLAM3/include/MapPoint.h:23,
[35.240s]                  from /home/j/colcon_ws/ORB_SLAM3/include/FrameDrawer.h:24,
[35.240s]                  from /home/j/colcon_ws/ORB_SLAM3/include/Viewer.h:23,
[35.240s]                  from /home/j/colcon_ws/ORB_SLAM3/include/Tracking.h:26,
[35.241s]                  from /home/j/colcon_ws/ORB_SLAM3/include/System.h:31,
[35.241s]                  from /home/j/colcon_ws/src/orbslam3_ros2/src/stereo-inertial/stereo-inertial-node.hpp:10,
[35.241s]                  from /home/j/colcon_ws/src/orbslam3_ros2/src/stereo-inertial/stereo-inertial.cpp:7:
[35.241s] /usr/include/eigen3/Eigen/src/Core/util/Constants.h:167:37: note: declared here
[35.241s]   167 | EIGEN_DEPRECATED const unsigned int AlignedBit = 0x80;
[35.241s]       |                                     ^~~~~~~~~~
[35.241s] In file included from /home/j/colcon_ws/ORB_SLAM3/Thirdparty/g2o/g2o/types/types_six_dof_expmap.h:37,
[35.241s]                  from /home/j/colcon_ws/ORB_SLAM3/include/Converter.h:26,
[35.241s]                  from /home/j/colcon_ws/ORB_SLAM3/include/Frame.h:33,
[35.241s]                  from /home/j/colcon_ws/ORB_SLAM3/include/KeyFrame.h:28,
[35.241s]                  from /home/j/colcon_ws/ORB_SLAM3/include/MapPoint.h:23,
[35.241s]                  from /home/j/colcon_ws/ORB_SLAM3/include/FrameDrawer.h:24,
[35.242s]                  from /home/j/colcon_ws/ORB_SLAM3/include/Viewer.h:23,
[35.242s]                  from /home/j/colcon_ws/ORB_SLAM3/include/Tracking.h:26,
[35.242s]                  from /home/j/colcon_ws/ORB_SLAM3/include/System.h:31,
[35.242s]                  from /home/j/colcon_ws/src/orbslam3_ros2/src/monocular/monocular-slam-node.hpp:9,
[35.242s]                  from /home/j/colcon_ws/src/orbslam3_ros2/src/monocular/monocular-slam-node.cpp:1:
[35.242s] /home/j/colcon_ws/ORB_SLAM3/Thirdparty/g2o/g2o/types/../core/base_vertex.h: In instantiation of ‘class g2o::BaseVertex<6, g2o::SE3Quat>’:
[35.242s] /home/j/colcon_ws/ORB_SLAM3/Thirdparty/g2o/g2o/types/types_six_dof_expmap.h:59:33:   required from here
[35.242s] /home/j/colcon_ws/ORB_SLAM3/Thirdparty/g2o/g2o/types/../core/base_vertex.h:62:72: warning: ‘Eigen::AlignedBit’ is deprecated [-Wdeprecated-declarations]
[35.242s]    62 |     typedef Eigen::Map<Matrix<double, D, D>, Matrix<double,D,D>::Flags & AlignedBit ? Aligned : Unaligned >  HessianBlockType;
[35.242s]       |                                                                  ~~~~~~^~~~~~~~~~~~
[35.242s] In file included from /usr/include/eigen3/Eigen/Core:161,
[35.242s]                  from /usr/include/eigen3/Eigen/LU:11,
[35.242s]                  from /home/j/colcon_ws/ORB_SLAM3/Thirdparty/Sophus/sophus/so2.hpp:12,
[35.243s]                  from /home/j/colcon_ws/ORB_SLAM3/Thirdparty/Sophus/sophus/se2.hpp:7,
[35.243s]                  from /home/j/colcon_ws/ORB_SLAM3/Thirdparty/Sophus/sophus/geometry.hpp:7,
[35.243s]                  from /home/j/colcon_ws/ORB_SLAM3/include/Frame.h:28,
[35.243s]                  from /home/j/colcon_ws/ORB_SLAM3/include/KeyFrame.h:28,
[35.243s]                  from /home/j/colcon_ws/ORB_SLAM3/include/MapPoint.h:23,
[35.243s]                  from /home/j/colcon_ws/ORB_SLAM3/include/FrameDrawer.h:24,
[35.243s]                  from /home/j/colcon_ws/ORB_SLAM3/include/Viewer.h:23,
[35.243s]                  from /home/j/colcon_ws/ORB_SLAM3/include/Tracking.h:26,
[35.243s]                  from /home/j/colcon_ws/ORB_SLAM3/include/System.h:31,
[35.243s]                  from /home/j/colcon_ws/src/orbslam3_ros2/src/monocular/monocular-slam-node.hpp:9,
[35.243s]                  from /home/j/colcon_ws/src/orbslam3_ros2/src/monocular/monocular-slam-node.cpp:1:
[35.243s] /usr/include/eigen3/Eigen/src/Core/util/Constants.h:167:37: note: declared here
[35.244s]   167 | EIGEN_DEPRECATED const unsigned int AlignedBit = 0x80;
[35.244s]       |                                     ^~~~~~~~~~
[35.257s] In file included from /home/j/colcon_ws/ORB_SLAM3/Thirdparty/g2o/g2o/types/types_six_dof_expmap.h:37,
[35.257s]                  from /home/j/colcon_ws/ORB_SLAM3/include/Converter.h:26,
[35.257s]                  from /home/j/colcon_ws/ORB_SLAM3/include/Frame.h:33,
[35.258s]                  from /home/j/colcon_ws/ORB_SLAM3/include/KeyFrame.h:28,
[35.258s]                  from /home/j/colcon_ws/ORB_SLAM3/include/MapPoint.h:23,
[35.258s]                  from /home/j/colcon_ws/ORB_SLAM3/include/FrameDrawer.h:24,
[35.258s]                  from /home/j/colcon_ws/ORB_SLAM3/include/Viewer.h:23,
[35.258s]                  from /home/j/colcon_ws/ORB_SLAM3/include/Tracking.h:26,
[35.258s]                  from /home/j/colcon_ws/ORB_SLAM3/include/System.h:31,
[35.258s]                  from /home/j/colcon_ws/src/orbslam3_ros2/src/rgbd/rgbd-slam-node.hpp:18,
[35.258s]                  from /home/j/colcon_ws/src/orbslam3_ros2/src/rgbd/rgbd-slam-node.cpp:1:
[35.258s] /home/j/colcon_ws/ORB_SLAM3/Thirdparty/g2o/g2o/types/../core/base_vertex.h: In instantiation of ‘class g2o::BaseVertex<6, g2o::SE3Quat>’:
[35.258s] /home/j/colcon_ws/ORB_SLAM3/Thirdparty/g2o/g2o/types/types_six_dof_expmap.h:59:33:   required from here
[35.258s] /home/j/colcon_ws/ORB_SLAM3/Thirdparty/g2o/g2o/types/../core/base_vertex.h:62:72: warning: ‘Eigen::AlignedBit’ is deprecated [-Wdeprecated-declarations]
[35.258s]    62 |     typedef Eigen::Map<Matrix<double, D, D>, Matrix<double,D,D>::Flags & AlignedBit ? Aligned : Unaligned >  HessianBlockType;
[35.259s]       |                                                                  ~~~~~~^~~~~~~~~~~~
[35.259s] In file included from /usr/include/eigen3/Eigen/Core:161,
[35.259s]                  from /usr/include/eigen3/Eigen/LU:11,
[35.259s]                  from /home/j/colcon_ws/ORB_SLAM3/Thirdparty/Sophus/sophus/so2.hpp:12,
[35.259s]                  from /home/j/colcon_ws/ORB_SLAM3/Thirdparty/Sophus/sophus/se2.hpp:7,
[35.259s]                  from /home/j/colcon_ws/ORB_SLAM3/Thirdparty/Sophus/sophus/geometry.hpp:7,
[35.259s]                  from /home/j/colcon_ws/ORB_SLAM3/include/Frame.h:28,
[35.259s]                  from /home/j/colcon_ws/ORB_SLAM3/include/KeyFrame.h:28,
[35.259s]                  from /home/j/colcon_ws/ORB_SLAM3/include/MapPoint.h:23,
[35.259s]                  from /home/j/colcon_ws/ORB_SLAM3/include/FrameDrawer.h:24,
[35.259s]                  from /home/j/colcon_ws/ORB_SLAM3/include/Viewer.h:23,
[35.259s]                  from /home/j/colcon_ws/ORB_SLAM3/include/Tracking.h:26,
[35.259s]                  from /home/j/colcon_ws/ORB_SLAM3/include/System.h:31,
[35.260s]                  from /home/j/colcon_ws/src/orbslam3_ros2/src/rgbd/rgbd-slam-node.hpp:18,
[35.260s]                  from /home/j/colcon_ws/src/orbslam3_ros2/src/rgbd/rgbd-slam-node.cpp:1:
[35.260s] /usr/include/eigen3/Eigen/src/Core/util/Constants.h:167:37: note: declared here
[35.260s]   167 | EIGEN_DEPRECATED const unsigned int AlignedBit = 0x80;
[35.260s]       |                                     ^~~~~~~~~~
[35.260s] In file included from /home/j/colcon_ws/ORB_SLAM3/Thirdparty/g2o/g2o/types/types_six_dof_expmap.h:37,
[35.260s]                  from /home/j/colcon_ws/ORB_SLAM3/include/Converter.h:26,
[35.260s]                  from /home/j/colcon_ws/ORB_SLAM3/include/Frame.h:33,
[35.260s]                  from /home/j/colcon_ws/ORB_SLAM3/include/KeyFrame.h:28,
[35.261s]                  from /home/j/colcon_ws/ORB_SLAM3/include/MapPoint.h:23,
[35.261s]                  from /home/j/colcon_ws/ORB_SLAM3/include/FrameDrawer.h:24,
[35.261s]                  from /home/j/colcon_ws/ORB_SLAM3/include/Viewer.h:23,
[35.261s]                  from /home/j/colcon_ws/ORB_SLAM3/include/Tracking.h:26,
[35.261s]                  from /home/j/colcon_ws/ORB_SLAM3/include/System.h:31,
[35.261s]                  from /home/j/colcon_ws/src/orbslam3_ros2/src/rgbd/rgbd-slam-node.hpp:18,
[35.261s]                  from /home/j/colcon_ws/src/orbslam3_ros2/src/rgbd/rgbd.cpp:7:
[35.261s] /home/j/colcon_ws/ORB_SLAM3/Thirdparty/g2o/g2o/types/../core/base_vertex.h: In instantiation of ‘class g2o::BaseVertex<6, g2o::SE3Quat>’:
[35.261s] /home/j/colcon_ws/ORB_SLAM3/Thirdparty/g2o/g2o/types/types_six_dof_expmap.h:59:33:   required from here
[35.261s] /home/j/colcon_ws/ORB_SLAM3/Thirdparty/g2o/g2o/types/../core/base_vertex.h:62:72: warning: ‘Eigen::AlignedBit’ is deprecated [-Wdeprecated-declarations]
[35.261s]    62 |     typedef Eigen::Map<Matrix<double, D, D>, Matrix<double,D,D>::Flags & AlignedBit ? Aligned : Unaligned >  HessianBlockType;
[35.261s]       |                                                                  ~~~~~~^~~~~~~~~~~~
[35.261s] In file included from /usr/include/eigen3/Eigen/Core:161,
[35.262s]                  from /usr/include/eigen3/Eigen/LU:11,
[35.262s]                  from /home/j/colcon_ws/ORB_SLAM3/Thirdparty/Sophus/sophus/so2.hpp:12,
[35.262s]                  from /home/j/colcon_ws/ORB_SLAM3/Thirdparty/Sophus/sophus/se2.hpp:7,
[35.262s]                  from /home/j/colcon_ws/ORB_SLAM3/Thirdparty/Sophus/sophus/geometry.hpp:7,
[35.262s]                  from /home/j/colcon_ws/ORB_SLAM3/include/Frame.h:28,
[35.262s]                  from /home/j/colcon_ws/ORB_SLAM3/include/KeyFrame.h:28,
[35.262s]                  from /home/j/colcon_ws/ORB_SLAM3/include/MapPoint.h:23,
[35.262s]                  from /home/j/colcon_ws/ORB_SLAM3/include/FrameDrawer.h:24,
[35.262s]                  from /home/j/colcon_ws/ORB_SLAM3/include/Viewer.h:23,
[35.262s]                  from /home/j/colcon_ws/ORB_SLAM3/include/Tracking.h:26,
[35.262s]                  from /home/j/colcon_ws/ORB_SLAM3/include/System.h:31,
[35.262s]                  from /home/j/colcon_ws/src/orbslam3_ros2/src/rgbd/rgbd-slam-node.hpp:18,
[35.262s]                  from /home/j/colcon_ws/src/orbslam3_ros2/src/rgbd/rgbd.cpp:7:
[35.263s] /usr/include/eigen3/Eigen/src/Core/util/Constants.h:167:37: note: declared here
[35.263s]   167 | EIGEN_DEPRECATED const unsigned int AlignedBit = 0x80;
[35.263s]       |                                     ^~~~~~~~~~
[35.268s] In file included from /home/j/colcon_ws/ORB_SLAM3/Thirdparty/g2o/g2o/types/types_six_dof_expmap.h:37,
[35.268s]                  from /home/j/colcon_ws/ORB_SLAM3/include/Converter.h:26,
[35.268s]                  from /home/j/colcon_ws/ORB_SLAM3/include/Frame.h:33,
[35.268s]                  from /home/j/colcon_ws/ORB_SLAM3/include/KeyFrame.h:28,
[35.269s]                  from /home/j/colcon_ws/ORB_SLAM3/include/MapPoint.h:23,
[35.269s]                  from /home/j/colcon_ws/ORB_SLAM3/include/FrameDrawer.h:24,
[35.269s]                  from /home/j/colcon_ws/ORB_SLAM3/include/Viewer.h:23,
[35.269s]                  from /home/j/colcon_ws/ORB_SLAM3/include/Tracking.h:26,
[35.269s]                  from /home/j/colcon_ws/ORB_SLAM3/include/System.h:31,
[35.269s]                  from /home/j/colcon_ws/src/orbslam3_ros2/src/stereo-inertial/stereo-inertial-node.hpp:10,
[35.269s]                  from /home/j/colcon_ws/src/orbslam3_ros2/src/stereo-inertial/stereo-inertial.cpp:7:
[35.269s] /home/j/colcon_ws/ORB_SLAM3/Thirdparty/g2o/g2o/types/../core/base_vertex.h: In instantiation of ‘class g2o::BaseVertex<6, g2o::SE3Quat>’:
[35.270s] /home/j/colcon_ws/ORB_SLAM3/Thirdparty/g2o/g2o/types/types_six_dof_expmap.h:59:33:   required from here
[35.270s] /home/j/colcon_ws/ORB_SLAM3/Thirdparty/g2o/g2o/types/../core/base_vertex.h:62:72: warning: ‘Eigen::AlignedBit’ is deprecated [-Wdeprecated-declarations]
[35.270s]    62 |     typedef Eigen::Map<Matrix<double, D, D>, Matrix<double,D,D>::Flags & AlignedBit ? Aligned : Unaligned >  HessianBlockType;
[35.270s]       |                                                                  ~~~~~~^~~~~~~~~~~~
[35.270s] In file included from /usr/include/eigen3/Eigen/Core:161,
[35.270s]                  from /usr/include/eigen3/Eigen/LU:11,
[35.270s]                  from /home/j/colcon_ws/ORB_SLAM3/Thirdparty/Sophus/sophus/so2.hpp:12,
[35.270s]                  from /home/j/colcon_ws/ORB_SLAM3/Thirdparty/Sophus/sophus/se2.hpp:7,
[35.270s]                  from /home/j/colcon_ws/ORB_SLAM3/Thirdparty/Sophus/sophus/geometry.hpp:7,
[35.270s]                  from /home/j/colcon_ws/ORB_SLAM3/include/Frame.h:28,
[35.271s]                  from /home/j/colcon_ws/ORB_SLAM3/include/KeyFrame.h:28,
[35.271s]                  from /home/j/colcon_ws/ORB_SLAM3/include/MapPoint.h:23,
[35.271s]                  from /home/j/colcon_ws/ORB_SLAM3/include/FrameDrawer.h:24,
[35.271s]                  from /home/j/colcon_ws/ORB_SLAM3/include/Viewer.h:23,
[35.271s]                  from /home/j/colcon_ws/ORB_SLAM3/include/Tracking.h:26,
[35.271s]                  from /home/j/colcon_ws/ORB_SLAM3/include/System.h:31,
[35.271s]                  from /home/j/colcon_ws/src/orbslam3_ros2/src/stereo-inertial/stereo-inertial-node.hpp:10,
[35.271s]                  from /home/j/colcon_ws/src/orbslam3_ros2/src/stereo-inertial/stereo-inertial.cpp:7:
[35.271s] /usr/include/eigen3/Eigen/src/Core/util/Constants.h:167:37: note: declared here
[35.271s]   167 | EIGEN_DEPRECATED const unsigned int AlignedBit = 0x80;
[35.271s]       |                                     ^~~~~~~~~~
[35.271s] In file included from /home/j/colcon_ws/ORB_SLAM3/Thirdparty/g2o/g2o/types/types_six_dof_expmap.h:37,
[35.272s]                  from /home/j/colcon_ws/ORB_SLAM3/include/Converter.h:26,
[35.272s]                  from /home/j/colcon_ws/ORB_SLAM3/include/Frame.h:33,
[35.272s]                  from /home/j/colcon_ws/ORB_SLAM3/include/KeyFrame.h:28,
[35.272s]                  from /home/j/colcon_ws/ORB_SLAM3/include/MapPoint.h:23,
[35.272s]                  from /home/j/colcon_ws/ORB_SLAM3/include/FrameDrawer.h:24,
[35.273s]                  from /home/j/colcon_ws/ORB_SLAM3/include/Viewer.h:23,
[35.273s]                  from /home/j/colcon_ws/ORB_SLAM3/include/Tracking.h:26,
[35.273s]                  from /home/j/colcon_ws/ORB_SLAM3/include/System.h:31,
[35.273s]                  from /home/j/colcon_ws/src/orbslam3_ros2/src/stereo/stereo-slam-node.hpp:13,
[35.273s]                  from /home/j/colcon_ws/src/orbslam3_ros2/src/stereo/stereo-slam-node.cpp:1:
[35.273s] /home/j/colcon_ws/ORB_SLAM3/Thirdparty/g2o/g2o/types/../core/base_vertex.h: In instantiation of ‘class g2o::BaseVertex<3, Eigen::Matrix<double, 3, 1> >’:
[35.273s] /home/j/colcon_ws/ORB_SLAM3/Thirdparty/g2o/g2o/types/types_sba.h:40:35:   required from here
[35.273s] /home/j/colcon_ws/ORB_SLAM3/Thirdparty/g2o/g2o/types/../core/base_vertex.h:62:72: warning: ‘Eigen::AlignedBit’ is deprecated [-Wdeprecated-declarations]
[35.273s]    62 |     typedef Eigen::Map<Matrix<double, D, D>, Matrix<double,D,D>::Flags & AlignedBit ? Aligned : Unaligned >  HessianBlockType;
[35.273s]       |                                                                  ~~~~~~^~~~~~~~~~~~
[35.273s] In file included from /usr/include/eigen3/Eigen/Core:161,
[35.274s]                  from /usr/include/eigen3/Eigen/LU:11,
[35.274s]                  from /home/j/colcon_ws/ORB_SLAM3/Thirdparty/Sophus/sophus/so2.hpp:12,
[35.274s]                  from /home/j/colcon_ws/ORB_SLAM3/Thirdparty/Sophus/sophus/se2.hpp:7,
[35.274s]                  from /home/j/colcon_ws/ORB_SLAM3/Thirdparty/Sophus/sophus/geometry.hpp:7,
[35.274s]                  from /home/j/colcon_ws/ORB_SLAM3/include/Frame.h:28,
[35.274s]                  from /home/j/colcon_ws/ORB_SLAM3/include/KeyFrame.h:28,
[35.274s]                  from /home/j/colcon_ws/ORB_SLAM3/include/MapPoint.h:23,
[35.274s]                  from /home/j/colcon_ws/ORB_SLAM3/include/FrameDrawer.h:24,
[35.274s]                  from /home/j/colcon_ws/ORB_SLAM3/include/Viewer.h:23,
[35.274s]                  from /home/j/colcon_ws/ORB_SLAM3/include/Tracking.h:26,
[35.274s]                  from /home/j/colcon_ws/ORB_SLAM3/include/System.h:31,
[35.274s]                  from /home/j/colcon_ws/src/orbslam3_ros2/src/stereo/stereo-slam-node.hpp:13,
[35.275s]                  from /home/j/colcon_ws/src/orbslam3_ros2/src/stereo/stereo-slam-node.cpp:1:
[35.275s] /usr/include/eigen3/Eigen/src/Core/util/Constants.h:167:37: note: declared here
[35.275s]   167 | EIGEN_DEPRECATED const unsigned int AlignedBit = 0x80;
[35.275s]       |                                     ^~~~~~~~~~
[35.275s] In file included from /home/j/colcon_ws/ORB_SLAM3/Thirdparty/g2o/g2o/types/types_six_dof_expmap.h:38,
[35.275s]                  from /home/j/colcon_ws/ORB_SLAM3/include/Converter.h:26,
[35.275s]                  from /home/j/colcon_ws/ORB_SLAM3/include/Frame.h:33,
[35.275s]                  from /home/j/colcon_ws/ORB_SLAM3/include/KeyFrame.h:28,
[35.275s]                  from /home/j/colcon_ws/ORB_SLAM3/include/MapPoint.h:23,
[35.275s]                  from /home/j/colcon_ws/ORB_SLAM3/include/FrameDrawer.h:24,
[35.275s]                  from /home/j/colcon_ws/ORB_SLAM3/include/Viewer.h:23,
[35.275s]                  from /home/j/colcon_ws/ORB_SLAM3/include/Tracking.h:26,
[35.276s]                  from /home/j/colcon_ws/ORB_SLAM3/include/System.h:31,
[35.276s]                  from /home/j/colcon_ws/src/orbslam3_ros2/src/monocular/monocular-slam-node.hpp:9,
[35.276s]                  from /home/j/colcon_ws/src/orbslam3_ros2/src/monocular/monocular-slam-node.cpp:1:
[35.276s] /home/j/colcon_ws/ORB_SLAM3/Thirdparty/g2o/g2o/types/../core/base_binary_edge.h: In instantiation of ‘class g2o::BaseBinaryEdge<6, g2o::SE3Quat, g2o::VertexSE3Expmap, g2o::VertexSE3Expmap>’:
[35.276s] /home/j/colcon_ws/ORB_SLAM3/Thirdparty/g2o/g2o/types/types_six_dof_expmap.h:83:24:   required from here
[35.276s] /home/j/colcon_ws/ORB_SLAM3/Thirdparty/g2o/g2o/types/../core/base_binary_edge.h:59:80: warning: ‘Eigen::AlignedBit’ is deprecated [-Wdeprecated-declarations]
[35.276s]    59 |       typedef Eigen::Map<Matrix<double, Di, Dj>, Matrix<double, Di, Dj>::Flags & AlignedBit ? Aligned : Unaligned > HessianBlockType;
[35.276s]       |                                                                          ~~~~~~^~~~~~~~~~~~
[35.276s] In file included from /usr/include/eigen3/Eigen/Core:161,
[35.276s]                  from /usr/include/eigen3/Eigen/LU:11,
[35.276s]                  from /home/j/colcon_ws/ORB_SLAM3/Thirdparty/Sophus/sophus/so2.hpp:12,
[35.277s]                  from /home/j/colcon_ws/ORB_SLAM3/Thirdparty/Sophus/sophus/se2.hpp:7,
[35.277s]                  from /home/j/colcon_ws/ORB_SLAM3/Thirdparty/Sophus/sophus/geometry.hpp:7,
[35.277s]                  from /home/j/colcon_ws/ORB_SLAM3/include/Frame.h:28,
[35.277s]                  from /home/j/colcon_ws/ORB_SLAM3/include/KeyFrame.h:28,
[35.277s]                  from /home/j/colcon_ws/ORB_SLAM3/include/MapPoint.h:23,
[35.277s]                  from /home/j/colcon_ws/ORB_SLAM3/include/FrameDrawer.h:24,
[35.277s]                  from /home/j/colcon_ws/ORB_SLAM3/include/Viewer.h:23,
[35.277s]                  from /home/j/colcon_ws/ORB_SLAM3/include/Tracking.h:26,
[35.277s]                  from /home/j/colcon_ws/ORB_SLAM3/include/System.h:31,
[35.277s]                  from /home/j/colcon_ws/src/orbslam3_ros2/src/monocular/monocular-slam-node.hpp:9,
[35.277s]                  from /home/j/colcon_ws/src/orbslam3_ros2/src/monocular/monocular-slam-node.cpp:1:
[35.277s] /usr/include/eigen3/Eigen/src/Core/util/Constants.h:167:37: note: declared here
[35.278s]   167 | EIGEN_DEPRECATED const unsigned int AlignedBit = 0x80;
[35.278s]       |                                     ^~~~~~~~~~
[35.278s] In file included from /home/j/colcon_ws/ORB_SLAM3/Thirdparty/g2o/g2o/types/types_six_dof_expmap.h:38,
[35.278s]                  from /home/j/colcon_ws/ORB_SLAM3/include/Converter.h:26,
[35.278s]                  from /home/j/colcon_ws/ORB_SLAM3/include/Frame.h:33,
[35.278s]                  from /home/j/colcon_ws/ORB_SLAM3/include/KeyFrame.h:28,
[35.278s]                  from /home/j/colcon_ws/ORB_SLAM3/include/MapPoint.h:23,
[35.278s]                  from /home/j/colcon_ws/ORB_SLAM3/include/FrameDrawer.h:24,
[35.278s]                  from /home/j/colcon_ws/ORB_SLAM3/include/Viewer.h:23,
[35.278s]                  from /home/j/colcon_ws/ORB_SLAM3/include/Tracking.h:26,
[35.278s]                  from /home/j/colcon_ws/ORB_SLAM3/include/System.h:31,
[35.279s]                  from /home/j/colcon_ws/src/orbslam3_ros2/src/monocular/monocular-slam-node.hpp:9,
[35.279s]                  from /home/j/colcon_ws/src/orbslam3_ros2/src/monocular/monocular-slam-node.cpp:1:
[35.279s] /home/j/colcon_ws/ORB_SLAM3/Thirdparty/g2o/g2o/types/../core/base_binary_edge.h:60:80: warning: ‘Eigen::AlignedBit’ is deprecated [-Wdeprecated-declarations]
[35.279s]    60 |       typedef Eigen::Map<Matrix<double, Dj, Di>, Matrix<double, Dj, Di>::Flags & AlignedBit ? Aligned : Unaligned > HessianBlockTransposedType;
[35.279s]       |                                                                          ~~~~~~^~~~~~~~~~~~
[35.279s] In file included from /usr/include/eigen3/Eigen/Core:161,
[35.279s]                  from /usr/include/eigen3/Eigen/LU:11,
[35.279s]                  from /home/j/colcon_ws/ORB_SLAM3/Thirdparty/Sophus/sophus/so2.hpp:12,
[35.279s]                  from /home/j/colcon_ws/ORB_SLAM3/Thirdparty/Sophus/sophus/se2.hpp:7,
[35.279s]                  from /home/j/colcon_ws/ORB_SLAM3/Thirdparty/Sophus/sophus/geometry.hpp:7,
[35.279s]                  from /home/j/colcon_ws/ORB_SLAM3/include/Frame.h:28,
[35.279s]                  from /home/j/colcon_ws/ORB_SLAM3/include/KeyFrame.h:28,
[35.280s]                  from /home/j/colcon_ws/ORB_SLAM3/include/MapPoint.h:23,
[35.280s]                  from /home/j/colcon_ws/ORB_SLAM3/include/FrameDrawer.h:24,
[35.280s]                  from /home/j/colcon_ws/ORB_SLAM3/include/Viewer.h:23,
[35.280s]                  from /home/j/colcon_ws/ORB_SLAM3/include/Tracking.h:26,
[35.280s]                  from /home/j/colcon_ws/ORB_SLAM3/include/System.h:31,
[35.280s]                  from /home/j/colcon_ws/src/orbslam3_ros2/src/monocular/monocular-slam-node.hpp:9,
[35.280s]                  from /home/j/colcon_ws/src/orbslam3_ros2/src/monocular/monocular-slam-node.cpp:1:
[35.280s] /usr/include/eigen3/Eigen/src/Core/util/Constants.h:167:37: note: declared here
[35.280s]   167 | EIGEN_DEPRECATED const unsigned int AlignedBit = 0x80;
[35.280s]       |                                     ^~~~~~~~~~
[35.289s] In file included from /home/j/colcon_ws/ORB_SLAM3/Thirdparty/g2o/g2o/types/types_six_dof_expmap.h:38,
[35.289s]                  from /home/j/colcon_ws/ORB_SLAM3/include/Converter.h:26,
[35.289s]                  from /home/j/colcon_ws/ORB_SLAM3/include/Frame.h:33,
[35.290s]                  from /home/j/colcon_ws/ORB_SLAM3/include/KeyFrame.h:28,
[35.290s]                  from /home/j/colcon_ws/ORB_SLAM3/include/MapPoint.h:23,
[35.290s]                  from /home/j/colcon_ws/ORB_SLAM3/include/FrameDrawer.h:24,
[35.290s]                  from /home/j/colcon_ws/ORB_SLAM3/include/Viewer.h:23,
[35.290s]                  from /home/j/colcon_ws/ORB_SLAM3/include/Tracking.h:26,
[35.290s]                  from /home/j/colcon_ws/ORB_SLAM3/include/System.h:31,
[35.290s]                  from /home/j/colcon_ws/src/orbslam3_ros2/src/rgbd/rgbd-slam-node.hpp:18,
[35.290s]                  from /home/j/colcon_ws/src/orbslam3_ros2/src/rgbd/rgbd-slam-node.cpp:1:
[35.290s] /home/j/colcon_ws/ORB_SLAM3/Thirdparty/g2o/g2o/types/../core/base_binary_edge.h: In instantiation of ‘class g2o::BaseBinaryEdge<6, g2o::SE3Quat, g2o::VertexSE3Expmap, g2o::VertexSE3Expmap>’:
[35.290s] /home/j/colcon_ws/ORB_SLAM3/Thirdparty/g2o/g2o/types/types_six_dof_expmap.h:83:24:   required from here
[35.290s] /home/j/colcon_ws/ORB_SLAM3/Thirdparty/g2o/g2o/types/../core/base_binary_edge.h:59:80: warning: ‘Eigen::AlignedBit’ is deprecated [-Wdeprecated-declarations]
[35.291s]    59 |       typedef Eigen::Map<Matrix<double, Di, Dj>, Matrix<double, Di, Dj>::Flags & AlignedBit ? Aligned : Unaligned > HessianBlockType;
[35.291s]       |                                                                          ~~~~~~^~~~~~~~~~~~
[35.291s] In file included from /usr/include/eigen3/Eigen/Core:161,
[35.291s]                  from /usr/include/eigen3/Eigen/LU:11,
[35.291s]                  from /home/j/colcon_ws/ORB_SLAM3/Thirdparty/Sophus/sophus/so2.hpp:12,
[35.291s]                  from /home/j/colcon_ws/ORB_SLAM3/Thirdparty/Sophus/sophus/se2.hpp:7,
[35.291s]                  from /home/j/colcon_ws/ORB_SLAM3/Thirdparty/Sophus/sophus/geometry.hpp:7,
[35.291s]                  from /home/j/colcon_ws/ORB_SLAM3/include/Frame.h:28,
[35.291s]                  from /home/j/colcon_ws/ORB_SLAM3/include/KeyFrame.h:28,
[35.291s]                  from /home/j/colcon_ws/ORB_SLAM3/include/MapPoint.h:23,
[35.291s]                  from /home/j/colcon_ws/ORB_SLAM3/include/FrameDrawer.h:24,
[35.291s]                  from /home/j/colcon_ws/ORB_SLAM3/include/Viewer.h:23,
[35.292s]                  from /home/j/colcon_ws/ORB_SLAM3/include/Tracking.h:26,
[35.292s]                  from /home/j/colcon_ws/ORB_SLAM3/include/System.h:31,
[35.292s]                  from /home/j/colcon_ws/src/orbslam3_ros2/src/rgbd/rgbd-slam-node.hpp:18,
[35.292s]                  from /home/j/colcon_ws/src/orbslam3_ros2/src/rgbd/rgbd-slam-node.cpp:1:
[35.292s] /usr/include/eigen3/Eigen/src/Core/util/Constants.h:167:37: note: declared here
[35.292s]   167 | EIGEN_DEPRECATED const unsigned int AlignedBit = 0x80;
[35.292s]       |                                     ^~~~~~~~~~
[35.293s] In file included from /home/j/colcon_ws/ORB_SLAM3/Thirdparty/g2o/g2o/types/types_six_dof_expmap.h:38,
[35.293s]                  from /home/j/colcon_ws/ORB_SLAM3/include/Converter.h:26,
[35.293s]                  from /home/j/colcon_ws/ORB_SLAM3/include/Frame.h:33,
[35.293s]                  from /home/j/colcon_ws/ORB_SLAM3/include/KeyFrame.h:28,
[35.293s]                  from /home/j/colcon_ws/ORB_SLAM3/include/MapPoint.h:23,
[35.293s]                  from /home/j/colcon_ws/ORB_SLAM3/include/FrameDrawer.h:24,
[35.293s]                  from /home/j/colcon_ws/ORB_SLAM3/include/Viewer.h:23,
[35.294s]                  from /home/j/colcon_ws/ORB_SLAM3/include/Tracking.h:26,
[35.294s]                  from /home/j/colcon_ws/ORB_SLAM3/include/System.h:31,
[35.294s]                  from /home/j/colcon_ws/src/orbslam3_ros2/src/rgbd/rgbd-slam-node.hpp:18,
[35.294s]                  from /home/j/colcon_ws/src/orbslam3_ros2/src/rgbd/rgbd-slam-node.cpp:1:
[35.294s] /home/j/colcon_ws/ORB_SLAM3/Thirdparty/g2o/g2o/types/../core/base_binary_edge.h:60:80: warning: ‘Eigen::AlignedBit’ is deprecated [-Wdeprecated-declarations]
[35.294s]    60 |       typedef Eigen::Map<Matrix<double, Dj, Di>, Matrix<double, Dj, Di>::Flags & AlignedBit ? Aligned : Unaligned > HessianBlockTransposedType;
[35.294s]       |                                                                          ~~~~~~^~~~~~~~~~~~
[35.294s] In file included from /usr/include/eigen3/Eigen/Core:161,
[35.294s]                  from /usr/include/eigen3/Eigen/LU:11,
[35.294s]                  from /home/j/colcon_ws/ORB_SLAM3/Thirdparty/Sophus/sophus/so2.hpp:12,
[35.294s]                  from /home/j/colcon_ws/ORB_SLAM3/Thirdparty/Sophus/sophus/se2.hpp:7,
[35.294s]                  from /home/j/colcon_ws/ORB_SLAM3/Thirdparty/Sophus/sophus/geometry.hpp:7,
[35.295s]                  from /home/j/colcon_ws/ORB_SLAM3/include/Frame.h:28,
[35.295s]                  from /home/j/colcon_ws/ORB_SLAM3/include/KeyFrame.h:28,
[35.295s]                  from /home/j/colcon_ws/ORB_SLAM3/include/MapPoint.h:23,
[35.295s]                  from /home/j/colcon_ws/ORB_SLAM3/include/FrameDrawer.h:24,
[35.295s]                  from /home/j/colcon_ws/ORB_SLAM3/include/Viewer.h:23,
[35.295s]                  from /home/j/colcon_ws/ORB_SLAM3/include/Tracking.h:26,
[35.295s]                  from /home/j/colcon_ws/ORB_SLAM3/include/System.h:31,
[35.295s]                  from /home/j/colcon_ws/src/orbslam3_ros2/src/rgbd/rgbd-slam-node.hpp:18,
[35.295s]                  from /home/j/colcon_ws/src/orbslam3_ros2/src/rgbd/rgbd-slam-node.cpp:1:
[35.295s] /usr/include/eigen3/Eigen/src/Core/util/Constants.h:167:37: note: declared here
[35.295s]   167 | EIGEN_DEPRECATED const unsigned int AlignedBit = 0x80;
[35.295s]       |                                     ^~~~~~~~~~
[35.296s] In file included from /home/j/colcon_ws/ORB_SLAM3/Thirdparty/g2o/g2o/types/types_six_dof_expmap.h:38,
[35.296s]                  from /home/j/colcon_ws/ORB_SLAM3/include/Converter.h:26,
[35.296s]                  from /home/j/colcon_ws/ORB_SLAM3/include/Frame.h:33,
[35.296s]                  from /home/j/colcon_ws/ORB_SLAM3/include/KeyFrame.h:28,
[35.296s]                  from /home/j/colcon_ws/ORB_SLAM3/include/MapPoint.h:23,
[35.296s]                  from /home/j/colcon_ws/ORB_SLAM3/include/FrameDrawer.h:24,
[35.296s]                  from /home/j/colcon_ws/ORB_SLAM3/include/Viewer.h:23,
[35.296s]                  from /home/j/colcon_ws/ORB_SLAM3/include/Tracking.h:26,
[35.296s]                  from /home/j/colcon_ws/ORB_SLAM3/include/System.h:31,
[35.296s]                  from /home/j/colcon_ws/src/orbslam3_ros2/src/rgbd/rgbd-slam-node.hpp:18,
[35.296s]                  from /home/j/colcon_ws/src/orbslam3_ros2/src/rgbd/rgbd.cpp:7:
[35.296s] /home/j/colcon_ws/ORB_SLAM3/Thirdparty/g2o/g2o/types/../core/base_binary_edge.h: In instantiation of ‘class g2o::BaseBinaryEdge<6, g2o::SE3Quat, g2o::VertexSE3Expmap, g2o::VertexSE3Expmap>’:
[35.296s] /home/j/colcon_ws/ORB_SLAM3/Thirdparty/g2o/g2o/types/types_six_dof_expmap.h:83:24:   required from here
[35.297s] /home/j/colcon_ws/ORB_SLAM3/Thirdparty/g2o/g2o/types/../core/base_binary_edge.h:59:80: warning: ‘Eigen::AlignedBit’ is deprecated [-Wdeprecated-declarations]
[35.297s]    59 |       typedef Eigen::Map<Matrix<double, Di, Dj>, Matrix<double, Di, Dj>::Flags & AlignedBit ? Aligned : Unaligned > HessianBlockType;
[35.297s]       |                                                                          ~~~~~~^~~~~~~~~~~~
[35.297s] In file included from /usr/include/eigen3/Eigen/Core:161,
[35.297s]                  from /usr/include/eigen3/Eigen/LU:11,
[35.297s]                  from /home/j/colcon_ws/ORB_SLAM3/Thirdparty/Sophus/sophus/so2.hpp:12,
[35.297s]                  from /home/j/colcon_ws/ORB_SLAM3/Thirdparty/Sophus/sophus/se2.hpp:7,
[35.297s]                  from /home/j/colcon_ws/ORB_SLAM3/Thirdparty/Sophus/sophus/geometry.hpp:7,
[35.297s]                  from /home/j/colcon_ws/ORB_SLAM3/include/Frame.h:28,
[35.297s]                  from /home/j/colcon_ws/ORB_SLAM3/include/KeyFrame.h:28,
[35.297s]                  from /home/j/colcon_ws/ORB_SLAM3/include/MapPoint.h:23,
[35.297s]                  from /home/j/colcon_ws/ORB_SLAM3/include/FrameDrawer.h:24,
[35.298s]                  from /home/j/colcon_ws/ORB_SLAM3/include/Viewer.h:23,
[35.298s]                  from /home/j/colcon_ws/ORB_SLAM3/include/Tracking.h:26,
[35.298s]                  from /home/j/colcon_ws/ORB_SLAM3/include/System.h:31,
[35.298s]                  from /home/j/colcon_ws/src/orbslam3_ros2/src/rgbd/rgbd-slam-node.hpp:18,
[35.298s]                  from /home/j/colcon_ws/src/orbslam3_ros2/src/rgbd/rgbd.cpp:7:
[35.298s] /usr/include/eigen3/Eigen/src/Core/util/Constants.h:167:37: note: declared here
[35.298s]   167 | EIGEN_DEPRECATED const unsigned int AlignedBit = 0x80;
[35.298s]       |                                     ^~~~~~~~~~
[35.298s] In file included from /home/j/colcon_ws/ORB_SLAM3/Thirdparty/g2o/g2o/types/types_six_dof_expmap.h:38,
[35.298s]                  from /home/j/colcon_ws/ORB_SLAM3/include/Converter.h:26,
[35.298s]                  from /home/j/colcon_ws/ORB_SLAM3/include/Frame.h:33,
[35.298s]                  from /home/j/colcon_ws/ORB_SLAM3/include/KeyFrame.h:28,
[35.298s]                  from /home/j/colcon_ws/ORB_SLAM3/include/MapPoint.h:23,
[35.299s]                  from /home/j/colcon_ws/ORB_SLAM3/include/FrameDrawer.h:24,
[35.299s]                  from /home/j/colcon_ws/ORB_SLAM3/include/Viewer.h:23,
[35.299s]                  from /home/j/colcon_ws/ORB_SLAM3/include/Tracking.h:26,
[35.299s]                  from /home/j/colcon_ws/ORB_SLAM3/include/System.h:31,
[35.299s]                  from /home/j/colcon_ws/src/orbslam3_ros2/src/rgbd/rgbd-slam-node.hpp:18,
[35.299s]                  from /home/j/colcon_ws/src/orbslam3_ros2/src/rgbd/rgbd.cpp:7:
[35.299s] /home/j/colcon_ws/ORB_SLAM3/Thirdparty/g2o/g2o/types/../core/base_binary_edge.h:60:80: warning: ‘Eigen::AlignedBit’ is deprecated [-Wdeprecated-declarations]
[35.299s]    60 |       typedef Eigen::Map<Matrix<double, Dj, Di>, Matrix<double, Dj, Di>::Flags & AlignedBit ? Aligned : Unaligned > HessianBlockTransposedType;
[35.299s]       |                                                                          ~~~~~~^~~~~~~~~~~~
[35.300s] In file included from /usr/include/eigen3/Eigen/Core:161,
[35.300s]                  from /usr/include/eigen3/Eigen/LU:11,
[35.300s]                  from /home/j/colcon_ws/ORB_SLAM3/Thirdparty/Sophus/sophus/so2.hpp:12,
[35.300s]                  from /home/j/colcon_ws/ORB_SLAM3/Thirdparty/Sophus/sophus/se2.hpp:7,
[35.300s]                  from /home/j/colcon_ws/ORB_SLAM3/Thirdparty/Sophus/sophus/geometry.hpp:7,
[35.300s]                  from /home/j/colcon_ws/ORB_SLAM3/include/Frame.h:28,
[35.301s]                  from /home/j/colcon_ws/ORB_SLAM3/include/KeyFrame.h:28,
[35.301s]                  from /home/j/colcon_ws/ORB_SLAM3/include/MapPoint.h:23,
[35.301s]                  from /home/j/colcon_ws/ORB_SLAM3/include/FrameDrawer.h:24,
[35.301s]                  from /home/j/colcon_ws/ORB_SLAM3/include/Viewer.h:23,
[35.301s]                  from /home/j/colcon_ws/ORB_SLAM3/include/Tracking.h:26,
[35.301s]                  from /home/j/colcon_ws/ORB_SLAM3/include/System.h:31,
[35.301s]                  from /home/j/colcon_ws/src/orbslam3_ros2/src/rgbd/rgbd-slam-node.hpp:18,
[35.301s]                  from /home/j/colcon_ws/src/orbslam3_ros2/src/rgbd/rgbd.cpp:7:
[35.301s] /usr/include/eigen3/Eigen/src/Core/util/Constants.h:167:37: note: declared here
[35.301s]   167 | EIGEN_DEPRECATED const unsigned int AlignedBit = 0x80;
[35.301s]       |                                     ^~~~~~~~~~
[35.301s] In file included from /home/j/colcon_ws/ORB_SLAM3/Thirdparty/g2o/g2o/types/types_six_dof_expmap.h:37,
[35.302s]                  from /home/j/colcon_ws/ORB_SLAM3/include/Converter.h:26,
[35.302s]                  from /home/j/colcon_ws/ORB_SLAM3/include/Frame.h:33,
[35.302s]                  from /home/j/colcon_ws/ORB_SLAM3/include/KeyFrame.h:28,
[35.302s]                  from /home/j/colcon_ws/ORB_SLAM3/include/MapPoint.h:23,
[35.302s]                  from /home/j/colcon_ws/ORB_SLAM3/include/FrameDrawer.h:24,
[35.302s]                  from /home/j/colcon_ws/ORB_SLAM3/include/Viewer.h:23,
[35.302s]                  from /home/j/colcon_ws/ORB_SLAM3/include/Tracking.h:26,
[35.302s]                  from /home/j/colcon_ws/ORB_SLAM3/include/System.h:31,
[35.302s]                  from /home/j/colcon_ws/src/orbslam3_ros2/src/stereo-inertial/stereo-inertial-node.hpp:10,
[35.302s]                  from /home/j/colcon_ws/src/orbslam3_ros2/src/stereo-inertial/stereo-inertial-node.cpp:1:
[35.302s] /home/j/colcon_ws/ORB_SLAM3/Thirdparty/g2o/g2o/types/../core/base_vertex.h: In instantiation of ‘class g2o::BaseVertex<3, Eigen::Matrix<double, 3, 1> >’:
[35.302s] /home/j/colcon_ws/ORB_SLAM3/Thirdparty/g2o/g2o/types/types_sba.h:40:35:   required from here
[35.303s] /home/j/colcon_ws/ORB_SLAM3/Thirdparty/g2o/g2o/types/../core/base_vertex.h:62:72: warning: ‘Eigen::AlignedBit’ is deprecated [-Wdeprecated-declarations]
[35.303s]    62 |     typedef Eigen::Map<Matrix<double, D, D>, Matrix<double,D,D>::Flags & AlignedBit ? Aligned : Unaligned >  HessianBlockType;
[35.303s]       |                                                                  ~~~~~~^~~~~~~~~~~~
[35.303s] In file included from /usr/include/eigen3/Eigen/Core:161,
[35.303s]                  from /usr/include/eigen3/Eigen/LU:11,
[35.303s]                  from /home/j/colcon_ws/ORB_SLAM3/Thirdparty/Sophus/sophus/so2.hpp:12,
[35.303s]                  from /home/j/colcon_ws/ORB_SLAM3/Thirdparty/Sophus/sophus/se2.hpp:7,
[35.303s]                  from /home/j/colcon_ws/ORB_SLAM3/Thirdparty/Sophus/sophus/geometry.hpp:7,
[35.303s]                  from /home/j/colcon_ws/ORB_SLAM3/include/Frame.h:28,
[35.303s]                  from /home/j/colcon_ws/ORB_SLAM3/include/KeyFrame.h:28,
[35.303s]                  from /home/j/colcon_ws/ORB_SLAM3/include/MapPoint.h:23,
[35.303s]                  from /home/j/colcon_ws/ORB_SLAM3/include/FrameDrawer.h:24,
[35.303s]                  from /home/j/colcon_ws/ORB_SLAM3/include/Viewer.h:23,
[35.304s]                  from /home/j/colcon_ws/ORB_SLAM3/include/Tracking.h:26,
[35.304s]                  from /home/j/colcon_ws/ORB_SLAM3/include/System.h:31,
[35.304s]                  from /home/j/colcon_ws/src/orbslam3_ros2/src/stereo-inertial/stereo-inertial-node.hpp:10,
[35.304s]                  from /home/j/colcon_ws/src/orbslam3_ros2/src/stereo-inertial/stereo-inertial-node.cpp:1:
[35.304s] /usr/include/eigen3/Eigen/src/Core/util/Constants.h:167:37: note: declared here
[35.304s]   167 | EIGEN_DEPRECATED const unsigned int AlignedBit = 0x80;
[35.304s]       |                                     ^~~~~~~~~~
[35.304s] In file included from /home/j/colcon_ws/ORB_SLAM3/Thirdparty/g2o/g2o/types/types_six_dof_expmap.h:37,
[35.304s]                  from /home/j/colcon_ws/ORB_SLAM3/include/Converter.h:26,
[35.304s]                  from /home/j/colcon_ws/ORB_SLAM3/include/Frame.h:33,
[35.304s]                  from /home/j/colcon_ws/ORB_SLAM3/include/KeyFrame.h:28,
[35.304s]                  from /home/j/colcon_ws/ORB_SLAM3/include/MapPoint.h:23,
[35.304s]                  from /home/j/colcon_ws/ORB_SLAM3/include/FrameDrawer.h:24,
[35.305s]                  from /home/j/colcon_ws/ORB_SLAM3/include/Viewer.h:23,
[35.305s]                  from /home/j/colcon_ws/ORB_SLAM3/include/Tracking.h:26,
[35.305s]                  from /home/j/colcon_ws/ORB_SLAM3/include/System.h:31,
[35.305s]                  from /home/j/colcon_ws/src/orbslam3_ros2/src/stereo/stereo-slam-node.hpp:13,
[35.305s]                  from /home/j/colcon_ws/src/orbslam3_ros2/src/stereo/stereo-slam-node.cpp:1:
[35.305s] /home/j/colcon_ws/ORB_SLAM3/Thirdparty/g2o/g2o/types/../core/base_vertex.h: In instantiation of ‘class g2o::BaseVertex<6, g2o::SE3Quat>’:
[35.305s] /home/j/colcon_ws/ORB_SLAM3/Thirdparty/g2o/g2o/types/types_six_dof_expmap.h:59:33:   required from here
[35.305s] /home/j/colcon_ws/ORB_SLAM3/Thirdparty/g2o/g2o/types/../core/base_vertex.h:62:72: warning: ‘Eigen::AlignedBit’ is deprecated [-Wdeprecated-declarations]
[35.305s]    62 |     typedef Eigen::Map<Matrix<double, D, D>, Matrix<double,D,D>::Flags & AlignedBit ? Aligned : Unaligned >  HessianBlockType;
[35.305s]       |                                                                  ~~~~~~^~~~~~~~~~~~
[35.305s] In file included from /usr/include/eigen3/Eigen/Core:161,
[35.305s]                  from /usr/include/eigen3/Eigen/LU:11,
[35.306s]                  from /home/j/colcon_ws/ORB_SLAM3/Thirdparty/Sophus/sophus/so2.hpp:12,
[35.306s]                  from /home/j/colcon_ws/ORB_SLAM3/Thirdparty/Sophus/sophus/se2.hpp:7,
[35.306s]                  from /home/j/colcon_ws/ORB_SLAM3/Thirdparty/Sophus/sophus/geometry.hpp:7,
[35.306s]                  from /home/j/colcon_ws/ORB_SLAM3/include/Frame.h:28,
[35.306s]                  from /home/j/colcon_ws/ORB_SLAM3/include/KeyFrame.h:28,
[35.306s]                  from /home/j/colcon_ws/ORB_SLAM3/include/MapPoint.h:23,
[35.306s]                  from /home/j/colcon_ws/ORB_SLAM3/include/FrameDrawer.h:24,
[35.306s]                  from /home/j/colcon_ws/ORB_SLAM3/include/Viewer.h:23,
[35.306s]                  from /home/j/colcon_ws/ORB_SLAM3/include/Tracking.h:26,
[35.306s]                  from /home/j/colcon_ws/ORB_SLAM3/include/System.h:31,
[35.306s]                  from /home/j/colcon_ws/src/orbslam3_ros2/src/stereo/stereo-slam-node.hpp:13,
[35.306s]                  from /home/j/colcon_ws/src/orbslam3_ros2/src/stereo/stereo-slam-node.cpp:1:
[35.306s] /usr/include/eigen3/Eigen/src/Core/util/Constants.h:167:37: note: declared here
[35.307s]   167 | EIGEN_DEPRECATED const unsigned int AlignedBit = 0x80;
[35.307s]       |                                     ^~~~~~~~~~
[35.307s] In file included from /home/j/colcon_ws/ORB_SLAM3/Thirdparty/g2o/g2o/types/types_six_dof_expmap.h:38,
[35.307s]                  from /home/j/colcon_ws/ORB_SLAM3/include/Converter.h:26,
[35.307s]                  from /home/j/colcon_ws/ORB_SLAM3/include/Frame.h:33,
[35.307s]                  from /home/j/colcon_ws/ORB_SLAM3/include/KeyFrame.h:28,
[35.307s]                  from /home/j/colcon_ws/ORB_SLAM3/include/MapPoint.h:23,
[35.307s]                  from /home/j/colcon_ws/ORB_SLAM3/include/FrameDrawer.h:24,
[35.307s]                  from /home/j/colcon_ws/ORB_SLAM3/include/Viewer.h:23,
[35.307s]                  from /home/j/colcon_ws/ORB_SLAM3/include/Tracking.h:26,
[35.307s]                  from /home/j/colcon_ws/ORB_SLAM3/include/System.h:31,
[35.307s]                  from /home/j/colcon_ws/src/orbslam3_ros2/src/stereo-inertial/stereo-inertial-node.hpp:10,
[35.308s]                  from /home/j/colcon_ws/src/orbslam3_ros2/src/stereo-inertial/stereo-inertial.cpp:7:
[35.308s] /home/j/colcon_ws/ORB_SLAM3/Thirdparty/g2o/g2o/types/../core/base_binary_edge.h: In instantiation of ‘class g2o::BaseBinaryEdge<6, g2o::SE3Quat, g2o::VertexSE3Expmap, g2o::VertexSE3Expmap>’:
[35.308s] /home/j/colcon_ws/ORB_SLAM3/Thirdparty/g2o/g2o/types/types_six_dof_expmap.h:83:24:   required from here
[35.308s] /home/j/colcon_ws/ORB_SLAM3/Thirdparty/g2o/g2o/types/../core/base_binary_edge.h:59:80: warning: ‘Eigen::AlignedBit’ is deprecated [-Wdeprecated-declarations]
[35.308s]    59 |       typedef Eigen::Map<Matrix<double, Di, Dj>, Matrix<double, Di, Dj>::Flags & AlignedBit ? Aligned : Unaligned > HessianBlockType;
[35.308s]       |                                                                          ~~~~~~^~~~~~~~~~~~
[35.308s] In file included from /usr/include/eigen3/Eigen/Core:161,
[35.308s]                  from /usr/include/eigen3/Eigen/LU:11,
[35.308s]                  from /home/j/colcon_ws/ORB_SLAM3/Thirdparty/Sophus/sophus/so2.hpp:12,
[35.308s]                  from /home/j/colcon_ws/ORB_SLAM3/Thirdparty/Sophus/sophus/se2.hpp:7,
[35.308s]                  from /home/j/colcon_ws/ORB_SLAM3/Thirdparty/Sophus/sophus/geometry.hpp:7,
[35.308s]                  from /home/j/colcon_ws/ORB_SLAM3/include/Frame.h:28,
[35.309s]                  from /home/j/colcon_ws/ORB_SLAM3/include/KeyFrame.h:28,
[35.309s]                  from /home/j/colcon_ws/ORB_SLAM3/include/MapPoint.h:23,
[35.309s]                  from /home/j/colcon_ws/ORB_SLAM3/include/FrameDrawer.h:24,
[35.309s]                  from /home/j/colcon_ws/ORB_SLAM3/include/Viewer.h:23,
[35.309s]                  from /home/j/colcon_ws/ORB_SLAM3/include/Tracking.h:26,
[35.309s]                  from /home/j/colcon_ws/ORB_SLAM3/include/System.h:31,
[35.309s]                  from /home/j/colcon_ws/src/orbslam3_ros2/src/stereo-inertial/stereo-inertial-node.hpp:10,
[35.309s]                  from /home/j/colcon_ws/src/orbslam3_ros2/src/stereo-inertial/stereo-inertial.cpp:7:
[35.309s] /usr/include/eigen3/Eigen/src/Core/util/Constants.h:167:37: note: declared here
[35.309s]   167 | EIGEN_DEPRECATED const unsigned int AlignedBit = 0x80;
[35.309s]       |                                     ^~~~~~~~~~
[35.309s] In file included from /home/j/colcon_ws/ORB_SLAM3/Thirdparty/g2o/g2o/types/types_six_dof_expmap.h:38,
[35.310s]                  from /home/j/colcon_ws/ORB_SLAM3/include/Converter.h:26,
[35.310s]                  from /home/j/colcon_ws/ORB_SLAM3/include/Frame.h:33,
[35.310s]                  from /home/j/colcon_ws/ORB_SLAM3/include/KeyFrame.h:28,
[35.310s]                  from /home/j/colcon_ws/ORB_SLAM3/include/MapPoint.h:23,
[35.310s]                  from /home/j/colcon_ws/ORB_SLAM3/include/FrameDrawer.h:24,
[35.310s]                  from /home/j/colcon_ws/ORB_SLAM3/include/Viewer.h:23,
[35.310s]                  from /home/j/colcon_ws/ORB_SLAM3/include/Tracking.h:26,
[35.310s]                  from /home/j/colcon_ws/ORB_SLAM3/include/System.h:31,
[35.310s]                  from /home/j/colcon_ws/src/orbslam3_ros2/src/stereo-inertial/stereo-inertial-node.hpp:10,
[35.310s]                  from /home/j/colcon_ws/src/orbslam3_ros2/src/stereo-inertial/stereo-inertial.cpp:7:
[35.310s] /home/j/colcon_ws/ORB_SLAM3/Thirdparty/g2o/g2o/types/../core/base_binary_edge.h:60:80: warning: ‘Eigen::AlignedBit’ is deprecated [-Wdeprecated-declarations]
[35.310s]    60 |       typedef Eigen::Map<Matrix<double, Dj, Di>, Matrix<double, Dj, Di>::Flags & AlignedBit ? Aligned : Unaligned > HessianBlockTransposedType;
[35.310s]       |                                                                          ~~~~~~^~~~~~~~~~~~
[35.311s] In file included from /usr/include/eigen3/Eigen/Core:161,
[35.311s]                  from /usr/include/eigen3/Eigen/LU:11,
[35.311s]                  from /home/j/colcon_ws/ORB_SLAM3/Thirdparty/Sophus/sophus/so2.hpp:12,
[35.311s]                  from /home/j/colcon_ws/ORB_SLAM3/Thirdparty/Sophus/sophus/se2.hpp:7,
[35.311s]                  from /home/j/colcon_ws/ORB_SLAM3/Thirdparty/Sophus/sophus/geometry.hpp:7,
[35.311s]                  from /home/j/colcon_ws/ORB_SLAM3/include/Frame.h:28,
[35.311s]                  from /home/j/colcon_ws/ORB_SLAM3/include/KeyFrame.h:28,
[35.311s]                  from /home/j/colcon_ws/ORB_SLAM3/include/MapPoint.h:23,
[35.311s]                  from /home/j/colcon_ws/ORB_SLAM3/include/FrameDrawer.h:24,
[35.311s]                  from /home/j/colcon_ws/ORB_SLAM3/include/Viewer.h:23,
[35.311s]                  from /home/j/colcon_ws/ORB_SLAM3/include/Tracking.h:26,
[35.311s]                  from /home/j/colcon_ws/ORB_SLAM3/include/System.h:31,
[35.312s]                  from /home/j/colcon_ws/src/orbslam3_ros2/src/stereo-inertial/stereo-inertial-node.hpp:10,
[35.312s]                  from /home/j/colcon_ws/src/orbslam3_ros2/src/stereo-inertial/stereo-inertial.cpp:7:
[35.312s] /usr/include/eigen3/Eigen/src/Core/util/Constants.h:167:37: note: declared here
[35.312s]   167 | EIGEN_DEPRECATED const unsigned int AlignedBit = 0x80;
[35.312s]       |                                     ^~~~~~~~~~
[35.324s] In file included from /home/j/colcon_ws/ORB_SLAM3/Thirdparty/g2o/g2o/types/types_six_dof_expmap.h:37,
[35.324s]                  from /home/j/colcon_ws/ORB_SLAM3/include/Converter.h:26,
[35.324s]                  from /home/j/colcon_ws/ORB_SLAM3/include/Frame.h:33,
[35.324s]                  from /home/j/colcon_ws/ORB_SLAM3/include/KeyFrame.h:28,
[35.324s]                  from /home/j/colcon_ws/ORB_SLAM3/include/MapPoint.h:23,
[35.324s]                  from /home/j/colcon_ws/ORB_SLAM3/include/FrameDrawer.h:24,
[35.324s]                  from /home/j/colcon_ws/ORB_SLAM3/include/Viewer.h:23,
[35.324s]                  from /home/j/colcon_ws/ORB_SLAM3/include/Tracking.h:26,
[35.324s]                  from /home/j/colcon_ws/ORB_SLAM3/include/System.h:31,
[35.324s]                  from /home/j/colcon_ws/src/orbslam3_ros2/src/stereo-inertial/stereo-inertial-node.hpp:10,
[35.324s]                  from /home/j/colcon_ws/src/orbslam3_ros2/src/stereo-inertial/stereo-inertial-node.cpp:1:
[35.325s] /home/j/colcon_ws/ORB_SLAM3/Thirdparty/g2o/g2o/types/../core/base_vertex.h: In instantiation of ‘class g2o::BaseVertex<6, g2o::SE3Quat>’:
[35.325s] /home/j/colcon_ws/ORB_SLAM3/Thirdparty/g2o/g2o/types/types_six_dof_expmap.h:59:33:   required from here
[35.325s] /home/j/colcon_ws/ORB_SLAM3/Thirdparty/g2o/g2o/types/../core/base_vertex.h:62:72: warning: ‘Eigen::AlignedBit’ is deprecated [-Wdeprecated-declarations]
[35.325s]    62 |     typedef Eigen::Map<Matrix<double, D, D>, Matrix<double,D,D>::Flags & AlignedBit ? Aligned : Unaligned >  HessianBlockType;
[35.325s]       |                                                                  ~~~~~~^~~~~~~~~~~~
[35.325s] In file included from /usr/include/eigen3/Eigen/Core:161,
[35.325s]                  from /usr/include/eigen3/Eigen/LU:11,
[35.325s]                  from /home/j/colcon_ws/ORB_SLAM3/Thirdparty/Sophus/sophus/so2.hpp:12,
[35.325s]                  from /home/j/colcon_ws/ORB_SLAM3/Thirdparty/Sophus/sophus/se2.hpp:7,
[35.325s]                  from /home/j/colcon_ws/ORB_SLAM3/Thirdparty/Sophus/sophus/geometry.hpp:7,
[35.325s]                  from /home/j/colcon_ws/ORB_SLAM3/include/Frame.h:28,
[35.325s]                  from /home/j/colcon_ws/ORB_SLAM3/include/KeyFrame.h:28,
[35.325s]                  from /home/j/colcon_ws/ORB_SLAM3/include/MapPoint.h:23,
[35.326s]                  from /home/j/colcon_ws/ORB_SLAM3/include/FrameDrawer.h:24,
[35.326s]                  from /home/j/colcon_ws/ORB_SLAM3/include/Viewer.h:23,
[35.326s]                  from /home/j/colcon_ws/ORB_SLAM3/include/Tracking.h:26,
[35.326s]                  from /home/j/colcon_ws/ORB_SLAM3/include/System.h:31,
[35.326s]                  from /home/j/colcon_ws/src/orbslam3_ros2/src/stereo-inertial/stereo-inertial-node.hpp:10,
[35.326s]                  from /home/j/colcon_ws/src/orbslam3_ros2/src/stereo-inertial/stereo-inertial-node.cpp:1:
[35.326s] /usr/include/eigen3/Eigen/src/Core/util/Constants.h:167:37: note: declared here
[35.326s]   167 | EIGEN_DEPRECATED const unsigned int AlignedBit = 0x80;
[35.326s]       |                                     ^~~~~~~~~~
[35.331s] In file included from /home/j/colcon_ws/ORB_SLAM3/Thirdparty/g2o/g2o/types/types_six_dof_expmap.h:38,
[35.331s]                  from /home/j/colcon_ws/ORB_SLAM3/include/Converter.h:26,
[35.331s]                  from /home/j/colcon_ws/ORB_SLAM3/include/Frame.h:33,
[35.331s]                  from /home/j/colcon_ws/ORB_SLAM3/include/KeyFrame.h:28,
[35.331s]                  from /home/j/colcon_ws/ORB_SLAM3/include/MapPoint.h:23,
[35.331s]                  from /home/j/colcon_ws/ORB_SLAM3/include/FrameDrawer.h:24,
[35.331s]                  from /home/j/colcon_ws/ORB_SLAM3/include/Viewer.h:23,
[35.331s]                  from /home/j/colcon_ws/ORB_SLAM3/include/Tracking.h:26,
[35.331s]                  from /home/j/colcon_ws/ORB_SLAM3/include/System.h:31,
[35.331s]                  from /home/j/colcon_ws/src/orbslam3_ros2/src/stereo/stereo-slam-node.hpp:13,
[35.331s]                  from /home/j/colcon_ws/src/orbslam3_ros2/src/stereo/stereo-slam-node.cpp:1:
[35.332s] /home/j/colcon_ws/ORB_SLAM3/Thirdparty/g2o/g2o/types/../core/base_binary_edge.h: In instantiation of ‘class g2o::BaseBinaryEdge<6, g2o::SE3Quat, g2o::VertexSE3Expmap, g2o::VertexSE3Expmap>’:
[35.332s] /home/j/colcon_ws/ORB_SLAM3/Thirdparty/g2o/g2o/types/types_six_dof_expmap.h:83:24:   required from here
[35.332s] /home/j/colcon_ws/ORB_SLAM3/Thirdparty/g2o/g2o/types/../core/base_binary_edge.h:59:80: warning: ‘Eigen::AlignedBit’ is deprecated [-Wdeprecated-declarations]
[35.332s]    59 |       typedef Eigen::Map<Matrix<double, Di, Dj>, Matrix<double, Di, Dj>::Flags & AlignedBit ? Aligned : Unaligned > HessianBlockType;
[35.332s]       |                                                                          ~~~~~~^~~~~~~~~~~~
[35.332s] In file included from /usr/include/eigen3/Eigen/Core:161,
[35.332s]                  from /usr/include/eigen3/Eigen/LU:11,
[35.332s]                  from /home/j/colcon_ws/ORB_SLAM3/Thirdparty/Sophus/sophus/so2.hpp:12,
[35.332s]                  from /home/j/colcon_ws/ORB_SLAM3/Thirdparty/Sophus/sophus/se2.hpp:7,
[35.332s]                  from /home/j/colcon_ws/ORB_SLAM3/Thirdparty/Sophus/sophus/geometry.hpp:7,
[35.332s]                  from /home/j/colcon_ws/ORB_SLAM3/include/Frame.h:28,
[35.332s]                  from /home/j/colcon_ws/ORB_SLAM3/include/KeyFrame.h:28,
[35.333s]                  from /home/j/colcon_ws/ORB_SLAM3/include/MapPoint.h:23,
[35.333s]                  from /home/j/colcon_ws/ORB_SLAM3/include/FrameDrawer.h:24,
[35.333s]                  from /home/j/colcon_ws/ORB_SLAM3/include/Viewer.h:23,
[35.333s]                  from /home/j/colcon_ws/ORB_SLAM3/include/Tracking.h:26,
[35.333s]                  from /home/j/colcon_ws/ORB_SLAM3/include/System.h:31,
[35.333s]                  from /home/j/colcon_ws/src/orbslam3_ros2/src/stereo/stereo-slam-node.hpp:13,
[35.333s]                  from /home/j/colcon_ws/src/orbslam3_ros2/src/stereo/stereo-slam-node.cpp:1:
[35.333s] /usr/include/eigen3/Eigen/src/Core/util/Constants.h:167:37: note: declared here
[35.333s]   167 | EIGEN_DEPRECATED const unsigned int AlignedBit = 0x80;
[35.333s]       |                                     ^~~~~~~~~~
[35.333s] In file included from /home/j/colcon_ws/ORB_SLAM3/Thirdparty/g2o/g2o/types/types_six_dof_expmap.h:38,
[35.333s]                  from /home/j/colcon_ws/ORB_SLAM3/include/Converter.h:26,
[35.333s]                  from /home/j/colcon_ws/ORB_SLAM3/include/Frame.h:33,
[35.334s]                  from /home/j/colcon_ws/ORB_SLAM3/include/KeyFrame.h:28,
[35.334s]                  from /home/j/colcon_ws/ORB_SLAM3/include/MapPoint.h:23,
[35.334s]                  from /home/j/colcon_ws/ORB_SLAM3/include/FrameDrawer.h:24,
[35.334s]                  from /home/j/colcon_ws/ORB_SLAM3/include/Viewer.h:23,
[35.334s]                  from /home/j/colcon_ws/ORB_SLAM3/include/Tracking.h:26,
[35.334s]                  from /home/j/colcon_ws/ORB_SLAM3/include/System.h:31,
[35.334s]                  from /home/j/colcon_ws/src/orbslam3_ros2/src/stereo/stereo-slam-node.hpp:13,
[35.334s]                  from /home/j/colcon_ws/src/orbslam3_ros2/src/stereo/stereo-slam-node.cpp:1:
[35.334s] /home/j/colcon_ws/ORB_SLAM3/Thirdparty/g2o/g2o/types/../core/base_binary_edge.h:60:80: warning: ‘Eigen::AlignedBit’ is deprecated [-Wdeprecated-declarations]
[35.334s]    60 |       typedef Eigen::Map<Matrix<double, Dj, Di>, Matrix<double, Dj, Di>::Flags & AlignedBit ? Aligned : Unaligned > HessianBlockTransposedType;
[35.334s]       |                                                                          ~~~~~~^~~~~~~~~~~~
[35.334s] In file included from /usr/include/eigen3/Eigen/Core:161,
[35.334s]                  from /usr/include/eigen3/Eigen/LU:11,
[35.335s]                  from /home/j/colcon_ws/ORB_SLAM3/Thirdparty/Sophus/sophus/so2.hpp:12,
[35.335s]                  from /home/j/colcon_ws/ORB_SLAM3/Thirdparty/Sophus/sophus/se2.hpp:7,
[35.335s]                  from /home/j/colcon_ws/ORB_SLAM3/Thirdparty/Sophus/sophus/geometry.hpp:7,
[35.335s]                  from /home/j/colcon_ws/ORB_SLAM3/include/Frame.h:28,
[35.335s]                  from /home/j/colcon_ws/ORB_SLAM3/include/KeyFrame.h:28,
[35.335s]                  from /home/j/colcon_ws/ORB_SLAM3/include/MapPoint.h:23,
[35.335s]                  from /home/j/colcon_ws/ORB_SLAM3/include/FrameDrawer.h:24,
[35.335s]                  from /home/j/colcon_ws/ORB_SLAM3/include/Viewer.h:23,
[35.335s]                  from /home/j/colcon_ws/ORB_SLAM3/include/Tracking.h:26,
[35.335s]                  from /home/j/colcon_ws/ORB_SLAM3/include/System.h:31,
[35.335s]                  from /home/j/colcon_ws/src/orbslam3_ros2/src/stereo/stereo-slam-node.hpp:13,
[35.335s]                  from /home/j/colcon_ws/src/orbslam3_ros2/src/stereo/stereo-slam-node.cpp:1:
[35.335s] /usr/include/eigen3/Eigen/src/Core/util/Constants.h:167:37: note: declared here
[35.336s]   167 | EIGEN_DEPRECATED const unsigned int AlignedBit = 0x80;
[35.336s]       |                                     ^~~~~~~~~~
[35.349s] In file included from /home/j/colcon_ws/ORB_SLAM3/Thirdparty/g2o/g2o/types/types_six_dof_expmap.h:38,
[35.349s]                  from /home/j/colcon_ws/ORB_SLAM3/include/Converter.h:26,
[35.349s]                  from /home/j/colcon_ws/ORB_SLAM3/include/Frame.h:33,
[35.349s]                  from /home/j/colcon_ws/ORB_SLAM3/include/KeyFrame.h:28,
[35.349s]                  from /home/j/colcon_ws/ORB_SLAM3/include/MapPoint.h:23,
[35.349s]                  from /home/j/colcon_ws/ORB_SLAM3/include/FrameDrawer.h:24,
[35.349s]                  from /home/j/colcon_ws/ORB_SLAM3/include/Viewer.h:23,
[35.349s]                  from /home/j/colcon_ws/ORB_SLAM3/include/Tracking.h:26,
[35.349s]                  from /home/j/colcon_ws/ORB_SLAM3/include/System.h:31,
[35.349s]                  from /home/j/colcon_ws/src/orbslam3_ros2/src/monocular/monocular-slam-node.hpp:9,
[35.349s]                  from /home/j/colcon_ws/src/orbslam3_ros2/src/monocular/monocular-slam-node.cpp:1:
[35.350s] /home/j/colcon_ws/ORB_SLAM3/Thirdparty/g2o/g2o/types/../core/base_binary_edge.h: In instantiation of ‘class g2o::BaseBinaryEdge<2, Eigen::Matrix<double, 2, 1>, g2o::VertexSBAPointXYZ, g2o::VertexSE3Expmap>’:
[35.350s] /home/j/colcon_ws/ORB_SLAM3/Thirdparty/g2o/g2o/types/types_six_dof_expmap.h:114:35:   required from here
[35.350s] /home/j/colcon_ws/ORB_SLAM3/Thirdparty/g2o/g2o/types/../core/base_binary_edge.h:59:80: warning: ‘Eigen::AlignedBit’ is deprecated [-Wdeprecated-declarations]
[35.350s]    59 |       typedef Eigen::Map<Matrix<double, Di, Dj>, Matrix<double, Di, Dj>::Flags & AlignedBit ? Aligned : Unaligned > HessianBlockType;
[35.350s]       |                                                                          ~~~~~~^~~~~~~~~~~~
[35.350s] In file included from /usr/include/eigen3/Eigen/Core:161,
[35.350s]                  from /usr/include/eigen3/Eigen/LU:11,
[35.350s]                  from /home/j/colcon_ws/ORB_SLAM3/Thirdparty/Sophus/sophus/so2.hpp:12,
[35.350s]                  from /home/j/colcon_ws/ORB_SLAM3/Thirdparty/Sophus/sophus/se2.hpp:7,
[35.350s]                  from /home/j/colcon_ws/ORB_SLAM3/Thirdparty/Sophus/sophus/geometry.hpp:7,
[35.350s]                  from /home/j/colcon_ws/ORB_SLAM3/include/Frame.h:28,
[35.350s]                  from /home/j/colcon_ws/ORB_SLAM3/include/KeyFrame.h:28,
[35.350s]                  from /home/j/colcon_ws/ORB_SLAM3/include/MapPoint.h:23,
[35.351s]                  from /home/j/colcon_ws/ORB_SLAM3/include/FrameDrawer.h:24,
[35.351s]                  from /home/j/colcon_ws/ORB_SLAM3/include/Viewer.h:23,
[35.351s]                  from /home/j/colcon_ws/ORB_SLAM3/include/Tracking.h:26,
[35.351s]                  from /home/j/colcon_ws/ORB_SLAM3/include/System.h:31,
[35.351s]                  from /home/j/colcon_ws/src/orbslam3_ros2/src/monocular/monocular-slam-node.hpp:9,
[35.351s]                  from /home/j/colcon_ws/src/orbslam3_ros2/src/monocular/monocular-slam-node.cpp:1:
[35.351s] /usr/include/eigen3/Eigen/src/Core/util/Constants.h:167:37: note: declared here
[35.351s]   167 | EIGEN_DEPRECATED const unsigned int AlignedBit = 0x80;
[35.351s]       |                                     ^~~~~~~~~~
[35.354s] In file included from /home/j/colcon_ws/ORB_SLAM3/Thirdparty/g2o/g2o/types/types_six_dof_expmap.h:38,
[35.354s]                  from /home/j/colcon_ws/ORB_SLAM3/include/Converter.h:26,
[35.354s]                  from /home/j/colcon_ws/ORB_SLAM3/include/Frame.h:33,
[35.354s]                  from /home/j/colcon_ws/ORB_SLAM3/include/KeyFrame.h:28,
[35.354s]                  from /home/j/colcon_ws/ORB_SLAM3/include/MapPoint.h:23,
[35.354s]                  from /home/j/colcon_ws/ORB_SLAM3/include/FrameDrawer.h:24,
[35.354s]                  from /home/j/colcon_ws/ORB_SLAM3/include/Viewer.h:23,
[35.354s]                  from /home/j/colcon_ws/ORB_SLAM3/include/Tracking.h:26,
[35.355s]                  from /home/j/colcon_ws/ORB_SLAM3/include/System.h:31,
[35.355s]                  from /home/j/colcon_ws/src/orbslam3_ros2/src/stereo-inertial/stereo-inertial-node.hpp:10,
[35.355s]                  from /home/j/colcon_ws/src/orbslam3_ros2/src/stereo-inertial/stereo-inertial-node.cpp:1:
[35.355s] /home/j/colcon_ws/ORB_SLAM3/Thirdparty/g2o/g2o/types/../core/base_binary_edge.h: In instantiation of ‘class g2o::BaseBinaryEdge<6, g2o::SE3Quat, g2o::VertexSE3Expmap, g2o::VertexSE3Expmap>’:
[35.355s] /home/j/colcon_ws/ORB_SLAM3/Thirdparty/g2o/g2o/types/types_six_dof_expmap.h:83:24:   required from here
[35.355s] /home/j/colcon_ws/ORB_SLAM3/Thirdparty/g2o/g2o/types/../core/base_binary_edge.h:59:80: warning: ‘Eigen::AlignedBit’ is deprecated [-Wdeprecated-declarations]
[35.355s]    59 |       typedef Eigen::Map<Matrix<double, Di, Dj>, Matrix<double, Di, Dj>::Flags & AlignedBit ? Aligned : Unaligned > HessianBlockType;
[35.355s]       |                                                                          ~~~~~~^~~~~~~~~~~~
[35.355s] In file included from /usr/include/eigen3/Eigen/Core:161,
[35.355s]                  from /usr/include/eigen3/Eigen/LU:11,
[35.355s]                  from /home/j/colcon_ws/ORB_SLAM3/Thirdparty/Sophus/sophus/so2.hpp:12,
[35.355s]                  from /home/j/colcon_ws/ORB_SLAM3/Thirdparty/Sophus/sophus/se2.hpp:7,
[35.356s]                  from /home/j/colcon_ws/ORB_SLAM3/Thirdparty/Sophus/sophus/geometry.hpp:7,
[35.356s]                  from /home/j/colcon_ws/ORB_SLAM3/include/Frame.h:28,
[35.356s]                  from /home/j/colcon_ws/ORB_SLAM3/include/KeyFrame.h:28,
[35.356s]                  from /home/j/colcon_ws/ORB_SLAM3/include/MapPoint.h:23,
[35.356s]                  from /home/j/colcon_ws/ORB_SLAM3/include/FrameDrawer.h:24,
[35.356s]                  from /home/j/colcon_ws/ORB_SLAM3/include/Viewer.h:23,
[35.356s]                  from /home/j/colcon_ws/ORB_SLAM3/include/Tracking.h:26,
[35.356s]                  from /home/j/colcon_ws/ORB_SLAM3/include/System.h:31,
[35.356s]                  from /home/j/colcon_ws/src/orbslam3_ros2/src/stereo-inertial/stereo-inertial-node.hpp:10,
[35.356s]                  from /home/j/colcon_ws/src/orbslam3_ros2/src/stereo-inertial/stereo-inertial-node.cpp:1:
[35.356s] /usr/include/eigen3/Eigen/src/Core/util/Constants.h:167:37: note: declared here
[35.356s]   167 | EIGEN_DEPRECATED const unsigned int AlignedBit = 0x80;
[35.356s]       |                                     ^~~~~~~~~~
[35.357s] In file included from /home/j/colcon_ws/ORB_SLAM3/Thirdparty/g2o/g2o/types/types_six_dof_expmap.h:38,
[35.357s]                  from /home/j/colcon_ws/ORB_SLAM3/include/Converter.h:26,
[35.357s]                  from /home/j/colcon_ws/ORB_SLAM3/include/Frame.h:33,
[35.357s]                  from /home/j/colcon_ws/ORB_SLAM3/include/KeyFrame.h:28,
[35.357s]                  from /home/j/colcon_ws/ORB_SLAM3/include/MapPoint.h:23,
[35.357s]                  from /home/j/colcon_ws/ORB_SLAM3/include/FrameDrawer.h:24,
[35.357s]                  from /home/j/colcon_ws/ORB_SLAM3/include/Viewer.h:23,
[35.357s]                  from /home/j/colcon_ws/ORB_SLAM3/include/Tracking.h:26,
[35.357s]                  from /home/j/colcon_ws/ORB_SLAM3/include/System.h:31,
[35.357s]                  from /home/j/colcon_ws/src/orbslam3_ros2/src/stereo-inertial/stereo-inertial-node.hpp:10,
[35.357s]                  from /home/j/colcon_ws/src/orbslam3_ros2/src/stereo-inertial/stereo-inertial-node.cpp:1:
[35.357s] /home/j/colcon_ws/ORB_SLAM3/Thirdparty/g2o/g2o/types/../core/base_binary_edge.h:60:80: warning: ‘Eigen::AlignedBit’ is deprecated [-Wdeprecated-declarations]
[35.357s]    60 |       typedef Eigen::Map<Matrix<double, Dj, Di>, Matrix<double, Dj, Di>::Flags & AlignedBit ? Aligned : Unaligned > HessianBlockTransposedType;
[35.358s]       |                                                                          ~~~~~~^~~~~~~~~~~~
[35.358s] In file included from /usr/include/eigen3/Eigen/Core:161,
[35.358s]                  from /usr/include/eigen3/Eigen/LU:11,
[35.358s]                  from /home/j/colcon_ws/ORB_SLAM3/Thirdparty/Sophus/sophus/so2.hpp:12,
[35.358s]                  from /home/j/colcon_ws/ORB_SLAM3/Thirdparty/Sophus/sophus/se2.hpp:7,
[35.358s]                  from /home/j/colcon_ws/ORB_SLAM3/Thirdparty/Sophus/sophus/geometry.hpp:7,
[35.358s]                  from /home/j/colcon_ws/ORB_SLAM3/include/Frame.h:28,
[35.358s]                  from /home/j/colcon_ws/ORB_SLAM3/include/KeyFrame.h:28,
[35.358s]                  from /home/j/colcon_ws/ORB_SLAM3/include/MapPoint.h:23,
[35.358s]                  from /home/j/colcon_ws/ORB_SLAM3/include/FrameDrawer.h:24,
[35.358s]                  from /home/j/colcon_ws/ORB_SLAM3/include/Viewer.h:23,
[35.358s]                  from /home/j/colcon_ws/ORB_SLAM3/include/Tracking.h:26,
[35.359s]                  from /home/j/colcon_ws/ORB_SLAM3/include/System.h:31,
[35.359s]                  from /home/j/colcon_ws/src/orbslam3_ros2/src/stereo-inertial/stereo-inertial-node.hpp:10,
[35.359s]                  from /home/j/colcon_ws/src/orbslam3_ros2/src/stereo-inertial/stereo-inertial-node.cpp:1:
[35.359s] /usr/include/eigen3/Eigen/src/Core/util/Constants.h:167:37: note: declared here
[35.359s]   167 | EIGEN_DEPRECATED const unsigned int AlignedBit = 0x80;
[35.359s]       |                                     ^~~~~~~~~~
[35.362s] In file included from /home/j/colcon_ws/ORB_SLAM3/Thirdparty/g2o/g2o/types/types_six_dof_expmap.h:38,
[35.362s]                  from /home/j/colcon_ws/ORB_SLAM3/include/Converter.h:26,
[35.363s]                  from /home/j/colcon_ws/ORB_SLAM3/include/Frame.h:33,
[35.363s]                  from /home/j/colcon_ws/ORB_SLAM3/include/KeyFrame.h:28,
[35.363s]                  from /home/j/colcon_ws/ORB_SLAM3/include/MapPoint.h:23,
[35.363s]                  from /home/j/colcon_ws/ORB_SLAM3/include/FrameDrawer.h:24,
[35.363s]                  from /home/j/colcon_ws/ORB_SLAM3/include/Viewer.h:23,
[35.363s]                  from /home/j/colcon_ws/ORB_SLAM3/include/Tracking.h:26,
[35.363s]                  from /home/j/colcon_ws/ORB_SLAM3/include/System.h:31,
[35.363s]                  from /home/j/colcon_ws/src/orbslam3_ros2/src/rgbd/rgbd-slam-node.hpp:18,
[35.364s]                  from /home/j/colcon_ws/src/orbslam3_ros2/src/rgbd/rgbd-slam-node.cpp:1:
[35.364s] /home/j/colcon_ws/ORB_SLAM3/Thirdparty/g2o/g2o/types/../core/base_binary_edge.h: In instantiation of ‘class g2o::BaseBinaryEdge<2, Eigen::Matrix<double, 2, 1>, g2o::VertexSBAPointXYZ, g2o::VertexSE3Expmap>’:
[35.364s] /home/j/colcon_ws/ORB_SLAM3/Thirdparty/g2o/g2o/types/types_six_dof_expmap.h:114:35:   required from here
[35.364s] /home/j/colcon_ws/ORB_SLAM3/Thirdparty/g2o/g2o/types/../core/base_binary_edge.h:59:80: warning: ‘Eigen::AlignedBit’ is deprecated [-Wdeprecated-declarations]
[35.364s]    59 |       typedef Eigen::Map<Matrix<double, Di, Dj>, Matrix<double, Di, Dj>::Flags & AlignedBit ? Aligned : Unaligned > HessianBlockType;
[35.364s]       |                                                                          ~~~~~~^~~~~~~~~~~~
[35.364s] In file included from /usr/include/eigen3/Eigen/Core:161,
[35.364s]                  from /usr/include/eigen3/Eigen/LU:11,
[35.364s]                  from /home/j/colcon_ws/ORB_SLAM3/Thirdparty/Sophus/sophus/so2.hpp:12,
[35.364s]                  from /home/j/colcon_ws/ORB_SLAM3/Thirdparty/Sophus/sophus/se2.hpp:7,
[35.364s]                  from /home/j/colcon_ws/ORB_SLAM3/Thirdparty/Sophus/sophus/geometry.hpp:7,
[35.364s]                  from /home/j/colcon_ws/ORB_SLAM3/include/Frame.h:28,
[35.365s]                  from /home/j/colcon_ws/ORB_SLAM3/include/KeyFrame.h:28,
[35.365s]                  from /home/j/colcon_ws/ORB_SLAM3/include/MapPoint.h:23,
[35.365s]                  from /home/j/colcon_ws/ORB_SLAM3/include/FrameDrawer.h:24,
[35.365s]                  from /home/j/colcon_ws/ORB_SLAM3/include/Viewer.h:23,
[35.365s]                  from /home/j/colcon_ws/ORB_SLAM3/include/Tracking.h:26,
[35.365s]                  from /home/j/colcon_ws/ORB_SLAM3/include/System.h:31,
[35.365s]                  from /home/j/colcon_ws/src/orbslam3_ros2/src/rgbd/rgbd-slam-node.hpp:18,
[35.365s]                  from /home/j/colcon_ws/src/orbslam3_ros2/src/rgbd/rgbd-slam-node.cpp:1:
[35.365s] /usr/include/eigen3/Eigen/src/Core/util/Constants.h:167:37: note: declared here
[35.365s]   167 | EIGEN_DEPRECATED const unsigned int AlignedBit = 0x80;
[35.365s]       |                                     ^~~~~~~~~~
[35.365s] In file included from /home/j/colcon_ws/ORB_SLAM3/Thirdparty/g2o/g2o/types/types_six_dof_expmap.h:38,
[35.365s]                  from /home/j/colcon_ws/ORB_SLAM3/include/Converter.h:26,
[35.366s]                  from /home/j/colcon_ws/ORB_SLAM3/include/Frame.h:33,
[35.366s]                  from /home/j/colcon_ws/ORB_SLAM3/include/KeyFrame.h:28,
[35.366s]                  from /home/j/colcon_ws/ORB_SLAM3/include/MapPoint.h:23,
[35.366s]                  from /home/j/colcon_ws/ORB_SLAM3/include/FrameDrawer.h:24,
[35.366s]                  from /home/j/colcon_ws/ORB_SLAM3/include/Viewer.h:23,
[35.366s]                  from /home/j/colcon_ws/ORB_SLAM3/include/Tracking.h:26,
[35.366s]                  from /home/j/colcon_ws/ORB_SLAM3/include/System.h:31,
[35.367s]                  from /home/j/colcon_ws/src/orbslam3_ros2/src/monocular/monocular-slam-node.hpp:9,
[35.367s]                  from /home/j/colcon_ws/src/orbslam3_ros2/src/monocular/monocular-slam-node.cpp:1:
[35.367s] /home/j/colcon_ws/ORB_SLAM3/Thirdparty/g2o/g2o/types/../core/base_binary_edge.h:60:80: warning: ‘Eigen::AlignedBit’ is deprecated [-Wdeprecated-declarations]
[35.367s]    60 |       typedef Eigen::Map<Matrix<double, Dj, Di>, Matrix<double, Dj, Di>::Flags & AlignedBit ? Aligned : Unaligned > HessianBlockTransposedType;
[35.367s]       |                                                                          ~~~~~~^~~~~~~~~~~~
[35.367s] In file included from /usr/include/eigen3/Eigen/Core:161,
[35.367s]                  from /usr/include/eigen3/Eigen/LU:11,
[35.367s]                  from /home/j/colcon_ws/ORB_SLAM3/Thirdparty/Sophus/sophus/so2.hpp:12,
[35.367s]                  from /home/j/colcon_ws/ORB_SLAM3/Thirdparty/Sophus/sophus/se2.hpp:7,
[35.367s]                  from /home/j/colcon_ws/ORB_SLAM3/Thirdparty/Sophus/sophus/geometry.hpp:7,
[35.367s]                  from /home/j/colcon_ws/ORB_SLAM3/include/Frame.h:28,
[35.368s]                  from /home/j/colcon_ws/ORB_SLAM3/include/KeyFrame.h:28,
[35.368s]                  from /home/j/colcon_ws/ORB_SLAM3/include/MapPoint.h:23,
[35.368s]                  from /home/j/colcon_ws/ORB_SLAM3/include/FrameDrawer.h:24,
[35.368s]                  from /home/j/colcon_ws/ORB_SLAM3/include/Viewer.h:23,
[35.368s]                  from /home/j/colcon_ws/ORB_SLAM3/include/Tracking.h:26,
[35.368s]                  from /home/j/colcon_ws/ORB_SLAM3/include/System.h:31,
[35.368s]                  from /home/j/colcon_ws/src/orbslam3_ros2/src/monocular/monocular-slam-node.hpp:9,
[35.368s]                  from /home/j/colcon_ws/src/orbslam3_ros2/src/monocular/monocular-slam-node.cpp:1:
[35.368s] /usr/include/eigen3/Eigen/src/Core/util/Constants.h:167:37: note: declared here
[35.368s]   167 | EIGEN_DEPRECATED const unsigned int AlignedBit = 0x80;
[35.368s]       |                                     ^~~~~~~~~~
[35.368s] In file included from /home/j/colcon_ws/ORB_SLAM3/Thirdparty/g2o/g2o/types/types_six_dof_expmap.h:38,
[35.369s]                  from /home/j/colcon_ws/ORB_SLAM3/include/Converter.h:26,
[35.369s]                  from /home/j/colcon_ws/ORB_SLAM3/include/Frame.h:33,
[35.369s]                  from /home/j/colcon_ws/ORB_SLAM3/include/KeyFrame.h:28,
[35.369s]                  from /home/j/colcon_ws/ORB_SLAM3/include/MapPoint.h:23,
[35.369s]                  from /home/j/colcon_ws/ORB_SLAM3/include/FrameDrawer.h:24,
[35.369s]                  from /home/j/colcon_ws/ORB_SLAM3/include/Viewer.h:23,
[35.369s]                  from /home/j/colcon_ws/ORB_SLAM3/include/Tracking.h:26,
[35.369s]                  from /home/j/colcon_ws/ORB_SLAM3/include/System.h:31,
[35.369s]                  from /home/j/colcon_ws/src/orbslam3_ros2/src/rgbd/rgbd-slam-node.hpp:18,
[35.369s]                  from /home/j/colcon_ws/src/orbslam3_ros2/src/rgbd/rgbd.cpp:7:
[35.369s] /home/j/colcon_ws/ORB_SLAM3/Thirdparty/g2o/g2o/types/../core/base_binary_edge.h: In instantiation of ‘class g2o::BaseBinaryEdge<2, Eigen::Matrix<double, 2, 1>, g2o::VertexSBAPointXYZ, g2o::VertexSE3Expmap>’:
[35.369s] /home/j/colcon_ws/ORB_SLAM3/Thirdparty/g2o/g2o/types/types_six_dof_expmap.h:114:35:   required from here
[35.370s] /home/j/colcon_ws/ORB_SLAM3/Thirdparty/g2o/g2o/types/../core/base_binary_edge.h:59:80: warning: ‘Eigen::AlignedBit’ is deprecated [-Wdeprecated-declarations]
[35.370s]    59 |       typedef Eigen::Map<Matrix<double, Di, Dj>, Matrix<double, Di, Dj>::Flags & AlignedBit ? Aligned : Unaligned > HessianBlockType;
[35.370s]       |                                                                          ~~~~~~^~~~~~~~~~~~
[35.370s] In file included from /usr/include/eigen3/Eigen/Core:161,
[35.370s]                  from /usr/include/eigen3/Eigen/LU:11,
[35.370s]                  from /home/j/colcon_ws/ORB_SLAM3/Thirdparty/Sophus/sophus/so2.hpp:12,
[35.370s]                  from /home/j/colcon_ws/ORB_SLAM3/Thirdparty/Sophus/sophus/se2.hpp:7,
[35.370s]                  from /home/j/colcon_ws/ORB_SLAM3/Thirdparty/Sophus/sophus/geometry.hpp:7,
[35.370s]                  from /home/j/colcon_ws/ORB_SLAM3/include/Frame.h:28,
[35.370s]                  from /home/j/colcon_ws/ORB_SLAM3/include/KeyFrame.h:28,
[35.370s]                  from /home/j/colcon_ws/ORB_SLAM3/include/MapPoint.h:23,
[35.370s]                  from /home/j/colcon_ws/ORB_SLAM3/include/FrameDrawer.h:24,
[35.370s]                  from /home/j/colcon_ws/ORB_SLAM3/include/Viewer.h:23,
[35.371s]                  from /home/j/colcon_ws/ORB_SLAM3/include/Tracking.h:26,
[35.371s]                  from /home/j/colcon_ws/ORB_SLAM3/include/System.h:31,
[35.371s]                  from /home/j/colcon_ws/src/orbslam3_ros2/src/rgbd/rgbd-slam-node.hpp:18,
[35.371s]                  from /home/j/colcon_ws/src/orbslam3_ros2/src/rgbd/rgbd.cpp:7:
[35.371s] /usr/include/eigen3/Eigen/src/Core/util/Constants.h:167:37: note: declared here
[35.371s]   167 | EIGEN_DEPRECATED const unsigned int AlignedBit = 0x80;
[35.371s]       |                                     ^~~~~~~~~~
[35.373s] In file included from /home/j/colcon_ws/ORB_SLAM3/Thirdparty/g2o/g2o/types/types_six_dof_expmap.h:38,
[35.374s]                  from /home/j/colcon_ws/ORB_SLAM3/include/Converter.h:26,
[35.374s]                  from /home/j/colcon_ws/ORB_SLAM3/include/Frame.h:33,
[35.374s]                  from /home/j/colcon_ws/ORB_SLAM3/include/KeyFrame.h:28,
[35.374s]                  from /home/j/colcon_ws/ORB_SLAM3/include/MapPoint.h:23,
[35.374s]                  from /home/j/colcon_ws/ORB_SLAM3/include/FrameDrawer.h:24,
[35.374s]                  from /home/j/colcon_ws/ORB_SLAM3/include/Viewer.h:23,
[35.374s]                  from /home/j/colcon_ws/ORB_SLAM3/include/Tracking.h:26,
[35.374s]                  from /home/j/colcon_ws/ORB_SLAM3/include/System.h:31,
[35.374s]                  from /home/j/colcon_ws/src/orbslam3_ros2/src/stereo-inertial/stereo-inertial-node.hpp:10,
[35.374s]                  from /home/j/colcon_ws/src/orbslam3_ros2/src/stereo-inertial/stereo-inertial.cpp:7:
[35.374s] /home/j/colcon_ws/ORB_SLAM3/Thirdparty/g2o/g2o/types/../core/base_binary_edge.h: In instantiation of ‘class g2o::BaseBinaryEdge<2, Eigen::Matrix<double, 2, 1>, g2o::VertexSBAPointXYZ, g2o::VertexSE3Expmap>’:
[35.374s] /home/j/colcon_ws/ORB_SLAM3/Thirdparty/g2o/g2o/types/types_six_dof_expmap.h:114:35:   required from here
[35.375s] /home/j/colcon_ws/ORB_SLAM3/Thirdparty/g2o/g2o/types/../core/base_binary_edge.h:59:80: warning: ‘Eigen::AlignedBit’ is deprecated [-Wdeprecated-declarations]
[35.375s]    59 |       typedef Eigen::Map<Matrix<double, Di, Dj>, Matrix<double, Di, Dj>::Flags & AlignedBit ? Aligned : Unaligned > HessianBlockType;
[35.375s]       |                                                                          ~~~~~~^~~~~~~~~~~~
[35.375s] In file included from /usr/include/eigen3/Eigen/Core:161,
[35.375s]                  from /usr/include/eigen3/Eigen/LU:11,
[35.375s]                  from /home/j/colcon_ws/ORB_SLAM3/Thirdparty/Sophus/sophus/so2.hpp:12,
[35.375s]                  from /home/j/colcon_ws/ORB_SLAM3/Thirdparty/Sophus/sophus/se2.hpp:7,
[35.375s]                  from /home/j/colcon_ws/ORB_SLAM3/Thirdparty/Sophus/sophus/geometry.hpp:7,
[35.375s]                  from /home/j/colcon_ws/ORB_SLAM3/include/Frame.h:28,
[35.375s]                  from /home/j/colcon_ws/ORB_SLAM3/include/KeyFrame.h:28,
[35.375s]                  from /home/j/colcon_ws/ORB_SLAM3/include/MapPoint.h:23,
[35.375s]                  from /home/j/colcon_ws/ORB_SLAM3/include/FrameDrawer.h:24,
[35.376s]                  from /home/j/colcon_ws/ORB_SLAM3/include/Viewer.h:23,
[35.376s]                  from /home/j/colcon_ws/ORB_SLAM3/include/Tracking.h:26,
[35.376s]                  from /home/j/colcon_ws/ORB_SLAM3/include/System.h:31,
[35.376s]                  from /home/j/colcon_ws/src/orbslam3_ros2/src/stereo-inertial/stereo-inertial-node.hpp:10,
[35.376s]                  from /home/j/colcon_ws/src/orbslam3_ros2/src/stereo-inertial/stereo-inertial.cpp:7:
[35.376s] /usr/include/eigen3/Eigen/src/Core/util/Constants.h:167:37: note: declared here
[35.376s]   167 | EIGEN_DEPRECATED const unsigned int AlignedBit = 0x80;
[35.376s]       |                                     ^~~~~~~~~~
[35.377s] In file included from /home/j/colcon_ws/ORB_SLAM3/Thirdparty/g2o/g2o/types/types_six_dof_expmap.h:38,
[35.377s]                  from /home/j/colcon_ws/ORB_SLAM3/include/Converter.h:26,
[35.377s]                  from /home/j/colcon_ws/ORB_SLAM3/include/Frame.h:33,
[35.377s]                  from /home/j/colcon_ws/ORB_SLAM3/include/KeyFrame.h:28,
[35.377s]                  from /home/j/colcon_ws/ORB_SLAM3/include/MapPoint.h:23,
[35.377s]                  from /home/j/colcon_ws/ORB_SLAM3/include/FrameDrawer.h:24,
[35.377s]                  from /home/j/colcon_ws/ORB_SLAM3/include/Viewer.h:23,
[35.377s]                  from /home/j/colcon_ws/ORB_SLAM3/include/Tracking.h:26,
[35.377s]                  from /home/j/colcon_ws/ORB_SLAM3/include/System.h:31,
[35.377s]                  from /home/j/colcon_ws/src/orbslam3_ros2/src/rgbd/rgbd-slam-node.hpp:18,
[35.377s]                  from /home/j/colcon_ws/src/orbslam3_ros2/src/rgbd/rgbd-slam-node.cpp:1:
[35.378s] /home/j/colcon_ws/ORB_SLAM3/Thirdparty/g2o/g2o/types/../core/base_binary_edge.h:60:80: warning: ‘Eigen::AlignedBit’ is deprecated [-Wdeprecated-declarations]
[35.378s]    60 |       typedef Eigen::Map<Matrix<double, Dj, Di>, Matrix<double, Dj, Di>::Flags & AlignedBit ? Aligned : Unaligned > HessianBlockTransposedType;
[35.378s]       |                                                                          ~~~~~~^~~~~~~~~~~~
[35.378s] In file included from /usr/include/eigen3/Eigen/Core:161,
[35.378s]                  from /usr/include/eigen3/Eigen/LU:11,
[35.378s]                  from /home/j/colcon_ws/ORB_SLAM3/Thirdparty/Sophus/sophus/so2.hpp:12,
[35.378s]                  from /home/j/colcon_ws/ORB_SLAM3/Thirdparty/Sophus/sophus/se2.hpp:7,
[35.378s]                  from /home/j/colcon_ws/ORB_SLAM3/Thirdparty/Sophus/sophus/geometry.hpp:7,
[35.378s]                  from /home/j/colcon_ws/ORB_SLAM3/include/Frame.h:28,
[35.378s]                  from /home/j/colcon_ws/ORB_SLAM3/include/KeyFrame.h:28,
[35.378s]                  from /home/j/colcon_ws/ORB_SLAM3/include/MapPoint.h:23,
[35.378s]                  from /home/j/colcon_ws/ORB_SLAM3/include/FrameDrawer.h:24,
[35.379s]                  from /home/j/colcon_ws/ORB_SLAM3/include/Viewer.h:23,
[35.379s]                  from /home/j/colcon_ws/ORB_SLAM3/include/Tracking.h:26,
[35.379s]                  from /home/j/colcon_ws/ORB_SLAM3/include/System.h:31,
[35.379s]                  from /home/j/colcon_ws/src/orbslam3_ros2/src/rgbd/rgbd-slam-node.hpp:18,
[35.379s]                  from /home/j/colcon_ws/src/orbslam3_ros2/src/rgbd/rgbd-slam-node.cpp:1:
[35.379s] /usr/include/eigen3/Eigen/src/Core/util/Constants.h:167:37: note: declared here
[35.379s]   167 | EIGEN_DEPRECATED const unsigned int AlignedBit = 0x80;
[35.379s]       |                                     ^~~~~~~~~~
[35.380s] In file included from /home/j/colcon_ws/ORB_SLAM3/Thirdparty/g2o/g2o/types/types_six_dof_expmap.h:38,
[35.381s]                  from /home/j/colcon_ws/ORB_SLAM3/include/Converter.h:26,
[35.381s]                  from /home/j/colcon_ws/ORB_SLAM3/include/Frame.h:33,
[35.381s]                  from /home/j/colcon_ws/ORB_SLAM3/include/KeyFrame.h:28,
[35.381s]                  from /home/j/colcon_ws/ORB_SLAM3/include/MapPoint.h:23,
[35.381s]                  from /home/j/colcon_ws/ORB_SLAM3/include/FrameDrawer.h:24,
[35.381s]                  from /home/j/colcon_ws/ORB_SLAM3/include/Viewer.h:23,
[35.381s]                  from /home/j/colcon_ws/ORB_SLAM3/include/Tracking.h:26,
[35.381s]                  from /home/j/colcon_ws/ORB_SLAM3/include/System.h:31,
[35.381s]                  from /home/j/colcon_ws/src/orbslam3_ros2/src/rgbd/rgbd-slam-node.hpp:18,
[35.381s]                  from /home/j/colcon_ws/src/orbslam3_ros2/src/rgbd/rgbd.cpp:7:
[35.381s] /home/j/colcon_ws/ORB_SLAM3/Thirdparty/g2o/g2o/types/../core/base_binary_edge.h:60:80: warning: ‘Eigen::AlignedBit’ is deprecated [-Wdeprecated-declarations]
[35.381s]    60 |       typedef Eigen::Map<Matrix<double, Dj, Di>, Matrix<double, Dj, Di>::Flags & AlignedBit ? Aligned : Unaligned > HessianBlockTransposedType;
[35.382s]       |                                                                          ~~~~~~^~~~~~~~~~~~
[35.382s] In file included from /usr/include/eigen3/Eigen/Core:161,
[35.382s]                  from /usr/include/eigen3/Eigen/LU:11,
[35.382s]                  from /home/j/colcon_ws/ORB_SLAM3/Thirdparty/Sophus/sophus/so2.hpp:12,
[35.382s]                  from /home/j/colcon_ws/ORB_SLAM3/Thirdparty/Sophus/sophus/se2.hpp:7,
[35.382s]                  from /home/j/colcon_ws/ORB_SLAM3/Thirdparty/Sophus/sophus/geometry.hpp:7,
[35.382s]                  from /home/j/colcon_ws/ORB_SLAM3/include/Frame.h:28,
[35.382s]                  from /home/j/colcon_ws/ORB_SLAM3/include/KeyFrame.h:28,
[35.382s]                  from /home/j/colcon_ws/ORB_SLAM3/include/MapPoint.h:23,
[35.382s]                  from /home/j/colcon_ws/ORB_SLAM3/include/FrameDrawer.h:24,
[35.382s]                  from /home/j/colcon_ws/ORB_SLAM3/include/Viewer.h:23,
[35.382s]                  from /home/j/colcon_ws/ORB_SLAM3/include/Tracking.h:26,
[35.383s]                  from /home/j/colcon_ws/ORB_SLAM3/include/System.h:31,
[35.383s]                  from /home/j/colcon_ws/src/orbslam3_ros2/src/rgbd/rgbd-slam-node.hpp:18,
[35.383s]                  from /home/j/colcon_ws/src/orbslam3_ros2/src/rgbd/rgbd.cpp:7:
[35.383s] /usr/include/eigen3/Eigen/src/Core/util/Constants.h:167:37: note: declared here
[35.383s]   167 | EIGEN_DEPRECATED const unsigned int AlignedBit = 0x80;
[35.383s]       |                                     ^~~~~~~~~~
[35.388s] In file included from /home/j/colcon_ws/ORB_SLAM3/Thirdparty/g2o/g2o/types/types_six_dof_expmap.h:38,
[35.388s]                  from /home/j/colcon_ws/ORB_SLAM3/include/Converter.h:26,
[35.388s]                  from /home/j/colcon_ws/ORB_SLAM3/include/Frame.h:33,
[35.388s]                  from /home/j/colcon_ws/ORB_SLAM3/include/KeyFrame.h:28,
[35.389s]                  from /home/j/colcon_ws/ORB_SLAM3/include/MapPoint.h:23,
[35.389s]                  from /home/j/colcon_ws/ORB_SLAM3/include/FrameDrawer.h:24,
[35.389s]                  from /home/j/colcon_ws/ORB_SLAM3/include/Viewer.h:23,
[35.389s]                  from /home/j/colcon_ws/ORB_SLAM3/include/Tracking.h:26,
[35.389s]                  from /home/j/colcon_ws/ORB_SLAM3/include/System.h:31,
[35.389s]                  from /home/j/colcon_ws/src/orbslam3_ros2/src/stereo-inertial/stereo-inertial-node.hpp:10,
[35.389s]                  from /home/j/colcon_ws/src/orbslam3_ros2/src/stereo-inertial/stereo-inertial.cpp:7:
[35.389s] /home/j/colcon_ws/ORB_SLAM3/Thirdparty/g2o/g2o/types/../core/base_binary_edge.h:60:80: warning: ‘Eigen::AlignedBit’ is deprecated [-Wdeprecated-declarations]
[35.389s]    60 |       typedef Eigen::Map<Matrix<double, Dj, Di>, Matrix<double, Dj, Di>::Flags & AlignedBit ? Aligned : Unaligned > HessianBlockTransposedType;
[35.389s]       |                                                                          ~~~~~~^~~~~~~~~~~~
[35.389s] In file included from /usr/include/eigen3/Eigen/Core:161,
[35.389s]                  from /usr/include/eigen3/Eigen/LU:11,
[35.390s]                  from /home/j/colcon_ws/ORB_SLAM3/Thirdparty/Sophus/sophus/so2.hpp:12,
[35.390s]                  from /home/j/colcon_ws/ORB_SLAM3/Thirdparty/Sophus/sophus/se2.hpp:7,
[35.390s]                  from /home/j/colcon_ws/ORB_SLAM3/Thirdparty/Sophus/sophus/geometry.hpp:7,
[35.390s]                  from /home/j/colcon_ws/ORB_SLAM3/include/Frame.h:28,
[35.390s]                  from /home/j/colcon_ws/ORB_SLAM3/include/KeyFrame.h:28,
[35.390s]                  from /home/j/colcon_ws/ORB_SLAM3/include/MapPoint.h:23,
[35.390s]                  from /home/j/colcon_ws/ORB_SLAM3/include/FrameDrawer.h:24,
[35.390s]                  from /home/j/colcon_ws/ORB_SLAM3/include/Viewer.h:23,
[35.390s]                  from /home/j/colcon_ws/ORB_SLAM3/include/Tracking.h:26,
[35.390s]                  from /home/j/colcon_ws/ORB_SLAM3/include/System.h:31,
[35.390s]                  from /home/j/colcon_ws/src/orbslam3_ros2/src/stereo-inertial/stereo-inertial-node.hpp:10,
[35.390s]                  from /home/j/colcon_ws/src/orbslam3_ros2/src/stereo-inertial/stereo-inertial.cpp:7:
[35.390s] /usr/include/eigen3/Eigen/src/Core/util/Constants.h:167:37: note: declared here
[35.391s]   167 | EIGEN_DEPRECATED const unsigned int AlignedBit = 0x80;
[35.391s]       |                                     ^~~~~~~~~~
[35.404s] In file included from /home/j/colcon_ws/ORB_SLAM3/Thirdparty/g2o/g2o/types/types_six_dof_expmap.h:38,
[35.404s]                  from /home/j/colcon_ws/ORB_SLAM3/include/Converter.h:26,
[35.404s]                  from /home/j/colcon_ws/ORB_SLAM3/include/Frame.h:33,
[35.404s]                  from /home/j/colcon_ws/ORB_SLAM3/include/KeyFrame.h:28,
[35.405s]                  from /home/j/colcon_ws/ORB_SLAM3/include/MapPoint.h:23,
[35.405s]                  from /home/j/colcon_ws/ORB_SLAM3/include/FrameDrawer.h:24,
[35.405s]                  from /home/j/colcon_ws/ORB_SLAM3/include/Viewer.h:23,
[35.405s]                  from /home/j/colcon_ws/ORB_SLAM3/include/Tracking.h:26,
[35.405s]                  from /home/j/colcon_ws/ORB_SLAM3/include/System.h:31,
[35.405s]                  from /home/j/colcon_ws/src/orbslam3_ros2/src/stereo/stereo-slam-node.hpp:13,
[35.405s]                  from /home/j/colcon_ws/src/orbslam3_ros2/src/stereo/stereo-slam-node.cpp:1:
[35.405s] /home/j/colcon_ws/ORB_SLAM3/Thirdparty/g2o/g2o/types/../core/base_binary_edge.h: In instantiation of ‘class g2o::BaseBinaryEdge<2, Eigen::Matrix<double, 2, 1>, g2o::VertexSBAPointXYZ, g2o::VertexSE3Expmap>’:
[35.405s] /home/j/colcon_ws/ORB_SLAM3/Thirdparty/g2o/g2o/types/types_six_dof_expmap.h:114:35:   required from here
[35.405s] /home/j/colcon_ws/ORB_SLAM3/Thirdparty/g2o/g2o/types/../core/base_binary_edge.h:59:80: warning: ‘Eigen::AlignedBit’ is deprecated [-Wdeprecated-declarations]
[35.405s]    59 |       typedef Eigen::Map<Matrix<double, Di, Dj>, Matrix<double, Di, Dj>::Flags & AlignedBit ? Aligned : Unaligned > HessianBlockType;
[35.405s]       |                                                                          ~~~~~~^~~~~~~~~~~~
[35.405s] In file included from /usr/include/eigen3/Eigen/Core:161,
[35.406s]                  from /usr/include/eigen3/Eigen/LU:11,
[35.406s]                  from /home/j/colcon_ws/ORB_SLAM3/Thirdparty/Sophus/sophus/so2.hpp:12,
[35.406s]                  from /home/j/colcon_ws/ORB_SLAM3/Thirdparty/Sophus/sophus/se2.hpp:7,
[35.406s]                  from /home/j/colcon_ws/ORB_SLAM3/Thirdparty/Sophus/sophus/geometry.hpp:7,
[35.406s]                  from /home/j/colcon_ws/ORB_SLAM3/include/Frame.h:28,
[35.406s]                  from /home/j/colcon_ws/ORB_SLAM3/include/KeyFrame.h:28,
[35.406s]                  from /home/j/colcon_ws/ORB_SLAM3/include/MapPoint.h:23,
[35.406s]                  from /home/j/colcon_ws/ORB_SLAM3/include/FrameDrawer.h:24,
[35.406s]                  from /home/j/colcon_ws/ORB_SLAM3/include/Viewer.h:23,
[35.406s]                  from /home/j/colcon_ws/ORB_SLAM3/include/Tracking.h:26,
[35.406s]                  from /home/j/colcon_ws/ORB_SLAM3/include/System.h:31,
[35.406s]                  from /home/j/colcon_ws/src/orbslam3_ros2/src/stereo/stereo-slam-node.hpp:13,
[35.407s]                  from /home/j/colcon_ws/src/orbslam3_ros2/src/stereo/stereo-slam-node.cpp:1:
[35.407s] /usr/include/eigen3/Eigen/src/Core/util/Constants.h:167:37: note: declared here
[35.407s]   167 | EIGEN_DEPRECATED const unsigned int AlignedBit = 0x80;
[35.407s]       |                                     ^~~~~~~~~~
[35.419s] In file included from /home/j/colcon_ws/ORB_SLAM3/Thirdparty/g2o/g2o/types/types_six_dof_expmap.h:38,
[35.419s]                  from /home/j/colcon_ws/ORB_SLAM3/include/Converter.h:26,
[35.420s]                  from /home/j/colcon_ws/ORB_SLAM3/include/Frame.h:33,
[35.420s]                  from /home/j/colcon_ws/ORB_SLAM3/include/KeyFrame.h:28,
[35.420s]                  from /home/j/colcon_ws/ORB_SLAM3/include/MapPoint.h:23,
[35.420s]                  from /home/j/colcon_ws/ORB_SLAM3/include/FrameDrawer.h:24,
[35.420s]                  from /home/j/colcon_ws/ORB_SLAM3/include/Viewer.h:23,
[35.420s]                  from /home/j/colcon_ws/ORB_SLAM3/include/Tracking.h:26,
[35.420s]                  from /home/j/colcon_ws/ORB_SLAM3/include/System.h:31,
[35.420s]                  from /home/j/colcon_ws/src/orbslam3_ros2/src/stereo/stereo-slam-node.hpp:13,
[35.420s]                  from /home/j/colcon_ws/src/orbslam3_ros2/src/stereo/stereo-slam-node.cpp:1:
[35.420s] /home/j/colcon_ws/ORB_SLAM3/Thirdparty/g2o/g2o/types/../core/base_binary_edge.h:60:80: warning: ‘Eigen::AlignedBit’ is deprecated [-Wdeprecated-declarations]
[35.420s]    60 |       typedef Eigen::Map<Matrix<double, Dj, Di>, Matrix<double, Dj, Di>::Flags & AlignedBit ? Aligned : Unaligned > HessianBlockTransposedType;
[35.420s]       |                                                                          ~~~~~~^~~~~~~~~~~~
[35.420s] In file included from /usr/include/eigen3/Eigen/Core:161,
[35.421s]                  from /usr/include/eigen3/Eigen/LU:11,
[35.421s]                  from /home/j/colcon_ws/ORB_SLAM3/Thirdparty/Sophus/sophus/so2.hpp:12,
[35.421s]                  from /home/j/colcon_ws/ORB_SLAM3/Thirdparty/Sophus/sophus/se2.hpp:7,
[35.421s]                  from /home/j/colcon_ws/ORB_SLAM3/Thirdparty/Sophus/sophus/geometry.hpp:7,
[35.421s]                  from /home/j/colcon_ws/ORB_SLAM3/include/Frame.h:28,
[35.421s]                  from /home/j/colcon_ws/ORB_SLAM3/include/KeyFrame.h:28,
[35.421s]                  from /home/j/colcon_ws/ORB_SLAM3/include/MapPoint.h:23,
[35.421s]                  from /home/j/colcon_ws/ORB_SLAM3/include/FrameDrawer.h:24,
[35.421s]                  from /home/j/colcon_ws/ORB_SLAM3/include/Viewer.h:23,
[35.421s]                  from /home/j/colcon_ws/ORB_SLAM3/include/Tracking.h:26,
[35.421s]                  from /home/j/colcon_ws/ORB_SLAM3/include/System.h:31,
[35.421s]                  from /home/j/colcon_ws/src/orbslam3_ros2/src/stereo/stereo-slam-node.hpp:13,
[35.421s]                  from /home/j/colcon_ws/src/orbslam3_ros2/src/stereo/stereo-slam-node.cpp:1:
[35.422s] /usr/include/eigen3/Eigen/src/Core/util/Constants.h:167:37: note: declared here
[35.422s]   167 | EIGEN_DEPRECATED const unsigned int AlignedBit = 0x80;
[35.422s]       |                                     ^~~~~~~~~~
[35.429s] In file included from /home/j/colcon_ws/ORB_SLAM3/Thirdparty/g2o/g2o/types/types_six_dof_expmap.h:38,
[35.429s]                  from /home/j/colcon_ws/ORB_SLAM3/include/Converter.h:26,
[35.429s]                  from /home/j/colcon_ws/ORB_SLAM3/include/Frame.h:33,
[35.429s]                  from /home/j/colcon_ws/ORB_SLAM3/include/KeyFrame.h:28,
[35.430s]                  from /home/j/colcon_ws/ORB_SLAM3/include/MapPoint.h:23,
[35.430s]                  from /home/j/colcon_ws/ORB_SLAM3/include/FrameDrawer.h:24,
[35.430s]                  from /home/j/colcon_ws/ORB_SLAM3/include/Viewer.h:23,
[35.430s]                  from /home/j/colcon_ws/ORB_SLAM3/include/Tracking.h:26,
[35.430s]                  from /home/j/colcon_ws/ORB_SLAM3/include/System.h:31,
[35.430s]                  from /home/j/colcon_ws/src/orbslam3_ros2/src/monocular/monocular-slam-node.hpp:9,
[35.430s]                  from /home/j/colcon_ws/src/orbslam3_ros2/src/monocular/monocular-slam-node.cpp:1:
[35.430s] /home/j/colcon_ws/ORB_SLAM3/Thirdparty/g2o/g2o/types/../core/base_binary_edge.h: In instantiation of ‘class g2o::BaseBinaryEdge<3, Eigen::Matrix<double, 3, 1>, g2o::VertexSBAPointXYZ, g2o::VertexSE3Expmap>’:
[35.430s] /home/j/colcon_ws/ORB_SLAM3/Thirdparty/g2o/g2o/types/types_six_dof_expmap.h:146:41:   required from here
[35.430s] /home/j/colcon_ws/ORB_SLAM3/Thirdparty/g2o/g2o/types/../core/base_binary_edge.h:59:80: warning: ‘Eigen::AlignedBit’ is deprecated [-Wdeprecated-declarations]
[35.430s]    59 |       typedef Eigen::Map<Matrix<double, Di, Dj>, Matrix<double, Di, Dj>::Flags & AlignedBit ? Aligned : Unaligned > HessianBlockType;
[35.430s]       |                                                                          ~~~~~~^~~~~~~~~~~~
[35.430s] In file included from /usr/include/eigen3/Eigen/Core:161,
[35.431s]                  from /usr/include/eigen3/Eigen/LU:11,
[35.431s]                  from /home/j/colcon_ws/ORB_SLAM3/Thirdparty/Sophus/sophus/so2.hpp:12,
[35.431s]                  from /home/j/colcon_ws/ORB_SLAM3/Thirdparty/Sophus/sophus/se2.hpp:7,
[35.431s]                  from /home/j/colcon_ws/ORB_SLAM3/Thirdparty/Sophus/sophus/geometry.hpp:7,
[35.431s]                  from /home/j/colcon_ws/ORB_SLAM3/include/Frame.h:28,
[35.431s]                  from /home/j/colcon_ws/ORB_SLAM3/include/KeyFrame.h:28,
[35.431s]                  from /home/j/colcon_ws/ORB_SLAM3/include/MapPoint.h:23,
[35.431s]                  from /home/j/colcon_ws/ORB_SLAM3/include/FrameDrawer.h:24,
[35.431s]                  from /home/j/colcon_ws/ORB_SLAM3/include/Viewer.h:23,
[35.431s]                  from /home/j/colcon_ws/ORB_SLAM3/include/Tracking.h:26,
[35.431s]                  from /home/j/colcon_ws/ORB_SLAM3/include/System.h:31,
[35.432s]                  from /home/j/colcon_ws/src/orbslam3_ros2/src/monocular/monocular-slam-node.hpp:9,
[35.432s]                  from /home/j/colcon_ws/src/orbslam3_ros2/src/monocular/monocular-slam-node.cpp:1:
[35.432s] /usr/include/eigen3/Eigen/src/Core/util/Constants.h:167:37: note: declared here
[35.432s]   167 | EIGEN_DEPRECATED const unsigned int AlignedBit = 0x80;
[35.432s]       |                                     ^~~~~~~~~~
[35.432s] In file included from /home/j/colcon_ws/ORB_SLAM3/Thirdparty/g2o/g2o/types/types_six_dof_expmap.h:38,
[35.432s]                  from /home/j/colcon_ws/ORB_SLAM3/include/Converter.h:26,
[35.432s]                  from /home/j/colcon_ws/ORB_SLAM3/include/Frame.h:33,
[35.432s]                  from /home/j/colcon_ws/ORB_SLAM3/include/KeyFrame.h:28,
[35.432s]                  from /home/j/colcon_ws/ORB_SLAM3/include/MapPoint.h:23,
[35.432s]                  from /home/j/colcon_ws/ORB_SLAM3/include/FrameDrawer.h:24,
[35.432s]                  from /home/j/colcon_ws/ORB_SLAM3/include/Viewer.h:23,
[35.432s]                  from /home/j/colcon_ws/ORB_SLAM3/include/Tracking.h:26,
[35.433s]                  from /home/j/colcon_ws/ORB_SLAM3/include/System.h:31,
[35.433s]                  from /home/j/colcon_ws/src/orbslam3_ros2/src/monocular/monocular-slam-node.hpp:9,
[35.433s]                  from /home/j/colcon_ws/src/orbslam3_ros2/src/monocular/monocular-slam-node.cpp:1:
[35.433s] /home/j/colcon_ws/ORB_SLAM3/Thirdparty/g2o/g2o/types/../core/base_binary_edge.h:60:80: warning: ‘Eigen::AlignedBit’ is deprecated [-Wdeprecated-declarations]
[35.433s]    60 |       typedef Eigen::Map<Matrix<double, Dj, Di>, Matrix<double, Dj, Di>::Flags & AlignedBit ? Aligned : Unaligned > HessianBlockTransposedType;
[35.433s]       |                                                                          ~~~~~~^~~~~~~~~~~~
[35.433s] In file included from /usr/include/eigen3/Eigen/Core:161,
[35.433s]                  from /usr/include/eigen3/Eigen/LU:11,
[35.433s]                  from /home/j/colcon_ws/ORB_SLAM3/Thirdparty/Sophus/sophus/so2.hpp:12,
[35.433s]                  from /home/j/colcon_ws/ORB_SLAM3/Thirdparty/Sophus/sophus/se2.hpp:7,
[35.433s]                  from /home/j/colcon_ws/ORB_SLAM3/Thirdparty/Sophus/sophus/geometry.hpp:7,
[35.433s]                  from /home/j/colcon_ws/ORB_SLAM3/include/Frame.h:28,
[35.433s]                  from /home/j/colcon_ws/ORB_SLAM3/include/KeyFrame.h:28,
[35.434s]                  from /home/j/colcon_ws/ORB_SLAM3/include/MapPoint.h:23,
[35.434s]                  from /home/j/colcon_ws/ORB_SLAM3/include/FrameDrawer.h:24,
[35.434s]                  from /home/j/colcon_ws/ORB_SLAM3/include/Viewer.h:23,
[35.434s]                  from /home/j/colcon_ws/ORB_SLAM3/include/Tracking.h:26,
[35.434s]                  from /home/j/colcon_ws/ORB_SLAM3/include/System.h:31,
[35.434s]                  from /home/j/colcon_ws/src/orbslam3_ros2/src/monocular/monocular-slam-node.hpp:9,
[35.434s]                  from /home/j/colcon_ws/src/orbslam3_ros2/src/monocular/monocular-slam-node.cpp:1:
[35.434s] /usr/include/eigen3/Eigen/src/Core/util/Constants.h:167:37: note: declared here
[35.434s]   167 | EIGEN_DEPRECATED const unsigned int AlignedBit = 0x80;
[35.434s]       |                                     ^~~~~~~~~~
[35.434s] In file included from /home/j/colcon_ws/ORB_SLAM3/Thirdparty/g2o/g2o/types/types_six_dof_expmap.h:38,
[35.434s]                  from /home/j/colcon_ws/ORB_SLAM3/include/Converter.h:26,
[35.435s]                  from /home/j/colcon_ws/ORB_SLAM3/include/Frame.h:33,
[35.435s]                  from /home/j/colcon_ws/ORB_SLAM3/include/KeyFrame.h:28,
[35.435s]                  from /home/j/colcon_ws/ORB_SLAM3/include/MapPoint.h:23,
[35.435s]                  from /home/j/colcon_ws/ORB_SLAM3/include/FrameDrawer.h:24,
[35.435s]                  from /home/j/colcon_ws/ORB_SLAM3/include/Viewer.h:23,
[35.435s]                  from /home/j/colcon_ws/ORB_SLAM3/include/Tracking.h:26,
[35.435s]                  from /home/j/colcon_ws/ORB_SLAM3/include/System.h:31,
[35.435s]                  from /home/j/colcon_ws/src/orbslam3_ros2/src/stereo-inertial/stereo-inertial-node.hpp:10,
[35.435s]                  from /home/j/colcon_ws/src/orbslam3_ros2/src/stereo-inertial/stereo-inertial-node.cpp:1:
[35.435s] /home/j/colcon_ws/ORB_SLAM3/Thirdparty/g2o/g2o/types/../core/base_binary_edge.h: In instantiation of ‘class g2o::BaseBinaryEdge<2, Eigen::Matrix<double, 2, 1>, g2o::VertexSBAPointXYZ, g2o::VertexSE3Expmap>’:
[35.435s] /home/j/colcon_ws/ORB_SLAM3/Thirdparty/g2o/g2o/types/types_six_dof_expmap.h:114:35:   required from here
[35.435s] /home/j/colcon_ws/ORB_SLAM3/Thirdparty/g2o/g2o/types/../core/base_binary_edge.h:59:80: warning: ‘Eigen::AlignedBit’ is deprecated [-Wdeprecated-declarations]
[35.435s]    59 |       typedef Eigen::Map<Matrix<double, Di, Dj>, Matrix<double, Di, Dj>::Flags & AlignedBit ? Aligned : Unaligned > HessianBlockType;
[35.436s]       |                                                                          ~~~~~~^~~~~~~~~~~~
[35.436s] In file included from /usr/include/eigen3/Eigen/Core:161,
[35.436s]                  from /usr/include/eigen3/Eigen/LU:11,
[35.436s]                  from /home/j/colcon_ws/ORB_SLAM3/Thirdparty/Sophus/sophus/so2.hpp:12,
[35.436s]                  from /home/j/colcon_ws/ORB_SLAM3/Thirdparty/Sophus/sophus/se2.hpp:7,
[35.436s]                  from /home/j/colcon_ws/ORB_SLAM3/Thirdparty/Sophus/sophus/geometry.hpp:7,
[35.436s]                  from /home/j/colcon_ws/ORB_SLAM3/include/Frame.h:28,
[35.436s]                  from /home/j/colcon_ws/ORB_SLAM3/include/KeyFrame.h:28,
[35.436s]                  from /home/j/colcon_ws/ORB_SLAM3/include/MapPoint.h:23,
[35.436s]                  from /home/j/colcon_ws/ORB_SLAM3/include/FrameDrawer.h:24,
[35.436s]                  from /home/j/colcon_ws/ORB_SLAM3/include/Viewer.h:23,
[35.436s]                  from /home/j/colcon_ws/ORB_SLAM3/include/Tracking.h:26,
[35.437s]                  from /home/j/colcon_ws/ORB_SLAM3/include/System.h:31,
[35.437s]                  from /home/j/colcon_ws/src/orbslam3_ros2/src/stereo-inertial/stereo-inertial-node.hpp:10,
[35.437s]                  from /home/j/colcon_ws/src/orbslam3_ros2/src/stereo-inertial/stereo-inertial-node.cpp:1:
[35.437s] /usr/include/eigen3/Eigen/src/Core/util/Constants.h:167:37: note: declared here
[35.437s]   167 | EIGEN_DEPRECATED const unsigned int AlignedBit = 0x80;
[35.437s]       |                                     ^~~~~~~~~~
[35.442s] In file included from /home/j/colcon_ws/ORB_SLAM3/Thirdparty/g2o/g2o/types/types_six_dof_expmap.h:38,
[35.443s]                  from /home/j/colcon_ws/ORB_SLAM3/include/Converter.h:26,
[35.443s]                  from /home/j/colcon_ws/ORB_SLAM3/include/Frame.h:33,
[35.443s]                  from /home/j/colcon_ws/ORB_SLAM3/include/KeyFrame.h:28,
[35.443s]                  from /home/j/colcon_ws/ORB_SLAM3/include/MapPoint.h:23,
[35.443s]                  from /home/j/colcon_ws/ORB_SLAM3/include/FrameDrawer.h:24,
[35.443s]                  from /home/j/colcon_ws/ORB_SLAM3/include/Viewer.h:23,
[35.444s]                  from /home/j/colcon_ws/ORB_SLAM3/include/Tracking.h:26,
[35.444s]                  from /home/j/colcon_ws/ORB_SLAM3/include/System.h:31,
[35.444s]                  from /home/j/colcon_ws/src/orbslam3_ros2/src/rgbd/rgbd-slam-node.hpp:18,
[35.444s]                  from /home/j/colcon_ws/src/orbslam3_ros2/src/rgbd/rgbd-slam-node.cpp:1:
[35.444s] /home/j/colcon_ws/ORB_SLAM3/Thirdparty/g2o/g2o/types/../core/base_binary_edge.h: In instantiation of ‘class g2o::BaseBinaryEdge<3, Eigen::Matrix<double, 3, 1>, g2o::VertexSBAPointXYZ, g2o::VertexSE3Expmap>’:
[35.444s] /home/j/colcon_ws/ORB_SLAM3/Thirdparty/g2o/g2o/types/types_six_dof_expmap.h:146:41:   required from here
[35.444s] /home/j/colcon_ws/ORB_SLAM3/Thirdparty/g2o/g2o/types/../core/base_binary_edge.h:59:80: warning: ‘Eigen::AlignedBit’ is deprecated [-Wdeprecated-declarations]
[35.444s]    59 |       typedef Eigen::Map<Matrix<double, Di, Dj>, Matrix<double, Di, Dj>::Flags & AlignedBit ? Aligned : Unaligned > HessianBlockType;
[35.444s]       |                                                                          ~~~~~~^~~~~~~~~~~~
[35.445s] In file included from /usr/include/eigen3/Eigen/Core:161,
[35.445s]                  from /usr/include/eigen3/Eigen/LU:11,
[35.445s]                  from /home/j/colcon_ws/ORB_SLAM3/Thirdparty/Sophus/sophus/so2.hpp:12,
[35.445s]                  from /home/j/colcon_ws/ORB_SLAM3/Thirdparty/Sophus/sophus/se2.hpp:7,
[35.445s]                  from /home/j/colcon_ws/ORB_SLAM3/Thirdparty/Sophus/sophus/geometry.hpp:7,
[35.445s]                  from /home/j/colcon_ws/ORB_SLAM3/include/Frame.h:28,
[35.445s]                  from /home/j/colcon_ws/ORB_SLAM3/include/KeyFrame.h:28,
[35.445s]                  from /home/j/colcon_ws/ORB_SLAM3/include/MapPoint.h:23,
[35.445s]                  from /home/j/colcon_ws/ORB_SLAM3/include/FrameDrawer.h:24,
[35.445s]                  from /home/j/colcon_ws/ORB_SLAM3/include/Viewer.h:23,
[35.445s]                  from /home/j/colcon_ws/ORB_SLAM3/include/Tracking.h:26,
[35.445s]                  from /home/j/colcon_ws/ORB_SLAM3/include/System.h:31,
[35.445s]                  from /home/j/colcon_ws/src/orbslam3_ros2/src/rgbd/rgbd-slam-node.hpp:18,
[35.446s]                  from /home/j/colcon_ws/src/orbslam3_ros2/src/rgbd/rgbd-slam-node.cpp:1:
[35.446s] /usr/include/eigen3/Eigen/src/Core/util/Constants.h:167:37: note: declared here
[35.446s]   167 | EIGEN_DEPRECATED const unsigned int AlignedBit = 0x80;
[35.446s]       |                                     ^~~~~~~~~~
[35.446s] In file included from /home/j/colcon_ws/ORB_SLAM3/Thirdparty/g2o/g2o/types/types_six_dof_expmap.h:38,
[35.446s]                  from /home/j/colcon_ws/ORB_SLAM3/include/Converter.h:26,
[35.446s]                  from /home/j/colcon_ws/ORB_SLAM3/include/Frame.h:33,
[35.446s]                  from /home/j/colcon_ws/ORB_SLAM3/include/KeyFrame.h:28,
[35.446s]                  from /home/j/colcon_ws/ORB_SLAM3/include/MapPoint.h:23,
[35.446s]                  from /home/j/colcon_ws/ORB_SLAM3/include/FrameDrawer.h:24,
[35.446s]                  from /home/j/colcon_ws/ORB_SLAM3/include/Viewer.h:23,
[35.446s]                  from /home/j/colcon_ws/ORB_SLAM3/include/Tracking.h:26,
[35.447s]                  from /home/j/colcon_ws/ORB_SLAM3/include/System.h:31,
[35.447s]                  from /home/j/colcon_ws/src/orbslam3_ros2/src/rgbd/rgbd-slam-node.hpp:18,
[35.447s]                  from /home/j/colcon_ws/src/orbslam3_ros2/src/rgbd/rgbd-slam-node.cpp:1:
[35.447s] /home/j/colcon_ws/ORB_SLAM3/Thirdparty/g2o/g2o/types/../core/base_binary_edge.h:60:80: warning: ‘Eigen::AlignedBit’ is deprecated [-Wdeprecated-declarations]
[35.447s]    60 |       typedef Eigen::Map<Matrix<double, Dj, Di>, Matrix<double, Dj, Di>::Flags & AlignedBit ? Aligned : Unaligned > HessianBlockTransposedType;
[35.447s]       |                                                                          ~~~~~~^~~~~~~~~~~~
[35.447s] In file included from /usr/include/eigen3/Eigen/Core:161,
[35.447s]                  from /usr/include/eigen3/Eigen/LU:11,
[35.447s]                  from /home/j/colcon_ws/ORB_SLAM3/Thirdparty/Sophus/sophus/so2.hpp:12,
[35.447s]                  from /home/j/colcon_ws/ORB_SLAM3/Thirdparty/Sophus/sophus/se2.hpp:7,
[35.447s]                  from /home/j/colcon_ws/ORB_SLAM3/Thirdparty/Sophus/sophus/geometry.hpp:7,
[35.447s]                  from /home/j/colcon_ws/ORB_SLAM3/include/Frame.h:28,
[35.448s]                  from /home/j/colcon_ws/ORB_SLAM3/include/KeyFrame.h:28,
[35.448s]                  from /home/j/colcon_ws/ORB_SLAM3/include/MapPoint.h:23,
[35.448s]                  from /home/j/colcon_ws/ORB_SLAM3/include/FrameDrawer.h:24,
[35.448s]                  from /home/j/colcon_ws/ORB_SLAM3/include/Viewer.h:23,
[35.448s]                  from /home/j/colcon_ws/ORB_SLAM3/include/Tracking.h:26,
[35.448s]                  from /home/j/colcon_ws/ORB_SLAM3/include/System.h:31,
[35.448s]                  from /home/j/colcon_ws/src/orbslam3_ros2/src/rgbd/rgbd-slam-node.hpp:18,
[35.448s]                  from /home/j/colcon_ws/src/orbslam3_ros2/src/rgbd/rgbd-slam-node.cpp:1:
[35.448s] /usr/include/eigen3/Eigen/src/Core/util/Constants.h:167:37: note: declared here
[35.448s]   167 | EIGEN_DEPRECATED const unsigned int AlignedBit = 0x80;
[35.448s]       |                                     ^~~~~~~~~~
[35.448s] In file included from /home/j/colcon_ws/ORB_SLAM3/Thirdparty/g2o/g2o/types/types_six_dof_expmap.h:38,
[35.449s]                  from /home/j/colcon_ws/ORB_SLAM3/include/Converter.h:26,
[35.449s]                  from /home/j/colcon_ws/ORB_SLAM3/include/Frame.h:33,
[35.449s]                  from /home/j/colcon_ws/ORB_SLAM3/include/KeyFrame.h:28,
[35.449s]                  from /home/j/colcon_ws/ORB_SLAM3/include/MapPoint.h:23,
[35.449s]                  from /home/j/colcon_ws/ORB_SLAM3/include/FrameDrawer.h:24,
[35.449s]                  from /home/j/colcon_ws/ORB_SLAM3/include/Viewer.h:23,
[35.449s]                  from /home/j/colcon_ws/ORB_SLAM3/include/Tracking.h:26,
[35.449s]                  from /home/j/colcon_ws/ORB_SLAM3/include/System.h:31,
[35.449s]                  from /home/j/colcon_ws/src/orbslam3_ros2/src/rgbd/rgbd-slam-node.hpp:18,
[35.449s]                  from /home/j/colcon_ws/src/orbslam3_ros2/src/rgbd/rgbd.cpp:7:
[35.449s] /home/j/colcon_ws/ORB_SLAM3/Thirdparty/g2o/g2o/types/../core/base_binary_edge.h: In instantiation of ‘class g2o::BaseBinaryEdge<3, Eigen::Matrix<double, 3, 1>, g2o::VertexSBAPointXYZ, g2o::VertexSE3Expmap>’:
[35.449s] /home/j/colcon_ws/ORB_SLAM3/Thirdparty/g2o/g2o/types/types_six_dof_expmap.h:146:41:   required from here
[35.450s] /home/j/colcon_ws/ORB_SLAM3/Thirdparty/g2o/g2o/types/../core/base_binary_edge.h:59:80: warning: ‘Eigen::AlignedBit’ is deprecated [-Wdeprecated-declarations]
[35.450s]    59 |       typedef Eigen::Map<Matrix<double, Di, Dj>, Matrix<double, Di, Dj>::Flags & AlignedBit ? Aligned : Unaligned > HessianBlockType;
[35.450s]       |                                                                          ~~~~~~^~~~~~~~~~~~
[35.450s] In file included from /usr/include/eigen3/Eigen/Core:161,
[35.450s]                  from /usr/include/eigen3/Eigen/LU:11,
[35.450s]                  from /home/j/colcon_ws/ORB_SLAM3/Thirdparty/Sophus/sophus/so2.hpp:12,
[35.450s]                  from /home/j/colcon_ws/ORB_SLAM3/Thirdparty/Sophus/sophus/se2.hpp:7,
[35.450s]                  from /home/j/colcon_ws/ORB_SLAM3/Thirdparty/Sophus/sophus/geometry.hpp:7,
[35.450s]                  from /home/j/colcon_ws/ORB_SLAM3/include/Frame.h:28,
[35.450s]                  from /home/j/colcon_ws/ORB_SLAM3/include/KeyFrame.h:28,
[35.450s]                  from /home/j/colcon_ws/ORB_SLAM3/include/MapPoint.h:23,
[35.451s]                  from /home/j/colcon_ws/ORB_SLAM3/include/FrameDrawer.h:24,
[35.451s]                  from /home/j/colcon_ws/ORB_SLAM3/include/Viewer.h:23,
[35.451s]                  from /home/j/colcon_ws/ORB_SLAM3/include/Tracking.h:26,
[35.451s]                  from /home/j/colcon_ws/ORB_SLAM3/include/System.h:31,
[35.451s]                  from /home/j/colcon_ws/src/orbslam3_ros2/src/rgbd/rgbd-slam-node.hpp:18,
[35.451s]                  from /home/j/colcon_ws/src/orbslam3_ros2/src/rgbd/rgbd.cpp:7:
[35.451s] /usr/include/eigen3/Eigen/src/Core/util/Constants.h:167:37: note: declared here
[35.451s]   167 | EIGEN_DEPRECATED const unsigned int AlignedBit = 0x80;
[35.451s]       |                                     ^~~~~~~~~~
[35.451s] In file included from /home/j/colcon_ws/ORB_SLAM3/Thirdparty/g2o/g2o/types/types_six_dof_expmap.h:38,
[35.451s]                  from /home/j/colcon_ws/ORB_SLAM3/include/Converter.h:26,
[35.451s]                  from /home/j/colcon_ws/ORB_SLAM3/include/Frame.h:33,
[35.452s]                  from /home/j/colcon_ws/ORB_SLAM3/include/KeyFrame.h:28,
[35.452s]                  from /home/j/colcon_ws/ORB_SLAM3/include/MapPoint.h:23,
[35.452s]                  from /home/j/colcon_ws/ORB_SLAM3/include/FrameDrawer.h:24,
[35.452s]                  from /home/j/colcon_ws/ORB_SLAM3/include/Viewer.h:23,
[35.452s]                  from /home/j/colcon_ws/ORB_SLAM3/include/Tracking.h:26,
[35.452s]                  from /home/j/colcon_ws/ORB_SLAM3/include/System.h:31,
[35.452s]                  from /home/j/colcon_ws/src/orbslam3_ros2/src/rgbd/rgbd-slam-node.hpp:18,
[35.453s]                  from /home/j/colcon_ws/src/orbslam3_ros2/src/rgbd/rgbd.cpp:7:
[35.453s] /home/j/colcon_ws/ORB_SLAM3/Thirdparty/g2o/g2o/types/../core/base_binary_edge.h:60:80: warning: ‘Eigen::AlignedBit’ is deprecated [-Wdeprecated-declarations]
[35.453s]    60 |       typedef Eigen::Map<Matrix<double, Dj, Di>, Matrix<double, Dj, Di>::Flags & AlignedBit ? Aligned : Unaligned > HessianBlockTransposedType;
[35.453s]       |                                                                          ~~~~~~^~~~~~~~~~~~
[35.453s] In file included from /usr/include/eigen3/Eigen/Core:161,
[35.453s]                  from /usr/include/eigen3/Eigen/LU:11,
[35.453s]                  from /home/j/colcon_ws/ORB_SLAM3/Thirdparty/Sophus/sophus/so2.hpp:12,
[35.453s]                  from /home/j/colcon_ws/ORB_SLAM3/Thirdparty/Sophus/sophus/se2.hpp:7,
[35.453s]                  from /home/j/colcon_ws/ORB_SLAM3/Thirdparty/Sophus/sophus/geometry.hpp:7,
[35.454s]                  from /home/j/colcon_ws/ORB_SLAM3/include/Frame.h:28,
[35.454s]                  from /home/j/colcon_ws/ORB_SLAM3/include/KeyFrame.h:28,
[35.454s]                  from /home/j/colcon_ws/ORB_SLAM3/include/MapPoint.h:23,
[35.454s]                  from /home/j/colcon_ws/ORB_SLAM3/include/FrameDrawer.h:24,
[35.454s]                  from /home/j/colcon_ws/ORB_SLAM3/include/Viewer.h:23,
[35.454s]                  from /home/j/colcon_ws/ORB_SLAM3/include/Tracking.h:26,
[35.454s]                  from /home/j/colcon_ws/ORB_SLAM3/include/System.h:31,
[35.454s]                  from /home/j/colcon_ws/src/orbslam3_ros2/src/rgbd/rgbd-slam-node.hpp:18,
[35.454s]                  from /home/j/colcon_ws/src/orbslam3_ros2/src/rgbd/rgbd.cpp:7:
[35.454s] /usr/include/eigen3/Eigen/src/Core/util/Constants.h:167:37: note: declared here
[35.454s]   167 | EIGEN_DEPRECATED const unsigned int AlignedBit = 0x80;
[35.454s]       |                                     ^~~~~~~~~~
[35.455s] In file included from /home/j/colcon_ws/ORB_SLAM3/Thirdparty/g2o/g2o/types/types_six_dof_expmap.h:38,
[35.455s]                  from /home/j/colcon_ws/ORB_SLAM3/include/Converter.h:26,
[35.455s]                  from /home/j/colcon_ws/ORB_SLAM3/include/Frame.h:33,
[35.455s]                  from /home/j/colcon_ws/ORB_SLAM3/include/KeyFrame.h:28,
[35.455s]                  from /home/j/colcon_ws/ORB_SLAM3/include/MapPoint.h:23,
[35.455s]                  from /home/j/colcon_ws/ORB_SLAM3/include/FrameDrawer.h:24,
[35.455s]                  from /home/j/colcon_ws/ORB_SLAM3/include/Viewer.h:23,
[35.455s]                  from /home/j/colcon_ws/ORB_SLAM3/include/Tracking.h:26,
[35.455s]                  from /home/j/colcon_ws/ORB_SLAM3/include/System.h:31,
[35.455s]                  from /home/j/colcon_ws/src/orbslam3_ros2/src/stereo-inertial/stereo-inertial-node.hpp:10,
[35.455s]                  from /home/j/colcon_ws/src/orbslam3_ros2/src/stereo-inertial/stereo-inertial-node.cpp:1:
[35.455s] /home/j/colcon_ws/ORB_SLAM3/Thirdparty/g2o/g2o/types/../core/base_binary_edge.h:60:80: warning: ‘Eigen::AlignedBit’ is deprecated [-Wdeprecated-declarations]
[35.455s]    60 |       typedef Eigen::Map<Matrix<double, Dj, Di>, Matrix<double, Dj, Di>::Flags & AlignedBit ? Aligned : Unaligned > HessianBlockTransposedType;
[35.456s]       |                                                                          ~~~~~~^~~~~~~~~~~~
[35.456s] In file included from /usr/include/eigen3/Eigen/Core:161,
[35.456s]                  from /usr/include/eigen3/Eigen/LU:11,
[35.456s]                  from /home/j/colcon_ws/ORB_SLAM3/Thirdparty/Sophus/sophus/so2.hpp:12,
[35.456s]                  from /home/j/colcon_ws/ORB_SLAM3/Thirdparty/Sophus/sophus/se2.hpp:7,
[35.456s]                  from /home/j/colcon_ws/ORB_SLAM3/Thirdparty/Sophus/sophus/geometry.hpp:7,
[35.456s]                  from /home/j/colcon_ws/ORB_SLAM3/include/Frame.h:28,
[35.456s]                  from /home/j/colcon_ws/ORB_SLAM3/include/KeyFrame.h:28,
[35.456s]                  from /home/j/colcon_ws/ORB_SLAM3/include/MapPoint.h:23,
[35.456s]                  from /home/j/colcon_ws/ORB_SLAM3/include/FrameDrawer.h:24,
[35.456s]                  from /home/j/colcon_ws/ORB_SLAM3/include/Viewer.h:23,
[35.457s]                  from /home/j/colcon_ws/ORB_SLAM3/include/Tracking.h:26,
[35.457s]                  from /home/j/colcon_ws/ORB_SLAM3/include/System.h:31,
[35.457s]                  from /home/j/colcon_ws/src/orbslam3_ros2/src/stereo-inertial/stereo-inertial-node.hpp:10,
[35.457s]                  from /home/j/colcon_ws/src/orbslam3_ros2/src/stereo-inertial/stereo-inertial-node.cpp:1:
[35.457s] /usr/include/eigen3/Eigen/src/Core/util/Constants.h:167:37: note: declared here
[35.457s]   167 | EIGEN_DEPRECATED const unsigned int AlignedBit = 0x80;
[35.457s]       |                                     ^~~~~~~~~~
[35.457s] In file included from /home/j/colcon_ws/ORB_SLAM3/Thirdparty/g2o/g2o/types/types_six_dof_expmap.h:38,
[35.457s]                  from /home/j/colcon_ws/ORB_SLAM3/include/Converter.h:26,
[35.457s]                  from /home/j/colcon_ws/ORB_SLAM3/include/Frame.h:33,
[35.457s]                  from /home/j/colcon_ws/ORB_SLAM3/include/KeyFrame.h:28,
[35.457s]                  from /home/j/colcon_ws/ORB_SLAM3/include/MapPoint.h:23,
[35.458s]                  from /home/j/colcon_ws/ORB_SLAM3/include/FrameDrawer.h:24,
[35.458s]                  from /home/j/colcon_ws/ORB_SLAM3/include/Viewer.h:23,
[35.458s]                  from /home/j/colcon_ws/ORB_SLAM3/include/Tracking.h:26,
[35.458s]                  from /home/j/colcon_ws/ORB_SLAM3/include/System.h:31,
[35.458s]                  from /home/j/colcon_ws/src/orbslam3_ros2/src/stereo-inertial/stereo-inertial-node.hpp:10,
[35.458s]                  from /home/j/colcon_ws/src/orbslam3_ros2/src/stereo-inertial/stereo-inertial.cpp:7:
[35.458s] /home/j/colcon_ws/ORB_SLAM3/Thirdparty/g2o/g2o/types/../core/base_binary_edge.h: In instantiation of ‘class g2o::BaseBinaryEdge<3, Eigen::Matrix<double, 3, 1>, g2o::VertexSBAPointXYZ, g2o::VertexSE3Expmap>’:
[35.458s] /home/j/colcon_ws/ORB_SLAM3/Thirdparty/g2o/g2o/types/types_six_dof_expmap.h:146:41:   required from here
[35.458s] /home/j/colcon_ws/ORB_SLAM3/Thirdparty/g2o/g2o/types/../core/base_binary_edge.h:59:80: warning: ‘Eigen::AlignedBit’ is deprecated [-Wdeprecated-declarations]
[35.458s]    59 |       typedef Eigen::Map<Matrix<double, Di, Dj>, Matrix<double, Di, Dj>::Flags & AlignedBit ? Aligned : Unaligned > HessianBlockType;
[35.458s]       |                                                                          ~~~~~~^~~~~~~~~~~~
[35.458s] In file included from /usr/include/eigen3/Eigen/Core:161,
[35.459s]                  from /usr/include/eigen3/Eigen/LU:11,
[35.459s]                  from /home/j/colcon_ws/ORB_SLAM3/Thirdparty/Sophus/sophus/so2.hpp:12,
[35.459s]                  from /home/j/colcon_ws/ORB_SLAM3/Thirdparty/Sophus/sophus/se2.hpp:7,
[35.459s]                  from /home/j/colcon_ws/ORB_SLAM3/Thirdparty/Sophus/sophus/geometry.hpp:7,
[35.459s]                  from /home/j/colcon_ws/ORB_SLAM3/include/Frame.h:28,
[35.459s]                  from /home/j/colcon_ws/ORB_SLAM3/include/KeyFrame.h:28,
[35.459s]                  from /home/j/colcon_ws/ORB_SLAM3/include/MapPoint.h:23,
[35.459s]                  from /home/j/colcon_ws/ORB_SLAM3/include/FrameDrawer.h:24,
[35.459s]                  from /home/j/colcon_ws/ORB_SLAM3/include/Viewer.h:23,
[35.459s]                  from /home/j/colcon_ws/ORB_SLAM3/include/Tracking.h:26,
[35.459s]                  from /home/j/colcon_ws/ORB_SLAM3/include/System.h:31,
[35.459s]                  from /home/j/colcon_ws/src/orbslam3_ros2/src/stereo-inertial/stereo-inertial-node.hpp:10,
[35.460s]                  from /home/j/colcon_ws/src/orbslam3_ros2/src/stereo-inertial/stereo-inertial.cpp:7:
[35.460s] /usr/include/eigen3/Eigen/src/Core/util/Constants.h:167:37: note: declared here
[35.460s]   167 | EIGEN_DEPRECATED const unsigned int AlignedBit = 0x80;
[35.460s]       |                                     ^~~~~~~~~~
[35.460s] In file included from /home/j/colcon_ws/ORB_SLAM3/Thirdparty/g2o/g2o/types/types_six_dof_expmap.h:38,
[35.460s]                  from /home/j/colcon_ws/ORB_SLAM3/include/Converter.h:26,
[35.460s]                  from /home/j/colcon_ws/ORB_SLAM3/include/Frame.h:33,
[35.460s]                  from /home/j/colcon_ws/ORB_SLAM3/include/KeyFrame.h:28,
[35.460s]                  from /home/j/colcon_ws/ORB_SLAM3/include/MapPoint.h:23,
[35.460s]                  from /home/j/colcon_ws/ORB_SLAM3/include/FrameDrawer.h:24,
[35.460s]                  from /home/j/colcon_ws/ORB_SLAM3/include/Viewer.h:23,
[35.460s]                  from /home/j/colcon_ws/ORB_SLAM3/include/Tracking.h:26,
[35.461s]                  from /home/j/colcon_ws/ORB_SLAM3/include/System.h:31,
[35.461s]                  from /home/j/colcon_ws/src/orbslam3_ros2/src/stereo-inertial/stereo-inertial-node.hpp:10,
[35.461s]                  from /home/j/colcon_ws/src/orbslam3_ros2/src/stereo-inertial/stereo-inertial.cpp:7:
[35.461s] /home/j/colcon_ws/ORB_SLAM3/Thirdparty/g2o/g2o/types/../core/base_binary_edge.h:60:80: warning: ‘Eigen::AlignedBit’ is deprecated [-Wdeprecated-declarations]
[35.461s]    60 |       typedef Eigen::Map<Matrix<double, Dj, Di>, Matrix<double, Dj, Di>::Flags & AlignedBit ? Aligned : Unaligned > HessianBlockTransposedType;
[35.461s]       |                                                                          ~~~~~~^~~~~~~~~~~~
[35.461s] In file included from /usr/include/eigen3/Eigen/Core:161,
[35.461s]                  from /usr/include/eigen3/Eigen/LU:11,
[35.461s]                  from /home/j/colcon_ws/ORB_SLAM3/Thirdparty/Sophus/sophus/so2.hpp:12,
[35.461s]                  from /home/j/colcon_ws/ORB_SLAM3/Thirdparty/Sophus/sophus/se2.hpp:7,
[35.461s]                  from /home/j/colcon_ws/ORB_SLAM3/Thirdparty/Sophus/sophus/geometry.hpp:7,
[35.461s]                  from /home/j/colcon_ws/ORB_SLAM3/include/Frame.h:28,
[35.461s]                  from /home/j/colcon_ws/ORB_SLAM3/include/KeyFrame.h:28,
[35.462s]                  from /home/j/colcon_ws/ORB_SLAM3/include/MapPoint.h:23,
[35.462s]                  from /home/j/colcon_ws/ORB_SLAM3/include/FrameDrawer.h:24,
[35.462s]                  from /home/j/colcon_ws/ORB_SLAM3/include/Viewer.h:23,
[35.462s]                  from /home/j/colcon_ws/ORB_SLAM3/include/Tracking.h:26,
[35.462s]                  from /home/j/colcon_ws/ORB_SLAM3/include/System.h:31,
[35.462s]                  from /home/j/colcon_ws/src/orbslam3_ros2/src/stereo-inertial/stereo-inertial-node.hpp:10,
[35.462s]                  from /home/j/colcon_ws/src/orbslam3_ros2/src/stereo-inertial/stereo-inertial.cpp:7:
[35.462s] /usr/include/eigen3/Eigen/src/Core/util/Constants.h:167:37: note: declared here
[35.462s]   167 | EIGEN_DEPRECATED const unsigned int AlignedBit = 0x80;
[35.462s]       |                                     ^~~~~~~~~~
[35.483s] In file included from /home/j/colcon_ws/ORB_SLAM3/Thirdparty/g2o/g2o/types/types_six_dof_expmap.h:38,
[35.483s]                  from /home/j/colcon_ws/ORB_SLAM3/include/Converter.h:26,
[35.483s]                  from /home/j/colcon_ws/ORB_SLAM3/include/Frame.h:33,
[35.483s]                  from /home/j/colcon_ws/ORB_SLAM3/include/KeyFrame.h:28,
[35.483s]                  from /home/j/colcon_ws/ORB_SLAM3/include/MapPoint.h:23,
[35.483s]                  from /home/j/colcon_ws/ORB_SLAM3/include/FrameDrawer.h:24,
[35.483s]                  from /home/j/colcon_ws/ORB_SLAM3/include/Viewer.h:23,
[35.483s]                  from /home/j/colcon_ws/ORB_SLAM3/include/Tracking.h:26,
[35.483s]                  from /home/j/colcon_ws/ORB_SLAM3/include/System.h:31,
[35.483s]                  from /home/j/colcon_ws/src/orbslam3_ros2/src/stereo/stereo-slam-node.hpp:13,
[35.483s]                  from /home/j/colcon_ws/src/orbslam3_ros2/src/stereo/stereo-slam-node.cpp:1:
[35.483s] /home/j/colcon_ws/ORB_SLAM3/Thirdparty/g2o/g2o/types/../core/base_binary_edge.h: In instantiation of ‘class g2o::BaseBinaryEdge<3, Eigen::Matrix<double, 3, 1>, g2o::VertexSBAPointXYZ, g2o::VertexSE3Expmap>’:
[35.484s] /home/j/colcon_ws/ORB_SLAM3/Thirdparty/g2o/g2o/types/types_six_dof_expmap.h:146:41:   required from here
[35.484s] /home/j/colcon_ws/ORB_SLAM3/Thirdparty/g2o/g2o/types/../core/base_binary_edge.h:59:80: warning: ‘Eigen::AlignedBit’ is deprecated [-Wdeprecated-declarations]
[35.484s]    59 |       typedef Eigen::Map<Matrix<double, Di, Dj>, Matrix<double, Di, Dj>::Flags & AlignedBit ? Aligned : Unaligned > HessianBlockType;
[35.484s]       |                                                                          ~~~~~~^~~~~~~~~~~~
[35.484s] In file included from /usr/include/eigen3/Eigen/Core:161,
[35.484s]                  from /usr/include/eigen3/Eigen/LU:11,
[35.484s]                  from /home/j/colcon_ws/ORB_SLAM3/Thirdparty/Sophus/sophus/so2.hpp:12,
[35.484s]                  from /home/j/colcon_ws/ORB_SLAM3/Thirdparty/Sophus/sophus/se2.hpp:7,
[35.484s]                  from /home/j/colcon_ws/ORB_SLAM3/Thirdparty/Sophus/sophus/geometry.hpp:7,
[35.484s]                  from /home/j/colcon_ws/ORB_SLAM3/include/Frame.h:28,
[35.484s]                  from /home/j/colcon_ws/ORB_SLAM3/include/KeyFrame.h:28,
[35.484s]                  from /home/j/colcon_ws/ORB_SLAM3/include/MapPoint.h:23,
[35.484s]                  from /home/j/colcon_ws/ORB_SLAM3/include/FrameDrawer.h:24,
[35.485s]                  from /home/j/colcon_ws/ORB_SLAM3/include/Viewer.h:23,
[35.485s]                  from /home/j/colcon_ws/ORB_SLAM3/include/Tracking.h:26,
[35.485s]                  from /home/j/colcon_ws/ORB_SLAM3/include/System.h:31,
[35.485s]                  from /home/j/colcon_ws/src/orbslam3_ros2/src/stereo/stereo-slam-node.hpp:13,
[35.485s]                  from /home/j/colcon_ws/src/orbslam3_ros2/src/stereo/stereo-slam-node.cpp:1:
[35.485s] /usr/include/eigen3/Eigen/src/Core/util/Constants.h:167:37: note: declared here
[35.485s]   167 | EIGEN_DEPRECATED const unsigned int AlignedBit = 0x80;
[35.485s]       |                                     ^~~~~~~~~~
[35.485s] In file included from /home/j/colcon_ws/ORB_SLAM3/Thirdparty/g2o/g2o/types/types_six_dof_expmap.h:38,
[35.485s]                  from /home/j/colcon_ws/ORB_SLAM3/include/Converter.h:26,
[35.485s]                  from /home/j/colcon_ws/ORB_SLAM3/include/Frame.h:33,
[35.485s]                  from /home/j/colcon_ws/ORB_SLAM3/include/KeyFrame.h:28,
[35.485s]                  from /home/j/colcon_ws/ORB_SLAM3/include/MapPoint.h:23,
[35.486s]                  from /home/j/colcon_ws/ORB_SLAM3/include/FrameDrawer.h:24,
[35.486s]                  from /home/j/colcon_ws/ORB_SLAM3/include/Viewer.h:23,
[35.486s]                  from /home/j/colcon_ws/ORB_SLAM3/include/Tracking.h:26,
[35.486s]                  from /home/j/colcon_ws/ORB_SLAM3/include/System.h:31,
[35.486s]                  from /home/j/colcon_ws/src/orbslam3_ros2/src/stereo/stereo-slam-node.hpp:13,
[35.486s]                  from /home/j/colcon_ws/src/orbslam3_ros2/src/stereo/stereo-slam-node.cpp:1:
[35.486s] /home/j/colcon_ws/ORB_SLAM3/Thirdparty/g2o/g2o/types/../core/base_binary_edge.h:60:80: warning: ‘Eigen::AlignedBit’ is deprecated [-Wdeprecated-declarations]
[35.486s]    60 |       typedef Eigen::Map<Matrix<double, Dj, Di>, Matrix<double, Dj, Di>::Flags & AlignedBit ? Aligned : Unaligned > HessianBlockTransposedType;
[35.486s]       |                                                                          ~~~~~~^~~~~~~~~~~~
[35.486s] In file included from /usr/include/eigen3/Eigen/Core:161,
[35.486s]                  from /usr/include/eigen3/Eigen/LU:11,
[35.486s]                  from /home/j/colcon_ws/ORB_SLAM3/Thirdparty/Sophus/sophus/so2.hpp:12,
[35.486s]                  from /home/j/colcon_ws/ORB_SLAM3/Thirdparty/Sophus/sophus/se2.hpp:7,
[35.487s]                  from /home/j/colcon_ws/ORB_SLAM3/Thirdparty/Sophus/sophus/geometry.hpp:7,
[35.487s]                  from /home/j/colcon_ws/ORB_SLAM3/include/Frame.h:28,
[35.487s]                  from /home/j/colcon_ws/ORB_SLAM3/include/KeyFrame.h:28,
[35.487s]                  from /home/j/colcon_ws/ORB_SLAM3/include/MapPoint.h:23,
[35.487s]                  from /home/j/colcon_ws/ORB_SLAM3/include/FrameDrawer.h:24,
[35.487s]                  from /home/j/colcon_ws/ORB_SLAM3/include/Viewer.h:23,
[35.487s]                  from /home/j/colcon_ws/ORB_SLAM3/include/Tracking.h:26,
[35.487s]                  from /home/j/colcon_ws/ORB_SLAM3/include/System.h:31,
[35.487s]                  from /home/j/colcon_ws/src/orbslam3_ros2/src/stereo/stereo-slam-node.hpp:13,
[35.487s]                  from /home/j/colcon_ws/src/orbslam3_ros2/src/stereo/stereo-slam-node.cpp:1:
[35.487s] /usr/include/eigen3/Eigen/src/Core/util/Constants.h:167:37: note: declared here
[35.487s]   167 | EIGEN_DEPRECATED const unsigned int AlignedBit = 0x80;
[35.487s]       |                                     ^~~~~~~~~~
[35.493s] In file included from /home/j/colcon_ws/ORB_SLAM3/Thirdparty/g2o/g2o/types/types_six_dof_expmap.h:37,
[35.493s]                  from /home/j/colcon_ws/ORB_SLAM3/include/Converter.h:26,
[35.493s]                  from /home/j/colcon_ws/ORB_SLAM3/include/Frame.h:33,
[35.493s]                  from /home/j/colcon_ws/ORB_SLAM3/include/KeyFrame.h:28,
[35.493s]                  from /home/j/colcon_ws/ORB_SLAM3/include/MapPoint.h:23,
[35.493s]                  from /home/j/colcon_ws/ORB_SLAM3/include/FrameDrawer.h:24,
[35.493s]                  from /home/j/colcon_ws/ORB_SLAM3/include/Viewer.h:23,
[35.493s]                  from /home/j/colcon_ws/ORB_SLAM3/include/Tracking.h:26,
[35.493s]                  from /home/j/colcon_ws/ORB_SLAM3/include/System.h:31,
[35.493s]                  from /home/j/colcon_ws/src/orbslam3_ros2/src/monocular/monocular-slam-node.hpp:9,
[35.493s]                  from /home/j/colcon_ws/src/orbslam3_ros2/src/monocular/mono.cpp:7:
[35.493s] /home/j/colcon_ws/ORB_SLAM3/Thirdparty/g2o/g2o/types/../core/base_vertex.h: In instantiation of ‘class g2o::BaseVertex<3, Eigen::Matrix<double, 3, 1> >’:
[35.494s] /home/j/colcon_ws/ORB_SLAM3/Thirdparty/g2o/g2o/types/types_sba.h:40:35:   required from here
[35.494s] /home/j/colcon_ws/ORB_SLAM3/Thirdparty/g2o/g2o/types/../core/base_vertex.h:62:72: warning: ‘Eigen::AlignedBit’ is deprecated [-Wdeprecated-declarations]
[35.494s]    62 |     typedef Eigen::Map<Matrix<double, D, D>, Matrix<double,D,D>::Flags & AlignedBit ? Aligned : Unaligned >  HessianBlockType;
[35.494s]       |                                                                  ~~~~~~^~~~~~~~~~~~
[35.494s] In file included from /usr/include/eigen3/Eigen/Core:161,
[35.494s]                  from /usr/include/eigen3/Eigen/LU:11,
[35.494s]                  from /home/j/colcon_ws/ORB_SLAM3/Thirdparty/Sophus/sophus/so2.hpp:12,
[35.494s]                  from /home/j/colcon_ws/ORB_SLAM3/Thirdparty/Sophus/sophus/se2.hpp:7,
[35.494s]                  from /home/j/colcon_ws/ORB_SLAM3/Thirdparty/Sophus/sophus/geometry.hpp:7,
[35.494s]                  from /home/j/colcon_ws/ORB_SLAM3/include/Frame.h:28,
[35.494s]                  from /home/j/colcon_ws/ORB_SLAM3/include/KeyFrame.h:28,
[35.494s]                  from /home/j/colcon_ws/ORB_SLAM3/include/MapPoint.h:23,
[35.494s]                  from /home/j/colcon_ws/ORB_SLAM3/include/FrameDrawer.h:24,
[35.495s]                  from /home/j/colcon_ws/ORB_SLAM3/include/Viewer.h:23,
[35.495s]                  from /home/j/colcon_ws/ORB_SLAM3/include/Tracking.h:26,
[35.495s]                  from /home/j/colcon_ws/ORB_SLAM3/include/System.h:31,
[35.495s]                  from /home/j/colcon_ws/src/orbslam3_ros2/src/monocular/monocular-slam-node.hpp:9,
[35.495s]                  from /home/j/colcon_ws/src/orbslam3_ros2/src/monocular/mono.cpp:7:
[35.495s] /usr/include/eigen3/Eigen/src/Core/util/Constants.h:167:37: note: declared here
[35.495s]   167 | EIGEN_DEPRECATED const unsigned int AlignedBit = 0x80;
[35.495s]       |                                     ^~~~~~~~~~
[35.496s] In file included from /home/j/colcon_ws/ORB_SLAM3/Thirdparty/g2o/g2o/types/types_six_dof_expmap.h:37,
[35.496s]                  from /home/j/colcon_ws/ORB_SLAM3/include/Converter.h:26,
[35.496s]                  from /home/j/colcon_ws/ORB_SLAM3/include/Frame.h:33,
[35.496s]                  from /home/j/colcon_ws/ORB_SLAM3/include/KeyFrame.h:28,
[35.496s]                  from /home/j/colcon_ws/ORB_SLAM3/include/MapPoint.h:23,
[35.496s]                  from /home/j/colcon_ws/ORB_SLAM3/include/FrameDrawer.h:24,
[35.496s]                  from /home/j/colcon_ws/ORB_SLAM3/include/Viewer.h:23,
[35.496s]                  from /home/j/colcon_ws/ORB_SLAM3/include/Tracking.h:26,
[35.496s]                  from /home/j/colcon_ws/ORB_SLAM3/include/System.h:31,
[35.496s]                  from /home/j/colcon_ws/src/orbslam3_ros2/src/stereo/stereo-slam-node.hpp:13,
[35.496s]                  from /home/j/colcon_ws/src/orbslam3_ros2/src/stereo/stereo.cpp:7:
[35.496s] /home/j/colcon_ws/ORB_SLAM3/Thirdparty/g2o/g2o/types/../core/base_vertex.h: In instantiation of ‘class g2o::BaseVertex<3, Eigen::Matrix<double, 3, 1> >’:
[35.496s] /home/j/colcon_ws/ORB_SLAM3/Thirdparty/g2o/g2o/types/types_sba.h:40:35:   required from here
[35.497s] /home/j/colcon_ws/ORB_SLAM3/Thirdparty/g2o/g2o/types/../core/base_vertex.h:62:72: warning: ‘Eigen::AlignedBit’ is deprecated [-Wdeprecated-declarations]
[35.497s]    62 |     typedef Eigen::Map<Matrix<double, D, D>, Matrix<double,D,D>::Flags & AlignedBit ? Aligned : Unaligned >  HessianBlockType;
[35.497s]       |                                                                  ~~~~~~^~~~~~~~~~~~
[35.497s] In file included from /usr/include/eigen3/Eigen/Core:161,
[35.497s]                  from /usr/include/eigen3/Eigen/LU:11,
[35.497s]                  from /home/j/colcon_ws/ORB_SLAM3/Thirdparty/Sophus/sophus/so2.hpp:12,
[35.497s]                  from /home/j/colcon_ws/ORB_SLAM3/Thirdparty/Sophus/sophus/se2.hpp:7,
[35.497s]                  from /home/j/colcon_ws/ORB_SLAM3/Thirdparty/Sophus/sophus/geometry.hpp:7,
[35.497s]                  from /home/j/colcon_ws/ORB_SLAM3/include/Frame.h:28,
[35.497s]                  from /home/j/colcon_ws/ORB_SLAM3/include/KeyFrame.h:28,
[35.497s]                  from /home/j/colcon_ws/ORB_SLAM3/include/MapPoint.h:23,
[35.497s]                  from /home/j/colcon_ws/ORB_SLAM3/include/FrameDrawer.h:24,
[35.497s]                  from /home/j/colcon_ws/ORB_SLAM3/include/Viewer.h:23,
[35.498s]                  from /home/j/colcon_ws/ORB_SLAM3/include/Tracking.h:26,
[35.498s]                  from /home/j/colcon_ws/ORB_SLAM3/include/System.h:31,
[35.498s]                  from /home/j/colcon_ws/src/orbslam3_ros2/src/stereo/stereo-slam-node.hpp:13,
[35.498s]                  from /home/j/colcon_ws/src/orbslam3_ros2/src/stereo/stereo.cpp:7:
[35.498s] /usr/include/eigen3/Eigen/src/Core/util/Constants.h:167:37: note: declared here
[35.498s]   167 | EIGEN_DEPRECATED const unsigned int AlignedBit = 0x80;
[35.498s]       |                                     ^~~~~~~~~~
[35.508s] In file included from /home/j/colcon_ws/ORB_SLAM3/Thirdparty/g2o/g2o/types/types_six_dof_expmap.h:38,
[35.508s]                  from /home/j/colcon_ws/ORB_SLAM3/include/Converter.h:26,
[35.508s]                  from /home/j/colcon_ws/ORB_SLAM3/include/Frame.h:33,
[35.508s]                  from /home/j/colcon_ws/ORB_SLAM3/include/KeyFrame.h:28,
[35.508s]                  from /home/j/colcon_ws/ORB_SLAM3/include/MapPoint.h:23,
[35.508s]                  from /home/j/colcon_ws/ORB_SLAM3/include/FrameDrawer.h:24,
[35.508s]                  from /home/j/colcon_ws/ORB_SLAM3/include/Viewer.h:23,
[35.508s]                  from /home/j/colcon_ws/ORB_SLAM3/include/Tracking.h:26,
[35.508s]                  from /home/j/colcon_ws/ORB_SLAM3/include/System.h:31,
[35.508s]                  from /home/j/colcon_ws/src/orbslam3_ros2/src/stereo-inertial/stereo-inertial-node.hpp:10,
[35.508s]                  from /home/j/colcon_ws/src/orbslam3_ros2/src/stereo-inertial/stereo-inertial-node.cpp:1:
[35.508s] /home/j/colcon_ws/ORB_SLAM3/Thirdparty/g2o/g2o/types/../core/base_binary_edge.h: In instantiation of ‘class g2o::BaseBinaryEdge<3, Eigen::Matrix<double, 3, 1>, g2o::VertexSBAPointXYZ, g2o::VertexSE3Expmap>’:
[35.509s] /home/j/colcon_ws/ORB_SLAM3/Thirdparty/g2o/g2o/types/types_six_dof_expmap.h:146:41:   required from here
[35.509s] /home/j/colcon_ws/ORB_SLAM3/Thirdparty/g2o/g2o/types/../core/base_binary_edge.h:59:80: warning: ‘Eigen::AlignedBit’ is deprecated [-Wdeprecated-declarations]
[35.509s]    59 |       typedef Eigen::Map<Matrix<double, Di, Dj>, Matrix<double, Di, Dj>::Flags & AlignedBit ? Aligned : Unaligned > HessianBlockType;
[35.509s]       |                                                                          ~~~~~~^~~~~~~~~~~~
[35.509s] In file included from /usr/include/eigen3/Eigen/Core:161,
[35.509s]                  from /usr/include/eigen3/Eigen/LU:11,
[35.509s]                  from /home/j/colcon_ws/ORB_SLAM3/Thirdparty/Sophus/sophus/so2.hpp:12,
[35.509s]                  from /home/j/colcon_ws/ORB_SLAM3/Thirdparty/Sophus/sophus/se2.hpp:7,
[35.509s]                  from /home/j/colcon_ws/ORB_SLAM3/Thirdparty/Sophus/sophus/geometry.hpp:7,
[35.509s]                  from /home/j/colcon_ws/ORB_SLAM3/include/Frame.h:28,
[35.509s]                  from /home/j/colcon_ws/ORB_SLAM3/include/KeyFrame.h:28,
[35.509s]                  from /home/j/colcon_ws/ORB_SLAM3/include/MapPoint.h:23,
[35.509s]                  from /home/j/colcon_ws/ORB_SLAM3/include/FrameDrawer.h:24,
[35.510s]                  from /home/j/colcon_ws/ORB_SLAM3/include/Viewer.h:23,
[35.510s]                  from /home/j/colcon_ws/ORB_SLAM3/include/Tracking.h:26,
[35.510s]                  from /home/j/colcon_ws/ORB_SLAM3/include/System.h:31,
[35.510s]                  from /home/j/colcon_ws/src/orbslam3_ros2/src/stereo-inertial/stereo-inertial-node.hpp:10,
[35.510s]                  from /home/j/colcon_ws/src/orbslam3_ros2/src/stereo-inertial/stereo-inertial-node.cpp:1:
[35.510s] /usr/include/eigen3/Eigen/src/Core/util/Constants.h:167:37: note: declared here
[35.510s]   167 | EIGEN_DEPRECATED const unsigned int AlignedBit = 0x80;
[35.510s]       |                                     ^~~~~~~~~~
[35.510s] In file included from /home/j/colcon_ws/ORB_SLAM3/Thirdparty/g2o/g2o/types/types_six_dof_expmap.h:38,
[35.510s]                  from /home/j/colcon_ws/ORB_SLAM3/include/Converter.h:26,
[35.510s]                  from /home/j/colcon_ws/ORB_SLAM3/include/Frame.h:33,
[35.510s]                  from /home/j/colcon_ws/ORB_SLAM3/include/KeyFrame.h:28,
[35.510s]                  from /home/j/colcon_ws/ORB_SLAM3/include/MapPoint.h:23,
[35.511s]                  from /home/j/colcon_ws/ORB_SLAM3/include/FrameDrawer.h:24,
[35.511s]                  from /home/j/colcon_ws/ORB_SLAM3/include/Viewer.h:23,
[35.511s]                  from /home/j/colcon_ws/ORB_SLAM3/include/Tracking.h:26,
[35.511s]                  from /home/j/colcon_ws/ORB_SLAM3/include/System.h:31,
[35.511s]                  from /home/j/colcon_ws/src/orbslam3_ros2/src/stereo-inertial/stereo-inertial-node.hpp:10,
[35.511s]                  from /home/j/colcon_ws/src/orbslam3_ros2/src/stereo-inertial/stereo-inertial-node.cpp:1:
[35.511s] /home/j/colcon_ws/ORB_SLAM3/Thirdparty/g2o/g2o/types/../core/base_binary_edge.h:60:80: warning: ‘Eigen::AlignedBit’ is deprecated [-Wdeprecated-declarations]
[35.511s]    60 |       typedef Eigen::Map<Matrix<double, Dj, Di>, Matrix<double, Dj, Di>::Flags & AlignedBit ? Aligned : Unaligned > HessianBlockTransposedType;
[35.511s]       |                                                                          ~~~~~~^~~~~~~~~~~~
[35.511s] In file included from /usr/include/eigen3/Eigen/Core:161,
[35.511s]                  from /usr/include/eigen3/Eigen/LU:11,
[35.511s]                  from /home/j/colcon_ws/ORB_SLAM3/Thirdparty/Sophus/sophus/so2.hpp:12,
[35.511s]                  from /home/j/colcon_ws/ORB_SLAM3/Thirdparty/Sophus/sophus/se2.hpp:7,
[35.512s]                  from /home/j/colcon_ws/ORB_SLAM3/Thirdparty/Sophus/sophus/geometry.hpp:7,
[35.512s]                  from /home/j/colcon_ws/ORB_SLAM3/include/Frame.h:28,
[35.512s]                  from /home/j/colcon_ws/ORB_SLAM3/include/KeyFrame.h:28,
[35.512s]                  from /home/j/colcon_ws/ORB_SLAM3/include/MapPoint.h:23,
[35.512s]                  from /home/j/colcon_ws/ORB_SLAM3/include/FrameDrawer.h:24,
[35.512s]                  from /home/j/colcon_ws/ORB_SLAM3/include/Viewer.h:23,
[35.512s]                  from /home/j/colcon_ws/ORB_SLAM3/include/Tracking.h:26,
[35.512s]                  from /home/j/colcon_ws/ORB_SLAM3/include/System.h:31,
[35.512s]                  from /home/j/colcon_ws/src/orbslam3_ros2/src/stereo-inertial/stereo-inertial-node.hpp:10,
[35.512s]                  from /home/j/colcon_ws/src/orbslam3_ros2/src/stereo-inertial/stereo-inertial-node.cpp:1:
[35.512s] /usr/include/eigen3/Eigen/src/Core/util/Constants.h:167:37: note: declared here
[35.512s]   167 | EIGEN_DEPRECATED const unsigned int AlignedBit = 0x80;
[35.512s]       |                                     ^~~~~~~~~~
[35.521s] In file included from /home/j/colcon_ws/ORB_SLAM3/Thirdparty/g2o/g2o/types/types_six_dof_expmap.h:37,
[35.521s]                  from /home/j/colcon_ws/ORB_SLAM3/include/Converter.h:26,
[35.521s]                  from /home/j/colcon_ws/ORB_SLAM3/include/Frame.h:33,
[35.521s]                  from /home/j/colcon_ws/ORB_SLAM3/include/KeyFrame.h:28,
[35.521s]                  from /home/j/colcon_ws/ORB_SLAM3/include/MapPoint.h:23,
[35.522s]                  from /home/j/colcon_ws/ORB_SLAM3/include/FrameDrawer.h:24,
[35.522s]                  from /home/j/colcon_ws/ORB_SLAM3/include/Viewer.h:23,
[35.522s]                  from /home/j/colcon_ws/ORB_SLAM3/include/Tracking.h:26,
[35.522s]                  from /home/j/colcon_ws/ORB_SLAM3/include/System.h:31,
[35.522s]                  from /home/j/colcon_ws/src/orbslam3_ros2/src/monocular/monocular-slam-node.hpp:9,
[35.522s]                  from /home/j/colcon_ws/src/orbslam3_ros2/src/monocular/mono.cpp:7:
[35.522s] /home/j/colcon_ws/ORB_SLAM3/Thirdparty/g2o/g2o/types/../core/base_vertex.h: In instantiation of ‘class g2o::BaseVertex<6, g2o::SE3Quat>’:
[35.522s] /home/j/colcon_ws/ORB_SLAM3/Thirdparty/g2o/g2o/types/types_six_dof_expmap.h:59:33:   required from here
[35.522s] /home/j/colcon_ws/ORB_SLAM3/Thirdparty/g2o/g2o/types/../core/base_vertex.h:62:72: warning: ‘Eigen::AlignedBit’ is deprecated [-Wdeprecated-declarations]
[35.522s]    62 |     typedef Eigen::Map<Matrix<double, D, D>, Matrix<double,D,D>::Flags & AlignedBit ? Aligned : Unaligned >  HessianBlockType;
[35.522s]       |                                                                  ~~~~~~^~~~~~~~~~~~
[35.522s] In file included from /usr/include/eigen3/Eigen/Core:161,
[35.522s]                  from /usr/include/eigen3/Eigen/LU:11,
[35.523s]                  from /home/j/colcon_ws/ORB_SLAM3/Thirdparty/Sophus/sophus/so2.hpp:12,
[35.523s]                  from /home/j/colcon_ws/ORB_SLAM3/Thirdparty/Sophus/sophus/se2.hpp:7,
[35.523s]                  from /home/j/colcon_ws/ORB_SLAM3/Thirdparty/Sophus/sophus/geometry.hpp:7,
[35.523s]                  from /home/j/colcon_ws/ORB_SLAM3/include/Frame.h:28,
[35.523s]                  from /home/j/colcon_ws/ORB_SLAM3/include/KeyFrame.h:28,
[35.523s]                  from /home/j/colcon_ws/ORB_SLAM3/include/MapPoint.h:23,
[35.523s]                  from /home/j/colcon_ws/ORB_SLAM3/include/FrameDrawer.h:24,
[35.523s]                  from /home/j/colcon_ws/ORB_SLAM3/include/Viewer.h:23,
[35.523s]                  from /home/j/colcon_ws/ORB_SLAM3/include/Tracking.h:26,
[35.524s]                  from /home/j/colcon_ws/ORB_SLAM3/include/System.h:31,
[35.524s]                  from /home/j/colcon_ws/src/orbslam3_ros2/src/monocular/monocular-slam-node.hpp:9,
[35.524s]                  from /home/j/colcon_ws/src/orbslam3_ros2/src/monocular/mono.cpp:7:
[35.524s] /usr/include/eigen3/Eigen/src/Core/util/Constants.h:167:37: note: declared here
[35.524s]   167 | EIGEN_DEPRECATED const unsigned int AlignedBit = 0x80;
[35.524s]       |                                     ^~~~~~~~~~
[35.524s] In file included from /home/j/colcon_ws/ORB_SLAM3/Thirdparty/g2o/g2o/types/types_six_dof_expmap.h:37,
[35.524s]                  from /home/j/colcon_ws/ORB_SLAM3/include/Converter.h:26,
[35.524s]                  from /home/j/colcon_ws/ORB_SLAM3/include/Frame.h:33,
[35.524s]                  from /home/j/colcon_ws/ORB_SLAM3/include/KeyFrame.h:28,
[35.524s]                  from /home/j/colcon_ws/ORB_SLAM3/include/MapPoint.h:23,
[35.524s]                  from /home/j/colcon_ws/ORB_SLAM3/include/FrameDrawer.h:24,
[35.524s]                  from /home/j/colcon_ws/ORB_SLAM3/include/Viewer.h:23,
[35.525s]                  from /home/j/colcon_ws/ORB_SLAM3/include/Tracking.h:26,
[35.525s]                  from /home/j/colcon_ws/ORB_SLAM3/include/System.h:31,
[35.525s]                  from /home/j/colcon_ws/src/orbslam3_ros2/src/stereo/stereo-slam-node.hpp:13,
[35.525s]                  from /home/j/colcon_ws/src/orbslam3_ros2/src/stereo/stereo.cpp:7:
[35.525s] /home/j/colcon_ws/ORB_SLAM3/Thirdparty/g2o/g2o/types/../core/base_vertex.h: In instantiation of ‘class g2o::BaseVertex<6, g2o::SE3Quat>’:
[35.525s] /home/j/colcon_ws/ORB_SLAM3/Thirdparty/g2o/g2o/types/types_six_dof_expmap.h:59:33:   required from here
[35.525s] /home/j/colcon_ws/ORB_SLAM3/Thirdparty/g2o/g2o/types/../core/base_vertex.h:62:72: warning: ‘Eigen::AlignedBit’ is deprecated [-Wdeprecated-declarations]
[35.525s]    62 |     typedef Eigen::Map<Matrix<double, D, D>, Matrix<double,D,D>::Flags & AlignedBit ? Aligned : Unaligned >  HessianBlockType;
[35.525s]       |                                                                  ~~~~~~^~~~~~~~~~~~
[35.525s] In file included from /usr/include/eigen3/Eigen/Core:161,
[35.525s]                  from /usr/include/eigen3/Eigen/LU:11,
[35.525s]                  from /home/j/colcon_ws/ORB_SLAM3/Thirdparty/Sophus/sophus/so2.hpp:12,
[35.525s]                  from /home/j/colcon_ws/ORB_SLAM3/Thirdparty/Sophus/sophus/se2.hpp:7,
[35.526s]                  from /home/j/colcon_ws/ORB_SLAM3/Thirdparty/Sophus/sophus/geometry.hpp:7,
[35.526s]                  from /home/j/colcon_ws/ORB_SLAM3/include/Frame.h:28,
[35.526s]                  from /home/j/colcon_ws/ORB_SLAM3/include/KeyFrame.h:28,
[35.526s]                  from /home/j/colcon_ws/ORB_SLAM3/include/MapPoint.h:23,
[35.526s]                  from /home/j/colcon_ws/ORB_SLAM3/include/FrameDrawer.h:24,
[35.526s]                  from /home/j/colcon_ws/ORB_SLAM3/include/Viewer.h:23,
[35.526s]                  from /home/j/colcon_ws/ORB_SLAM3/include/Tracking.h:26,
[35.526s]                  from /home/j/colcon_ws/ORB_SLAM3/include/System.h:31,
[35.526s]                  from /home/j/colcon_ws/src/orbslam3_ros2/src/stereo/stereo-slam-node.hpp:13,
[35.526s]                  from /home/j/colcon_ws/src/orbslam3_ros2/src/stereo/stereo.cpp:7:
[35.526s] /usr/include/eigen3/Eigen/src/Core/util/Constants.h:167:37: note: declared here
[35.526s]   167 | EIGEN_DEPRECATED const unsigned int AlignedBit = 0x80;
[35.526s]       |                                     ^~~~~~~~~~
[35.550s] In file included from /home/j/colcon_ws/ORB_SLAM3/Thirdparty/g2o/g2o/types/types_six_dof_expmap.h:38,
[35.551s]                  from /home/j/colcon_ws/ORB_SLAM3/include/Converter.h:26,
[35.551s]                  from /home/j/colcon_ws/ORB_SLAM3/include/Frame.h:33,
[35.551s]                  from /home/j/colcon_ws/ORB_SLAM3/include/KeyFrame.h:28,
[35.551s]                  from /home/j/colcon_ws/ORB_SLAM3/include/MapPoint.h:23,
[35.551s]                  from /home/j/colcon_ws/ORB_SLAM3/include/FrameDrawer.h:24,
[35.551s]                  from /home/j/colcon_ws/ORB_SLAM3/include/Viewer.h:23,
[35.551s]                  from /home/j/colcon_ws/ORB_SLAM3/include/Tracking.h:26,
[35.551s]                  from /home/j/colcon_ws/ORB_SLAM3/include/System.h:31,
[35.551s]                  from /home/j/colcon_ws/src/orbslam3_ros2/src/monocular/monocular-slam-node.hpp:9,
[35.551s]                  from /home/j/colcon_ws/src/orbslam3_ros2/src/monocular/mono.cpp:7:
[35.551s] /home/j/colcon_ws/ORB_SLAM3/Thirdparty/g2o/g2o/types/../core/base_binary_edge.h: In instantiation of ‘class g2o::BaseBinaryEdge<6, g2o::SE3Quat, g2o::VertexSE3Expmap, g2o::VertexSE3Expmap>’:
[35.551s] /home/j/colcon_ws/ORB_SLAM3/Thirdparty/g2o/g2o/types/types_six_dof_expmap.h:83:24:   required from here
[35.551s] /home/j/colcon_ws/ORB_SLAM3/Thirdparty/g2o/g2o/types/../core/base_binary_edge.h:59:80: warning: ‘Eigen::AlignedBit’ is deprecated [-Wdeprecated-declarations]
[35.552s]    59 |       typedef Eigen::Map<Matrix<double, Di, Dj>, Matrix<double, Di, Dj>::Flags & AlignedBit ? Aligned : Unaligned > HessianBlockType;
[35.552s]       |                                                                          ~~~~~~^~~~~~~~~~~~
[35.552s] In file included from /usr/include/eigen3/Eigen/Core:161,
[35.552s]                  from /usr/include/eigen3/Eigen/LU:11,
[35.552s]                  from /home/j/colcon_ws/ORB_SLAM3/Thirdparty/Sophus/sophus/so2.hpp:12,
[35.552s]                  from /home/j/colcon_ws/ORB_SLAM3/Thirdparty/Sophus/sophus/se2.hpp:7,
[35.553s]                  from /home/j/colcon_ws/ORB_SLAM3/Thirdparty/Sophus/sophus/geometry.hpp:7,
[35.553s]                  from /home/j/colcon_ws/ORB_SLAM3/include/Frame.h:28,
[35.553s]                  from /home/j/colcon_ws/ORB_SLAM3/include/KeyFrame.h:28,
[35.553s]                  from /home/j/colcon_ws/ORB_SLAM3/include/MapPoint.h:23,
[35.553s]                  from /home/j/colcon_ws/ORB_SLAM3/include/FrameDrawer.h:24,
[35.553s]                  from /home/j/colcon_ws/ORB_SLAM3/include/Viewer.h:23,
[35.553s]                  from /home/j/colcon_ws/ORB_SLAM3/include/Tracking.h:26,
[35.553s]                  from /home/j/colcon_ws/ORB_SLAM3/include/System.h:31,
[35.553s]                  from /home/j/colcon_ws/src/orbslam3_ros2/src/monocular/monocular-slam-node.hpp:9,
[35.553s]                  from /home/j/colcon_ws/src/orbslam3_ros2/src/monocular/mono.cpp:7:
[35.553s] /usr/include/eigen3/Eigen/src/Core/util/Constants.h:167:37: note: declared here
[35.553s]   167 | EIGEN_DEPRECATED const unsigned int AlignedBit = 0x80;
[35.553s]       |                                     ^~~~~~~~~~
[35.554s] In file included from /home/j/colcon_ws/ORB_SLAM3/Thirdparty/g2o/g2o/types/types_six_dof_expmap.h:38,
[35.554s]                  from /home/j/colcon_ws/ORB_SLAM3/include/Converter.h:26,
[35.554s]                  from /home/j/colcon_ws/ORB_SLAM3/include/Frame.h:33,
[35.554s]                  from /home/j/colcon_ws/ORB_SLAM3/include/KeyFrame.h:28,
[35.554s]                  from /home/j/colcon_ws/ORB_SLAM3/include/MapPoint.h:23,
[35.554s]                  from /home/j/colcon_ws/ORB_SLAM3/include/FrameDrawer.h:24,
[35.554s]                  from /home/j/colcon_ws/ORB_SLAM3/include/Viewer.h:23,
[35.554s]                  from /home/j/colcon_ws/ORB_SLAM3/include/Tracking.h:26,
[35.554s]                  from /home/j/colcon_ws/ORB_SLAM3/include/System.h:31,
[35.554s]                  from /home/j/colcon_ws/src/orbslam3_ros2/src/monocular/monocular-slam-node.hpp:9,
[35.554s]                  from /home/j/colcon_ws/src/orbslam3_ros2/src/monocular/mono.cpp:7:
[35.554s] /home/j/colcon_ws/ORB_SLAM3/Thirdparty/g2o/g2o/types/../core/base_binary_edge.h:60:80: warning: ‘Eigen::AlignedBit’ is deprecated [-Wdeprecated-declarations]
[35.554s]    60 |       typedef Eigen::Map<Matrix<double, Dj, Di>, Matrix<double, Dj, Di>::Flags & AlignedBit ? Aligned : Unaligned > HessianBlockTransposedType;
[35.554s]       |                                                                          ~~~~~~^~~~~~~~~~~~
[35.555s] In file included from /usr/include/eigen3/Eigen/Core:161,
[35.555s]                  from /usr/include/eigen3/Eigen/LU:11,
[35.555s]                  from /home/j/colcon_ws/ORB_SLAM3/Thirdparty/Sophus/sophus/so2.hpp:12,
[35.555s]                  from /home/j/colcon_ws/ORB_SLAM3/Thirdparty/Sophus/sophus/se2.hpp:7,
[35.555s]                  from /home/j/colcon_ws/ORB_SLAM3/Thirdparty/Sophus/sophus/geometry.hpp:7,
[35.555s]                  from /home/j/colcon_ws/ORB_SLAM3/include/Frame.h:28,
[35.555s]                  from /home/j/colcon_ws/ORB_SLAM3/include/KeyFrame.h:28,
[35.555s]                  from /home/j/colcon_ws/ORB_SLAM3/include/MapPoint.h:23,
[35.555s]                  from /home/j/colcon_ws/ORB_SLAM3/include/FrameDrawer.h:24,
[35.555s]                  from /home/j/colcon_ws/ORB_SLAM3/include/Viewer.h:23,
[35.555s]                  from /home/j/colcon_ws/ORB_SLAM3/include/Tracking.h:26,
[35.555s]                  from /home/j/colcon_ws/ORB_SLAM3/include/System.h:31,
[35.555s]                  from /home/j/colcon_ws/src/orbslam3_ros2/src/monocular/monocular-slam-node.hpp:9,
[35.556s]                  from /home/j/colcon_ws/src/orbslam3_ros2/src/monocular/mono.cpp:7:
[35.556s] /usr/include/eigen3/Eigen/src/Core/util/Constants.h:167:37: note: declared here
[35.556s]   167 | EIGEN_DEPRECATED const unsigned int AlignedBit = 0x80;
[35.556s]       |                                     ^~~~~~~~~~
[35.556s] In file included from /home/j/colcon_ws/ORB_SLAM3/Thirdparty/g2o/g2o/types/types_six_dof_expmap.h:38,
[35.556s]                  from /home/j/colcon_ws/ORB_SLAM3/include/Converter.h:26,
[35.556s]                  from /home/j/colcon_ws/ORB_SLAM3/include/Frame.h:33,
[35.556s]                  from /home/j/colcon_ws/ORB_SLAM3/include/KeyFrame.h:28,
[35.556s]                  from /home/j/colcon_ws/ORB_SLAM3/include/MapPoint.h:23,
[35.556s]                  from /home/j/colcon_ws/ORB_SLAM3/include/FrameDrawer.h:24,
[35.556s]                  from /home/j/colcon_ws/ORB_SLAM3/include/Viewer.h:23,
[35.556s]                  from /home/j/colcon_ws/ORB_SLAM3/include/Tracking.h:26,
[35.556s]                  from /home/j/colcon_ws/ORB_SLAM3/include/System.h:31,
[35.556s]                  from /home/j/colcon_ws/src/orbslam3_ros2/src/stereo/stereo-slam-node.hpp:13,
[35.557s]                  from /home/j/colcon_ws/src/orbslam3_ros2/src/stereo/stereo.cpp:7:
[35.557s] /home/j/colcon_ws/ORB_SLAM3/Thirdparty/g2o/g2o/types/../core/base_binary_edge.h: In instantiation of ‘class g2o::BaseBinaryEdge<6, g2o::SE3Quat, g2o::VertexSE3Expmap, g2o::VertexSE3Expmap>’:
[35.557s] /home/j/colcon_ws/ORB_SLAM3/Thirdparty/g2o/g2o/types/types_six_dof_expmap.h:83:24:   required from here
[35.557s] /home/j/colcon_ws/ORB_SLAM3/Thirdparty/g2o/g2o/types/../core/base_binary_edge.h:59:80: warning: ‘Eigen::AlignedBit’ is deprecated [-Wdeprecated-declarations]
[35.557s]    59 |       typedef Eigen::Map<Matrix<double, Di, Dj>, Matrix<double, Di, Dj>::Flags & AlignedBit ? Aligned : Unaligned > HessianBlockType;
[35.557s]       |                                                                          ~~~~~~^~~~~~~~~~~~
[35.557s] In file included from /usr/include/eigen3/Eigen/Core:161,
[35.557s]                  from /usr/include/eigen3/Eigen/LU:11,
[35.557s]                  from /home/j/colcon_ws/ORB_SLAM3/Thirdparty/Sophus/sophus/so2.hpp:12,
[35.557s]                  from /home/j/colcon_ws/ORB_SLAM3/Thirdparty/Sophus/sophus/se2.hpp:7,
[35.557s]                  from /home/j/colcon_ws/ORB_SLAM3/Thirdparty/Sophus/sophus/geometry.hpp:7,
[35.557s]                  from /home/j/colcon_ws/ORB_SLAM3/include/Frame.h:28,
[35.557s]                  from /home/j/colcon_ws/ORB_SLAM3/include/KeyFrame.h:28,
[35.558s]                  from /home/j/colcon_ws/ORB_SLAM3/include/MapPoint.h:23,
[35.558s]                  from /home/j/colcon_ws/ORB_SLAM3/include/FrameDrawer.h:24,
[35.558s]                  from /home/j/colcon_ws/ORB_SLAM3/include/Viewer.h:23,
[35.558s]                  from /home/j/colcon_ws/ORB_SLAM3/include/Tracking.h:26,
[35.558s]                  from /home/j/colcon_ws/ORB_SLAM3/include/System.h:31,
[35.558s]                  from /home/j/colcon_ws/src/orbslam3_ros2/src/stereo/stereo-slam-node.hpp:13,
[35.558s]                  from /home/j/colcon_ws/src/orbslam3_ros2/src/stereo/stereo.cpp:7:
[35.558s] /usr/include/eigen3/Eigen/src/Core/util/Constants.h:167:37: note: declared here
[35.558s]   167 | EIGEN_DEPRECATED const unsigned int AlignedBit = 0x80;
[35.558s]       |                                     ^~~~~~~~~~
[35.558s] In file included from /home/j/colcon_ws/ORB_SLAM3/Thirdparty/g2o/g2o/types/types_six_dof_expmap.h:38,
[35.558s]                  from /home/j/colcon_ws/ORB_SLAM3/include/Converter.h:26,
[35.558s]                  from /home/j/colcon_ws/ORB_SLAM3/include/Frame.h:33,
[35.559s]                  from /home/j/colcon_ws/ORB_SLAM3/include/KeyFrame.h:28,
[35.559s]                  from /home/j/colcon_ws/ORB_SLAM3/include/MapPoint.h:23,
[35.559s]                  from /home/j/colcon_ws/ORB_SLAM3/include/FrameDrawer.h:24,
[35.559s]                  from /home/j/colcon_ws/ORB_SLAM3/include/Viewer.h:23,
[35.559s]                  from /home/j/colcon_ws/ORB_SLAM3/include/Tracking.h:26,
[35.559s]                  from /home/j/colcon_ws/ORB_SLAM3/include/System.h:31,
[35.559s]                  from /home/j/colcon_ws/src/orbslam3_ros2/src/stereo/stereo-slam-node.hpp:13,
[35.559s]                  from /home/j/colcon_ws/src/orbslam3_ros2/src/stereo/stereo.cpp:7:
[35.559s] /home/j/colcon_ws/ORB_SLAM3/Thirdparty/g2o/g2o/types/../core/base_binary_edge.h:60:80: warning: ‘Eigen::AlignedBit’ is deprecated [-Wdeprecated-declarations]
[35.559s]    60 |       typedef Eigen::Map<Matrix<double, Dj, Di>, Matrix<double, Dj, Di>::Flags & AlignedBit ? Aligned : Unaligned > HessianBlockTransposedType;
[35.559s]       |                                                                          ~~~~~~^~~~~~~~~~~~
[35.559s] In file included from /usr/include/eigen3/Eigen/Core:161,
[35.559s]                  from /usr/include/eigen3/Eigen/LU:11,
[35.559s]                  from /home/j/colcon_ws/ORB_SLAM3/Thirdparty/Sophus/sophus/so2.hpp:12,
[35.560s]                  from /home/j/colcon_ws/ORB_SLAM3/Thirdparty/Sophus/sophus/se2.hpp:7,
[35.560s]                  from /home/j/colcon_ws/ORB_SLAM3/Thirdparty/Sophus/sophus/geometry.hpp:7,
[35.560s]                  from /home/j/colcon_ws/ORB_SLAM3/include/Frame.h:28,
[35.560s]                  from /home/j/colcon_ws/ORB_SLAM3/include/KeyFrame.h:28,
[35.560s]                  from /home/j/colcon_ws/ORB_SLAM3/include/MapPoint.h:23,
[35.560s]                  from /home/j/colcon_ws/ORB_SLAM3/include/FrameDrawer.h:24,
[35.560s]                  from /home/j/colcon_ws/ORB_SLAM3/include/Viewer.h:23,
[35.560s]                  from /home/j/colcon_ws/ORB_SLAM3/include/Tracking.h:26,
[35.560s]                  from /home/j/colcon_ws/ORB_SLAM3/include/System.h:31,
[35.560s]                  from /home/j/colcon_ws/src/orbslam3_ros2/src/stereo/stereo-slam-node.hpp:13,
[35.560s]                  from /home/j/colcon_ws/src/orbslam3_ros2/src/stereo/stereo.cpp:7:
[35.560s] /usr/include/eigen3/Eigen/src/Core/util/Constants.h:167:37: note: declared here
[35.560s]   167 | EIGEN_DEPRECATED const unsigned int AlignedBit = 0x80;
[35.561s]       |                                     ^~~~~~~~~~
[35.621s] In file included from /home/j/colcon_ws/ORB_SLAM3/Thirdparty/g2o/g2o/types/types_six_dof_expmap.h:38,
[35.621s]                  from /home/j/colcon_ws/ORB_SLAM3/include/Converter.h:26,
[35.621s]                  from /home/j/colcon_ws/ORB_SLAM3/include/Frame.h:33,
[35.622s]                  from /home/j/colcon_ws/ORB_SLAM3/include/KeyFrame.h:28,
[35.622s]                  from /home/j/colcon_ws/ORB_SLAM3/include/MapPoint.h:23,
[35.622s]                  from /home/j/colcon_ws/ORB_SLAM3/include/FrameDrawer.h:24,
[35.622s]                  from /home/j/colcon_ws/ORB_SLAM3/include/Viewer.h:23,
[35.622s]                  from /home/j/colcon_ws/ORB_SLAM3/include/Tracking.h:26,
[35.622s]                  from /home/j/colcon_ws/ORB_SLAM3/include/System.h:31,
[35.622s]                  from /home/j/colcon_ws/src/orbslam3_ros2/src/monocular/monocular-slam-node.hpp:9,
[35.622s]                  from /home/j/colcon_ws/src/orbslam3_ros2/src/monocular/mono.cpp:7:
[35.622s] /home/j/colcon_ws/ORB_SLAM3/Thirdparty/g2o/g2o/types/../core/base_binary_edge.h: In instantiation of ‘class g2o::BaseBinaryEdge<2, Eigen::Matrix<double, 2, 1>, g2o::VertexSBAPointXYZ, g2o::VertexSE3Expmap>’:
[35.623s] /home/j/colcon_ws/ORB_SLAM3/Thirdparty/g2o/g2o/types/types_six_dof_expmap.h:114:35:   required from here
[35.623s] /home/j/colcon_ws/ORB_SLAM3/Thirdparty/g2o/g2o/types/../core/base_binary_edge.h:59:80: warning: ‘Eigen::AlignedBit’ is deprecated [-Wdeprecated-declarations]
[35.623s]    59 |       typedef Eigen::Map<Matrix<double, Di, Dj>, Matrix<double, Di, Dj>::Flags & AlignedBit ? Aligned : Unaligned > HessianBlockType;
[35.623s]       |                                                                          ~~~~~~^~~~~~~~~~~~
[35.623s] In file included from /usr/include/eigen3/Eigen/Core:161,
[35.623s]                  from /usr/include/eigen3/Eigen/LU:11,
[35.623s]                  from /home/j/colcon_ws/ORB_SLAM3/Thirdparty/Sophus/sophus/so2.hpp:12,
[35.623s]                  from /home/j/colcon_ws/ORB_SLAM3/Thirdparty/Sophus/sophus/se2.hpp:7,
[35.623s]                  from /home/j/colcon_ws/ORB_SLAM3/Thirdparty/Sophus/sophus/geometry.hpp:7,
[35.623s]                  from /home/j/colcon_ws/ORB_SLAM3/include/Frame.h:28,
[35.623s]                  from /home/j/colcon_ws/ORB_SLAM3/include/KeyFrame.h:28,
[35.624s]                  from /home/j/colcon_ws/ORB_SLAM3/include/MapPoint.h:23,
[35.624s]                  from /home/j/colcon_ws/ORB_SLAM3/include/FrameDrawer.h:24,
[35.624s]                  from /home/j/colcon_ws/ORB_SLAM3/include/Viewer.h:23,
[35.624s]                  from /home/j/colcon_ws/ORB_SLAM3/include/Tracking.h:26,
[35.624s]                  from /home/j/colcon_ws/ORB_SLAM3/include/System.h:31,
[35.624s]                  from /home/j/colcon_ws/src/orbslam3_ros2/src/monocular/monocular-slam-node.hpp:9,
[35.624s]                  from /home/j/colcon_ws/src/orbslam3_ros2/src/monocular/mono.cpp:7:
[35.624s] /usr/include/eigen3/Eigen/src/Core/util/Constants.h:167:37: note: declared here
[35.624s]   167 | EIGEN_DEPRECATED const unsigned int AlignedBit = 0x80;
[35.624s]       |                                     ^~~~~~~~~~
[35.624s] In file included from /home/j/colcon_ws/ORB_SLAM3/Thirdparty/g2o/g2o/types/types_six_dof_expmap.h:38,
[35.624s]                  from /home/j/colcon_ws/ORB_SLAM3/include/Converter.h:26,
[35.625s]                  from /home/j/colcon_ws/ORB_SLAM3/include/Frame.h:33,
[35.625s]                  from /home/j/colcon_ws/ORB_SLAM3/include/KeyFrame.h:28,
[35.625s]                  from /home/j/colcon_ws/ORB_SLAM3/include/MapPoint.h:23,
[35.625s]                  from /home/j/colcon_ws/ORB_SLAM3/include/FrameDrawer.h:24,
[35.625s]                  from /home/j/colcon_ws/ORB_SLAM3/include/Viewer.h:23,
[35.625s]                  from /home/j/colcon_ws/ORB_SLAM3/include/Tracking.h:26,
[35.625s]                  from /home/j/colcon_ws/ORB_SLAM3/include/System.h:31,
[35.625s]                  from /home/j/colcon_ws/src/orbslam3_ros2/src/stereo/stereo-slam-node.hpp:13,
[35.625s]                  from /home/j/colcon_ws/src/orbslam3_ros2/src/stereo/stereo.cpp:7:
[35.625s] /home/j/colcon_ws/ORB_SLAM3/Thirdparty/g2o/g2o/types/../core/base_binary_edge.h: In instantiation of ‘class g2o::BaseBinaryEdge<2, Eigen::Matrix<double, 2, 1>, g2o::VertexSBAPointXYZ, g2o::VertexSE3Expmap>’:
[35.625s] /home/j/colcon_ws/ORB_SLAM3/Thirdparty/g2o/g2o/types/types_six_dof_expmap.h:114:35:   required from here
[35.625s] /home/j/colcon_ws/ORB_SLAM3/Thirdparty/g2o/g2o/types/../core/base_binary_edge.h:59:80: warning: ‘Eigen::AlignedBit’ is deprecated [-Wdeprecated-declarations]
[35.626s]    59 |       typedef Eigen::Map<Matrix<double, Di, Dj>, Matrix<double, Di, Dj>::Flags & AlignedBit ? Aligned : Unaligned > HessianBlockType;
[35.626s]       |                                                                          ~~~~~~^~~~~~~~~~~~
[35.626s] In file included from /usr/include/eigen3/Eigen/Core:161,
[35.626s]                  from /usr/include/eigen3/Eigen/LU:11,
[35.626s]                  from /home/j/colcon_ws/ORB_SLAM3/Thirdparty/Sophus/sophus/so2.hpp:12,
[35.626s]                  from /home/j/colcon_ws/ORB_SLAM3/Thirdparty/Sophus/sophus/se2.hpp:7,
[35.626s]                  from /home/j/colcon_ws/ORB_SLAM3/Thirdparty/Sophus/sophus/geometry.hpp:7,
[35.626s]                  from /home/j/colcon_ws/ORB_SLAM3/include/Frame.h:28,
[35.626s]                  from /home/j/colcon_ws/ORB_SLAM3/include/KeyFrame.h:28,
[35.626s]                  from /home/j/colcon_ws/ORB_SLAM3/include/MapPoint.h:23,
[35.626s]                  from /home/j/colcon_ws/ORB_SLAM3/include/FrameDrawer.h:24,
[35.626s]                  from /home/j/colcon_ws/ORB_SLAM3/include/Viewer.h:23,
[35.627s]                  from /home/j/colcon_ws/ORB_SLAM3/include/Tracking.h:26,
[35.627s]                  from /home/j/colcon_ws/ORB_SLAM3/include/System.h:31,
[35.627s]                  from /home/j/colcon_ws/src/orbslam3_ros2/src/stereo/stereo-slam-node.hpp:13,
[35.627s]                  from /home/j/colcon_ws/src/orbslam3_ros2/src/stereo/stereo.cpp:7:
[35.627s] /usr/include/eigen3/Eigen/src/Core/util/Constants.h:167:37: note: declared here
[35.627s]   167 | EIGEN_DEPRECATED const unsigned int AlignedBit = 0x80;
[35.627s]       |                                     ^~~~~~~~~~
[35.636s] In file included from /home/j/colcon_ws/ORB_SLAM3/Thirdparty/g2o/g2o/types/types_six_dof_expmap.h:38,
[35.636s]                  from /home/j/colcon_ws/ORB_SLAM3/include/Converter.h:26,
[35.636s]                  from /home/j/colcon_ws/ORB_SLAM3/include/Frame.h:33,
[35.636s]                  from /home/j/colcon_ws/ORB_SLAM3/include/KeyFrame.h:28,
[35.636s]                  from /home/j/colcon_ws/ORB_SLAM3/include/MapPoint.h:23,
[35.636s]                  from /home/j/colcon_ws/ORB_SLAM3/include/FrameDrawer.h:24,
[35.636s]                  from /home/j/colcon_ws/ORB_SLAM3/include/Viewer.h:23,
[35.636s]                  from /home/j/colcon_ws/ORB_SLAM3/include/Tracking.h:26,
[35.637s]                  from /home/j/colcon_ws/ORB_SLAM3/include/System.h:31,
[35.637s]                  from /home/j/colcon_ws/src/orbslam3_ros2/src/monocular/monocular-slam-node.hpp:9,
[35.637s]                  from /home/j/colcon_ws/src/orbslam3_ros2/src/monocular/mono.cpp:7:
[35.637s] /home/j/colcon_ws/ORB_SLAM3/Thirdparty/g2o/g2o/types/../core/base_binary_edge.h:60:80: warning: ‘Eigen::AlignedBit’ is deprecated [-Wdeprecated-declarations]
[35.637s]    60 |       typedef Eigen::Map<Matrix<double, Dj, Di>, Matrix<double, Dj, Di>::Flags & AlignedBit ? Aligned : Unaligned > HessianBlockTransposedType;
[35.637s]       |                                                                          ~~~~~~^~~~~~~~~~~~
[35.637s] In file included from /usr/include/eigen3/Eigen/Core:161,
[35.637s]                  from /usr/include/eigen3/Eigen/LU:11,
[35.637s]                  from /home/j/colcon_ws/ORB_SLAM3/Thirdparty/Sophus/sophus/so2.hpp:12,
[35.637s]                  from /home/j/colcon_ws/ORB_SLAM3/Thirdparty/Sophus/sophus/se2.hpp:7,
[35.637s]                  from /home/j/colcon_ws/ORB_SLAM3/Thirdparty/Sophus/sophus/geometry.hpp:7,
[35.638s]                  from /home/j/colcon_ws/ORB_SLAM3/include/Frame.h:28,
[35.638s]                  from /home/j/colcon_ws/ORB_SLAM3/include/KeyFrame.h:28,
[35.638s]                  from /home/j/colcon_ws/ORB_SLAM3/include/MapPoint.h:23,
[35.638s]                  from /home/j/colcon_ws/ORB_SLAM3/include/FrameDrawer.h:24,
[35.638s]                  from /home/j/colcon_ws/ORB_SLAM3/include/Viewer.h:23,
[35.638s]                  from /home/j/colcon_ws/ORB_SLAM3/include/Tracking.h:26,
[35.639s]                  from /home/j/colcon_ws/ORB_SLAM3/include/System.h:31,
[35.639s]                  from /home/j/colcon_ws/src/orbslam3_ros2/src/monocular/monocular-slam-node.hpp:9,
[35.639s]                  from /home/j/colcon_ws/src/orbslam3_ros2/src/monocular/mono.cpp:7:
[35.639s] /usr/include/eigen3/Eigen/src/Core/util/Constants.h:167:37: note: declared here
[35.639s]   167 | EIGEN_DEPRECATED const unsigned int AlignedBit = 0x80;
[35.639s]       |                                     ^~~~~~~~~~
[35.639s] In file included from /home/j/colcon_ws/ORB_SLAM3/Thirdparty/g2o/g2o/types/types_six_dof_expmap.h:38,
[35.639s]                  from /home/j/colcon_ws/ORB_SLAM3/include/Converter.h:26,
[35.639s]                  from /home/j/colcon_ws/ORB_SLAM3/include/Frame.h:33,
[35.639s]                  from /home/j/colcon_ws/ORB_SLAM3/include/KeyFrame.h:28,
[35.639s]                  from /home/j/colcon_ws/ORB_SLAM3/include/MapPoint.h:23,
[35.639s]                  from /home/j/colcon_ws/ORB_SLAM3/include/FrameDrawer.h:24,
[35.640s]                  from /home/j/colcon_ws/ORB_SLAM3/include/Viewer.h:23,
[35.640s]                  from /home/j/colcon_ws/ORB_SLAM3/include/Tracking.h:26,
[35.640s]                  from /home/j/colcon_ws/ORB_SLAM3/include/System.h:31,
[35.640s]                  from /home/j/colcon_ws/src/orbslam3_ros2/src/stereo/stereo-slam-node.hpp:13,
[35.640s]                  from /home/j/colcon_ws/src/orbslam3_ros2/src/stereo/stereo.cpp:7:
[35.640s] /home/j/colcon_ws/ORB_SLAM3/Thirdparty/g2o/g2o/types/../core/base_binary_edge.h:60:80: warning: ‘Eigen::AlignedBit’ is deprecated [-Wdeprecated-declarations]
[35.640s]    60 |       typedef Eigen::Map<Matrix<double, Dj, Di>, Matrix<double, Dj, Di>::Flags & AlignedBit ? Aligned : Unaligned > HessianBlockTransposedType;
[35.640s]       |                                                                          ~~~~~~^~~~~~~~~~~~
[35.640s] In file included from /usr/include/eigen3/Eigen/Core:161,
[35.640s]                  from /usr/include/eigen3/Eigen/LU:11,
[35.640s]                  from /home/j/colcon_ws/ORB_SLAM3/Thirdparty/Sophus/sophus/so2.hpp:12,
[35.640s]                  from /home/j/colcon_ws/ORB_SLAM3/Thirdparty/Sophus/sophus/se2.hpp:7,
[35.641s]                  from /home/j/colcon_ws/ORB_SLAM3/Thirdparty/Sophus/sophus/geometry.hpp:7,
[35.641s]                  from /home/j/colcon_ws/ORB_SLAM3/include/Frame.h:28,
[35.641s]                  from /home/j/colcon_ws/ORB_SLAM3/include/KeyFrame.h:28,
[35.641s]                  from /home/j/colcon_ws/ORB_SLAM3/include/MapPoint.h:23,
[35.641s]                  from /home/j/colcon_ws/ORB_SLAM3/include/FrameDrawer.h:24,
[35.641s]                  from /home/j/colcon_ws/ORB_SLAM3/include/Viewer.h:23,
[35.641s]                  from /home/j/colcon_ws/ORB_SLAM3/include/Tracking.h:26,
[35.641s]                  from /home/j/colcon_ws/ORB_SLAM3/include/System.h:31,
[35.641s]                  from /home/j/colcon_ws/src/orbslam3_ros2/src/stereo/stereo-slam-node.hpp:13,
[35.641s]                  from /home/j/colcon_ws/src/orbslam3_ros2/src/stereo/stereo.cpp:7:
[35.641s] /usr/include/eigen3/Eigen/src/Core/util/Constants.h:167:37: note: declared here
[35.641s]   167 | EIGEN_DEPRECATED const unsigned int AlignedBit = 0x80;
[35.642s]       |                                     ^~~~~~~~~~
[35.647s] In file included from /home/j/colcon_ws/ORB_SLAM3/Thirdparty/g2o/g2o/types/types_six_dof_expmap.h:37,
[35.647s]                  from /home/j/colcon_ws/ORB_SLAM3/include/Converter.h:26,
[35.647s]                  from /home/j/colcon_ws/ORB_SLAM3/include/Frame.h:33,
[35.647s]                  from /home/j/colcon_ws/ORB_SLAM3/include/KeyFrame.h:28,
[35.648s]                  from /home/j/colcon_ws/ORB_SLAM3/include/MapPoint.h:23,
[35.648s]                  from /home/j/colcon_ws/ORB_SLAM3/include/FrameDrawer.h:24,
[35.648s]                  from /home/j/colcon_ws/ORB_SLAM3/include/Viewer.h:23,
[35.648s]                  from /home/j/colcon_ws/ORB_SLAM3/include/Tracking.h:26,
[35.648s]                  from /home/j/colcon_ws/ORB_SLAM3/include/System.h:31,
[35.648s]                  from /home/j/colcon_ws/src/orbslam3_ros2/src/monocular/monocular-slam-node.hpp:9,
[35.648s]                  from /home/j/colcon_ws/src/orbslam3_ros2/src/monocular/monocular-slam-node.cpp:1:
[35.648s] /home/j/colcon_ws/ORB_SLAM3/Thirdparty/g2o/g2o/types/../core/base_vertex.h: In instantiation of ‘class g2o::BaseVertex<7, g2o::Sim3>’:
[35.648s] /home/j/colcon_ws/ORB_SLAM3/Thirdparty/g2o/g2o/types/types_seven_dof_expmap.h:48:35:   required from here
[35.648s] /home/j/colcon_ws/ORB_SLAM3/Thirdparty/g2o/g2o/types/../core/base_vertex.h:62:72: warning: ‘Eigen::AlignedBit’ is deprecated [-Wdeprecated-declarations]
[35.648s]    62 |     typedef Eigen::Map<Matrix<double, D, D>, Matrix<double,D,D>::Flags & AlignedBit ? Aligned : Unaligned >  HessianBlockType;
[35.648s]       |                                                                  ~~~~~~^~~~~~~~~~~~
[35.649s] In file included from /usr/include/eigen3/Eigen/Core:161,
[35.649s]                  from /usr/include/eigen3/Eigen/LU:11,
[35.649s]                  from /home/j/colcon_ws/ORB_SLAM3/Thirdparty/Sophus/sophus/so2.hpp:12,
[35.649s]                  from /home/j/colcon_ws/ORB_SLAM3/Thirdparty/Sophus/sophus/se2.hpp:7,
[35.649s]                  from /home/j/colcon_ws/ORB_SLAM3/Thirdparty/Sophus/sophus/geometry.hpp:7,
[35.649s]                  from /home/j/colcon_ws/ORB_SLAM3/include/Frame.h:28,
[35.649s]                  from /home/j/colcon_ws/ORB_SLAM3/include/KeyFrame.h:28,
[35.649s]                  from /home/j/colcon_ws/ORB_SLAM3/include/MapPoint.h:23,
[35.649s]                  from /home/j/colcon_ws/ORB_SLAM3/include/FrameDrawer.h:24,
[35.649s]                  from /home/j/colcon_ws/ORB_SLAM3/include/Viewer.h:23,
[35.649s]                  from /home/j/colcon_ws/ORB_SLAM3/include/Tracking.h:26,
[35.649s]                  from /home/j/colcon_ws/ORB_SLAM3/include/System.h:31,
[35.650s]                  from /home/j/colcon_ws/src/orbslam3_ros2/src/monocular/monocular-slam-node.hpp:9,
[35.650s]                  from /home/j/colcon_ws/src/orbslam3_ros2/src/monocular/monocular-slam-node.cpp:1:
[35.650s] /usr/include/eigen3/Eigen/src/Core/util/Constants.h:167:37: note: declared here
[35.650s]   167 | EIGEN_DEPRECATED const unsigned int AlignedBit = 0x80;
[35.650s]       |                                     ^~~~~~~~~~
[35.659s] In file included from /home/j/colcon_ws/ORB_SLAM3/Thirdparty/g2o/g2o/types/types_six_dof_expmap.h:37,
[35.660s]                  from /home/j/colcon_ws/ORB_SLAM3/include/Converter.h:26,
[35.660s]                  from /home/j/colcon_ws/ORB_SLAM3/include/Frame.h:33,
[35.660s]                  from /home/j/colcon_ws/ORB_SLAM3/include/KeyFrame.h:28,
[35.660s]                  from /home/j/colcon_ws/ORB_SLAM3/include/MapPoint.h:23,
[35.660s]                  from /home/j/colcon_ws/ORB_SLAM3/include/FrameDrawer.h:24,
[35.660s]                  from /home/j/colcon_ws/ORB_SLAM3/include/Viewer.h:23,
[35.660s]                  from /home/j/colcon_ws/ORB_SLAM3/include/Tracking.h:26,
[35.660s]                  from /home/j/colcon_ws/ORB_SLAM3/include/System.h:31,
[35.661s]                  from /home/j/colcon_ws/src/orbslam3_ros2/src/rgbd/rgbd-slam-node.hpp:18,
[35.661s]                  from /home/j/colcon_ws/src/orbslam3_ros2/src/rgbd/rgbd-slam-node.cpp:1:
[35.661s] /home/j/colcon_ws/ORB_SLAM3/Thirdparty/g2o/g2o/types/../core/base_vertex.h: In instantiation of ‘class g2o::BaseVertex<7, g2o::Sim3>’:
[35.661s] /home/j/colcon_ws/ORB_SLAM3/Thirdparty/g2o/g2o/types/types_seven_dof_expmap.h:48:35:   required from here
[35.661s] /home/j/colcon_ws/ORB_SLAM3/Thirdparty/g2o/g2o/types/../core/base_vertex.h:62:72: warning: ‘Eigen::AlignedBit’ is deprecated [-Wdeprecated-declarations]
[35.661s]    62 |     typedef Eigen::Map<Matrix<double, D, D>, Matrix<double,D,D>::Flags & AlignedBit ? Aligned : Unaligned >  HessianBlockType;
[35.661s]       |                                                                  ~~~~~~^~~~~~~~~~~~
[35.661s] In file included from /usr/include/eigen3/Eigen/Core:161,
[35.661s]                  from /usr/include/eigen3/Eigen/LU:11,
[35.661s]                  from /home/j/colcon_ws/ORB_SLAM3/Thirdparty/Sophus/sophus/so2.hpp:12,
[35.661s]                  from /home/j/colcon_ws/ORB_SLAM3/Thirdparty/Sophus/sophus/se2.hpp:7,
[35.661s]                  from /home/j/colcon_ws/ORB_SLAM3/Thirdparty/Sophus/sophus/geometry.hpp:7,
[35.661s]                  from /home/j/colcon_ws/ORB_SLAM3/include/Frame.h:28,
[35.662s]                  from /home/j/colcon_ws/ORB_SLAM3/include/KeyFrame.h:28,
[35.662s]                  from /home/j/colcon_ws/ORB_SLAM3/include/MapPoint.h:23,
[35.662s]                  from /home/j/colcon_ws/ORB_SLAM3/include/FrameDrawer.h:24,
[35.662s]                  from /home/j/colcon_ws/ORB_SLAM3/include/Viewer.h:23,
[35.662s]                  from /home/j/colcon_ws/ORB_SLAM3/include/Tracking.h:26,
[35.662s]                  from /home/j/colcon_ws/ORB_SLAM3/include/System.h:31,
[35.662s]                  from /home/j/colcon_ws/src/orbslam3_ros2/src/rgbd/rgbd-slam-node.hpp:18,
[35.662s]                  from /home/j/colcon_ws/src/orbslam3_ros2/src/rgbd/rgbd-slam-node.cpp:1:
[35.662s] /usr/include/eigen3/Eigen/src/Core/util/Constants.h:167:37: note: declared here
[35.662s]   167 | EIGEN_DEPRECATED const unsigned int AlignedBit = 0x80;
[35.662s]       |                                     ^~~~~~~~~~
[35.662s] In file included from /home/j/colcon_ws/ORB_SLAM3/Thirdparty/g2o/g2o/types/types_six_dof_expmap.h:37,
[35.662s]                  from /home/j/colcon_ws/ORB_SLAM3/include/Converter.h:26,
[35.663s]                  from /home/j/colcon_ws/ORB_SLAM3/include/Frame.h:33,
[35.663s]                  from /home/j/colcon_ws/ORB_SLAM3/include/KeyFrame.h:28,
[35.663s]                  from /home/j/colcon_ws/ORB_SLAM3/include/MapPoint.h:23,
[35.663s]                  from /home/j/colcon_ws/ORB_SLAM3/include/FrameDrawer.h:24,
[35.663s]                  from /home/j/colcon_ws/ORB_SLAM3/include/Viewer.h:23,
[35.663s]                  from /home/j/colcon_ws/ORB_SLAM3/include/Tracking.h:26,
[35.663s]                  from /home/j/colcon_ws/ORB_SLAM3/include/System.h:31,
[35.663s]                  from /home/j/colcon_ws/src/orbslam3_ros2/src/rgbd/rgbd-slam-node.hpp:18,
[35.663s]                  from /home/j/colcon_ws/src/orbslam3_ros2/src/rgbd/rgbd.cpp:7:
[35.663s] /home/j/colcon_ws/ORB_SLAM3/Thirdparty/g2o/g2o/types/../core/base_vertex.h: In instantiation of ‘class g2o::BaseVertex<7, g2o::Sim3>’:
[35.663s] /home/j/colcon_ws/ORB_SLAM3/Thirdparty/g2o/g2o/types/types_seven_dof_expmap.h:48:35:   required from here
[35.663s] /home/j/colcon_ws/ORB_SLAM3/Thirdparty/g2o/g2o/types/../core/base_vertex.h:62:72: warning: ‘Eigen::AlignedBit’ is deprecated [-Wdeprecated-declarations]
[35.664s]    62 |     typedef Eigen::Map<Matrix<double, D, D>, Matrix<double,D,D>::Flags & AlignedBit ? Aligned : Unaligned >  HessianBlockType;
[35.664s]       |                                                                  ~~~~~~^~~~~~~~~~~~
[35.664s] In file included from /usr/include/eigen3/Eigen/Core:161,
[35.664s]                  from /usr/include/eigen3/Eigen/LU:11,
[35.664s]                  from /home/j/colcon_ws/ORB_SLAM3/Thirdparty/Sophus/sophus/so2.hpp:12,
[35.664s]                  from /home/j/colcon_ws/ORB_SLAM3/Thirdparty/Sophus/sophus/se2.hpp:7,
[35.664s]                  from /home/j/colcon_ws/ORB_SLAM3/Thirdparty/Sophus/sophus/geometry.hpp:7,
[35.664s]                  from /home/j/colcon_ws/ORB_SLAM3/include/Frame.h:28,
[35.664s]                  from /home/j/colcon_ws/ORB_SLAM3/include/KeyFrame.h:28,
[35.664s]                  from /home/j/colcon_ws/ORB_SLAM3/include/MapPoint.h:23,
[35.664s]                  from /home/j/colcon_ws/ORB_SLAM3/include/FrameDrawer.h:24,
[35.664s]                  from /home/j/colcon_ws/ORB_SLAM3/include/Viewer.h:23,
[35.664s]                  from /home/j/colcon_ws/ORB_SLAM3/include/Tracking.h:26,
[35.665s]                  from /home/j/colcon_ws/ORB_SLAM3/include/System.h:31,
[35.665s]                  from /home/j/colcon_ws/src/orbslam3_ros2/src/rgbd/rgbd-slam-node.hpp:18,
[35.665s]                  from /home/j/colcon_ws/src/orbslam3_ros2/src/rgbd/rgbd.cpp:7:
[35.665s] /usr/include/eigen3/Eigen/src/Core/util/Constants.h:167:37: note: declared here
[35.665s]   167 | EIGEN_DEPRECATED const unsigned int AlignedBit = 0x80;
[35.665s]       |                                     ^~~~~~~~~~
[35.671s] In file included from /home/j/colcon_ws/ORB_SLAM3/Thirdparty/g2o/g2o/types/types_six_dof_expmap.h:37,
[35.671s]                  from /home/j/colcon_ws/ORB_SLAM3/include/Converter.h:26,
[35.671s]                  from /home/j/colcon_ws/ORB_SLAM3/include/Frame.h:33,
[35.672s]                  from /home/j/colcon_ws/ORB_SLAM3/include/KeyFrame.h:28,
[35.672s]                  from /home/j/colcon_ws/ORB_SLAM3/include/MapPoint.h:23,
[35.672s]                  from /home/j/colcon_ws/ORB_SLAM3/include/FrameDrawer.h:24,
[35.672s]                  from /home/j/colcon_ws/ORB_SLAM3/include/Viewer.h:23,
[35.672s]                  from /home/j/colcon_ws/ORB_SLAM3/include/Tracking.h:26,
[35.672s]                  from /home/j/colcon_ws/ORB_SLAM3/include/System.h:31,
[35.672s]                  from /home/j/colcon_ws/src/orbslam3_ros2/src/stereo-inertial/stereo-inertial-node.hpp:10,
[35.672s]                  from /home/j/colcon_ws/src/orbslam3_ros2/src/stereo-inertial/stereo-inertial.cpp:7:
[35.672s] /home/j/colcon_ws/ORB_SLAM3/Thirdparty/g2o/g2o/types/../core/base_vertex.h: In instantiation of ‘class g2o::BaseVertex<7, g2o::Sim3>’:
[35.672s] /home/j/colcon_ws/ORB_SLAM3/Thirdparty/g2o/g2o/types/types_seven_dof_expmap.h:48:35:   required from here
[35.672s] /home/j/colcon_ws/ORB_SLAM3/Thirdparty/g2o/g2o/types/../core/base_vertex.h:62:72: warning: ‘Eigen::AlignedBit’ is deprecated [-Wdeprecated-declarations]
[35.672s]    62 |     typedef Eigen::Map<Matrix<double, D, D>, Matrix<double,D,D>::Flags & AlignedBit ? Aligned : Unaligned >  HessianBlockType;
[35.673s]       |                                                                  ~~~~~~^~~~~~~~~~~~
[35.673s] In file included from /usr/include/eigen3/Eigen/Core:161,
[35.673s]                  from /usr/include/eigen3/Eigen/LU:11,
[35.673s]                  from /home/j/colcon_ws/ORB_SLAM3/Thirdparty/Sophus/sophus/so2.hpp:12,
[35.673s]                  from /home/j/colcon_ws/ORB_SLAM3/Thirdparty/Sophus/sophus/se2.hpp:7,
[35.673s]                  from /home/j/colcon_ws/ORB_SLAM3/Thirdparty/Sophus/sophus/geometry.hpp:7,
[35.673s]                  from /home/j/colcon_ws/ORB_SLAM3/include/Frame.h:28,
[35.673s]                  from /home/j/colcon_ws/ORB_SLAM3/include/KeyFrame.h:28,
[35.673s]                  from /home/j/colcon_ws/ORB_SLAM3/include/MapPoint.h:23,
[35.673s]                  from /home/j/colcon_ws/ORB_SLAM3/include/FrameDrawer.h:24,
[35.673s]                  from /home/j/colcon_ws/ORB_SLAM3/include/Viewer.h:23,
[35.673s]                  from /home/j/colcon_ws/ORB_SLAM3/include/Tracking.h:26,
[35.673s]                  from /home/j/colcon_ws/ORB_SLAM3/include/System.h:31,
[35.673s]                  from /home/j/colcon_ws/src/orbslam3_ros2/src/stereo-inertial/stereo-inertial-node.hpp:10,
[35.674s]                  from /home/j/colcon_ws/src/orbslam3_ros2/src/stereo-inertial/stereo-inertial.cpp:7:
[35.674s] /usr/include/eigen3/Eigen/src/Core/util/Constants.h:167:37: note: declared here
[35.674s]   167 | EIGEN_DEPRECATED const unsigned int AlignedBit = 0x80;
[35.674s]       |                                     ^~~~~~~~~~
[35.681s] In file included from /home/j/colcon_ws/ORB_SLAM3/Thirdparty/g2o/g2o/types/types_six_dof_expmap.h:38,
[35.681s]                  from /home/j/colcon_ws/ORB_SLAM3/include/Converter.h:26,
[35.681s]                  from /home/j/colcon_ws/ORB_SLAM3/include/Frame.h:33,
[35.681s]                  from /home/j/colcon_ws/ORB_SLAM3/include/KeyFrame.h:28,
[35.681s]                  from /home/j/colcon_ws/ORB_SLAM3/include/MapPoint.h:23,
[35.681s]                  from /home/j/colcon_ws/ORB_SLAM3/include/FrameDrawer.h:24,
[35.681s]                  from /home/j/colcon_ws/ORB_SLAM3/include/Viewer.h:23,
[35.681s]                  from /home/j/colcon_ws/ORB_SLAM3/include/Tracking.h:26,
[35.681s]                  from /home/j/colcon_ws/ORB_SLAM3/include/System.h:31,
[35.681s]                  from /home/j/colcon_ws/src/orbslam3_ros2/src/monocular/monocular-slam-node.hpp:9,
[35.681s]                  from /home/j/colcon_ws/src/orbslam3_ros2/src/monocular/monocular-slam-node.cpp:1:
[35.682s] /home/j/colcon_ws/ORB_SLAM3/Thirdparty/g2o/g2o/types/../core/base_binary_edge.h: In instantiation of ‘class g2o::BaseBinaryEdge<7, g2o::Sim3, g2o::VertexSim3Expmap, g2o::VertexSim3Expmap>’:
[35.682s] /home/j/colcon_ws/ORB_SLAM3/Thirdparty/g2o/g2o/types/types_seven_dof_expmap.h:99:27:   required from here
[35.682s] /home/j/colcon_ws/ORB_SLAM3/Thirdparty/g2o/g2o/types/../core/base_binary_edge.h:59:80: warning: ‘Eigen::AlignedBit’ is deprecated [-Wdeprecated-declarations]
[35.682s]    59 |       typedef Eigen::Map<Matrix<double, Di, Dj>, Matrix<double, Di, Dj>::Flags & AlignedBit ? Aligned : Unaligned > HessianBlockType;
[35.682s]       |                                                                          ~~~~~~^~~~~~~~~~~~
[35.682s] In file included from /usr/include/eigen3/Eigen/Core:161,
[35.682s]                  from /usr/include/eigen3/Eigen/LU:11,
[35.682s]                  from /home/j/colcon_ws/ORB_SLAM3/Thirdparty/Sophus/sophus/so2.hpp:12,
[35.682s]                  from /home/j/colcon_ws/ORB_SLAM3/Thirdparty/Sophus/sophus/se2.hpp:7,
[35.682s]                  from /home/j/colcon_ws/ORB_SLAM3/Thirdparty/Sophus/sophus/geometry.hpp:7,
[35.682s]                  from /home/j/colcon_ws/ORB_SLAM3/include/Frame.h:28,
[35.682s]                  from /home/j/colcon_ws/ORB_SLAM3/include/KeyFrame.h:28,
[35.682s]                  from /home/j/colcon_ws/ORB_SLAM3/include/MapPoint.h:23,
[35.683s]                  from /home/j/colcon_ws/ORB_SLAM3/include/FrameDrawer.h:24,
[35.683s]                  from /home/j/colcon_ws/ORB_SLAM3/include/Viewer.h:23,
[35.683s]                  from /home/j/colcon_ws/ORB_SLAM3/include/Tracking.h:26,
[35.683s]                  from /home/j/colcon_ws/ORB_SLAM3/include/System.h:31,
[35.683s]                  from /home/j/colcon_ws/src/orbslam3_ros2/src/monocular/monocular-slam-node.hpp:9,
[35.683s]                  from /home/j/colcon_ws/src/orbslam3_ros2/src/monocular/monocular-slam-node.cpp:1:
[35.683s] /usr/include/eigen3/Eigen/src/Core/util/Constants.h:167:37: note: declared here
[35.683s]   167 | EIGEN_DEPRECATED const unsigned int AlignedBit = 0x80;
[35.683s]       |                                     ^~~~~~~~~~
[35.683s] In file included from /home/j/colcon_ws/ORB_SLAM3/Thirdparty/g2o/g2o/types/types_six_dof_expmap.h:38,
[35.683s]                  from /home/j/colcon_ws/ORB_SLAM3/include/Converter.h:26,
[35.683s]                  from /home/j/colcon_ws/ORB_SLAM3/include/Frame.h:33,
[35.683s]                  from /home/j/colcon_ws/ORB_SLAM3/include/KeyFrame.h:28,
[35.684s]                  from /home/j/colcon_ws/ORB_SLAM3/include/MapPoint.h:23,
[35.684s]                  from /home/j/colcon_ws/ORB_SLAM3/include/FrameDrawer.h:24,
[35.684s]                  from /home/j/colcon_ws/ORB_SLAM3/include/Viewer.h:23,
[35.684s]                  from /home/j/colcon_ws/ORB_SLAM3/include/Tracking.h:26,
[35.684s]                  from /home/j/colcon_ws/ORB_SLAM3/include/System.h:31,
[35.684s]                  from /home/j/colcon_ws/src/orbslam3_ros2/src/monocular/monocular-slam-node.hpp:9,
[35.684s]                  from /home/j/colcon_ws/src/orbslam3_ros2/src/monocular/monocular-slam-node.cpp:1:
[35.684s] /home/j/colcon_ws/ORB_SLAM3/Thirdparty/g2o/g2o/types/../core/base_binary_edge.h:60:80: warning: ‘Eigen::AlignedBit’ is deprecated [-Wdeprecated-declarations]
[35.684s]    60 |       typedef Eigen::Map<Matrix<double, Dj, Di>, Matrix<double, Dj, Di>::Flags & AlignedBit ? Aligned : Unaligned > HessianBlockTransposedType;
[35.684s]       |                                                                          ~~~~~~^~~~~~~~~~~~
[35.684s] In file included from /usr/include/eigen3/Eigen/Core:161,
[35.684s]                  from /usr/include/eigen3/Eigen/LU:11,
[35.684s]                  from /home/j/colcon_ws/ORB_SLAM3/Thirdparty/Sophus/sophus/so2.hpp:12,
[35.685s]                  from /home/j/colcon_ws/ORB_SLAM3/Thirdparty/Sophus/sophus/se2.hpp:7,
[35.685s]                  from /home/j/colcon_ws/ORB_SLAM3/Thirdparty/Sophus/sophus/geometry.hpp:7,
[35.685s]                  from /home/j/colcon_ws/ORB_SLAM3/include/Frame.h:28,
[35.685s]                  from /home/j/colcon_ws/ORB_SLAM3/include/KeyFrame.h:28,
[35.685s]                  from /home/j/colcon_ws/ORB_SLAM3/include/MapPoint.h:23,
[35.685s]                  from /home/j/colcon_ws/ORB_SLAM3/include/FrameDrawer.h:24,
[35.685s]                  from /home/j/colcon_ws/ORB_SLAM3/include/Viewer.h:23,
[35.685s]                  from /home/j/colcon_ws/ORB_SLAM3/include/Tracking.h:26,
[35.685s]                  from /home/j/colcon_ws/ORB_SLAM3/include/System.h:31,
[35.685s]                  from /home/j/colcon_ws/src/orbslam3_ros2/src/monocular/monocular-slam-node.hpp:9,
[35.685s]                  from /home/j/colcon_ws/src/orbslam3_ros2/src/monocular/monocular-slam-node.cpp:1:
[35.685s] /usr/include/eigen3/Eigen/src/Core/util/Constants.h:167:37: note: declared here
[35.685s]   167 | EIGEN_DEPRECATED const unsigned int AlignedBit = 0x80;
[35.686s]       |                                     ^~~~~~~~~~
[35.693s] In file included from /home/j/colcon_ws/ORB_SLAM3/Thirdparty/g2o/g2o/types/types_six_dof_expmap.h:38,
[35.693s]                  from /home/j/colcon_ws/ORB_SLAM3/include/Converter.h:26,
[35.693s]                  from /home/j/colcon_ws/ORB_SLAM3/include/Frame.h:33,
[35.693s]                  from /home/j/colcon_ws/ORB_SLAM3/include/KeyFrame.h:28,
[35.693s]                  from /home/j/colcon_ws/ORB_SLAM3/include/MapPoint.h:23,
[35.693s]                  from /home/j/colcon_ws/ORB_SLAM3/include/FrameDrawer.h:24,
[35.694s]                  from /home/j/colcon_ws/ORB_SLAM3/include/Viewer.h:23,
[35.694s]                  from /home/j/colcon_ws/ORB_SLAM3/include/Tracking.h:26,
[35.694s]                  from /home/j/colcon_ws/ORB_SLAM3/include/System.h:31,
[35.694s]                  from /home/j/colcon_ws/src/orbslam3_ros2/src/rgbd/rgbd-slam-node.hpp:18,
[35.694s]                  from /home/j/colcon_ws/src/orbslam3_ros2/src/rgbd/rgbd-slam-node.cpp:1:
[35.694s] /home/j/colcon_ws/ORB_SLAM3/Thirdparty/g2o/g2o/types/../core/base_binary_edge.h: In instantiation of ‘class g2o::BaseBinaryEdge<7, g2o::Sim3, g2o::VertexSim3Expmap, g2o::VertexSim3Expmap>’:
[35.694s] /home/j/colcon_ws/ORB_SLAM3/Thirdparty/g2o/g2o/types/types_seven_dof_expmap.h:99:27:   required from here
[35.694s] /home/j/colcon_ws/ORB_SLAM3/Thirdparty/g2o/g2o/types/../core/base_binary_edge.h:59:80: warning: ‘Eigen::AlignedBit’ is deprecated [-Wdeprecated-declarations]
[35.694s]    59 |       typedef Eigen::Map<Matrix<double, Di, Dj>, Matrix<double, Di, Dj>::Flags & AlignedBit ? Aligned : Unaligned > HessianBlockType;
[35.694s]       |                                                                          ~~~~~~^~~~~~~~~~~~
[35.694s] In file included from /usr/include/eigen3/Eigen/Core:161,
[35.694s]                  from /usr/include/eigen3/Eigen/LU:11,
[35.694s]                  from /home/j/colcon_ws/ORB_SLAM3/Thirdparty/Sophus/sophus/so2.hpp:12,
[35.695s]                  from /home/j/colcon_ws/ORB_SLAM3/Thirdparty/Sophus/sophus/se2.hpp:7,
[35.695s]                  from /home/j/colcon_ws/ORB_SLAM3/Thirdparty/Sophus/sophus/geometry.hpp:7,
[35.695s]                  from /home/j/colcon_ws/ORB_SLAM3/include/Frame.h:28,
[35.695s]                  from /home/j/colcon_ws/ORB_SLAM3/include/KeyFrame.h:28,
[35.695s]                  from /home/j/colcon_ws/ORB_SLAM3/include/MapPoint.h:23,
[35.695s]                  from /home/j/colcon_ws/ORB_SLAM3/include/FrameDrawer.h:24,
[35.695s]                  from /home/j/colcon_ws/ORB_SLAM3/include/Viewer.h:23,
[35.695s]                  from /home/j/colcon_ws/ORB_SLAM3/include/Tracking.h:26,
[35.695s]                  from /home/j/colcon_ws/ORB_SLAM3/include/System.h:31,
[35.695s]                  from /home/j/colcon_ws/src/orbslam3_ros2/src/rgbd/rgbd-slam-node.hpp:18,
[35.695s]                  from /home/j/colcon_ws/src/orbslam3_ros2/src/rgbd/rgbd-slam-node.cpp:1:
[35.695s] /usr/include/eigen3/Eigen/src/Core/util/Constants.h:167:37: note: declared here
[35.695s]   167 | EIGEN_DEPRECATED const unsigned int AlignedBit = 0x80;
[35.696s]       |                                     ^~~~~~~~~~
[35.696s] In file included from /home/j/colcon_ws/ORB_SLAM3/Thirdparty/g2o/g2o/types/types_six_dof_expmap.h:38,
[35.696s]                  from /home/j/colcon_ws/ORB_SLAM3/include/Converter.h:26,
[35.696s]                  from /home/j/colcon_ws/ORB_SLAM3/include/Frame.h:33,
[35.696s]                  from /home/j/colcon_ws/ORB_SLAM3/include/KeyFrame.h:28,
[35.696s]                  from /home/j/colcon_ws/ORB_SLAM3/include/MapPoint.h:23,
[35.696s]                  from /home/j/colcon_ws/ORB_SLAM3/include/FrameDrawer.h:24,
[35.696s]                  from /home/j/colcon_ws/ORB_SLAM3/include/Viewer.h:23,
[35.696s]                  from /home/j/colcon_ws/ORB_SLAM3/include/Tracking.h:26,
[35.696s]                  from /home/j/colcon_ws/ORB_SLAM3/include/System.h:31,
[35.696s]                  from /home/j/colcon_ws/src/orbslam3_ros2/src/rgbd/rgbd-slam-node.hpp:18,
[35.696s]                  from /home/j/colcon_ws/src/orbslam3_ros2/src/rgbd/rgbd-slam-node.cpp:1:
[35.696s] /home/j/colcon_ws/ORB_SLAM3/Thirdparty/g2o/g2o/types/../core/base_binary_edge.h:60:80: warning: ‘Eigen::AlignedBit’ is deprecated [-Wdeprecated-declarations]
[35.697s]    60 |       typedef Eigen::Map<Matrix<double, Dj, Di>, Matrix<double, Dj, Di>::Flags & AlignedBit ? Aligned : Unaligned > HessianBlockTransposedType;
[35.697s]       |                                                                          ~~~~~~^~~~~~~~~~~~
[35.697s] In file included from /usr/include/eigen3/Eigen/Core:161,
[35.697s]                  from /usr/include/eigen3/Eigen/LU:11,
[35.697s]                  from /home/j/colcon_ws/ORB_SLAM3/Thirdparty/Sophus/sophus/so2.hpp:12,
[35.697s]                  from /home/j/colcon_ws/ORB_SLAM3/Thirdparty/Sophus/sophus/se2.hpp:7,
[35.697s]                  from /home/j/colcon_ws/ORB_SLAM3/Thirdparty/Sophus/sophus/geometry.hpp:7,
[35.697s]                  from /home/j/colcon_ws/ORB_SLAM3/include/Frame.h:28,
[35.697s]                  from /home/j/colcon_ws/ORB_SLAM3/include/KeyFrame.h:28,
[35.697s]                  from /home/j/colcon_ws/ORB_SLAM3/include/MapPoint.h:23,
[35.697s]                  from /home/j/colcon_ws/ORB_SLAM3/include/FrameDrawer.h:24,
[35.697s]                  from /home/j/colcon_ws/ORB_SLAM3/include/Viewer.h:23,
[35.697s]                  from /home/j/colcon_ws/ORB_SLAM3/include/Tracking.h:26,
[35.698s]                  from /home/j/colcon_ws/ORB_SLAM3/include/System.h:31,
[35.698s]                  from /home/j/colcon_ws/src/orbslam3_ros2/src/rgbd/rgbd-slam-node.hpp:18,
[35.698s]                  from /home/j/colcon_ws/src/orbslam3_ros2/src/rgbd/rgbd-slam-node.cpp:1:
[35.698s] /usr/include/eigen3/Eigen/src/Core/util/Constants.h:167:37: note: declared here
[35.698s]   167 | EIGEN_DEPRECATED const unsigned int AlignedBit = 0x80;
[35.698s]       |                                     ^~~~~~~~~~
[35.698s] In file included from /home/j/colcon_ws/ORB_SLAM3/Thirdparty/g2o/g2o/types/types_six_dof_expmap.h:38,
[35.698s]                  from /home/j/colcon_ws/ORB_SLAM3/include/Converter.h:26,
[35.698s]                  from /home/j/colcon_ws/ORB_SLAM3/include/Frame.h:33,
[35.698s]                  from /home/j/colcon_ws/ORB_SLAM3/include/KeyFrame.h:28,
[35.698s]                  from /home/j/colcon_ws/ORB_SLAM3/include/MapPoint.h:23,
[35.698s]                  from /home/j/colcon_ws/ORB_SLAM3/include/FrameDrawer.h:24,
[35.698s]                  from /home/j/colcon_ws/ORB_SLAM3/include/Viewer.h:23,
[35.699s]                  from /home/j/colcon_ws/ORB_SLAM3/include/Tracking.h:26,
[35.699s]                  from /home/j/colcon_ws/ORB_SLAM3/include/System.h:31,
[35.699s]                  from /home/j/colcon_ws/src/orbslam3_ros2/src/rgbd/rgbd-slam-node.hpp:18,
[35.699s]                  from /home/j/colcon_ws/src/orbslam3_ros2/src/rgbd/rgbd.cpp:7:
[35.699s] /home/j/colcon_ws/ORB_SLAM3/Thirdparty/g2o/g2o/types/../core/base_binary_edge.h: In instantiation of ‘class g2o::BaseBinaryEdge<7, g2o::Sim3, g2o::VertexSim3Expmap, g2o::VertexSim3Expmap>’:
[35.699s] /home/j/colcon_ws/ORB_SLAM3/Thirdparty/g2o/g2o/types/types_seven_dof_expmap.h:99:27:   required from here
[35.700s] /home/j/colcon_ws/ORB_SLAM3/Thirdparty/g2o/g2o/types/../core/base_binary_edge.h:59:80: warning: ‘Eigen::AlignedBit’ is deprecated [-Wdeprecated-declarations]
[35.700s]    59 |       typedef Eigen::Map<Matrix<double, Di, Dj>, Matrix<double, Di, Dj>::Flags & AlignedBit ? Aligned : Unaligned > HessianBlockType;
[35.700s]       |                                                                          ~~~~~~^~~~~~~~~~~~
[35.700s] In file included from /usr/include/eigen3/Eigen/Core:161,
[35.700s]                  from /usr/include/eigen3/Eigen/LU:11,
[35.700s]                  from /home/j/colcon_ws/ORB_SLAM3/Thirdparty/Sophus/sophus/so2.hpp:12,
[35.700s]                  from /home/j/colcon_ws/ORB_SLAM3/Thirdparty/Sophus/sophus/se2.hpp:7,
[35.700s]                  from /home/j/colcon_ws/ORB_SLAM3/Thirdparty/Sophus/sophus/geometry.hpp:7,
[35.701s]                  from /home/j/colcon_ws/ORB_SLAM3/include/Frame.h:28,
[35.701s]                  from /home/j/colcon_ws/ORB_SLAM3/include/KeyFrame.h:28,
[35.701s]                  from /home/j/colcon_ws/ORB_SLAM3/include/MapPoint.h:23,
[35.701s]                  from /home/j/colcon_ws/ORB_SLAM3/include/FrameDrawer.h:24,
[35.701s]                  from /home/j/colcon_ws/ORB_SLAM3/include/Viewer.h:23,
[35.701s]                  from /home/j/colcon_ws/ORB_SLAM3/include/Tracking.h:26,
[35.702s]                  from /home/j/colcon_ws/ORB_SLAM3/include/System.h:31,
[35.702s]                  from /home/j/colcon_ws/src/orbslam3_ros2/src/rgbd/rgbd-slam-node.hpp:18,
[35.702s]                  from /home/j/colcon_ws/src/orbslam3_ros2/src/rgbd/rgbd.cpp:7:
[35.702s] /usr/include/eigen3/Eigen/src/Core/util/Constants.h:167:37: note: declared here
[35.702s]   167 | EIGEN_DEPRECATED const unsigned int AlignedBit = 0x80;
[35.702s]       |                                     ^~~~~~~~~~
[35.702s] In file included from /home/j/colcon_ws/ORB_SLAM3/Thirdparty/g2o/g2o/types/types_six_dof_expmap.h:38,
[35.702s]                  from /home/j/colcon_ws/ORB_SLAM3/include/Converter.h:26,
[35.702s]                  from /home/j/colcon_ws/ORB_SLAM3/include/Frame.h:33,
[35.702s]                  from /home/j/colcon_ws/ORB_SLAM3/include/KeyFrame.h:28,
[35.702s]                  from /home/j/colcon_ws/ORB_SLAM3/include/MapPoint.h:23,
[35.702s]                  from /home/j/colcon_ws/ORB_SLAM3/include/FrameDrawer.h:24,
[35.703s]                  from /home/j/colcon_ws/ORB_SLAM3/include/Viewer.h:23,
[35.703s]                  from /home/j/colcon_ws/ORB_SLAM3/include/Tracking.h:26,
[35.703s]                  from /home/j/colcon_ws/ORB_SLAM3/include/System.h:31,
[35.703s]                  from /home/j/colcon_ws/src/orbslam3_ros2/src/rgbd/rgbd-slam-node.hpp:18,
[35.703s]                  from /home/j/colcon_ws/src/orbslam3_ros2/src/rgbd/rgbd.cpp:7:
[35.703s] /home/j/colcon_ws/ORB_SLAM3/Thirdparty/g2o/g2o/types/../core/base_binary_edge.h:60:80: warning: ‘Eigen::AlignedBit’ is deprecated [-Wdeprecated-declarations]
[35.703s]    60 |       typedef Eigen::Map<Matrix<double, Dj, Di>, Matrix<double, Dj, Di>::Flags & AlignedBit ? Aligned : Unaligned > HessianBlockTransposedType;
[35.703s]       |                                                                          ~~~~~~^~~~~~~~~~~~
[35.703s] In file included from /usr/include/eigen3/Eigen/Core:161,
[35.703s]                  from /usr/include/eigen3/Eigen/LU:11,
[35.703s]                  from /home/j/colcon_ws/ORB_SLAM3/Thirdparty/Sophus/sophus/so2.hpp:12,
[35.703s]                  from /home/j/colcon_ws/ORB_SLAM3/Thirdparty/Sophus/sophus/se2.hpp:7,
[35.703s]                  from /home/j/colcon_ws/ORB_SLAM3/Thirdparty/Sophus/sophus/geometry.hpp:7,
[35.703s]                  from /home/j/colcon_ws/ORB_SLAM3/include/Frame.h:28,
[35.704s]                  from /home/j/colcon_ws/ORB_SLAM3/include/KeyFrame.h:28,
[35.704s]                  from /home/j/colcon_ws/ORB_SLAM3/include/MapPoint.h:23,
[35.704s]                  from /home/j/colcon_ws/ORB_SLAM3/include/FrameDrawer.h:24,
[35.704s]                  from /home/j/colcon_ws/ORB_SLAM3/include/Viewer.h:23,
[35.704s]                  from /home/j/colcon_ws/ORB_SLAM3/include/Tracking.h:26,
[35.704s]                  from /home/j/colcon_ws/ORB_SLAM3/include/System.h:31,
[35.704s]                  from /home/j/colcon_ws/src/orbslam3_ros2/src/rgbd/rgbd-slam-node.hpp:18,
[35.704s]                  from /home/j/colcon_ws/src/orbslam3_ros2/src/rgbd/rgbd.cpp:7:
[35.705s] /usr/include/eigen3/Eigen/src/Core/util/Constants.h:167:37: note: declared here
[35.705s]   167 | EIGEN_DEPRECATED const unsigned int AlignedBit = 0x80;
[35.705s]       |                                     ^~~~~~~~~~
[35.705s] In file included from /home/j/colcon_ws/ORB_SLAM3/Thirdparty/g2o/g2o/types/types_six_dof_expmap.h:38,
[35.705s]                  from /home/j/colcon_ws/ORB_SLAM3/include/Converter.h:26,
[35.705s]                  from /home/j/colcon_ws/ORB_SLAM3/include/Frame.h:33,
[35.705s]                  from /home/j/colcon_ws/ORB_SLAM3/include/KeyFrame.h:28,
[35.705s]                  from /home/j/colcon_ws/ORB_SLAM3/include/MapPoint.h:23,
[35.705s]                  from /home/j/colcon_ws/ORB_SLAM3/include/FrameDrawer.h:24,
[35.705s]                  from /home/j/colcon_ws/ORB_SLAM3/include/Viewer.h:23,
[35.706s]                  from /home/j/colcon_ws/ORB_SLAM3/include/Tracking.h:26,
[35.706s]                  from /home/j/colcon_ws/ORB_SLAM3/include/System.h:31,
[35.706s]                  from /home/j/colcon_ws/src/orbslam3_ros2/src/monocular/monocular-slam-node.hpp:9,
[35.706s]                  from /home/j/colcon_ws/src/orbslam3_ros2/src/monocular/mono.cpp:7:
[35.706s] /home/j/colcon_ws/ORB_SLAM3/Thirdparty/g2o/g2o/types/../core/base_binary_edge.h: In instantiation of ‘class g2o::BaseBinaryEdge<3, Eigen::Matrix<double, 3, 1>, g2o::VertexSBAPointXYZ, g2o::VertexSE3Expmap>’:
[35.706s] /home/j/colcon_ws/ORB_SLAM3/Thirdparty/g2o/g2o/types/types_six_dof_expmap.h:146:41:   required from here
[35.706s] /home/j/colcon_ws/ORB_SLAM3/Thirdparty/g2o/g2o/types/../core/base_binary_edge.h:59:80: warning: ‘Eigen::AlignedBit’ is deprecated [-Wdeprecated-declarations]
[35.706s]    59 |       typedef Eigen::Map<Matrix<double, Di, Dj>, Matrix<double, Di, Dj>::Flags & AlignedBit ? Aligned : Unaligned > HessianBlockType;
[35.706s]       |                                                                          ~~~~~~^~~~~~~~~~~~
[35.706s] In file included from /usr/include/eigen3/Eigen/Core:161,
[35.706s]                  from /usr/include/eigen3/Eigen/LU:11,
[35.706s]                  from /home/j/colcon_ws/ORB_SLAM3/Thirdparty/Sophus/sophus/so2.hpp:12,
[35.706s]                  from /home/j/colcon_ws/ORB_SLAM3/Thirdparty/Sophus/sophus/se2.hpp:7,
[35.707s]                  from /home/j/colcon_ws/ORB_SLAM3/Thirdparty/Sophus/sophus/geometry.hpp:7,
[35.707s]                  from /home/j/colcon_ws/ORB_SLAM3/include/Frame.h:28,
[35.707s]                  from /home/j/colcon_ws/ORB_SLAM3/include/KeyFrame.h:28,
[35.707s]                  from /home/j/colcon_ws/ORB_SLAM3/include/MapPoint.h:23,
[35.707s]                  from /home/j/colcon_ws/ORB_SLAM3/include/FrameDrawer.h:24,
[35.707s]                  from /home/j/colcon_ws/ORB_SLAM3/include/Viewer.h:23,
[35.707s]                  from /home/j/colcon_ws/ORB_SLAM3/include/Tracking.h:26,
[35.707s]                  from /home/j/colcon_ws/ORB_SLAM3/include/System.h:31,
[35.707s]                  from /home/j/colcon_ws/src/orbslam3_ros2/src/monocular/monocular-slam-node.hpp:9,
[35.707s]                  from /home/j/colcon_ws/src/orbslam3_ros2/src/monocular/mono.cpp:7:
[35.707s] /usr/include/eigen3/Eigen/src/Core/util/Constants.h:167:37: note: declared here
[35.707s]   167 | EIGEN_DEPRECATED const unsigned int AlignedBit = 0x80;
[35.707s]       |                                     ^~~~~~~~~~
[35.708s] In file included from /home/j/colcon_ws/ORB_SLAM3/Thirdparty/g2o/g2o/types/types_six_dof_expmap.h:38,
[35.708s]                  from /home/j/colcon_ws/ORB_SLAM3/include/Converter.h:26,
[35.708s]                  from /home/j/colcon_ws/ORB_SLAM3/include/Frame.h:33,
[35.708s]                  from /home/j/colcon_ws/ORB_SLAM3/include/KeyFrame.h:28,
[35.708s]                  from /home/j/colcon_ws/ORB_SLAM3/include/MapPoint.h:23,
[35.708s]                  from /home/j/colcon_ws/ORB_SLAM3/include/FrameDrawer.h:24,
[35.708s]                  from /home/j/colcon_ws/ORB_SLAM3/include/Viewer.h:23,
[35.708s]                  from /home/j/colcon_ws/ORB_SLAM3/include/Tracking.h:26,
[35.708s]                  from /home/j/colcon_ws/ORB_SLAM3/include/System.h:31,
[35.708s]                  from /home/j/colcon_ws/src/orbslam3_ros2/src/monocular/monocular-slam-node.hpp:9,
[35.708s]                  from /home/j/colcon_ws/src/orbslam3_ros2/src/monocular/mono.cpp:7:
[35.708s] /home/j/colcon_ws/ORB_SLAM3/Thirdparty/g2o/g2o/types/../core/base_binary_edge.h:60:80: warning: ‘Eigen::AlignedBit’ is deprecated [-Wdeprecated-declarations]
[35.708s]    60 |       typedef Eigen::Map<Matrix<double, Dj, Di>, Matrix<double, Dj, Di>::Flags & AlignedBit ? Aligned : Unaligned > HessianBlockTransposedType;
[35.709s]       |                                                                          ~~~~~~^~~~~~~~~~~~
[35.709s] In file included from /usr/include/eigen3/Eigen/Core:161,
[35.709s]                  from /usr/include/eigen3/Eigen/LU:11,
[35.709s]                  from /home/j/colcon_ws/ORB_SLAM3/Thirdparty/Sophus/sophus/so2.hpp:12,
[35.709s]                  from /home/j/colcon_ws/ORB_SLAM3/Thirdparty/Sophus/sophus/se2.hpp:7,
[35.709s]                  from /home/j/colcon_ws/ORB_SLAM3/Thirdparty/Sophus/sophus/geometry.hpp:7,
[35.709s]                  from /home/j/colcon_ws/ORB_SLAM3/include/Frame.h:28,
[35.709s]                  from /home/j/colcon_ws/ORB_SLAM3/include/KeyFrame.h:28,
[35.709s]                  from /home/j/colcon_ws/ORB_SLAM3/include/MapPoint.h:23,
[35.709s]                  from /home/j/colcon_ws/ORB_SLAM3/include/FrameDrawer.h:24,
[35.709s]                  from /home/j/colcon_ws/ORB_SLAM3/include/Viewer.h:23,
[35.709s]                  from /home/j/colcon_ws/ORB_SLAM3/include/Tracking.h:26,
[35.709s]                  from /home/j/colcon_ws/ORB_SLAM3/include/System.h:31,
[35.710s]                  from /home/j/colcon_ws/src/orbslam3_ros2/src/monocular/monocular-slam-node.hpp:9,
[35.710s]                  from /home/j/colcon_ws/src/orbslam3_ros2/src/monocular/mono.cpp:7:
[35.710s] /usr/include/eigen3/Eigen/src/Core/util/Constants.h:167:37: note: declared here
[35.710s]   167 | EIGEN_DEPRECATED const unsigned int AlignedBit = 0x80;
[35.710s]       |                                     ^~~~~~~~~~
[35.710s] In file included from /home/j/colcon_ws/ORB_SLAM3/Thirdparty/g2o/g2o/types/types_six_dof_expmap.h:38,
[35.710s]                  from /home/j/colcon_ws/ORB_SLAM3/include/Converter.h:26,
[35.710s]                  from /home/j/colcon_ws/ORB_SLAM3/include/Frame.h:33,
[35.710s]                  from /home/j/colcon_ws/ORB_SLAM3/include/KeyFrame.h:28,
[35.710s]                  from /home/j/colcon_ws/ORB_SLAM3/include/MapPoint.h:23,
[35.710s]                  from /home/j/colcon_ws/ORB_SLAM3/include/FrameDrawer.h:24,
[35.710s]                  from /home/j/colcon_ws/ORB_SLAM3/include/Viewer.h:23,
[35.710s]                  from /home/j/colcon_ws/ORB_SLAM3/include/Tracking.h:26,
[35.711s]                  from /home/j/colcon_ws/ORB_SLAM3/include/System.h:31,
[35.711s]                  from /home/j/colcon_ws/src/orbslam3_ros2/src/stereo/stereo-slam-node.hpp:13,
[35.711s]                  from /home/j/colcon_ws/src/orbslam3_ros2/src/stereo/stereo.cpp:7:
[35.711s] /home/j/colcon_ws/ORB_SLAM3/Thirdparty/g2o/g2o/types/../core/base_binary_edge.h: In instantiation of ‘class g2o::BaseBinaryEdge<3, Eigen::Matrix<double, 3, 1>, g2o::VertexSBAPointXYZ, g2o::VertexSE3Expmap>’:
[35.711s] /home/j/colcon_ws/ORB_SLAM3/Thirdparty/g2o/g2o/types/types_six_dof_expmap.h:146:41:   required from here
[35.711s] /home/j/colcon_ws/ORB_SLAM3/Thirdparty/g2o/g2o/types/../core/base_binary_edge.h:59:80: warning: ‘Eigen::AlignedBit’ is deprecated [-Wdeprecated-declarations]
[35.711s]    59 |       typedef Eigen::Map<Matrix<double, Di, Dj>, Matrix<double, Di, Dj>::Flags & AlignedBit ? Aligned : Unaligned > HessianBlockType;
[35.711s]       |                                                                          ~~~~~~^~~~~~~~~~~~
[35.711s] In file included from /usr/include/eigen3/Eigen/Core:161,
[35.711s]                  from /usr/include/eigen3/Eigen/LU:11,
[35.711s]                  from /home/j/colcon_ws/ORB_SLAM3/Thirdparty/Sophus/sophus/so2.hpp:12,
[35.711s]                  from /home/j/colcon_ws/ORB_SLAM3/Thirdparty/Sophus/sophus/se2.hpp:7,
[35.711s]                  from /home/j/colcon_ws/ORB_SLAM3/Thirdparty/Sophus/sophus/geometry.hpp:7,
[35.712s]                  from /home/j/colcon_ws/ORB_SLAM3/include/Frame.h:28,
[35.712s]                  from /home/j/colcon_ws/ORB_SLAM3/include/KeyFrame.h:28,
[35.712s]                  from /home/j/colcon_ws/ORB_SLAM3/include/MapPoint.h:23,
[35.712s]                  from /home/j/colcon_ws/ORB_SLAM3/include/FrameDrawer.h:24,
[35.712s]                  from /home/j/colcon_ws/ORB_SLAM3/include/Viewer.h:23,
[35.712s]                  from /home/j/colcon_ws/ORB_SLAM3/include/Tracking.h:26,
[35.712s]                  from /home/j/colcon_ws/ORB_SLAM3/include/System.h:31,
[35.712s]                  from /home/j/colcon_ws/src/orbslam3_ros2/src/stereo/stereo-slam-node.hpp:13,
[35.712s]                  from /home/j/colcon_ws/src/orbslam3_ros2/src/stereo/stereo.cpp:7:
[35.712s] /usr/include/eigen3/Eigen/src/Core/util/Constants.h:167:37: note: declared here
[35.712s]   167 | EIGEN_DEPRECATED const unsigned int AlignedBit = 0x80;
[35.712s]       |                                     ^~~~~~~~~~
[35.713s] In file included from /home/j/colcon_ws/ORB_SLAM3/Thirdparty/g2o/g2o/types/types_six_dof_expmap.h:38,
[35.713s]                  from /home/j/colcon_ws/ORB_SLAM3/include/Converter.h:26,
[35.713s]                  from /home/j/colcon_ws/ORB_SLAM3/include/Frame.h:33,
[35.713s]                  from /home/j/colcon_ws/ORB_SLAM3/include/KeyFrame.h:28,
[35.713s]                  from /home/j/colcon_ws/ORB_SLAM3/include/MapPoint.h:23,
[35.713s]                  from /home/j/colcon_ws/ORB_SLAM3/include/FrameDrawer.h:24,
[35.713s]                  from /home/j/colcon_ws/ORB_SLAM3/include/Viewer.h:23,
[35.713s]                  from /home/j/colcon_ws/ORB_SLAM3/include/Tracking.h:26,
[35.713s]                  from /home/j/colcon_ws/ORB_SLAM3/include/System.h:31,
[35.713s]                  from /home/j/colcon_ws/src/orbslam3_ros2/src/stereo/stereo-slam-node.hpp:13,
[35.713s]                  from /home/j/colcon_ws/src/orbslam3_ros2/src/stereo/stereo.cpp:7:
[35.713s] /home/j/colcon_ws/ORB_SLAM3/Thirdparty/g2o/g2o/types/../core/base_binary_edge.h:60:80: warning: ‘Eigen::AlignedBit’ is deprecated [-Wdeprecated-declarations]
[35.713s]    60 |       typedef Eigen::Map<Matrix<double, Dj, Di>, Matrix<double, Dj, Di>::Flags & AlignedBit ? Aligned : Unaligned > HessianBlockTransposedType;
[35.714s]       |                                                                          ~~~~~~^~~~~~~~~~~~
[35.714s] In file included from /usr/include/eigen3/Eigen/Core:161,
[35.714s]                  from /usr/include/eigen3/Eigen/LU:11,
[35.714s]                  from /home/j/colcon_ws/ORB_SLAM3/Thirdparty/Sophus/sophus/so2.hpp:12,
[35.714s]                  from /home/j/colcon_ws/ORB_SLAM3/Thirdparty/Sophus/sophus/se2.hpp:7,
[35.714s]                  from /home/j/colcon_ws/ORB_SLAM3/Thirdparty/Sophus/sophus/geometry.hpp:7,
[35.714s]                  from /home/j/colcon_ws/ORB_SLAM3/include/Frame.h:28,
[35.714s]                  from /home/j/colcon_ws/ORB_SLAM3/include/KeyFrame.h:28,
[35.714s]                  from /home/j/colcon_ws/ORB_SLAM3/include/MapPoint.h:23,
[35.714s]                  from /home/j/colcon_ws/ORB_SLAM3/include/FrameDrawer.h:24,
[35.714s]                  from /home/j/colcon_ws/ORB_SLAM3/include/Viewer.h:23,
[35.714s]                  from /home/j/colcon_ws/ORB_SLAM3/include/Tracking.h:26,
[35.714s]                  from /home/j/colcon_ws/ORB_SLAM3/include/System.h:31,
[35.715s]                  from /home/j/colcon_ws/src/orbslam3_ros2/src/stereo/stereo-slam-node.hpp:13,
[35.715s]                  from /home/j/colcon_ws/src/orbslam3_ros2/src/stereo/stereo.cpp:7:
[35.715s] /usr/include/eigen3/Eigen/src/Core/util/Constants.h:167:37: note: declared here
[35.715s]   167 | EIGEN_DEPRECATED const unsigned int AlignedBit = 0x80;
[35.715s]       |                                     ^~~~~~~~~~
[35.715s] In file included from /home/j/colcon_ws/ORB_SLAM3/Thirdparty/g2o/g2o/types/types_six_dof_expmap.h:37,
[35.715s]                  from /home/j/colcon_ws/ORB_SLAM3/include/Converter.h:26,
[35.715s]                  from /home/j/colcon_ws/ORB_SLAM3/include/Frame.h:33,
[35.715s]                  from /home/j/colcon_ws/ORB_SLAM3/include/KeyFrame.h:28,
[35.715s]                  from /home/j/colcon_ws/ORB_SLAM3/include/MapPoint.h:23,
[35.715s]                  from /home/j/colcon_ws/ORB_SLAM3/include/FrameDrawer.h:24,
[35.715s]                  from /home/j/colcon_ws/ORB_SLAM3/include/Viewer.h:23,
[35.716s]                  from /home/j/colcon_ws/ORB_SLAM3/include/Tracking.h:26,
[35.716s]                  from /home/j/colcon_ws/ORB_SLAM3/include/System.h:31,
[35.716s]                  from /home/j/colcon_ws/src/orbslam3_ros2/src/stereo/stereo-slam-node.hpp:13,
[35.716s]                  from /home/j/colcon_ws/src/orbslam3_ros2/src/stereo/stereo-slam-node.cpp:1:
[35.716s] /home/j/colcon_ws/ORB_SLAM3/Thirdparty/g2o/g2o/types/../core/base_vertex.h: In instantiation of ‘class g2o::BaseVertex<7, g2o::Sim3>’:
[35.716s] /home/j/colcon_ws/ORB_SLAM3/Thirdparty/g2o/g2o/types/types_seven_dof_expmap.h:48:35:   required from here
[35.716s] /home/j/colcon_ws/ORB_SLAM3/Thirdparty/g2o/g2o/types/../core/base_vertex.h:62:72: warning: ‘Eigen::AlignedBit’ is deprecated [-Wdeprecated-declarations]
[35.716s]    62 |     typedef Eigen::Map<Matrix<double, D, D>, Matrix<double,D,D>::Flags & AlignedBit ? Aligned : Unaligned >  HessianBlockType;
[35.716s]       |                                                                  ~~~~~~^~~~~~~~~~~~
[35.716s] In file included from /usr/include/eigen3/Eigen/Core:161,
[35.716s]                  from /usr/include/eigen3/Eigen/LU:11,
[35.716s]                  from /home/j/colcon_ws/ORB_SLAM3/Thirdparty/Sophus/sophus/so2.hpp:12,
[35.716s]                  from /home/j/colcon_ws/ORB_SLAM3/Thirdparty/Sophus/sophus/se2.hpp:7,
[35.717s]                  from /home/j/colcon_ws/ORB_SLAM3/Thirdparty/Sophus/sophus/geometry.hpp:7,
[35.717s]                  from /home/j/colcon_ws/ORB_SLAM3/include/Frame.h:28,
[35.717s]                  from /home/j/colcon_ws/ORB_SLAM3/include/KeyFrame.h:28,
[35.717s]                  from /home/j/colcon_ws/ORB_SLAM3/include/MapPoint.h:23,
[35.717s]                  from /home/j/colcon_ws/ORB_SLAM3/include/FrameDrawer.h:24,
[35.717s]                  from /home/j/colcon_ws/ORB_SLAM3/include/Viewer.h:23,
[35.717s]                  from /home/j/colcon_ws/ORB_SLAM3/include/Tracking.h:26,
[35.717s]                  from /home/j/colcon_ws/ORB_SLAM3/include/System.h:31,
[35.717s]                  from /home/j/colcon_ws/src/orbslam3_ros2/src/stereo/stereo-slam-node.hpp:13,
[35.717s]                  from /home/j/colcon_ws/src/orbslam3_ros2/src/stereo/stereo-slam-node.cpp:1:
[35.717s] /usr/include/eigen3/Eigen/src/Core/util/Constants.h:167:37: note: declared here
[35.717s]   167 | EIGEN_DEPRECATED const unsigned int AlignedBit = 0x80;
[35.717s]       |                                     ^~~~~~~~~~
[35.718s] In file included from /home/j/colcon_ws/ORB_SLAM3/Thirdparty/g2o/g2o/types/types_six_dof_expmap.h:38,
[35.718s]                  from /home/j/colcon_ws/ORB_SLAM3/include/Converter.h:26,
[35.718s]                  from /home/j/colcon_ws/ORB_SLAM3/include/Frame.h:33,
[35.718s]                  from /home/j/colcon_ws/ORB_SLAM3/include/KeyFrame.h:28,
[35.718s]                  from /home/j/colcon_ws/ORB_SLAM3/include/MapPoint.h:23,
[35.718s]                  from /home/j/colcon_ws/ORB_SLAM3/include/FrameDrawer.h:24,
[35.718s]                  from /home/j/colcon_ws/ORB_SLAM3/include/Viewer.h:23,
[35.718s]                  from /home/j/colcon_ws/ORB_SLAM3/include/Tracking.h:26,
[35.718s]                  from /home/j/colcon_ws/ORB_SLAM3/include/System.h:31,
[35.718s]                  from /home/j/colcon_ws/src/orbslam3_ros2/src/stereo-inertial/stereo-inertial-node.hpp:10,
[35.718s]                  from /home/j/colcon_ws/src/orbslam3_ros2/src/stereo-inertial/stereo-inertial.cpp:7:
[35.718s] /home/j/colcon_ws/ORB_SLAM3/Thirdparty/g2o/g2o/types/../core/base_binary_edge.h: In instantiation of ‘class g2o::BaseBinaryEdge<7, g2o::Sim3, g2o::VertexSim3Expmap, g2o::VertexSim3Expmap>’:
[35.718s] /home/j/colcon_ws/ORB_SLAM3/Thirdparty/g2o/g2o/types/types_seven_dof_expmap.h:99:27:   required from here
[35.719s] /home/j/colcon_ws/ORB_SLAM3/Thirdparty/g2o/g2o/types/../core/base_binary_edge.h:59:80: warning: ‘Eigen::AlignedBit’ is deprecated [-Wdeprecated-declarations]
[35.719s]    59 |       typedef Eigen::Map<Matrix<double, Di, Dj>, Matrix<double, Di, Dj>::Flags & AlignedBit ? Aligned : Unaligned > HessianBlockType;
[35.719s]       |                                                                          ~~~~~~^~~~~~~~~~~~
[35.719s] In file included from /usr/include/eigen3/Eigen/Core:161,
[35.719s]                  from /usr/include/eigen3/Eigen/LU:11,
[35.719s]                  from /home/j/colcon_ws/ORB_SLAM3/Thirdparty/Sophus/sophus/so2.hpp:12,
[35.719s]                  from /home/j/colcon_ws/ORB_SLAM3/Thirdparty/Sophus/sophus/se2.hpp:7,
[35.719s]                  from /home/j/colcon_ws/ORB_SLAM3/Thirdparty/Sophus/sophus/geometry.hpp:7,
[35.719s]                  from /home/j/colcon_ws/ORB_SLAM3/include/Frame.h:28,
[35.719s]                  from /home/j/colcon_ws/ORB_SLAM3/include/KeyFrame.h:28,
[35.719s]                  from /home/j/colcon_ws/ORB_SLAM3/include/MapPoint.h:23,
[35.719s]                  from /home/j/colcon_ws/ORB_SLAM3/include/FrameDrawer.h:24,
[35.720s]                  from /home/j/colcon_ws/ORB_SLAM3/include/Viewer.h:23,
[35.720s]                  from /home/j/colcon_ws/ORB_SLAM3/include/Tracking.h:26,
[35.720s]                  from /home/j/colcon_ws/ORB_SLAM3/include/System.h:31,
[35.720s]                  from /home/j/colcon_ws/src/orbslam3_ros2/src/stereo-inertial/stereo-inertial-node.hpp:10,
[35.720s]                  from /home/j/colcon_ws/src/orbslam3_ros2/src/stereo-inertial/stereo-inertial.cpp:7:
[35.720s] /usr/include/eigen3/Eigen/src/Core/util/Constants.h:167:37: note: declared here
[35.720s]   167 | EIGEN_DEPRECATED const unsigned int AlignedBit = 0x80;
[35.720s]       |                                     ^~~~~~~~~~
[35.720s] In file included from /home/j/colcon_ws/ORB_SLAM3/Thirdparty/g2o/g2o/types/types_six_dof_expmap.h:38,
[35.720s]                  from /home/j/colcon_ws/ORB_SLAM3/include/Converter.h:26,
[35.720s]                  from /home/j/colcon_ws/ORB_SLAM3/include/Frame.h:33,
[35.720s]                  from /home/j/colcon_ws/ORB_SLAM3/include/KeyFrame.h:28,
[35.720s]                  from /home/j/colcon_ws/ORB_SLAM3/include/MapPoint.h:23,
[35.721s]                  from /home/j/colcon_ws/ORB_SLAM3/include/FrameDrawer.h:24,
[35.721s]                  from /home/j/colcon_ws/ORB_SLAM3/include/Viewer.h:23,
[35.721s]                  from /home/j/colcon_ws/ORB_SLAM3/include/Tracking.h:26,
[35.721s]                  from /home/j/colcon_ws/ORB_SLAM3/include/System.h:31,
[35.721s]                  from /home/j/colcon_ws/src/orbslam3_ros2/src/stereo-inertial/stereo-inertial-node.hpp:10,
[35.721s]                  from /home/j/colcon_ws/src/orbslam3_ros2/src/stereo-inertial/stereo-inertial.cpp:7:
[35.721s] /home/j/colcon_ws/ORB_SLAM3/Thirdparty/g2o/g2o/types/../core/base_binary_edge.h:60:80: warning: ‘Eigen::AlignedBit’ is deprecated [-Wdeprecated-declarations]
[35.721s]    60 |       typedef Eigen::Map<Matrix<double, Dj, Di>, Matrix<double, Dj, Di>::Flags & AlignedBit ? Aligned : Unaligned > HessianBlockTransposedType;
[35.721s]       |                                                                          ~~~~~~^~~~~~~~~~~~
[35.721s] In file included from /usr/include/eigen3/Eigen/Core:161,
[35.721s]                  from /usr/include/eigen3/Eigen/LU:11,
[35.721s]                  from /home/j/colcon_ws/ORB_SLAM3/Thirdparty/Sophus/sophus/so2.hpp:12,
[35.721s]                  from /home/j/colcon_ws/ORB_SLAM3/Thirdparty/Sophus/sophus/se2.hpp:7,
[35.722s]                  from /home/j/colcon_ws/ORB_SLAM3/Thirdparty/Sophus/sophus/geometry.hpp:7,
[35.722s]                  from /home/j/colcon_ws/ORB_SLAM3/include/Frame.h:28,
[35.722s]                  from /home/j/colcon_ws/ORB_SLAM3/include/KeyFrame.h:28,
[35.722s]                  from /home/j/colcon_ws/ORB_SLAM3/include/MapPoint.h:23,
[35.722s]                  from /home/j/colcon_ws/ORB_SLAM3/include/FrameDrawer.h:24,
[35.722s]                  from /home/j/colcon_ws/ORB_SLAM3/include/Viewer.h:23,
[35.722s]                  from /home/j/colcon_ws/ORB_SLAM3/include/Tracking.h:26,
[35.722s]                  from /home/j/colcon_ws/ORB_SLAM3/include/System.h:31,
[35.722s]                  from /home/j/colcon_ws/src/orbslam3_ros2/src/stereo-inertial/stereo-inertial-node.hpp:10,
[35.722s]                  from /home/j/colcon_ws/src/orbslam3_ros2/src/stereo-inertial/stereo-inertial.cpp:7:
[35.722s] /usr/include/eigen3/Eigen/src/Core/util/Constants.h:167:37: note: declared here
[35.722s]   167 | EIGEN_DEPRECATED const unsigned int AlignedBit = 0x80;
[35.723s]       |                                     ^~~~~~~~~~
[35.727s] In file included from /home/j/colcon_ws/ORB_SLAM3/Thirdparty/g2o/g2o/types/types_six_dof_expmap.h:38,
[35.727s]                  from /home/j/colcon_ws/ORB_SLAM3/include/Converter.h:26,
[35.728s]                  from /home/j/colcon_ws/ORB_SLAM3/include/Frame.h:33,
[35.728s]                  from /home/j/colcon_ws/ORB_SLAM3/include/KeyFrame.h:28,
[35.728s]                  from /home/j/colcon_ws/ORB_SLAM3/include/MapPoint.h:23,
[35.728s]                  from /home/j/colcon_ws/ORB_SLAM3/include/FrameDrawer.h:24,
[35.728s]                  from /home/j/colcon_ws/ORB_SLAM3/include/Viewer.h:23,
[35.728s]                  from /home/j/colcon_ws/ORB_SLAM3/include/Tracking.h:26,
[35.728s]                  from /home/j/colcon_ws/ORB_SLAM3/include/System.h:31,
[35.728s]                  from /home/j/colcon_ws/src/orbslam3_ros2/src/monocular/monocular-slam-node.hpp:9,
[35.728s]                  from /home/j/colcon_ws/src/orbslam3_ros2/src/monocular/monocular-slam-node.cpp:1:
[35.728s] /home/j/colcon_ws/ORB_SLAM3/Thirdparty/g2o/g2o/types/../core/base_binary_edge.h: In instantiation of ‘class g2o::BaseBinaryEdge<2, Eigen::Matrix<double, 2, 1>, g2o::VertexSBAPointXYZ, g2o::VertexSim3Expmap>’:
[35.728s] /home/j/colcon_ws/ORB_SLAM3/Thirdparty/g2o/g2o/types/types_seven_dof_expmap.h:130:36:   required from here
[35.728s] /home/j/colcon_ws/ORB_SLAM3/Thirdparty/g2o/g2o/types/../core/base_binary_edge.h:59:80: warning: ‘Eigen::AlignedBit’ is deprecated [-Wdeprecated-declarations]
[35.729s]    59 |       typedef Eigen::Map<Matrix<double, Di, Dj>, Matrix<double, Di, Dj>::Flags & AlignedBit ? Aligned : Unaligned > HessianBlockType;
[35.729s]       |                                                                          ~~~~~~^~~~~~~~~~~~
[35.729s] In file included from /usr/include/eigen3/Eigen/Core:161,
[35.729s]                  from /usr/include/eigen3/Eigen/LU:11,
[35.729s]                  from /home/j/colcon_ws/ORB_SLAM3/Thirdparty/Sophus/sophus/so2.hpp:12,
[35.729s]                  from /home/j/colcon_ws/ORB_SLAM3/Thirdparty/Sophus/sophus/se2.hpp:7,
[35.729s]                  from /home/j/colcon_ws/ORB_SLAM3/Thirdparty/Sophus/sophus/geometry.hpp:7,
[35.729s]                  from /home/j/colcon_ws/ORB_SLAM3/include/Frame.h:28,
[35.729s]                  from /home/j/colcon_ws/ORB_SLAM3/include/KeyFrame.h:28,
[35.729s]                  from /home/j/colcon_ws/ORB_SLAM3/include/MapPoint.h:23,
[35.729s]                  from /home/j/colcon_ws/ORB_SLAM3/include/FrameDrawer.h:24,
[35.729s]                  from /home/j/colcon_ws/ORB_SLAM3/include/Viewer.h:23,
[35.729s]                  from /home/j/colcon_ws/ORB_SLAM3/include/Tracking.h:26,
[35.730s]                  from /home/j/colcon_ws/ORB_SLAM3/include/System.h:31,
[35.730s]                  from /home/j/colcon_ws/src/orbslam3_ros2/src/monocular/monocular-slam-node.hpp:9,
[35.730s]                  from /home/j/colcon_ws/src/orbslam3_ros2/src/monocular/monocular-slam-node.cpp:1:
[35.730s] /usr/include/eigen3/Eigen/src/Core/util/Constants.h:167:37: note: declared here
[35.730s]   167 | EIGEN_DEPRECATED const unsigned int AlignedBit = 0x80;
[35.730s]       |                                     ^~~~~~~~~~
[35.730s] In file included from /home/j/colcon_ws/ORB_SLAM3/Thirdparty/g2o/g2o/types/types_six_dof_expmap.h:37,
[35.730s]                  from /home/j/colcon_ws/ORB_SLAM3/include/Converter.h:26,
[35.731s]                  from /home/j/colcon_ws/ORB_SLAM3/include/Frame.h:33,
[35.731s]                  from /home/j/colcon_ws/ORB_SLAM3/include/KeyFrame.h:28,
[35.731s]                  from /home/j/colcon_ws/ORB_SLAM3/include/MapPoint.h:23,
[35.731s]                  from /home/j/colcon_ws/ORB_SLAM3/include/FrameDrawer.h:24,
[35.731s]                  from /home/j/colcon_ws/ORB_SLAM3/include/Viewer.h:23,
[35.731s]                  from /home/j/colcon_ws/ORB_SLAM3/include/Tracking.h:26,
[35.731s]                  from /home/j/colcon_ws/ORB_SLAM3/include/System.h:31,
[35.731s]                  from /home/j/colcon_ws/src/orbslam3_ros2/src/stereo-inertial/stereo-inertial-node.hpp:10,
[35.731s]                  from /home/j/colcon_ws/src/orbslam3_ros2/src/stereo-inertial/stereo-inertial-node.cpp:1:
[35.731s] /home/j/colcon_ws/ORB_SLAM3/Thirdparty/g2o/g2o/types/../core/base_vertex.h: In instantiation of ‘class g2o::BaseVertex<7, g2o::Sim3>’:
[35.731s] /home/j/colcon_ws/ORB_SLAM3/Thirdparty/g2o/g2o/types/types_seven_dof_expmap.h:48:35:   required from here
[35.731s] /home/j/colcon_ws/ORB_SLAM3/Thirdparty/g2o/g2o/types/../core/base_vertex.h:62:72: warning: ‘Eigen::AlignedBit’ is deprecated [-Wdeprecated-declarations]
[35.732s]    62 |     typedef Eigen::Map<Matrix<double, D, D>, Matrix<double,D,D>::Flags & AlignedBit ? Aligned : Unaligned >  HessianBlockType;
[35.732s]       |                                                                  ~~~~~~^~~~~~~~~~~~
[35.732s] In file included from /usr/include/eigen3/Eigen/Core:161,
[35.732s]                  from /usr/include/eigen3/Eigen/LU:11,
[35.732s]                  from /home/j/colcon_ws/ORB_SLAM3/Thirdparty/Sophus/sophus/so2.hpp:12,
[35.732s]                  from /home/j/colcon_ws/ORB_SLAM3/Thirdparty/Sophus/sophus/se2.hpp:7,
[35.732s]                  from /home/j/colcon_ws/ORB_SLAM3/Thirdparty/Sophus/sophus/geometry.hpp:7,
[35.732s]                  from /home/j/colcon_ws/ORB_SLAM3/include/Frame.h:28,
[35.732s]                  from /home/j/colcon_ws/ORB_SLAM3/include/KeyFrame.h:28,
[35.732s]                  from /home/j/colcon_ws/ORB_SLAM3/include/MapPoint.h:23,
[35.732s]                  from /home/j/colcon_ws/ORB_SLAM3/include/FrameDrawer.h:24,
[35.732s]                  from /home/j/colcon_ws/ORB_SLAM3/include/Viewer.h:23,
[35.732s]                  from /home/j/colcon_ws/ORB_SLAM3/include/Tracking.h:26,
[35.732s]                  from /home/j/colcon_ws/ORB_SLAM3/include/System.h:31,
[35.733s]                  from /home/j/colcon_ws/src/orbslam3_ros2/src/stereo-inertial/stereo-inertial-node.hpp:10,
[35.733s]                  from /home/j/colcon_ws/src/orbslam3_ros2/src/stereo-inertial/stereo-inertial-node.cpp:1:
[35.733s] /usr/include/eigen3/Eigen/src/Core/util/Constants.h:167:37: note: declared here
[35.733s]   167 | EIGEN_DEPRECATED const unsigned int AlignedBit = 0x80;
[35.733s]       |                                     ^~~~~~~~~~
[35.736s] In file included from /home/j/colcon_ws/ORB_SLAM3/Thirdparty/g2o/g2o/types/types_six_dof_expmap.h:38,
[35.736s]                  from /home/j/colcon_ws/ORB_SLAM3/include/Converter.h:26,
[35.736s]                  from /home/j/colcon_ws/ORB_SLAM3/include/Frame.h:33,
[35.736s]                  from /home/j/colcon_ws/ORB_SLAM3/include/KeyFrame.h:28,
[35.736s]                  from /home/j/colcon_ws/ORB_SLAM3/include/MapPoint.h:23,
[35.736s]                  from /home/j/colcon_ws/ORB_SLAM3/include/FrameDrawer.h:24,
[35.736s]                  from /home/j/colcon_ws/ORB_SLAM3/include/Viewer.h:23,
[35.736s]                  from /home/j/colcon_ws/ORB_SLAM3/include/Tracking.h:26,
[35.736s]                  from /home/j/colcon_ws/ORB_SLAM3/include/System.h:31,
[35.736s]                  from /home/j/colcon_ws/src/orbslam3_ros2/src/stereo/stereo-slam-node.hpp:13,
[35.737s]                  from /home/j/colcon_ws/src/orbslam3_ros2/src/stereo/stereo-slam-node.cpp:1:
[35.737s] /home/j/colcon_ws/ORB_SLAM3/Thirdparty/g2o/g2o/types/../core/base_binary_edge.h: In instantiation of ‘class g2o::BaseBinaryEdge<7, g2o::Sim3, g2o::VertexSim3Expmap, g2o::VertexSim3Expmap>’:
[35.737s] /home/j/colcon_ws/ORB_SLAM3/Thirdparty/g2o/g2o/types/types_seven_dof_expmap.h:99:27:   required from here
[35.737s] /home/j/colcon_ws/ORB_SLAM3/Thirdparty/g2o/g2o/types/../core/base_binary_edge.h:59:80: warning: ‘Eigen::AlignedBit’ is deprecated [-Wdeprecated-declarations]
[35.737s]    59 |       typedef Eigen::Map<Matrix<double, Di, Dj>, Matrix<double, Di, Dj>::Flags & AlignedBit ? Aligned : Unaligned > HessianBlockType;
[35.737s]       |                                                                          ~~~~~~^~~~~~~~~~~~
[35.737s] In file included from /usr/include/eigen3/Eigen/Core:161,
[35.737s]                  from /usr/include/eigen3/Eigen/LU:11,
[35.737s]                  from /home/j/colcon_ws/ORB_SLAM3/Thirdparty/Sophus/sophus/so2.hpp:12,
[35.737s]                  from /home/j/colcon_ws/ORB_SLAM3/Thirdparty/Sophus/sophus/se2.hpp:7,
[35.737s]                  from /home/j/colcon_ws/ORB_SLAM3/Thirdparty/Sophus/sophus/geometry.hpp:7,
[35.737s]                  from /home/j/colcon_ws/ORB_SLAM3/include/Frame.h:28,
[35.737s]                  from /home/j/colcon_ws/ORB_SLAM3/include/KeyFrame.h:28,
[35.738s]                  from /home/j/colcon_ws/ORB_SLAM3/include/MapPoint.h:23,
[35.738s]                  from /home/j/colcon_ws/ORB_SLAM3/include/FrameDrawer.h:24,
[35.738s]                  from /home/j/colcon_ws/ORB_SLAM3/include/Viewer.h:23,
[35.738s]                  from /home/j/colcon_ws/ORB_SLAM3/include/Tracking.h:26,
[35.738s]                  from /home/j/colcon_ws/ORB_SLAM3/include/System.h:31,
[35.738s]                  from /home/j/colcon_ws/src/orbslam3_ros2/src/stereo/stereo-slam-node.hpp:13,
[35.738s]                  from /home/j/colcon_ws/src/orbslam3_ros2/src/stereo/stereo-slam-node.cpp:1:
[35.738s] /usr/include/eigen3/Eigen/src/Core/util/Constants.h:167:37: note: declared here
[35.738s]   167 | EIGEN_DEPRECATED const unsigned int AlignedBit = 0x80;
[35.738s]       |                                     ^~~~~~~~~~
[35.738s] In file included from /home/j/colcon_ws/ORB_SLAM3/Thirdparty/g2o/g2o/types/types_six_dof_expmap.h:38,
[35.738s]                  from /home/j/colcon_ws/ORB_SLAM3/include/Converter.h:26,
[35.738s]                  from /home/j/colcon_ws/ORB_SLAM3/include/Frame.h:33,
[35.739s]                  from /home/j/colcon_ws/ORB_SLAM3/include/KeyFrame.h:28,
[35.739s]                  from /home/j/colcon_ws/ORB_SLAM3/include/MapPoint.h:23,
[35.739s]                  from /home/j/colcon_ws/ORB_SLAM3/include/FrameDrawer.h:24,
[35.739s]                  from /home/j/colcon_ws/ORB_SLAM3/include/Viewer.h:23,
[35.739s]                  from /home/j/colcon_ws/ORB_SLAM3/include/Tracking.h:26,
[35.739s]                  from /home/j/colcon_ws/ORB_SLAM3/include/System.h:31,
[35.739s]                  from /home/j/colcon_ws/src/orbslam3_ros2/src/stereo/stereo-slam-node.hpp:13,
[35.739s]                  from /home/j/colcon_ws/src/orbslam3_ros2/src/stereo/stereo-slam-node.cpp:1:
[35.739s] /home/j/colcon_ws/ORB_SLAM3/Thirdparty/g2o/g2o/types/../core/base_binary_edge.h:60:80: warning: ‘Eigen::AlignedBit’ is deprecated [-Wdeprecated-declarations]
[35.739s]    60 |       typedef Eigen::Map<Matrix<double, Dj, Di>, Matrix<double, Dj, Di>::Flags & AlignedBit ? Aligned : Unaligned > HessianBlockTransposedType;
[35.739s]       |                                                                          ~~~~~~^~~~~~~~~~~~
[35.739s] In file included from /usr/include/eigen3/Eigen/Core:161,
[35.739s]                  from /usr/include/eigen3/Eigen/LU:11,
[35.739s]                  from /home/j/colcon_ws/ORB_SLAM3/Thirdparty/Sophus/sophus/so2.hpp:12,
[35.740s]                  from /home/j/colcon_ws/ORB_SLAM3/Thirdparty/Sophus/sophus/se2.hpp:7,
[35.740s]                  from /home/j/colcon_ws/ORB_SLAM3/Thirdparty/Sophus/sophus/geometry.hpp:7,
[35.740s]                  from /home/j/colcon_ws/ORB_SLAM3/include/Frame.h:28,
[35.740s]                  from /home/j/colcon_ws/ORB_SLAM3/include/KeyFrame.h:28,
[35.740s]                  from /home/j/colcon_ws/ORB_SLAM3/include/MapPoint.h:23,
[35.740s]                  from /home/j/colcon_ws/ORB_SLAM3/include/FrameDrawer.h:24,
[35.740s]                  from /home/j/colcon_ws/ORB_SLAM3/include/Viewer.h:23,
[35.740s]                  from /home/j/colcon_ws/ORB_SLAM3/include/Tracking.h:26,
[35.741s]                  from /home/j/colcon_ws/ORB_SLAM3/include/System.h:31,
[35.741s]                  from /home/j/colcon_ws/src/orbslam3_ros2/src/stereo/stereo-slam-node.hpp:13,
[35.741s]                  from /home/j/colcon_ws/src/orbslam3_ros2/src/stereo/stereo-slam-node.cpp:1:
[35.741s] /usr/include/eigen3/Eigen/src/Core/util/Constants.h:167:37: note: declared here
[35.741s]   167 | EIGEN_DEPRECATED const unsigned int AlignedBit = 0x80;
[35.741s]       |                                     ^~~~~~~~~~
[35.741s] In file included from /home/j/colcon_ws/ORB_SLAM3/Thirdparty/g2o/g2o/types/types_six_dof_expmap.h:38,
[35.741s]                  from /home/j/colcon_ws/ORB_SLAM3/include/Converter.h:26,
[35.741s]                  from /home/j/colcon_ws/ORB_SLAM3/include/Frame.h:33,
[35.741s]                  from /home/j/colcon_ws/ORB_SLAM3/include/KeyFrame.h:28,
[35.742s]                  from /home/j/colcon_ws/ORB_SLAM3/include/MapPoint.h:23,
[35.742s]                  from /home/j/colcon_ws/ORB_SLAM3/include/FrameDrawer.h:24,
[35.742s]                  from /home/j/colcon_ws/ORB_SLAM3/include/Viewer.h:23,
[35.742s]                  from /home/j/colcon_ws/ORB_SLAM3/include/Tracking.h:26,
[35.742s]                  from /home/j/colcon_ws/ORB_SLAM3/include/System.h:31,
[35.742s]                  from /home/j/colcon_ws/src/orbslam3_ros2/src/rgbd/rgbd-slam-node.hpp:18,
[35.742s]                  from /home/j/colcon_ws/src/orbslam3_ros2/src/rgbd/rgbd.cpp:7:
[35.742s] /home/j/colcon_ws/ORB_SLAM3/Thirdparty/g2o/g2o/types/../core/base_binary_edge.h: In instantiation of ‘class g2o::BaseBinaryEdge<2, Eigen::Matrix<double, 2, 1>, g2o::VertexSBAPointXYZ, g2o::VertexSim3Expmap>’:
[35.742s] /home/j/colcon_ws/ORB_SLAM3/Thirdparty/g2o/g2o/types/types_seven_dof_expmap.h:130:36:   required from here
[35.742s] /home/j/colcon_ws/ORB_SLAM3/Thirdparty/g2o/g2o/types/../core/base_binary_edge.h:59:80: warning: ‘Eigen::AlignedBit’ is deprecated [-Wdeprecated-declarations]
[35.742s]    59 |       typedef Eigen::Map<Matrix<double, Di, Dj>, Matrix<double, Di, Dj>::Flags & AlignedBit ? Aligned : Unaligned > HessianBlockType;
[35.742s]       |                                                                          ~~~~~~^~~~~~~~~~~~
[35.742s] In file included from /home/j/colcon_ws/ORB_SLAM3/Thirdparty/g2o/g2o/types/types_six_dof_expmap.h:38,
[35.743s]                  from /home/j/colcon_ws/ORB_SLAM3/include/Converter.h:26,
[35.743s]                  from /home/j/colcon_ws/ORB_SLAM3/include/Frame.h:33,
[35.743s]                  from /home/j/colcon_ws/ORB_SLAM3/include/KeyFrame.h:28,
[35.743s]                  from /home/j/colcon_ws/ORB_SLAM3/include/MapPoint.h:23,
[35.743s]                  from /home/j/colcon_ws/ORB_SLAM3/include/FrameDrawer.h:24,
[35.743s]                  from /home/j/colcon_ws/ORB_SLAM3/include/Viewer.h:23,
[35.743s]                  from /home/j/colcon_ws/ORB_SLAM3/include/Tracking.h:26,
[35.743s]                  from /home/j/colcon_ws/ORB_SLAM3/include/System.h:31,
[35.743s]                  from /home/j/colcon_ws/src/orbslam3_ros2/src/rgbd/rgbd-slam-node.hpp:18,
[35.744s]                  from /home/j/colcon_ws/src/orbslam3_ros2/src/rgbd/rgbd-slam-node.cpp:1:
[35.744s] /home/j/colcon_ws/ORB_SLAM3/Thirdparty/g2o/g2o/types/../core/base_binary_edge.h: In instantiation of ‘class g2o::BaseBinaryEdge<2, Eigen::Matrix<double, 2, 1>, g2o::VertexSBAPointXYZ, g2o::VertexSim3Expmap>’:
[35.744s] /home/j/colcon_ws/ORB_SLAM3/Thirdparty/g2o/g2o/types/types_seven_dof_expmap.h:130:36:   required from here
[35.744s] /home/j/colcon_ws/ORB_SLAM3/Thirdparty/g2o/g2o/types/../core/base_binary_edge.h:59:80: warning: ‘Eigen::AlignedBit’ is deprecated [-Wdeprecated-declarations]
[35.744s]    59 |       typedef Eigen::Map<Matrix<double, Di, Dj>, Matrix<double, Di, Dj>::Flags & AlignedBit ? Aligned : Unaligned > HessianBlockType;
[35.744s]       |                                                                          ~~~~~~^~~~~~~~~~~~
[35.744s] In file included from /usr/include/eigen3/Eigen/Core:161,
[35.744s]                  from /usr/include/eigen3/Eigen/LU:11,
[35.744s]                  from /home/j/colcon_ws/ORB_SLAM3/Thirdparty/Sophus/sophus/so2.hpp:12,
[35.744s]                  from /home/j/colcon_ws/ORB_SLAM3/Thirdparty/Sophus/sophus/se2.hpp:7,
[35.744s]                  from /home/j/colcon_ws/ORB_SLAM3/Thirdparty/Sophus/sophus/geometry.hpp:7,
[35.744s]                  from /home/j/colcon_ws/ORB_SLAM3/include/Frame.h:28,
[35.744s]                  from /home/j/colcon_ws/ORB_SLAM3/include/KeyFrame.h:28,
[35.745s]                  from /home/j/colcon_ws/ORB_SLAM3/include/MapPoint.h:23,
[35.745s]                  from /home/j/colcon_ws/ORB_SLAM3/include/FrameDrawer.h:24,
[35.745s]                  from /home/j/colcon_ws/ORB_SLAM3/include/Viewer.h:23,
[35.745s]                  from /home/j/colcon_ws/ORB_SLAM3/include/Tracking.h:26,
[35.745s]                  from /home/j/colcon_ws/ORB_SLAM3/include/System.h:31,
[35.745s]                  from /home/j/colcon_ws/src/orbslam3_ros2/src/rgbd/rgbd-slam-node.hpp:18,
[35.745s]                  from /home/j/colcon_ws/src/orbslam3_ros2/src/rgbd/rgbd.cpp:7:
[35.745s] /usr/include/eigen3/Eigen/src/Core/util/Constants.h:167:37: note: declared here
[35.745s]   167 | EIGEN_DEPRECATED const unsigned int AlignedBit = 0x80;
[35.745s]       |                                     ^~~~~~~~~~
[35.745s] In file included from /usr/include/eigen3/Eigen/Core:161,
[35.745s]                  from /usr/include/eigen3/Eigen/LU:11,
[35.745s]                  from /home/j/colcon_ws/ORB_SLAM3/Thirdparty/Sophus/sophus/so2.hpp:12,
[35.746s]                  from /home/j/colcon_ws/ORB_SLAM3/Thirdparty/Sophus/sophus/se2.hpp:7,
[35.746s]                  from /home/j/colcon_ws/ORB_SLAM3/Thirdparty/Sophus/sophus/geometry.hpp:7,
[35.746s]                  from /home/j/colcon_ws/ORB_SLAM3/include/Frame.h:28,
[35.746s]                  from /home/j/colcon_ws/ORB_SLAM3/include/KeyFrame.h:28,
[35.746s]                  from /home/j/colcon_ws/ORB_SLAM3/include/MapPoint.h:23,
[35.746s]                  from /home/j/colcon_ws/ORB_SLAM3/include/FrameDrawer.h:24,
[35.746s]                  from /home/j/colcon_ws/ORB_SLAM3/include/Viewer.h:23,
[35.746s]                  from /home/j/colcon_ws/ORB_SLAM3/include/Tracking.h:26,
[35.746s]                  from /home/j/colcon_ws/ORB_SLAM3/include/System.h:31,
[35.746s]                  from /home/j/colcon_ws/src/orbslam3_ros2/src/rgbd/rgbd-slam-node.hpp:18,
[35.746s]                  from /home/j/colcon_ws/src/orbslam3_ros2/src/rgbd/rgbd-slam-node.cpp:1:
[35.746s] /usr/include/eigen3/Eigen/src/Core/util/Constants.h:167:37: note: declared here
[35.746s]   167 | EIGEN_DEPRECATED const unsigned int AlignedBit = 0x80;
[35.747s]       |                                     ^~~~~~~~~~
[35.747s] In file included from /home/j/colcon_ws/ORB_SLAM3/Thirdparty/g2o/g2o/types/types_six_dof_expmap.h:38,
[35.747s]                  from /home/j/colcon_ws/ORB_SLAM3/include/Converter.h:26,
[35.747s]                  from /home/j/colcon_ws/ORB_SLAM3/include/Frame.h:33,
[35.747s]                  from /home/j/colcon_ws/ORB_SLAM3/include/KeyFrame.h:28,
[35.747s]                  from /home/j/colcon_ws/ORB_SLAM3/include/MapPoint.h:23,
[35.747s]                  from /home/j/colcon_ws/ORB_SLAM3/include/FrameDrawer.h:24,
[35.747s]                  from /home/j/colcon_ws/ORB_SLAM3/include/Viewer.h:23,
[35.747s]                  from /home/j/colcon_ws/ORB_SLAM3/include/Tracking.h:26,
[35.747s]                  from /home/j/colcon_ws/ORB_SLAM3/include/System.h:31,
[35.747s]                  from /home/j/colcon_ws/src/orbslam3_ros2/src/monocular/monocular-slam-node.hpp:9,
[35.747s]                  from /home/j/colcon_ws/src/orbslam3_ros2/src/monocular/monocular-slam-node.cpp:1:
[35.747s] /home/j/colcon_ws/ORB_SLAM3/Thirdparty/g2o/g2o/types/../core/base_binary_edge.h:60:80: warning: ‘Eigen::AlignedBit’ is deprecated [-Wdeprecated-declarations]
[35.748s]    60 |       typedef Eigen::Map<Matrix<double, Dj, Di>, Matrix<double, Dj, Di>::Flags & AlignedBit ? Aligned : Unaligned > HessianBlockTransposedType;
[35.748s]       |                                                                          ~~~~~~^~~~~~~~~~~~
[35.748s] In file included from /usr/include/eigen3/Eigen/Core:161,
[35.748s]                  from /usr/include/eigen3/Eigen/LU:11,
[35.748s]                  from /home/j/colcon_ws/ORB_SLAM3/Thirdparty/Sophus/sophus/so2.hpp:12,
[35.748s]                  from /home/j/colcon_ws/ORB_SLAM3/Thirdparty/Sophus/sophus/se2.hpp:7,
[35.748s]                  from /home/j/colcon_ws/ORB_SLAM3/Thirdparty/Sophus/sophus/geometry.hpp:7,
[35.748s]                  from /home/j/colcon_ws/ORB_SLAM3/include/Frame.h:28,
[35.748s]                  from /home/j/colcon_ws/ORB_SLAM3/include/KeyFrame.h:28,
[35.748s]                  from /home/j/colcon_ws/ORB_SLAM3/include/MapPoint.h:23,
[35.748s]                  from /home/j/colcon_ws/ORB_SLAM3/include/FrameDrawer.h:24,
[35.748s]                  from /home/j/colcon_ws/ORB_SLAM3/include/Viewer.h:23,
[35.748s]                  from /home/j/colcon_ws/ORB_SLAM3/include/Tracking.h:26,
[35.749s]                  from /home/j/colcon_ws/ORB_SLAM3/include/System.h:31,
[35.749s]                  from /home/j/colcon_ws/src/orbslam3_ros2/src/monocular/monocular-slam-node.hpp:9,
[35.749s]                  from /home/j/colcon_ws/src/orbslam3_ros2/src/monocular/monocular-slam-node.cpp:1:
[35.749s] /usr/include/eigen3/Eigen/src/Core/util/Constants.h:167:37: note: declared here
[35.749s]   167 | EIGEN_DEPRECATED const unsigned int AlignedBit = 0x80;
[35.749s]       |                                     ^~~~~~~~~~
[35.752s] In file included from /home/j/colcon_ws/ORB_SLAM3/Thirdparty/g2o/g2o/types/types_six_dof_expmap.h:38,
[35.752s]                  from /home/j/colcon_ws/ORB_SLAM3/include/Converter.h:26,
[35.752s]                  from /home/j/colcon_ws/ORB_SLAM3/include/Frame.h:33,
[35.752s]                  from /home/j/colcon_ws/ORB_SLAM3/include/KeyFrame.h:28,
[35.752s]                  from /home/j/colcon_ws/ORB_SLAM3/include/MapPoint.h:23,
[35.752s]                  from /home/j/colcon_ws/ORB_SLAM3/include/FrameDrawer.h:24,
[35.752s]                  from /home/j/colcon_ws/ORB_SLAM3/include/Viewer.h:23,
[35.752s]                  from /home/j/colcon_ws/ORB_SLAM3/include/Tracking.h:26,
[35.752s]                  from /home/j/colcon_ws/ORB_SLAM3/include/System.h:31,
[35.752s]                  from /home/j/colcon_ws/src/orbslam3_ros2/src/stereo-inertial/stereo-inertial-node.hpp:10,
[35.753s]                  from /home/j/colcon_ws/src/orbslam3_ros2/src/stereo-inertial/stereo-inertial.cpp:7:
[35.753s] /home/j/colcon_ws/ORB_SLAM3/Thirdparty/g2o/g2o/types/../core/base_binary_edge.h: In instantiation of ‘class g2o::BaseBinaryEdge<2, Eigen::Matrix<double, 2, 1>, g2o::VertexSBAPointXYZ, g2o::VertexSim3Expmap>’:
[35.753s] /home/j/colcon_ws/ORB_SLAM3/Thirdparty/g2o/g2o/types/types_seven_dof_expmap.h:130:36:   required from here
[35.753s] /home/j/colcon_ws/ORB_SLAM3/Thirdparty/g2o/g2o/types/../core/base_binary_edge.h:59:80: warning: ‘Eigen::AlignedBit’ is deprecated [-Wdeprecated-declarations]
[35.753s]    59 |       typedef Eigen::Map<Matrix<double, Di, Dj>, Matrix<double, Di, Dj>::Flags & AlignedBit ? Aligned : Unaligned > HessianBlockType;
[35.753s]       |                                                                          ~~~~~~^~~~~~~~~~~~
[35.753s] In file included from /usr/include/eigen3/Eigen/Core:161,
[35.753s]                  from /usr/include/eigen3/Eigen/LU:11,
[35.753s]                  from /home/j/colcon_ws/ORB_SLAM3/Thirdparty/Sophus/sophus/so2.hpp:12,
[35.753s]                  from /home/j/colcon_ws/ORB_SLAM3/Thirdparty/Sophus/sophus/se2.hpp:7,
[35.753s]                  from /home/j/colcon_ws/ORB_SLAM3/Thirdparty/Sophus/sophus/geometry.hpp:7,
[35.753s]                  from /home/j/colcon_ws/ORB_SLAM3/include/Frame.h:28,
[35.753s]                  from /home/j/colcon_ws/ORB_SLAM3/include/KeyFrame.h:28,
[35.754s]                  from /home/j/colcon_ws/ORB_SLAM3/include/MapPoint.h:23,
[35.754s]                  from /home/j/colcon_ws/ORB_SLAM3/include/FrameDrawer.h:24,
[35.754s]                  from /home/j/colcon_ws/ORB_SLAM3/include/Viewer.h:23,
[35.754s]                  from /home/j/colcon_ws/ORB_SLAM3/include/Tracking.h:26,
[35.754s]                  from /home/j/colcon_ws/ORB_SLAM3/include/System.h:31,
[35.754s]                  from /home/j/colcon_ws/src/orbslam3_ros2/src/stereo-inertial/stereo-inertial-node.hpp:10,
[35.754s]                  from /home/j/colcon_ws/src/orbslam3_ros2/src/stereo-inertial/stereo-inertial.cpp:7:
[35.754s] /usr/include/eigen3/Eigen/src/Core/util/Constants.h:167:37: note: declared here
[35.754s]   167 | EIGEN_DEPRECATED const unsigned int AlignedBit = 0x80;
[35.754s]       |                                     ^~~~~~~~~~
[35.756s] In file included from /home/j/colcon_ws/ORB_SLAM3/Thirdparty/g2o/g2o/types/types_six_dof_expmap.h:38,
[35.756s]                  from /home/j/colcon_ws/ORB_SLAM3/include/Converter.h:26,
[35.756s]                  from /home/j/colcon_ws/ORB_SLAM3/include/Frame.h:33,
[35.756s]                  from /home/j/colcon_ws/ORB_SLAM3/include/KeyFrame.h:28,
[35.756s]                  from /home/j/colcon_ws/ORB_SLAM3/include/MapPoint.h:23,
[35.757s]                  from /home/j/colcon_ws/ORB_SLAM3/include/FrameDrawer.h:24,
[35.757s]                  from /home/j/colcon_ws/ORB_SLAM3/include/Viewer.h:23,
[35.757s]                  from /home/j/colcon_ws/ORB_SLAM3/include/Tracking.h:26,
[35.757s]                  from /home/j/colcon_ws/ORB_SLAM3/include/System.h:31,
[35.757s]                  from /home/j/colcon_ws/src/orbslam3_ros2/src/rgbd/rgbd-slam-node.hpp:18,
[35.757s]                  from /home/j/colcon_ws/src/orbslam3_ros2/src/rgbd/rgbd.cpp:7:
[35.757s] /home/j/colcon_ws/ORB_SLAM3/Thirdparty/g2o/g2o/types/../core/base_binary_edge.h:60:80: warning: ‘Eigen::AlignedBit’ is deprecated [-Wdeprecated-declarations]
[35.757s]    60 |       typedef Eigen::Map<Matrix<double, Dj, Di>, Matrix<double, Dj, Di>::Flags & AlignedBit ? Aligned : Unaligned > HessianBlockTransposedType;
[35.757s]       |                                                                          ~~~~~~^~~~~~~~~~~~
[35.757s] In file included from /usr/include/eigen3/Eigen/Core:161,
[35.757s]                  from /usr/include/eigen3/Eigen/LU:11,
[35.757s]                  from /home/j/colcon_ws/ORB_SLAM3/Thirdparty/Sophus/sophus/so2.hpp:12,
[35.757s]                  from /home/j/colcon_ws/ORB_SLAM3/Thirdparty/Sophus/sophus/se2.hpp:7,
[35.758s]                  from /home/j/colcon_ws/ORB_SLAM3/Thirdparty/Sophus/sophus/geometry.hpp:7,
[35.758s]                  from /home/j/colcon_ws/ORB_SLAM3/include/Frame.h:28,
[35.758s]                  from /home/j/colcon_ws/ORB_SLAM3/include/KeyFrame.h:28,
[35.758s]                  from /home/j/colcon_ws/ORB_SLAM3/include/MapPoint.h:23,
[35.758s]                  from /home/j/colcon_ws/ORB_SLAM3/include/FrameDrawer.h:24,
[35.758s]                  from /home/j/colcon_ws/ORB_SLAM3/include/Viewer.h:23,
[35.758s]                  from /home/j/colcon_ws/ORB_SLAM3/include/Tracking.h:26,
[35.758s]                  from /home/j/colcon_ws/ORB_SLAM3/include/System.h:31,
[35.758s]                  from /home/j/colcon_ws/src/orbslam3_ros2/src/rgbd/rgbd-slam-node.hpp:18,
[35.758s]                  from /home/j/colcon_ws/src/orbslam3_ros2/src/rgbd/rgbd.cpp:7:
[35.758s] /usr/include/eigen3/Eigen/src/Core/util/Constants.h:167:37: note: declared here
[35.758s]   167 | EIGEN_DEPRECATED const unsigned int AlignedBit = 0x80;
[35.758s]       |                                     ^~~~~~~~~~
[35.759s] In file included from /home/j/colcon_ws/ORB_SLAM3/Thirdparty/g2o/g2o/types/types_six_dof_expmap.h:38,
[35.759s]                  from /home/j/colcon_ws/ORB_SLAM3/include/Converter.h:26,
[35.759s]                  from /home/j/colcon_ws/ORB_SLAM3/include/Frame.h:33,
[35.759s]                  from /home/j/colcon_ws/ORB_SLAM3/include/KeyFrame.h:28,
[35.759s]                  from /home/j/colcon_ws/ORB_SLAM3/include/MapPoint.h:23,
[35.759s]                  from /home/j/colcon_ws/ORB_SLAM3/include/FrameDrawer.h:24,
[35.759s]                  from /home/j/colcon_ws/ORB_SLAM3/include/Viewer.h:23,
[35.759s]                  from /home/j/colcon_ws/ORB_SLAM3/include/Tracking.h:26,
[35.759s]                  from /home/j/colcon_ws/ORB_SLAM3/include/System.h:31,
[35.759s]                  from /home/j/colcon_ws/src/orbslam3_ros2/src/rgbd/rgbd-slam-node.hpp:18,
[35.759s]                  from /home/j/colcon_ws/src/orbslam3_ros2/src/rgbd/rgbd-slam-node.cpp:1:
[35.759s] /home/j/colcon_ws/ORB_SLAM3/Thirdparty/g2o/g2o/types/../core/base_binary_edge.h:60:80: warning: ‘Eigen::AlignedBit’ is deprecated [-Wdeprecated-declarations]
[35.759s]    60 |       typedef Eigen::Map<Matrix<double, Dj, Di>, Matrix<double, Dj, Di>::Flags & AlignedBit ? Aligned : Unaligned > HessianBlockTransposedType;
[35.760s]       |                                                                          ~~~~~~^~~~~~~~~~~~
[35.760s] In file included from /usr/include/eigen3/Eigen/Core:161,
[35.760s]                  from /usr/include/eigen3/Eigen/LU:11,
[35.760s]                  from /home/j/colcon_ws/ORB_SLAM3/Thirdparty/Sophus/sophus/so2.hpp:12,
[35.760s]                  from /home/j/colcon_ws/ORB_SLAM3/Thirdparty/Sophus/sophus/se2.hpp:7,
[35.760s]                  from /home/j/colcon_ws/ORB_SLAM3/Thirdparty/Sophus/sophus/geometry.hpp:7,
[35.760s]                  from /home/j/colcon_ws/ORB_SLAM3/include/Frame.h:28,
[35.760s]                  from /home/j/colcon_ws/ORB_SLAM3/include/KeyFrame.h:28,
[35.760s]                  from /home/j/colcon_ws/ORB_SLAM3/include/MapPoint.h:23,
[35.760s]                  from /home/j/colcon_ws/ORB_SLAM3/include/FrameDrawer.h:24,
[35.760s]                  from /home/j/colcon_ws/ORB_SLAM3/include/Viewer.h:23,
[35.760s]                  from /home/j/colcon_ws/ORB_SLAM3/include/Tracking.h:26,
[35.760s]                  from /home/j/colcon_ws/ORB_SLAM3/include/System.h:31,
[35.761s]                  from /home/j/colcon_ws/src/orbslam3_ros2/src/rgbd/rgbd-slam-node.hpp:18,
[35.761s]                  from /home/j/colcon_ws/src/orbslam3_ros2/src/rgbd/rgbd-slam-node.cpp:1:
[35.761s] /usr/include/eigen3/Eigen/src/Core/util/Constants.h:167:37: note: declared here
[35.761s]   167 | EIGEN_DEPRECATED const unsigned int AlignedBit = 0x80;
[35.761s]       |                                     ^~~~~~~~~~
[35.765s] In file included from /home/j/colcon_ws/ORB_SLAM3/Thirdparty/g2o/g2o/types/types_six_dof_expmap.h:38,
[35.765s]                  from /home/j/colcon_ws/ORB_SLAM3/include/Converter.h:26,
[35.765s]                  from /home/j/colcon_ws/ORB_SLAM3/include/Frame.h:33,
[35.765s]                  from /home/j/colcon_ws/ORB_SLAM3/include/KeyFrame.h:28,
[35.765s]                  from /home/j/colcon_ws/ORB_SLAM3/include/MapPoint.h:23,
[35.765s]                  from /home/j/colcon_ws/ORB_SLAM3/include/FrameDrawer.h:24,
[35.765s]                  from /home/j/colcon_ws/ORB_SLAM3/include/Viewer.h:23,
[35.765s]                  from /home/j/colcon_ws/ORB_SLAM3/include/Tracking.h:26,
[35.766s]                  from /home/j/colcon_ws/ORB_SLAM3/include/System.h:31,
[35.766s]                  from /home/j/colcon_ws/src/orbslam3_ros2/src/stereo-inertial/stereo-inertial-node.hpp:10,
[35.766s]                  from /home/j/colcon_ws/src/orbslam3_ros2/src/stereo-inertial/stereo-inertial-node.cpp:1:
[35.766s] /home/j/colcon_ws/ORB_SLAM3/Thirdparty/g2o/g2o/types/../core/base_binary_edge.h: In instantiation of ‘class g2o::BaseBinaryEdge<7, g2o::Sim3, g2o::VertexSim3Expmap, g2o::VertexSim3Expmap>’:
[35.766s] /home/j/colcon_ws/ORB_SLAM3/Thirdparty/g2o/g2o/types/types_seven_dof_expmap.h:99:27:   required from here
[35.766s] /home/j/colcon_ws/ORB_SLAM3/Thirdparty/g2o/g2o/types/../core/base_binary_edge.h:59:80: warning: ‘Eigen::AlignedBit’ is deprecated [-Wdeprecated-declarations]
[35.766s]    59 |       typedef Eigen::Map<Matrix<double, Di, Dj>, Matrix<double, Di, Dj>::Flags & AlignedBit ? Aligned : Unaligned > HessianBlockType;
[35.766s]       |                                                                          ~~~~~~^~~~~~~~~~~~
[35.766s] In file included from /usr/include/eigen3/Eigen/Core:161,
[35.766s]                  from /usr/include/eigen3/Eigen/LU:11,
[35.766s]                  from /home/j/colcon_ws/ORB_SLAM3/Thirdparty/Sophus/sophus/so2.hpp:12,
[35.766s]                  from /home/j/colcon_ws/ORB_SLAM3/Thirdparty/Sophus/sophus/se2.hpp:7,
[35.767s]                  from /home/j/colcon_ws/ORB_SLAM3/Thirdparty/Sophus/sophus/geometry.hpp:7,
[35.767s]                  from /home/j/colcon_ws/ORB_SLAM3/include/Frame.h:28,
[35.767s]                  from /home/j/colcon_ws/ORB_SLAM3/include/KeyFrame.h:28,
[35.767s]                  from /home/j/colcon_ws/ORB_SLAM3/include/MapPoint.h:23,
[35.767s]                  from /home/j/colcon_ws/ORB_SLAM3/include/FrameDrawer.h:24,
[35.767s]                  from /home/j/colcon_ws/ORB_SLAM3/include/Viewer.h:23,
[35.767s]                  from /home/j/colcon_ws/ORB_SLAM3/include/Tracking.h:26,
[35.767s]                  from /home/j/colcon_ws/ORB_SLAM3/include/System.h:31,
[35.767s]                  from /home/j/colcon_ws/src/orbslam3_ros2/src/stereo-inertial/stereo-inertial-node.hpp:10,
[35.767s]                  from /home/j/colcon_ws/src/orbslam3_ros2/src/stereo-inertial/stereo-inertial-node.cpp:1:
[35.768s] /usr/include/eigen3/Eigen/src/Core/util/Constants.h:167:37: note: declared here
[35.768s]   167 | EIGEN_DEPRECATED const unsigned int AlignedBit = 0x80;
[35.768s]       |                                     ^~~~~~~~~~
[35.768s] In file included from /home/j/colcon_ws/ORB_SLAM3/Thirdparty/g2o/g2o/types/types_six_dof_expmap.h:38,
[35.768s]                  from /home/j/colcon_ws/ORB_SLAM3/include/Converter.h:26,
[35.768s]                  from /home/j/colcon_ws/ORB_SLAM3/include/Frame.h:33,
[35.768s]                  from /home/j/colcon_ws/ORB_SLAM3/include/KeyFrame.h:28,
[35.768s]                  from /home/j/colcon_ws/ORB_SLAM3/include/MapPoint.h:23,
[35.768s]                  from /home/j/colcon_ws/ORB_SLAM3/include/FrameDrawer.h:24,
[35.768s]                  from /home/j/colcon_ws/ORB_SLAM3/include/Viewer.h:23,
[35.768s]                  from /home/j/colcon_ws/ORB_SLAM3/include/Tracking.h:26,
[35.768s]                  from /home/j/colcon_ws/ORB_SLAM3/include/System.h:31,
[35.768s]                  from /home/j/colcon_ws/src/orbslam3_ros2/src/stereo-inertial/stereo-inertial-node.hpp:10,
[35.769s]                  from /home/j/colcon_ws/src/orbslam3_ros2/src/stereo-inertial/stereo-inertial-node.cpp:1:
[35.769s] /home/j/colcon_ws/ORB_SLAM3/Thirdparty/g2o/g2o/types/../core/base_binary_edge.h:60:80: warning: ‘Eigen::AlignedBit’ is deprecated [-Wdeprecated-declarations]
[35.769s]    60 |       typedef Eigen::Map<Matrix<double, Dj, Di>, Matrix<double, Dj, Di>::Flags & AlignedBit ? Aligned : Unaligned > HessianBlockTransposedType;
[35.769s]       |                                                                          ~~~~~~^~~~~~~~~~~~
[35.769s] In file included from /usr/include/eigen3/Eigen/Core:161,
[35.769s]                  from /usr/include/eigen3/Eigen/LU:11,
[35.769s]                  from /home/j/colcon_ws/ORB_SLAM3/Thirdparty/Sophus/sophus/so2.hpp:12,
[35.769s]                  from /home/j/colcon_ws/ORB_SLAM3/Thirdparty/Sophus/sophus/se2.hpp:7,
[35.769s]                  from /home/j/colcon_ws/ORB_SLAM3/Thirdparty/Sophus/sophus/geometry.hpp:7,
[35.769s]                  from /home/j/colcon_ws/ORB_SLAM3/include/Frame.h:28,
[35.769s]                  from /home/j/colcon_ws/ORB_SLAM3/include/KeyFrame.h:28,
[35.769s]                  from /home/j/colcon_ws/ORB_SLAM3/include/MapPoint.h:23,
[35.769s]                  from /home/j/colcon_ws/ORB_SLAM3/include/FrameDrawer.h:24,
[35.770s]                  from /home/j/colcon_ws/ORB_SLAM3/include/Viewer.h:23,
[35.770s]                  from /home/j/colcon_ws/ORB_SLAM3/include/Tracking.h:26,
[35.770s]                  from /home/j/colcon_ws/ORB_SLAM3/include/System.h:31,
[35.770s]                  from /home/j/colcon_ws/src/orbslam3_ros2/src/stereo-inertial/stereo-inertial-node.hpp:10,
[35.770s]                  from /home/j/colcon_ws/src/orbslam3_ros2/src/stereo-inertial/stereo-inertial-node.cpp:1:
[35.770s] /usr/include/eigen3/Eigen/src/Core/util/Constants.h:167:37: note: declared here
[35.770s]   167 | EIGEN_DEPRECATED const unsigned int AlignedBit = 0x80;
[35.770s]       |                                     ^~~~~~~~~~
[35.770s] In file included from /home/j/colcon_ws/ORB_SLAM3/Thirdparty/g2o/g2o/types/types_six_dof_expmap.h:38,
[35.770s]                  from /home/j/colcon_ws/ORB_SLAM3/include/Converter.h:26,
[35.770s]                  from /home/j/colcon_ws/ORB_SLAM3/include/Frame.h:33,
[35.770s]                  from /home/j/colcon_ws/ORB_SLAM3/include/KeyFrame.h:28,
[35.770s]                  from /home/j/colcon_ws/ORB_SLAM3/include/MapPoint.h:23,
[35.771s]                  from /home/j/colcon_ws/ORB_SLAM3/include/FrameDrawer.h:24,
[35.771s]                  from /home/j/colcon_ws/ORB_SLAM3/include/Viewer.h:23,
[35.771s]                  from /home/j/colcon_ws/ORB_SLAM3/include/Tracking.h:26,
[35.771s]                  from /home/j/colcon_ws/ORB_SLAM3/include/System.h:31,
[35.771s]                  from /home/j/colcon_ws/src/orbslam3_ros2/src/stereo-inertial/stereo-inertial-node.hpp:10,
[35.771s]                  from /home/j/colcon_ws/src/orbslam3_ros2/src/stereo-inertial/stereo-inertial.cpp:7:
[35.771s] /home/j/colcon_ws/ORB_SLAM3/Thirdparty/g2o/g2o/types/../core/base_binary_edge.h:60:80: warning: ‘Eigen::AlignedBit’ is deprecated [-Wdeprecated-declarations]
[35.771s]    60 |       typedef Eigen::Map<Matrix<double, Dj, Di>, Matrix<double, Dj, Di>::Flags & AlignedBit ? Aligned : Unaligned > HessianBlockTransposedType;
[35.771s]       |                                                                          ~~~~~~^~~~~~~~~~~~
[35.771s] In file included from /usr/include/eigen3/Eigen/Core:161,
[35.771s]                  from /usr/include/eigen3/Eigen/LU:11,
[35.771s]                  from /home/j/colcon_ws/ORB_SLAM3/Thirdparty/Sophus/sophus/so2.hpp:12,
[35.771s]                  from /home/j/colcon_ws/ORB_SLAM3/Thirdparty/Sophus/sophus/se2.hpp:7,
[35.772s]                  from /home/j/colcon_ws/ORB_SLAM3/Thirdparty/Sophus/sophus/geometry.hpp:7,
[35.772s]                  from /home/j/colcon_ws/ORB_SLAM3/include/Frame.h:28,
[35.772s]                  from /home/j/colcon_ws/ORB_SLAM3/include/KeyFrame.h:28,
[35.772s]                  from /home/j/colcon_ws/ORB_SLAM3/include/MapPoint.h:23,
[35.772s]                  from /home/j/colcon_ws/ORB_SLAM3/include/FrameDrawer.h:24,
[35.772s]                  from /home/j/colcon_ws/ORB_SLAM3/include/Viewer.h:23,
[35.772s]                  from /home/j/colcon_ws/ORB_SLAM3/include/Tracking.h:26,
[35.772s]                  from /home/j/colcon_ws/ORB_SLAM3/include/System.h:31,
[35.772s]                  from /home/j/colcon_ws/src/orbslam3_ros2/src/stereo-inertial/stereo-inertial-node.hpp:10,
[35.772s]                  from /home/j/colcon_ws/src/orbslam3_ros2/src/stereo-inertial/stereo-inertial.cpp:7:
[35.772s] /usr/include/eigen3/Eigen/src/Core/util/Constants.h:167:37: note: declared here
[35.772s]   167 | EIGEN_DEPRECATED const unsigned int AlignedBit = 0x80;
[35.772s]       |                                     ^~~~~~~~~~
[35.782s] In file included from /home/j/colcon_ws/ORB_SLAM3/Thirdparty/g2o/g2o/types/types_six_dof_expmap.h:38,
[35.782s]                  from /home/j/colcon_ws/ORB_SLAM3/include/Converter.h:26,
[35.783s]                  from /home/j/colcon_ws/ORB_SLAM3/include/Frame.h:33,
[35.783s]                  from /home/j/colcon_ws/ORB_SLAM3/include/KeyFrame.h:28,
[35.783s]                  from /home/j/colcon_ws/ORB_SLAM3/include/MapPoint.h:23,
[35.783s]                  from /home/j/colcon_ws/ORB_SLAM3/include/FrameDrawer.h:24,
[35.783s]                  from /home/j/colcon_ws/ORB_SLAM3/include/Viewer.h:23,
[35.783s]                  from /home/j/colcon_ws/ORB_SLAM3/include/Tracking.h:26,
[35.783s]                  from /home/j/colcon_ws/ORB_SLAM3/include/System.h:31,
[35.783s]                  from /home/j/colcon_ws/src/orbslam3_ros2/src/stereo/stereo-slam-node.hpp:13,
[35.783s]                  from /home/j/colcon_ws/src/orbslam3_ros2/src/stereo/stereo-slam-node.cpp:1:
[35.783s] /home/j/colcon_ws/ORB_SLAM3/Thirdparty/g2o/g2o/types/../core/base_binary_edge.h: In instantiation of ‘class g2o::BaseBinaryEdge<2, Eigen::Matrix<double, 2, 1>, g2o::VertexSBAPointXYZ, g2o::VertexSim3Expmap>’:
[35.783s] /home/j/colcon_ws/ORB_SLAM3/Thirdparty/g2o/g2o/types/types_seven_dof_expmap.h:130:36:   required from here
[35.783s] /home/j/colcon_ws/ORB_SLAM3/Thirdparty/g2o/g2o/types/../core/base_binary_edge.h:59:80: warning: ‘Eigen::AlignedBit’ is deprecated [-Wdeprecated-declarations]
[35.783s]    59 |       typedef Eigen::Map<Matrix<double, Di, Dj>, Matrix<double, Di, Dj>::Flags & AlignedBit ? Aligned : Unaligned > HessianBlockType;
[35.784s]       |                                                                          ~~~~~~^~~~~~~~~~~~
[35.784s] In file included from /usr/include/eigen3/Eigen/Core:161,
[35.784s]                  from /usr/include/eigen3/Eigen/LU:11,
[35.784s]                  from /home/j/colcon_ws/ORB_SLAM3/Thirdparty/Sophus/sophus/so2.hpp:12,
[35.784s]                  from /home/j/colcon_ws/ORB_SLAM3/Thirdparty/Sophus/sophus/se2.hpp:7,
[35.784s]                  from /home/j/colcon_ws/ORB_SLAM3/Thirdparty/Sophus/sophus/geometry.hpp:7,
[35.784s]                  from /home/j/colcon_ws/ORB_SLAM3/include/Frame.h:28,
[35.784s]                  from /home/j/colcon_ws/ORB_SLAM3/include/KeyFrame.h:28,
[35.784s]                  from /home/j/colcon_ws/ORB_SLAM3/include/MapPoint.h:23,
[35.784s]                  from /home/j/colcon_ws/ORB_SLAM3/include/FrameDrawer.h:24,
[35.784s]                  from /home/j/colcon_ws/ORB_SLAM3/include/Viewer.h:23,
[35.784s]                  from /home/j/colcon_ws/ORB_SLAM3/include/Tracking.h:26,
[35.785s]                  from /home/j/colcon_ws/ORB_SLAM3/include/System.h:31,
[35.785s]                  from /home/j/colcon_ws/src/orbslam3_ros2/src/stereo/stereo-slam-node.hpp:13,
[35.785s]                  from /home/j/colcon_ws/src/orbslam3_ros2/src/stereo/stereo-slam-node.cpp:1:
[35.785s] /usr/include/eigen3/Eigen/src/Core/util/Constants.h:167:37: note: declared here
[35.785s]   167 | EIGEN_DEPRECATED const unsigned int AlignedBit = 0x80;
[35.785s]       |                                     ^~~~~~~~~~
[35.798s] In file included from /home/j/colcon_ws/ORB_SLAM3/Thirdparty/g2o/g2o/types/types_six_dof_expmap.h:38,
[35.798s]                  from /home/j/colcon_ws/ORB_SLAM3/include/Converter.h:26,
[35.798s]                  from /home/j/colcon_ws/ORB_SLAM3/include/Frame.h:33,
[35.798s]                  from /home/j/colcon_ws/ORB_SLAM3/include/KeyFrame.h:28,
[35.798s]                  from /home/j/colcon_ws/ORB_SLAM3/include/MapPoint.h:23,
[35.798s]                  from /home/j/colcon_ws/ORB_SLAM3/include/FrameDrawer.h:24,
[35.798s]                  from /home/j/colcon_ws/ORB_SLAM3/include/Viewer.h:23,
[35.798s]                  from /home/j/colcon_ws/ORB_SLAM3/include/Tracking.h:26,
[35.798s]                  from /home/j/colcon_ws/ORB_SLAM3/include/System.h:31,
[35.798s]                  from /home/j/colcon_ws/src/orbslam3_ros2/src/stereo/stereo-slam-node.hpp:13,
[35.798s]                  from /home/j/colcon_ws/src/orbslam3_ros2/src/stereo/stereo-slam-node.cpp:1:
[35.799s] /home/j/colcon_ws/ORB_SLAM3/Thirdparty/g2o/g2o/types/../core/base_binary_edge.h:60:80: warning: ‘Eigen::AlignedBit’ is deprecated [-Wdeprecated-declarations]
[35.799s]    60 |       typedef Eigen::Map<Matrix<double, Dj, Di>, Matrix<double, Dj, Di>::Flags & AlignedBit ? Aligned : Unaligned > HessianBlockTransposedType;
[35.799s]       |                                                                          ~~~~~~^~~~~~~~~~~~
[35.799s] In file included from /usr/include/eigen3/Eigen/Core:161,
[35.799s]                  from /usr/include/eigen3/Eigen/LU:11,
[35.799s]                  from /home/j/colcon_ws/ORB_SLAM3/Thirdparty/Sophus/sophus/so2.hpp:12,
[35.799s]                  from /home/j/colcon_ws/ORB_SLAM3/Thirdparty/Sophus/sophus/se2.hpp:7,
[35.799s]                  from /home/j/colcon_ws/ORB_SLAM3/Thirdparty/Sophus/sophus/geometry.hpp:7,
[35.799s]                  from /home/j/colcon_ws/ORB_SLAM3/include/Frame.h:28,
[35.799s]                  from /home/j/colcon_ws/ORB_SLAM3/include/KeyFrame.h:28,
[35.799s]                  from /home/j/colcon_ws/ORB_SLAM3/include/MapPoint.h:23,
[35.799s]                  from /home/j/colcon_ws/ORB_SLAM3/include/FrameDrawer.h:24,
[35.799s]                  from /home/j/colcon_ws/ORB_SLAM3/include/Viewer.h:23,
[35.800s]                  from /home/j/colcon_ws/ORB_SLAM3/include/Tracking.h:26,
[35.800s]                  from /home/j/colcon_ws/ORB_SLAM3/include/System.h:31,
[35.800s]                  from /home/j/colcon_ws/src/orbslam3_ros2/src/stereo/stereo-slam-node.hpp:13,
[35.800s]                  from /home/j/colcon_ws/src/orbslam3_ros2/src/stereo/stereo-slam-node.cpp:1:
[35.800s] /usr/include/eigen3/Eigen/src/Core/util/Constants.h:167:37: note: declared here
[35.800s]   167 | EIGEN_DEPRECATED const unsigned int AlignedBit = 0x80;
[35.800s]       |                                     ^~~~~~~~~~
[35.812s] In file included from /home/j/colcon_ws/ORB_SLAM3/Thirdparty/g2o/g2o/types/types_six_dof_expmap.h:38,
[35.812s]                  from /home/j/colcon_ws/ORB_SLAM3/include/Converter.h:26,
[35.812s]                  from /home/j/colcon_ws/ORB_SLAM3/include/Frame.h:33,
[35.812s]                  from /home/j/colcon_ws/ORB_SLAM3/include/KeyFrame.h:28,
[35.812s]                  from /home/j/colcon_ws/ORB_SLAM3/include/MapPoint.h:23,
[35.812s]                  from /home/j/colcon_ws/ORB_SLAM3/include/FrameDrawer.h:24,
[35.812s]                  from /home/j/colcon_ws/ORB_SLAM3/include/Viewer.h:23,
[35.812s]                  from /home/j/colcon_ws/ORB_SLAM3/include/Tracking.h:26,
[35.812s]                  from /home/j/colcon_ws/ORB_SLAM3/include/System.h:31,
[35.812s]                  from /home/j/colcon_ws/src/orbslam3_ros2/src/stereo-inertial/stereo-inertial-node.hpp:10,
[35.813s]                  from /home/j/colcon_ws/src/orbslam3_ros2/src/stereo-inertial/stereo-inertial-node.cpp:1:
[35.813s] /home/j/colcon_ws/ORB_SLAM3/Thirdparty/g2o/g2o/types/../core/base_binary_edge.h: In instantiation of ‘class g2o::BaseBinaryEdge<2, Eigen::Matrix<double, 2, 1>, g2o::VertexSBAPointXYZ, g2o::VertexSim3Expmap>’:
[35.813s] /home/j/colcon_ws/ORB_SLAM3/Thirdparty/g2o/g2o/types/types_seven_dof_expmap.h:130:36:   required from here
[35.813s] /home/j/colcon_ws/ORB_SLAM3/Thirdparty/g2o/g2o/types/../core/base_binary_edge.h:59:80: warning: ‘Eigen::AlignedBit’ is deprecated [-Wdeprecated-declarations]
[35.813s]    59 |       typedef Eigen::Map<Matrix<double, Di, Dj>, Matrix<double, Di, Dj>::Flags & AlignedBit ? Aligned : Unaligned > HessianBlockType;
[35.813s]       |                                                                          ~~~~~~^~~~~~~~~~~~
[35.813s] In file included from /usr/include/eigen3/Eigen/Core:161,
[35.813s]                  from /usr/include/eigen3/Eigen/LU:11,
[35.813s]                  from /home/j/colcon_ws/ORB_SLAM3/Thirdparty/Sophus/sophus/so2.hpp:12,
[35.813s]                  from /home/j/colcon_ws/ORB_SLAM3/Thirdparty/Sophus/sophus/se2.hpp:7,
[35.813s]                  from /home/j/colcon_ws/ORB_SLAM3/Thirdparty/Sophus/sophus/geometry.hpp:7,
[35.813s]                  from /home/j/colcon_ws/ORB_SLAM3/include/Frame.h:28,
[35.813s]                  from /home/j/colcon_ws/ORB_SLAM3/include/KeyFrame.h:28,
[35.814s]                  from /home/j/colcon_ws/ORB_SLAM3/include/MapPoint.h:23,
[35.814s]                  from /home/j/colcon_ws/ORB_SLAM3/include/FrameDrawer.h:24,
[35.814s]                  from /home/j/colcon_ws/ORB_SLAM3/include/Viewer.h:23,
[35.814s]                  from /home/j/colcon_ws/ORB_SLAM3/include/Tracking.h:26,
[35.814s]                  from /home/j/colcon_ws/ORB_SLAM3/include/System.h:31,
[35.814s]                  from /home/j/colcon_ws/src/orbslam3_ros2/src/stereo-inertial/stereo-inertial-node.hpp:10,
[35.814s]                  from /home/j/colcon_ws/src/orbslam3_ros2/src/stereo-inertial/stereo-inertial-node.cpp:1:
[35.814s] /usr/include/eigen3/Eigen/src/Core/util/Constants.h:167:37: note: declared here
[35.814s]   167 | EIGEN_DEPRECATED const unsigned int AlignedBit = 0x80;
[35.814s]       |                                     ^~~~~~~~~~
[35.828s] In file included from /home/j/colcon_ws/ORB_SLAM3/Thirdparty/g2o/g2o/types/types_six_dof_expmap.h:38,
[35.828s]                  from /home/j/colcon_ws/ORB_SLAM3/include/Converter.h:26,
[35.828s]                  from /home/j/colcon_ws/ORB_SLAM3/include/Frame.h:33,
[35.828s]                  from /home/j/colcon_ws/ORB_SLAM3/include/KeyFrame.h:28,
[35.828s]                  from /home/j/colcon_ws/ORB_SLAM3/include/MapPoint.h:23,
[35.828s]                  from /home/j/colcon_ws/ORB_SLAM3/include/FrameDrawer.h:24,
[35.829s]                  from /home/j/colcon_ws/ORB_SLAM3/include/Viewer.h:23,
[35.829s]                  from /home/j/colcon_ws/ORB_SLAM3/include/Tracking.h:26,
[35.829s]                  from /home/j/colcon_ws/ORB_SLAM3/include/System.h:31,
[35.829s]                  from /home/j/colcon_ws/src/orbslam3_ros2/src/stereo-inertial/stereo-inertial-node.hpp:10,
[35.829s]                  from /home/j/colcon_ws/src/orbslam3_ros2/src/stereo-inertial/stereo-inertial-node.cpp:1:
[35.829s] /home/j/colcon_ws/ORB_SLAM3/Thirdparty/g2o/g2o/types/../core/base_binary_edge.h:60:80: warning: ‘Eigen::AlignedBit’ is deprecated [-Wdeprecated-declarations]
[35.829s]    60 |       typedef Eigen::Map<Matrix<double, Dj, Di>, Matrix<double, Dj, Di>::Flags & AlignedBit ? Aligned : Unaligned > HessianBlockTransposedType;
[35.829s]       |                                                                          ~~~~~~^~~~~~~~~~~~
[35.829s] In file included from /usr/include/eigen3/Eigen/Core:161,
[35.829s]                  from /usr/include/eigen3/Eigen/LU:11,
[35.829s]                  from /home/j/colcon_ws/ORB_SLAM3/Thirdparty/Sophus/sophus/so2.hpp:12,
[35.829s]                  from /home/j/colcon_ws/ORB_SLAM3/Thirdparty/Sophus/sophus/se2.hpp:7,
[35.829s]                  from /home/j/colcon_ws/ORB_SLAM3/Thirdparty/Sophus/sophus/geometry.hpp:7,
[35.830s]                  from /home/j/colcon_ws/ORB_SLAM3/include/Frame.h:28,
[35.830s]                  from /home/j/colcon_ws/ORB_SLAM3/include/KeyFrame.h:28,
[35.830s]                  from /home/j/colcon_ws/ORB_SLAM3/include/MapPoint.h:23,
[35.830s]                  from /home/j/colcon_ws/ORB_SLAM3/include/FrameDrawer.h:24,
[35.830s]                  from /home/j/colcon_ws/ORB_SLAM3/include/Viewer.h:23,
[35.830s]                  from /home/j/colcon_ws/ORB_SLAM3/include/Tracking.h:26,
[35.830s]                  from /home/j/colcon_ws/ORB_SLAM3/include/System.h:31,
[35.830s]                  from /home/j/colcon_ws/src/orbslam3_ros2/src/stereo-inertial/stereo-inertial-node.hpp:10,
[35.830s]                  from /home/j/colcon_ws/src/orbslam3_ros2/src/stereo-inertial/stereo-inertial-node.cpp:1:
[35.830s] /usr/include/eigen3/Eigen/src/Core/util/Constants.h:167:37: note: declared here
[35.830s]   167 | EIGEN_DEPRECATED const unsigned int AlignedBit = 0x80;
[35.830s]       |                                     ^~~~~~~~~~
[35.927s] In file included from /home/j/colcon_ws/ORB_SLAM3/Thirdparty/g2o/g2o/types/types_six_dof_expmap.h:37,
[35.928s]                  from /home/j/colcon_ws/ORB_SLAM3/include/Converter.h:26,
[35.928s]                  from /home/j/colcon_ws/ORB_SLAM3/include/Frame.h:33,
[35.928s]                  from /home/j/colcon_ws/ORB_SLAM3/include/KeyFrame.h:28,
[35.928s]                  from /home/j/colcon_ws/ORB_SLAM3/include/MapPoint.h:23,
[35.928s]                  from /home/j/colcon_ws/ORB_SLAM3/include/FrameDrawer.h:24,
[35.928s]                  from /home/j/colcon_ws/ORB_SLAM3/include/Viewer.h:23,
[35.928s]                  from /home/j/colcon_ws/ORB_SLAM3/include/Tracking.h:26,
[35.928s]                  from /home/j/colcon_ws/ORB_SLAM3/include/System.h:31,
[35.928s]                  from /home/j/colcon_ws/src/orbslam3_ros2/src/stereo/stereo-slam-node.hpp:13,
[35.928s]                  from /home/j/colcon_ws/src/orbslam3_ros2/src/stereo/stereo.cpp:7:
[35.928s] /home/j/colcon_ws/ORB_SLAM3/Thirdparty/g2o/g2o/types/../core/base_vertex.h: In instantiation of ‘class g2o::BaseVertex<7, g2o::Sim3>’:
[35.928s] /home/j/colcon_ws/ORB_SLAM3/Thirdparty/g2o/g2o/types/types_seven_dof_expmap.h:48:35:   required from here
[35.928s] /home/j/colcon_ws/ORB_SLAM3/Thirdparty/g2o/g2o/types/../core/base_vertex.h:62:72: warning: ‘Eigen::AlignedBit’ is deprecated [-Wdeprecated-declarations]
[35.928s]    62 |     typedef Eigen::Map<Matrix<double, D, D>, Matrix<double,D,D>::Flags & AlignedBit ? Aligned : Unaligned >  HessianBlockType;
[35.928s]       |                                                                  ~~~~~~^~~~~~~~~~~~
[35.929s] In file included from /usr/include/eigen3/Eigen/Core:161,
[35.929s]                  from /usr/include/eigen3/Eigen/LU:11,
[35.929s]                  from /home/j/colcon_ws/ORB_SLAM3/Thirdparty/Sophus/sophus/so2.hpp:12,
[35.929s]                  from /home/j/colcon_ws/ORB_SLAM3/Thirdparty/Sophus/sophus/se2.hpp:7,
[35.929s]                  from /home/j/colcon_ws/ORB_SLAM3/Thirdparty/Sophus/sophus/geometry.hpp:7,
[35.929s]                  from /home/j/colcon_ws/ORB_SLAM3/include/Frame.h:28,
[35.929s]                  from /home/j/colcon_ws/ORB_SLAM3/include/KeyFrame.h:28,
[35.929s]                  from /home/j/colcon_ws/ORB_SLAM3/include/MapPoint.h:23,
[35.929s]                  from /home/j/colcon_ws/ORB_SLAM3/include/FrameDrawer.h:24,
[35.929s]                  from /home/j/colcon_ws/ORB_SLAM3/include/Viewer.h:23,
[35.929s]                  from /home/j/colcon_ws/ORB_SLAM3/include/Tracking.h:26,
[35.929s]                  from /home/j/colcon_ws/ORB_SLAM3/include/System.h:31,
[35.929s]                  from /home/j/colcon_ws/src/orbslam3_ros2/src/stereo/stereo-slam-node.hpp:13,
[35.929s]                  from /home/j/colcon_ws/src/orbslam3_ros2/src/stereo/stereo.cpp:7:
[35.930s] /usr/include/eigen3/Eigen/src/Core/util/Constants.h:167:37: note: declared here
[35.930s]   167 | EIGEN_DEPRECATED const unsigned int AlignedBit = 0x80;
[35.930s]       |                                     ^~~~~~~~~~
[35.930s] In file included from /home/j/colcon_ws/ORB_SLAM3/Thirdparty/g2o/g2o/types/types_six_dof_expmap.h:37,
[35.930s]                  from /home/j/colcon_ws/ORB_SLAM3/include/Converter.h:26,
[35.930s]                  from /home/j/colcon_ws/ORB_SLAM3/include/Frame.h:33,
[35.931s]                  from /home/j/colcon_ws/ORB_SLAM3/include/KeyFrame.h:28,
[35.931s]                  from /home/j/colcon_ws/ORB_SLAM3/include/MapPoint.h:23,
[35.931s]                  from /home/j/colcon_ws/ORB_SLAM3/include/FrameDrawer.h:24,
[35.931s]                  from /home/j/colcon_ws/ORB_SLAM3/include/Viewer.h:23,
[35.931s]                  from /home/j/colcon_ws/ORB_SLAM3/include/Tracking.h:26,
[35.931s]                  from /home/j/colcon_ws/ORB_SLAM3/include/System.h:31,
[35.931s]                  from /home/j/colcon_ws/src/orbslam3_ros2/src/monocular/monocular-slam-node.hpp:9,
[35.931s]                  from /home/j/colcon_ws/src/orbslam3_ros2/src/monocular/mono.cpp:7:
[35.931s] /home/j/colcon_ws/ORB_SLAM3/Thirdparty/g2o/g2o/types/../core/base_vertex.h: In instantiation of ‘class g2o::BaseVertex<7, g2o::Sim3>’:
[35.931s] /home/j/colcon_ws/ORB_SLAM3/Thirdparty/g2o/g2o/types/types_seven_dof_expmap.h:48:35:   required from here
[35.932s] /home/j/colcon_ws/ORB_SLAM3/Thirdparty/g2o/g2o/types/../core/base_vertex.h:62:72: warning: ‘Eigen::AlignedBit’ is deprecated [-Wdeprecated-declarations]
[35.932s]    62 |     typedef Eigen::Map<Matrix<double, D, D>, Matrix<double,D,D>::Flags & AlignedBit ? Aligned : Unaligned >  HessianBlockType;
[35.932s]       |                                                                  ~~~~~~^~~~~~~~~~~~
[35.932s] In file included from /usr/include/eigen3/Eigen/Core:161,
[35.932s]                  from /usr/include/eigen3/Eigen/LU:11,
[35.932s]                  from /home/j/colcon_ws/ORB_SLAM3/Thirdparty/Sophus/sophus/so2.hpp:12,
[35.932s]                  from /home/j/colcon_ws/ORB_SLAM3/Thirdparty/Sophus/sophus/se2.hpp:7,
[35.932s]                  from /home/j/colcon_ws/ORB_SLAM3/Thirdparty/Sophus/sophus/geometry.hpp:7,
[35.932s]                  from /home/j/colcon_ws/ORB_SLAM3/include/Frame.h:28,
[35.932s]                  from /home/j/colcon_ws/ORB_SLAM3/include/KeyFrame.h:28,
[35.933s]                  from /home/j/colcon_ws/ORB_SLAM3/include/MapPoint.h:23,
[35.933s]                  from /home/j/colcon_ws/ORB_SLAM3/include/FrameDrawer.h:24,
[35.933s]                  from /home/j/colcon_ws/ORB_SLAM3/include/Viewer.h:23,
[35.933s]                  from /home/j/colcon_ws/ORB_SLAM3/include/Tracking.h:26,
[35.933s]                  from /home/j/colcon_ws/ORB_SLAM3/include/System.h:31,
[35.933s]                  from /home/j/colcon_ws/src/orbslam3_ros2/src/monocular/monocular-slam-node.hpp:9,
[35.933s]                  from /home/j/colcon_ws/src/orbslam3_ros2/src/monocular/mono.cpp:7:
[35.933s] /usr/include/eigen3/Eigen/src/Core/util/Constants.h:167:37: note: declared here
[35.933s]   167 | EIGEN_DEPRECATED const unsigned int AlignedBit = 0x80;
[35.933s]       |                                     ^~~~~~~~~~
[35.969s] In file included from /home/j/colcon_ws/ORB_SLAM3/Thirdparty/g2o/g2o/types/types_six_dof_expmap.h:38,
[35.969s]                  from /home/j/colcon_ws/ORB_SLAM3/include/Converter.h:26,
[35.969s]                  from /home/j/colcon_ws/ORB_SLAM3/include/Frame.h:33,
[35.969s]                  from /home/j/colcon_ws/ORB_SLAM3/include/KeyFrame.h:28,
[35.969s]                  from /home/j/colcon_ws/ORB_SLAM3/include/MapPoint.h:23,
[35.970s]                  from /home/j/colcon_ws/ORB_SLAM3/include/FrameDrawer.h:24,
[35.970s]                  from /home/j/colcon_ws/ORB_SLAM3/include/Viewer.h:23,
[35.970s]                  from /home/j/colcon_ws/ORB_SLAM3/include/Tracking.h:26,
[35.970s]                  from /home/j/colcon_ws/ORB_SLAM3/include/System.h:31,
[35.970s]                  from /home/j/colcon_ws/src/orbslam3_ros2/src/monocular/monocular-slam-node.hpp:9,
[35.970s]                  from /home/j/colcon_ws/src/orbslam3_ros2/src/monocular/mono.cpp:7:
[35.970s] /home/j/colcon_ws/ORB_SLAM3/Thirdparty/g2o/g2o/types/../core/base_binary_edge.h: In instantiation of ‘class g2o::BaseBinaryEdge<7, g2o::Sim3, g2o::VertexSim3Expmap, g2o::VertexSim3Expmap>’:
[35.970s] /home/j/colcon_ws/ORB_SLAM3/Thirdparty/g2o/g2o/types/types_seven_dof_expmap.h:99:27:   required from here
[35.970s] /home/j/colcon_ws/ORB_SLAM3/Thirdparty/g2o/g2o/types/../core/base_binary_edge.h:59:80: warning: ‘Eigen::AlignedBit’ is deprecated [-Wdeprecated-declarations]
[35.970s]    59 |       typedef Eigen::Map<Matrix<double, Di, Dj>, Matrix<double, Di, Dj>::Flags & AlignedBit ? Aligned : Unaligned > HessianBlockType;
[35.970s]       |                                                                          ~~~~~~^~~~~~~~~~~~
[35.970s] In file included from /usr/include/eigen3/Eigen/Core:161,
[35.970s]                  from /usr/include/eigen3/Eigen/LU:11,
[35.971s]                  from /home/j/colcon_ws/ORB_SLAM3/Thirdparty/Sophus/sophus/so2.hpp:12,
[35.971s]                  from /home/j/colcon_ws/ORB_SLAM3/Thirdparty/Sophus/sophus/se2.hpp:7,
[35.971s]                  from /home/j/colcon_ws/ORB_SLAM3/Thirdparty/Sophus/sophus/geometry.hpp:7,
[35.971s]                  from /home/j/colcon_ws/ORB_SLAM3/include/Frame.h:28,
[35.971s]                  from /home/j/colcon_ws/ORB_SLAM3/include/KeyFrame.h:28,
[35.971s]                  from /home/j/colcon_ws/ORB_SLAM3/include/MapPoint.h:23,
[35.971s]                  from /home/j/colcon_ws/ORB_SLAM3/include/FrameDrawer.h:24,
[35.971s]                  from /home/j/colcon_ws/ORB_SLAM3/include/Viewer.h:23,
[35.971s]                  from /home/j/colcon_ws/ORB_SLAM3/include/Tracking.h:26,
[35.971s]                  from /home/j/colcon_ws/ORB_SLAM3/include/System.h:31,
[35.971s]                  from /home/j/colcon_ws/src/orbslam3_ros2/src/monocular/monocular-slam-node.hpp:9,
[35.971s]                  from /home/j/colcon_ws/src/orbslam3_ros2/src/monocular/mono.cpp:7:
[35.971s] /usr/include/eigen3/Eigen/src/Core/util/Constants.h:167:37: note: declared here
[35.971s]   167 | EIGEN_DEPRECATED const unsigned int AlignedBit = 0x80;
[35.972s]       |                                     ^~~~~~~~~~
[35.972s] In file included from /home/j/colcon_ws/ORB_SLAM3/Thirdparty/g2o/g2o/types/types_six_dof_expmap.h:38,
[35.972s]                  from /home/j/colcon_ws/ORB_SLAM3/include/Converter.h:26,
[35.972s]                  from /home/j/colcon_ws/ORB_SLAM3/include/Frame.h:33,
[35.972s]                  from /home/j/colcon_ws/ORB_SLAM3/include/KeyFrame.h:28,
[35.972s]                  from /home/j/colcon_ws/ORB_SLAM3/include/MapPoint.h:23,
[35.972s]                  from /home/j/colcon_ws/ORB_SLAM3/include/FrameDrawer.h:24,
[35.972s]                  from /home/j/colcon_ws/ORB_SLAM3/include/Viewer.h:23,
[35.972s]                  from /home/j/colcon_ws/ORB_SLAM3/include/Tracking.h:26,
[35.972s]                  from /home/j/colcon_ws/ORB_SLAM3/include/System.h:31,
[35.972s]                  from /home/j/colcon_ws/src/orbslam3_ros2/src/monocular/monocular-slam-node.hpp:9,
[35.972s]                  from /home/j/colcon_ws/src/orbslam3_ros2/src/monocular/mono.cpp:7:
[35.972s] /home/j/colcon_ws/ORB_SLAM3/Thirdparty/g2o/g2o/types/../core/base_binary_edge.h:60:80: warning: ‘Eigen::AlignedBit’ is deprecated [-Wdeprecated-declarations]
[35.972s]    60 |       typedef Eigen::Map<Matrix<double, Dj, Di>, Matrix<double, Dj, Di>::Flags & AlignedBit ? Aligned : Unaligned > HessianBlockTransposedType;
[35.973s]       |                                                                          ~~~~~~^~~~~~~~~~~~
[35.973s] In file included from /usr/include/eigen3/Eigen/Core:161,
[35.973s]                  from /usr/include/eigen3/Eigen/LU:11,
[35.973s]                  from /home/j/colcon_ws/ORB_SLAM3/Thirdparty/Sophus/sophus/so2.hpp:12,
[35.973s]                  from /home/j/colcon_ws/ORB_SLAM3/Thirdparty/Sophus/sophus/se2.hpp:7,
[35.973s]                  from /home/j/colcon_ws/ORB_SLAM3/Thirdparty/Sophus/sophus/geometry.hpp:7,
[35.973s]                  from /home/j/colcon_ws/ORB_SLAM3/include/Frame.h:28,
[35.973s]                  from /home/j/colcon_ws/ORB_SLAM3/include/KeyFrame.h:28,
[35.973s]                  from /home/j/colcon_ws/ORB_SLAM3/include/MapPoint.h:23,
[35.973s]                  from /home/j/colcon_ws/ORB_SLAM3/include/FrameDrawer.h:24,
[35.973s]                  from /home/j/colcon_ws/ORB_SLAM3/include/Viewer.h:23,
[35.973s]                  from /home/j/colcon_ws/ORB_SLAM3/include/Tracking.h:26,
[35.973s]                  from /home/j/colcon_ws/ORB_SLAM3/include/System.h:31,
[35.973s]                  from /home/j/colcon_ws/src/orbslam3_ros2/src/monocular/monocular-slam-node.hpp:9,
[35.974s]                  from /home/j/colcon_ws/src/orbslam3_ros2/src/monocular/mono.cpp:7:
[35.974s] /usr/include/eigen3/Eigen/src/Core/util/Constants.h:167:37: note: declared here
[35.974s]   167 | EIGEN_DEPRECATED const unsigned int AlignedBit = 0x80;
[35.974s]       |                                     ^~~~~~~~~~
[35.980s] In file included from /home/j/colcon_ws/ORB_SLAM3/Thirdparty/g2o/g2o/types/types_six_dof_expmap.h:38,
[35.980s]                  from /home/j/colcon_ws/ORB_SLAM3/include/Converter.h:26,
[35.980s]                  from /home/j/colcon_ws/ORB_SLAM3/include/Frame.h:33,
[35.980s]                  from /home/j/colcon_ws/ORB_SLAM3/include/KeyFrame.h:28,
[35.980s]                  from /home/j/colcon_ws/ORB_SLAM3/include/MapPoint.h:23,
[35.981s]                  from /home/j/colcon_ws/ORB_SLAM3/include/FrameDrawer.h:24,
[35.981s]                  from /home/j/colcon_ws/ORB_SLAM3/include/Viewer.h:23,
[35.981s]                  from /home/j/colcon_ws/ORB_SLAM3/include/Tracking.h:26,
[35.981s]                  from /home/j/colcon_ws/ORB_SLAM3/include/System.h:31,
[35.981s]                  from /home/j/colcon_ws/src/orbslam3_ros2/src/stereo/stereo-slam-node.hpp:13,
[35.981s]                  from /home/j/colcon_ws/src/orbslam3_ros2/src/stereo/stereo.cpp:7:
[35.981s] /home/j/colcon_ws/ORB_SLAM3/Thirdparty/g2o/g2o/types/../core/base_binary_edge.h: In instantiation of ‘class g2o::BaseBinaryEdge<7, g2o::Sim3, g2o::VertexSim3Expmap, g2o::VertexSim3Expmap>’:
[35.981s] /home/j/colcon_ws/ORB_SLAM3/Thirdparty/g2o/g2o/types/types_seven_dof_expmap.h:99:27:   required from here
[35.981s] /home/j/colcon_ws/ORB_SLAM3/Thirdparty/g2o/g2o/types/../core/base_binary_edge.h:59:80: warning: ‘Eigen::AlignedBit’ is deprecated [-Wdeprecated-declarations]
[35.981s]    59 |       typedef Eigen::Map<Matrix<double, Di, Dj>, Matrix<double, Di, Dj>::Flags & AlignedBit ? Aligned : Unaligned > HessianBlockType;
[35.981s]       |                                                                          ~~~~~~^~~~~~~~~~~~
[35.981s] In file included from /usr/include/eigen3/Eigen/Core:161,
[35.981s]                  from /usr/include/eigen3/Eigen/LU:11,
[35.981s]                  from /home/j/colcon_ws/ORB_SLAM3/Thirdparty/Sophus/sophus/so2.hpp:12,
[35.982s]                  from /home/j/colcon_ws/ORB_SLAM3/Thirdparty/Sophus/sophus/se2.hpp:7,
[35.982s]                  from /home/j/colcon_ws/ORB_SLAM3/Thirdparty/Sophus/sophus/geometry.hpp:7,
[35.982s]                  from /home/j/colcon_ws/ORB_SLAM3/include/Frame.h:28,
[35.982s]                  from /home/j/colcon_ws/ORB_SLAM3/include/KeyFrame.h:28,
[35.982s]                  from /home/j/colcon_ws/ORB_SLAM3/include/MapPoint.h:23,
[35.982s]                  from /home/j/colcon_ws/ORB_SLAM3/include/FrameDrawer.h:24,
[35.982s]                  from /home/j/colcon_ws/ORB_SLAM3/include/Viewer.h:23,
[35.982s]                  from /home/j/colcon_ws/ORB_SLAM3/include/Tracking.h:26,
[35.982s]                  from /home/j/colcon_ws/ORB_SLAM3/include/System.h:31,
[35.982s]                  from /home/j/colcon_ws/src/orbslam3_ros2/src/stereo/stereo-slam-node.hpp:13,
[35.982s]                  from /home/j/colcon_ws/src/orbslam3_ros2/src/stereo/stereo.cpp:7:
[35.982s] /usr/include/eigen3/Eigen/src/Core/util/Constants.h:167:37: note: declared here
[35.982s]   167 | EIGEN_DEPRECATED const unsigned int AlignedBit = 0x80;
[35.983s]       |                                     ^~~~~~~~~~
[35.983s] In file included from /home/j/colcon_ws/ORB_SLAM3/Thirdparty/g2o/g2o/types/types_six_dof_expmap.h:38,
[35.983s]                  from /home/j/colcon_ws/ORB_SLAM3/include/Converter.h:26,
[35.983s]                  from /home/j/colcon_ws/ORB_SLAM3/include/Frame.h:33,
[35.983s]                  from /home/j/colcon_ws/ORB_SLAM3/include/KeyFrame.h:28,
[35.983s]                  from /home/j/colcon_ws/ORB_SLAM3/include/MapPoint.h:23,
[35.983s]                  from /home/j/colcon_ws/ORB_SLAM3/include/FrameDrawer.h:24,
[35.983s]                  from /home/j/colcon_ws/ORB_SLAM3/include/Viewer.h:23,
[35.983s]                  from /home/j/colcon_ws/ORB_SLAM3/include/Tracking.h:26,
[35.983s]                  from /home/j/colcon_ws/ORB_SLAM3/include/System.h:31,
[35.983s]                  from /home/j/colcon_ws/src/orbslam3_ros2/src/stereo/stereo-slam-node.hpp:13,
[35.983s]                  from /home/j/colcon_ws/src/orbslam3_ros2/src/stereo/stereo.cpp:7:
[35.983s] /home/j/colcon_ws/ORB_SLAM3/Thirdparty/g2o/g2o/types/../core/base_binary_edge.h:60:80: warning: ‘Eigen::AlignedBit’ is deprecated [-Wdeprecated-declarations]
[35.983s]    60 |       typedef Eigen::Map<Matrix<double, Dj, Di>, Matrix<double, Dj, Di>::Flags & AlignedBit ? Aligned : Unaligned > HessianBlockTransposedType;
[35.984s]       |                                                                          ~~~~~~^~~~~~~~~~~~
[35.984s] In file included from /usr/include/eigen3/Eigen/Core:161,
[35.984s]                  from /usr/include/eigen3/Eigen/LU:11,
[35.984s]                  from /home/j/colcon_ws/ORB_SLAM3/Thirdparty/Sophus/sophus/so2.hpp:12,
[35.984s]                  from /home/j/colcon_ws/ORB_SLAM3/Thirdparty/Sophus/sophus/se2.hpp:7,
[35.984s]                  from /home/j/colcon_ws/ORB_SLAM3/Thirdparty/Sophus/sophus/geometry.hpp:7,
[35.984s]                  from /home/j/colcon_ws/ORB_SLAM3/include/Frame.h:28,
[35.984s]                  from /home/j/colcon_ws/ORB_SLAM3/include/KeyFrame.h:28,
[35.984s]                  from /home/j/colcon_ws/ORB_SLAM3/include/MapPoint.h:23,
[35.984s]                  from /home/j/colcon_ws/ORB_SLAM3/include/FrameDrawer.h:24,
[35.984s]                  from /home/j/colcon_ws/ORB_SLAM3/include/Viewer.h:23,
[35.984s]                  from /home/j/colcon_ws/ORB_SLAM3/include/Tracking.h:26,
[35.984s]                  from /home/j/colcon_ws/ORB_SLAM3/include/System.h:31,
[35.984s]                  from /home/j/colcon_ws/src/orbslam3_ros2/src/stereo/stereo-slam-node.hpp:13,
[35.985s]                  from /home/j/colcon_ws/src/orbslam3_ros2/src/stereo/stereo.cpp:7:
[35.985s] /usr/include/eigen3/Eigen/src/Core/util/Constants.h:167:37: note: declared here
[35.985s]   167 | EIGEN_DEPRECATED const unsigned int AlignedBit = 0x80;
[35.985s]       |                                     ^~~~~~~~~~
[36.019s] In file included from /home/j/colcon_ws/ORB_SLAM3/Thirdparty/g2o/g2o/types/types_six_dof_expmap.h:38,
[36.019s]                  from /home/j/colcon_ws/ORB_SLAM3/include/Converter.h:26,
[36.019s]                  from /home/j/colcon_ws/ORB_SLAM3/include/Frame.h:33,
[36.019s]                  from /home/j/colcon_ws/ORB_SLAM3/include/KeyFrame.h:28,
[36.019s]                  from /home/j/colcon_ws/ORB_SLAM3/include/MapPoint.h:23,
[36.019s]                  from /home/j/colcon_ws/ORB_SLAM3/include/FrameDrawer.h:24,
[36.020s]                  from /home/j/colcon_ws/ORB_SLAM3/include/Viewer.h:23,
[36.020s]                  from /home/j/colcon_ws/ORB_SLAM3/include/Tracking.h:26,
[36.020s]                  from /home/j/colcon_ws/ORB_SLAM3/include/System.h:31,
[36.020s]                  from /home/j/colcon_ws/src/orbslam3_ros2/src/monocular/monocular-slam-node.hpp:9,
[36.020s]                  from /home/j/colcon_ws/src/orbslam3_ros2/src/monocular/mono.cpp:7:
[36.020s] /home/j/colcon_ws/ORB_SLAM3/Thirdparty/g2o/g2o/types/../core/base_binary_edge.h: In instantiation of ‘class g2o::BaseBinaryEdge<2, Eigen::Matrix<double, 2, 1>, g2o::VertexSBAPointXYZ, g2o::VertexSim3Expmap>’:
[36.020s] /home/j/colcon_ws/ORB_SLAM3/Thirdparty/g2o/g2o/types/types_seven_dof_expmap.h:130:36:   required from here
[36.020s] /home/j/colcon_ws/ORB_SLAM3/Thirdparty/g2o/g2o/types/../core/base_binary_edge.h:59:80: warning: ‘Eigen::AlignedBit’ is deprecated [-Wdeprecated-declarations]
[36.020s]    59 |       typedef Eigen::Map<Matrix<double, Di, Dj>, Matrix<double, Di, Dj>::Flags & AlignedBit ? Aligned : Unaligned > HessianBlockType;
[36.020s]       |                                                                          ~~~~~~^~~~~~~~~~~~
[36.020s] In file included from /usr/include/eigen3/Eigen/Core:161,
[36.020s]                  from /usr/include/eigen3/Eigen/LU:11,
[36.020s]                  from /home/j/colcon_ws/ORB_SLAM3/Thirdparty/Sophus/sophus/so2.hpp:12,
[36.020s]                  from /home/j/colcon_ws/ORB_SLAM3/Thirdparty/Sophus/sophus/se2.hpp:7,
[36.020s]                  from /home/j/colcon_ws/ORB_SLAM3/Thirdparty/Sophus/sophus/geometry.hpp:7,
[36.020s]                  from /home/j/colcon_ws/ORB_SLAM3/include/Frame.h:28,
[36.020s]                  from /home/j/colcon_ws/ORB_SLAM3/include/KeyFrame.h:28,
[36.021s]                  from /home/j/colcon_ws/ORB_SLAM3/include/MapPoint.h:23,
[36.021s]                  from /home/j/colcon_ws/ORB_SLAM3/include/FrameDrawer.h:24,
[36.021s]                  from /home/j/colcon_ws/ORB_SLAM3/include/Viewer.h:23,
[36.021s]                  from /home/j/colcon_ws/ORB_SLAM3/include/Tracking.h:26,
[36.021s]                  from /home/j/colcon_ws/ORB_SLAM3/include/System.h:31,
[36.021s]                  from /home/j/colcon_ws/src/orbslam3_ros2/src/monocular/monocular-slam-node.hpp:9,
[36.021s]                  from /home/j/colcon_ws/src/orbslam3_ros2/src/monocular/mono.cpp:7:
[36.021s] /usr/include/eigen3/Eigen/src/Core/util/Constants.h:167:37: note: declared here
[36.021s]   167 | EIGEN_DEPRECATED const unsigned int AlignedBit = 0x80;
[36.021s]       |                                     ^~~~~~~~~~
[36.030s] In file included from /home/j/colcon_ws/ORB_SLAM3/Thirdparty/g2o/g2o/types/types_six_dof_expmap.h:38,
[36.030s]                  from /home/j/colcon_ws/ORB_SLAM3/include/Converter.h:26,
[36.030s]                  from /home/j/colcon_ws/ORB_SLAM3/include/Frame.h:33,
[36.030s]                  from /home/j/colcon_ws/ORB_SLAM3/include/KeyFrame.h:28,
[36.030s]                  from /home/j/colcon_ws/ORB_SLAM3/include/MapPoint.h:23,
[36.031s]                  from /home/j/colcon_ws/ORB_SLAM3/include/FrameDrawer.h:24,
[36.031s]                  from /home/j/colcon_ws/ORB_SLAM3/include/Viewer.h:23,
[36.031s]                  from /home/j/colcon_ws/ORB_SLAM3/include/Tracking.h:26,
[36.031s]                  from /home/j/colcon_ws/ORB_SLAM3/include/System.h:31,
[36.031s]                  from /home/j/colcon_ws/src/orbslam3_ros2/src/stereo/stereo-slam-node.hpp:13,
[36.031s]                  from /home/j/colcon_ws/src/orbslam3_ros2/src/stereo/stereo.cpp:7:
[36.031s] /home/j/colcon_ws/ORB_SLAM3/Thirdparty/g2o/g2o/types/../core/base_binary_edge.h: In instantiation of ‘class g2o::BaseBinaryEdge<2, Eigen::Matrix<double, 2, 1>, g2o::VertexSBAPointXYZ, g2o::VertexSim3Expmap>’:
[36.031s] /home/j/colcon_ws/ORB_SLAM3/Thirdparty/g2o/g2o/types/types_seven_dof_expmap.h:130:36:   required from here
[36.031s] /home/j/colcon_ws/ORB_SLAM3/Thirdparty/g2o/g2o/types/../core/base_binary_edge.h:59:80: warning: ‘Eigen::AlignedBit’ is deprecated [-Wdeprecated-declarations]
[36.031s]    59 |       typedef Eigen::Map<Matrix<double, Di, Dj>, Matrix<double, Di, Dj>::Flags & AlignedBit ? Aligned : Unaligned > HessianBlockType;
[36.031s]       |                                                                          ~~~~~~^~~~~~~~~~~~
[36.031s] In file included from /usr/include/eigen3/Eigen/Core:161,
[36.031s]                  from /usr/include/eigen3/Eigen/LU:11,
[36.031s]                  from /home/j/colcon_ws/ORB_SLAM3/Thirdparty/Sophus/sophus/so2.hpp:12,
[36.032s]                  from /home/j/colcon_ws/ORB_SLAM3/Thirdparty/Sophus/sophus/se2.hpp:7,
[36.032s]                  from /home/j/colcon_ws/ORB_SLAM3/Thirdparty/Sophus/sophus/geometry.hpp:7,
[36.032s]                  from /home/j/colcon_ws/ORB_SLAM3/include/Frame.h:28,
[36.032s]                  from /home/j/colcon_ws/ORB_SLAM3/include/KeyFrame.h:28,
[36.032s]                  from /home/j/colcon_ws/ORB_SLAM3/include/MapPoint.h:23,
[36.032s]                  from /home/j/colcon_ws/ORB_SLAM3/include/FrameDrawer.h:24,
[36.032s]                  from /home/j/colcon_ws/ORB_SLAM3/include/Viewer.h:23,
[36.032s]                  from /home/j/colcon_ws/ORB_SLAM3/include/Tracking.h:26,
[36.032s]                  from /home/j/colcon_ws/ORB_SLAM3/include/System.h:31,
[36.032s]                  from /home/j/colcon_ws/src/orbslam3_ros2/src/stereo/stereo-slam-node.hpp:13,
[36.032s]                  from /home/j/colcon_ws/src/orbslam3_ros2/src/stereo/stereo.cpp:7:
[36.032s] /usr/include/eigen3/Eigen/src/Core/util/Constants.h:167:37: note: declared here
[36.032s]   167 | EIGEN_DEPRECATED const unsigned int AlignedBit = 0x80;
[36.033s]       |                                     ^~~~~~~~~~
[36.035s] In file included from /home/j/colcon_ws/ORB_SLAM3/Thirdparty/g2o/g2o/types/types_six_dof_expmap.h:38,
[36.035s]                  from /home/j/colcon_ws/ORB_SLAM3/include/Converter.h:26,
[36.035s]                  from /home/j/colcon_ws/ORB_SLAM3/include/Frame.h:33,
[36.035s]                  from /home/j/colcon_ws/ORB_SLAM3/include/KeyFrame.h:28,
[36.035s]                  from /home/j/colcon_ws/ORB_SLAM3/include/MapPoint.h:23,
[36.035s]                  from /home/j/colcon_ws/ORB_SLAM3/include/FrameDrawer.h:24,
[36.035s]                  from /home/j/colcon_ws/ORB_SLAM3/include/Viewer.h:23,
[36.035s]                  from /home/j/colcon_ws/ORB_SLAM3/include/Tracking.h:26,
[36.035s]                  from /home/j/colcon_ws/ORB_SLAM3/include/System.h:31,
[36.035s]                  from /home/j/colcon_ws/src/orbslam3_ros2/src/monocular/monocular-slam-node.hpp:9,
[36.035s]                  from /home/j/colcon_ws/src/orbslam3_ros2/src/monocular/mono.cpp:7:
[36.036s] /home/j/colcon_ws/ORB_SLAM3/Thirdparty/g2o/g2o/types/../core/base_binary_edge.h:60:80: warning: ‘Eigen::AlignedBit’ is deprecated [-Wdeprecated-declarations]
[36.036s]    60 |       typedef Eigen::Map<Matrix<double, Dj, Di>, Matrix<double, Dj, Di>::Flags & AlignedBit ? Aligned : Unaligned > HessianBlockTransposedType;
[36.036s]       |                                                                          ~~~~~~^~~~~~~~~~~~
[36.036s] In file included from /usr/include/eigen3/Eigen/Core:161,
[36.036s]                  from /usr/include/eigen3/Eigen/LU:11,
[36.036s]                  from /home/j/colcon_ws/ORB_SLAM3/Thirdparty/Sophus/sophus/so2.hpp:12,
[36.036s]                  from /home/j/colcon_ws/ORB_SLAM3/Thirdparty/Sophus/sophus/se2.hpp:7,
[36.036s]                  from /home/j/colcon_ws/ORB_SLAM3/Thirdparty/Sophus/sophus/geometry.hpp:7,
[36.036s]                  from /home/j/colcon_ws/ORB_SLAM3/include/Frame.h:28,
[36.036s]                  from /home/j/colcon_ws/ORB_SLAM3/include/KeyFrame.h:28,
[36.036s]                  from /home/j/colcon_ws/ORB_SLAM3/include/MapPoint.h:23,
[36.036s]                  from /home/j/colcon_ws/ORB_SLAM3/include/FrameDrawer.h:24,
[36.036s]                  from /home/j/colcon_ws/ORB_SLAM3/include/Viewer.h:23,
[36.036s]                  from /home/j/colcon_ws/ORB_SLAM3/include/Tracking.h:26,
[36.036s]                  from /home/j/colcon_ws/ORB_SLAM3/include/System.h:31,
[36.037s]                  from /home/j/colcon_ws/src/orbslam3_ros2/src/monocular/monocular-slam-node.hpp:9,
[36.037s]                  from /home/j/colcon_ws/src/orbslam3_ros2/src/monocular/mono.cpp:7:
[36.037s] /usr/include/eigen3/Eigen/src/Core/util/Constants.h:167:37: note: declared here
[36.037s]   167 | EIGEN_DEPRECATED const unsigned int AlignedBit = 0x80;
[36.037s]       |                                     ^~~~~~~~~~
[36.046s] In file included from /home/j/colcon_ws/ORB_SLAM3/Thirdparty/g2o/g2o/types/types_six_dof_expmap.h:38,
[36.046s]                  from /home/j/colcon_ws/ORB_SLAM3/include/Converter.h:26,
[36.046s]                  from /home/j/colcon_ws/ORB_SLAM3/include/Frame.h:33,
[36.046s]                  from /home/j/colcon_ws/ORB_SLAM3/include/KeyFrame.h:28,
[36.046s]                  from /home/j/colcon_ws/ORB_SLAM3/include/MapPoint.h:23,
[36.046s]                  from /home/j/colcon_ws/ORB_SLAM3/include/FrameDrawer.h:24,
[36.046s]                  from /home/j/colcon_ws/ORB_SLAM3/include/Viewer.h:23,
[36.046s]                  from /home/j/colcon_ws/ORB_SLAM3/include/Tracking.h:26,
[36.046s]                  from /home/j/colcon_ws/ORB_SLAM3/include/System.h:31,
[36.046s]                  from /home/j/colcon_ws/src/orbslam3_ros2/src/stereo/stereo-slam-node.hpp:13,
[36.046s]                  from /home/j/colcon_ws/src/orbslam3_ros2/src/stereo/stereo.cpp:7:
[36.046s] /home/j/colcon_ws/ORB_SLAM3/Thirdparty/g2o/g2o/types/../core/base_binary_edge.h:60:80: warning: ‘Eigen::AlignedBit’ is deprecated [-Wdeprecated-declarations]
[36.047s]    60 |       typedef Eigen::Map<Matrix<double, Dj, Di>, Matrix<double, Dj, Di>::Flags & AlignedBit ? Aligned : Unaligned > HessianBlockTransposedType;
[36.047s]       |                                                                          ~~~~~~^~~~~~~~~~~~
[36.047s] In file included from /usr/include/eigen3/Eigen/Core:161,
[36.047s]                  from /usr/include/eigen3/Eigen/LU:11,
[36.047s]                  from /home/j/colcon_ws/ORB_SLAM3/Thirdparty/Sophus/sophus/so2.hpp:12,
[36.047s]                  from /home/j/colcon_ws/ORB_SLAM3/Thirdparty/Sophus/sophus/se2.hpp:7,
[36.047s]                  from /home/j/colcon_ws/ORB_SLAM3/Thirdparty/Sophus/sophus/geometry.hpp:7,
[36.047s]                  from /home/j/colcon_ws/ORB_SLAM3/include/Frame.h:28,
[36.047s]                  from /home/j/colcon_ws/ORB_SLAM3/include/KeyFrame.h:28,
[36.047s]                  from /home/j/colcon_ws/ORB_SLAM3/include/MapPoint.h:23,
[36.047s]                  from /home/j/colcon_ws/ORB_SLAM3/include/FrameDrawer.h:24,
[36.047s]                  from /home/j/colcon_ws/ORB_SLAM3/include/Viewer.h:23,
[36.047s]                  from /home/j/colcon_ws/ORB_SLAM3/include/Tracking.h:26,
[36.047s]                  from /home/j/colcon_ws/ORB_SLAM3/include/System.h:31,
[36.047s]                  from /home/j/colcon_ws/src/orbslam3_ros2/src/stereo/stereo-slam-node.hpp:13,
[36.048s]                  from /home/j/colcon_ws/src/orbslam3_ros2/src/stereo/stereo.cpp:7:
[36.048s] /usr/include/eigen3/Eigen/src/Core/util/Constants.h:167:37: note: declared here
[36.048s]   167 | EIGEN_DEPRECATED const unsigned int AlignedBit = 0x80;
[36.048s]       |                                     ^~~~~~~~~~
[36.825s] In file included from /home/j/colcon_ws/ORB_SLAM3/include/Atlas.h:26,
[36.826s]                  from /home/j/colcon_ws/ORB_SLAM3/include/FrameDrawer.h:25,
[36.826s]                  from /home/j/colcon_ws/ORB_SLAM3/include/Viewer.h:23,
[36.826s]                  from /home/j/colcon_ws/ORB_SLAM3/include/Tracking.h:26,
[36.826s]                  from /home/j/colcon_ws/ORB_SLAM3/include/System.h:31,
[36.826s]                  from /home/j/colcon_ws/src/orbslam3_ros2/src/monocular/monocular-slam-node.hpp:9,
[36.826s]                  from /home/j/colcon_ws/src/orbslam3_ros2/src/monocular/monocular-slam-node.cpp:1:
[36.826s] /home/j/colcon_ws/ORB_SLAM3/include/CameraModels/Pinhole.h: In member function ‘virtual bool ORB_SLAM3::Pinhole::matchAndtriangulate(const cv::KeyPoint&, const cv::KeyPoint&, ORB_SLAM3::GeometricCamera*, Sophus::SE3f&, Sophus::SE3f&, float, float, Eigen::Vector3f&)’:
[36.826s] /home/j/colcon_ws/ORB_SLAM3/include/CameraModels/Pinhole.h:83:54: warning: unused parameter ‘kp1’ [-Wunused-parameter]
[36.826s]    83 |         bool matchAndtriangulate(const cv::KeyPoint& kp1, const cv::KeyPoint& kp2, GeometricCamera* pOther,
[36.826s]       |                                  ~~~~~~~~~~~~~~~~~~~~^~~
[36.826s] /home/j/colcon_ws/ORB_SLAM3/include/CameraModels/Pinhole.h:83:79: warning: unused parameter ‘kp2’ [-Wunused-parameter]
[36.826s]    83 |         bool matchAndtriangulate(const cv::KeyPoint& kp1, const cv::KeyPoint& kp2, GeometricCamera* pOther,
[36.826s]       |                                                           ~~~~~~~~~~~~~~~~~~~~^~~
[36.826s] /home/j/colcon_ws/ORB_SLAM3/include/CameraModels/Pinhole.h:83:101: warning: unused parameter ‘pOther’ [-Wunused-parameter]
[36.827s]    83 |         bool matchAndtriangulate(const cv::KeyPoint& kp1, const cv::KeyPoint& kp2, GeometricCamera* pOther,
[36.827s]       |                                                                                    ~~~~~~~~~~~~~~~~~^~~~~~
[36.827s] /home/j/colcon_ws/ORB_SLAM3/include/CameraModels/Pinhole.h:84:48: warning: unused parameter ‘Tcw1’ [-Wunused-parameter]
[36.827s]    84 |                                  Sophus::SE3f& Tcw1, Sophus::SE3f& Tcw2,
[36.827s]       |                                  ~~~~~~~~~~~~~~^~~~
[36.827s] /home/j/colcon_ws/ORB_SLAM3/include/CameraModels/Pinhole.h:84:68: warning: unused parameter ‘Tcw2’ [-Wunused-parameter]
[36.827s]    84 |                                  Sophus::SE3f& Tcw1, Sophus::SE3f& Tcw2,
[36.828s]       |                                                      ~~~~~~~~~~~~~~^~~~
[36.828s] /home/j/colcon_ws/ORB_SLAM3/include/CameraModels/Pinhole.h:85:46: warning: unused parameter ‘sigmaLevel1’ [-Wunused-parameter]
[36.828s]    85 |                                  const float sigmaLevel1, const float sigmaLevel2,
[36.828s]       |                                  ~~~~~~~~~~~~^~~~~~~~~~~
[36.828s] /home/j/colcon_ws/ORB_SLAM3/include/CameraModels/Pinhole.h:85:71: warning: unused parameter ‘sigmaLevel2’ [-Wunused-parameter]
[36.828s]    85 |                                  const float sigmaLevel1, const float sigmaLevel2,
[36.828s]       |                                                           ~~~~~~~~~~~~^~~~~~~~~~~
[36.828s] /home/j/colcon_ws/ORB_SLAM3/include/CameraModels/Pinhole.h:86:51: warning: unused parameter ‘x3Dtriangulated’ [-Wunused-parameter]
[36.828s]    86 |                                  Eigen::Vector3f& x3Dtriangulated) { return false;}
[36.828s]       |                                  ~~~~~~~~~~~~~~~~~^~~~~~~~~~~~~~~
[36.828s] In file included from /home/j/colcon_ws/ORB_SLAM3/include/Atlas.h:27,
[36.828s]                  from /home/j/colcon_ws/ORB_SLAM3/include/FrameDrawer.h:25,
[36.828s]                  from /home/j/colcon_ws/ORB_SLAM3/include/Viewer.h:23,
[36.828s]                  from /home/j/colcon_ws/ORB_SLAM3/include/Tracking.h:26,
[36.828s]                  from /home/j/colcon_ws/ORB_SLAM3/include/System.h:31,
[36.828s]                  from /home/j/colcon_ws/src/orbslam3_ros2/src/monocular/monocular-slam-node.hpp:9,
[36.829s]                  from /home/j/colcon_ws/src/orbslam3_ros2/src/monocular/monocular-slam-node.cpp:1:
[36.829s] /home/j/colcon_ws/ORB_SLAM3/include/CameraModels/KannalaBrandt8.h: In constructor ‘ORB_SLAM3::KannalaBrandt8::KannalaBrandt8(std::vector<float>)’:
[36.829s] /home/j/colcon_ws/ORB_SLAM3/include/CameraModels/KannalaBrandt8.h:102:21: warning: ‘ORB_SLAM3::KannalaBrandt8::precision’ will be initialized after [-Wreorder]
[36.829s]   102 |         const float precision;
[36.829s]       |                     ^~~~~~~~~
[36.829s] /home/j/colcon_ws/ORB_SLAM3/include/CameraModels/KannalaBrandt8.h:88:26: warning:   ‘std::vector<int> ORB_SLAM3::KannalaBrandt8::mvLappingArea’ [-Wreorder]
[36.829s]    88 |         std::vector<int> mvLappingArea;
[36.829s]       |                          ^~~~~~~~~~~~~
[36.829s] In file included from /home/j/colcon_ws/ORB_SLAM3/include/Atlas.h:27,
[36.829s]                  from /home/j/colcon_ws/ORB_SLAM3/include/FrameDrawer.h:25,
[36.829s]                  from /home/j/colcon_ws/ORB_SLAM3/include/Viewer.h:23,
[36.829s]                  from /home/j/colcon_ws/ORB_SLAM3/include/Tracking.h:26,
[36.829s]                  from /home/j/colcon_ws/ORB_SLAM3/include/System.h:31,
[36.829s]                  from /home/j/colcon_ws/src/orbslam3_ros2/src/monocular/monocular-slam-node.hpp:9,
[36.829s]                  from /home/j/colcon_ws/src/orbslam3_ros2/src/monocular/monocular-slam-node.cpp:1:
[36.830s] /home/j/colcon_ws/ORB_SLAM3/include/CameraModels/KannalaBrandt8.h:47:9: warning:   when initialized here [-Wreorder]
[36.830s]    47 |         KannalaBrandt8(const std::vector<float> _vParameters) : GeometricCamera(_vParameters), precision(1e-6), mvLappingArea(2,0) ,tvr(nullptr) {
[36.830s]       |         ^~~~~~~~~~~~~~
[36.830s] In file included from /home/j/colcon_ws/ORB_SLAM3/include/Atlas.h:27,
[36.830s]                  from /home/j/colcon_ws/ORB_SLAM3/include/FrameDrawer.h:25,
[36.830s]                  from /home/j/colcon_ws/ORB_SLAM3/include/Viewer.h:23,
[36.830s]                  from /home/j/colcon_ws/ORB_SLAM3/include/Tracking.h:26,
[36.830s]                  from /home/j/colcon_ws/ORB_SLAM3/include/System.h:31,
[36.830s]                  from /home/j/colcon_ws/src/orbslam3_ros2/src/monocular/monocular-slam-node.hpp:9,
[36.830s]                  from /home/j/colcon_ws/src/orbslam3_ros2/src/monocular/monocular-slam-node.cpp:1:
[36.830s] /home/j/colcon_ws/ORB_SLAM3/include/CameraModels/KannalaBrandt8.h: In constructor ‘ORB_SLAM3::KannalaBrandt8::KannalaBrandt8(std::vector<float>, float)’:
[36.830s] /home/j/colcon_ws/ORB_SLAM3/include/CameraModels/KannalaBrandt8.h:102:21: warning: ‘ORB_SLAM3::KannalaBrandt8::precision’ will be initialized after [-Wreorder]
[36.830s]   102 |         const float precision;
[36.830s]       |                     ^~~~~~~~~
[36.830s] /home/j/colcon_ws/ORB_SLAM3/include/CameraModels/KannalaBrandt8.h:88:26: warning:   ‘std::vector<int> ORB_SLAM3::KannalaBrandt8::mvLappingArea’ [-Wreorder]
[36.831s]    88 |         std::vector<int> mvLappingArea;
[36.831s]       |                          ^~~~~~~~~~~~~
[36.831s] /home/j/colcon_ws/ORB_SLAM3/include/CameraModels/KannalaBrandt8.h:53:9: warning:   when initialized here [-Wreorder]
[36.831s]    53 |         KannalaBrandt8(const std::vector<float> _vParameters, const float _precision) : GeometricCamera(_vParameters),
[36.831s]       |         ^~~~~~~~~~~~~~
[36.831s] /home/j/colcon_ws/ORB_SLAM3/include/CameraModels/KannalaBrandt8.h: In constructor ‘ORB_SLAM3::KannalaBrandt8::KannalaBrandt8(ORB_SLAM3::KannalaBrandt8*)’:
[36.831s] /home/j/colcon_ws/ORB_SLAM3/include/CameraModels/KannalaBrandt8.h:102:21: warning: ‘ORB_SLAM3::KannalaBrandt8::precision’ will be initialized after [-Wreorder]
[36.831s]   102 |         const float precision;
[36.831s]       |                     ^~~~~~~~~
[36.831s] /home/j/colcon_ws/ORB_SLAM3/include/CameraModels/KannalaBrandt8.h:88:26: warning:   ‘std::vector<int> ORB_SLAM3::KannalaBrandt8::mvLappingArea’ [-Wreorder]
[36.831s]    88 |         std::vector<int> mvLappingArea;
[36.831s]       |                          ^~~~~~~~~~~~~
[36.831s] /home/j/colcon_ws/ORB_SLAM3/include/CameraModels/KannalaBrandt8.h:59:9: warning:   when initialized here [-Wreorder]
[36.831s]    59 |         KannalaBrandt8(KannalaBrandt8* pKannala) : GeometricCamera(pKannala->mvParameters), precision(pKannala->precision), mvLappingArea(2,0) ,tvr(nullptr) {
[36.831s]       |         ^~~~~~~~~~~~~~
[36.832s] In file included from /home/j/colcon_ws/ORB_SLAM3/include/Atlas.h:26,
[36.832s]                  from /home/j/colcon_ws/ORB_SLAM3/include/FrameDrawer.h:25,
[36.833s]                  from /home/j/colcon_ws/ORB_SLAM3/include/Viewer.h:23,
[36.833s]                  from /home/j/colcon_ws/ORB_SLAM3/include/Tracking.h:26,
[36.833s]                  from /home/j/colcon_ws/ORB_SLAM3/include/System.h:31,
[36.833s]                  from /home/j/colcon_ws/src/orbslam3_ros2/src/rgbd/rgbd-slam-node.hpp:18,
[36.833s]                  from /home/j/colcon_ws/src/orbslam3_ros2/src/rgbd/rgbd.cpp:7:
[36.833s] /home/j/colcon_ws/ORB_SLAM3/include/CameraModels/Pinhole.h: In member function ‘virtual bool ORB_SLAM3::Pinhole::matchAndtriangulate(const cv::KeyPoint&, const cv::KeyPoint&, ORB_SLAM3::GeometricCamera*, Sophus::SE3f&, Sophus::SE3f&, float, float, Eigen::Vector3f&)’:
[36.833s] /home/j/colcon_ws/ORB_SLAM3/include/CameraModels/Pinhole.h:83:54: warning: unused parameter ‘kp1’ [-Wunused-parameter]
[36.833s]    83 |         bool matchAndtriangulate(const cv::KeyPoint& kp1, const cv::KeyPoint& kp2, GeometricCamera* pOther,
[36.833s]       |                                  ~~~~~~~~~~~~~~~~~~~~^~~
[36.833s] /home/j/colcon_ws/ORB_SLAM3/include/CameraModels/Pinhole.h:83:79: warning: unused parameter ‘kp2’ [-Wunused-parameter]
[36.833s]    83 |         bool matchAndtriangulate(const cv::KeyPoint& kp1, const cv::KeyPoint& kp2, GeometricCamera* pOther,
[36.834s]       |                                                           ~~~~~~~~~~~~~~~~~~~~^~~
[36.834s] /home/j/colcon_ws/ORB_SLAM3/include/CameraModels/Pinhole.h:83:101: warning: unused parameter ‘pOther’ [-Wunused-parameter]
[36.834s]    83 |         bool matchAndtriangulate(const cv::KeyPoint& kp1, const cv::KeyPoint& kp2, GeometricCamera* pOther,
[36.834s]       |                                                                                    ~~~~~~~~~~~~~~~~~^~~~~~
[36.834s] /home/j/colcon_ws/ORB_SLAM3/include/CameraModels/Pinhole.h:84:48: warning: unused parameter ‘Tcw1’ [-Wunused-parameter]
[36.834s]    84 |                                  Sophus::SE3f& Tcw1, Sophus::SE3f& Tcw2,
[36.834s]       |                                  ~~~~~~~~~~~~~~^~~~
[36.834s] /home/j/colcon_ws/ORB_SLAM3/include/CameraModels/Pinhole.h:84:68: warning: unused parameter ‘Tcw2’ [-Wunused-parameter]
[36.834s]    84 |                                  Sophus::SE3f& Tcw1, Sophus::SE3f& Tcw2,
[36.834s]       |                                                      ~~~~~~~~~~~~~~^~~~
[36.835s] /home/j/colcon_ws/ORB_SLAM3/include/CameraModels/Pinhole.h:85:46: warning: unused parameter ‘sigmaLevel1’ [-Wunused-parameter]
[36.835s]    85 |                                  const float sigmaLevel1, const float sigmaLevel2,
[36.835s]       |                                  ~~~~~~~~~~~~^~~~~~~~~~~
[36.835s] /home/j/colcon_ws/ORB_SLAM3/include/CameraModels/Pinhole.h:85:71: warning: unused parameter ‘sigmaLevel2’ [-Wunused-parameter]
[36.835s]    85 |                                  const float sigmaLevel1, const float sigmaLevel2,
[36.835s]       |                                                           ~~~~~~~~~~~~^~~~~~~~~~~
[36.835s] /home/j/colcon_ws/ORB_SLAM3/include/CameraModels/Pinhole.h:86:51: warning: unused parameter ‘x3Dtriangulated’ [-Wunused-parameter]
[36.835s]    86 |                                  Eigen::Vector3f& x3Dtriangulated) { return false;}
[36.835s]       |                                  ~~~~~~~~~~~~~~~~~^~~~~~~~~~~~~~~
[36.835s] In file included from /home/j/colcon_ws/ORB_SLAM3/include/Atlas.h:27,
[36.835s]                  from /home/j/colcon_ws/ORB_SLAM3/include/FrameDrawer.h:25,
[36.835s]                  from /home/j/colcon_ws/ORB_SLAM3/include/Viewer.h:23,
[36.835s]                  from /home/j/colcon_ws/ORB_SLAM3/include/Tracking.h:26,
[36.835s]                  from /home/j/colcon_ws/ORB_SLAM3/include/System.h:31,
[36.835s]                  from /home/j/colcon_ws/src/orbslam3_ros2/src/rgbd/rgbd-slam-node.hpp:18,
[36.836s]                  from /home/j/colcon_ws/src/orbslam3_ros2/src/rgbd/rgbd.cpp:7:
[36.836s] /home/j/colcon_ws/ORB_SLAM3/include/CameraModels/KannalaBrandt8.h: In constructor ‘ORB_SLAM3::KannalaBrandt8::KannalaBrandt8(std::vector<float>)’:
[36.836s] /home/j/colcon_ws/ORB_SLAM3/include/CameraModels/KannalaBrandt8.h:102:21: warning: ‘ORB_SLAM3::KannalaBrandt8::precision’ will be initialized after [-Wreorder]
[36.836s]   102 |         const float precision;
[36.836s]       |                     ^~~~~~~~~
[36.836s] /home/j/colcon_ws/ORB_SLAM3/include/CameraModels/KannalaBrandt8.h:88:26: warning:   ‘std::vector<int> ORB_SLAM3::KannalaBrandt8::mvLappingArea’ [-Wreorder]
[36.836s]    88 |         std::vector<int> mvLappingArea;
[36.836s]       |                          ^~~~~~~~~~~~~
[36.836s] In file included from /home/j/colcon_ws/ORB_SLAM3/include/Atlas.h:27,
[36.836s]                  from /home/j/colcon_ws/ORB_SLAM3/include/FrameDrawer.h:25,
[36.836s]                  from /home/j/colcon_ws/ORB_SLAM3/include/Viewer.h:23,
[36.836s]                  from /home/j/colcon_ws/ORB_SLAM3/include/Tracking.h:26,
[36.836s]                  from /home/j/colcon_ws/ORB_SLAM3/include/System.h:31,
[36.836s]                  from /home/j/colcon_ws/src/orbslam3_ros2/src/rgbd/rgbd-slam-node.hpp:18,
[36.836s]                  from /home/j/colcon_ws/src/orbslam3_ros2/src/rgbd/rgbd.cpp:7:
[36.837s] /home/j/colcon_ws/ORB_SLAM3/include/CameraModels/KannalaBrandt8.h:47:9: warning:   when initialized here [-Wreorder]
[36.837s]    47 |         KannalaBrandt8(const std::vector<float> _vParameters) : GeometricCamera(_vParameters), precision(1e-6), mvLappingArea(2,0) ,tvr(nullptr) {
[36.837s]       |         ^~~~~~~~~~~~~~
[36.837s] In file included from /home/j/colcon_ws/ORB_SLAM3/include/Atlas.h:27,
[36.837s]                  from /home/j/colcon_ws/ORB_SLAM3/include/FrameDrawer.h:25,
[36.837s]                  from /home/j/colcon_ws/ORB_SLAM3/include/Viewer.h:23,
[36.837s]                  from /home/j/colcon_ws/ORB_SLAM3/include/Tracking.h:26,
[36.837s]                  from /home/j/colcon_ws/ORB_SLAM3/include/System.h:31,
[36.837s]                  from /home/j/colcon_ws/src/orbslam3_ros2/src/rgbd/rgbd-slam-node.hpp:18,
[36.837s]                  from /home/j/colcon_ws/src/orbslam3_ros2/src/rgbd/rgbd.cpp:7:
[36.837s] /home/j/colcon_ws/ORB_SLAM3/include/CameraModels/KannalaBrandt8.h: In constructor ‘ORB_SLAM3::KannalaBrandt8::KannalaBrandt8(std::vector<float>, float)’:
[36.837s] /home/j/colcon_ws/ORB_SLAM3/include/CameraModels/KannalaBrandt8.h:102:21: warning: ‘ORB_SLAM3::KannalaBrandt8::precision’ will be initialized after [-Wreorder]
[36.837s]   102 |         const float precision;
[36.837s]       |                     ^~~~~~~~~
[36.837s] /home/j/colcon_ws/ORB_SLAM3/include/CameraModels/KannalaBrandt8.h:88:26: warning:   ‘std::vector<int> ORB_SLAM3::KannalaBrandt8::mvLappingArea’ [-Wreorder]
[36.838s]    88 |         std::vector<int> mvLappingArea;
[36.838s]       |                          ^~~~~~~~~~~~~
[36.838s] /home/j/colcon_ws/ORB_SLAM3/include/CameraModels/KannalaBrandt8.h:53:9: warning:   when initialized here [-Wreorder]
[36.838s]    53 |         KannalaBrandt8(const std::vector<float> _vParameters, const float _precision) : GeometricCamera(_vParameters),
[36.838s]       |         ^~~~~~~~~~~~~~
[36.838s] /home/j/colcon_ws/ORB_SLAM3/include/CameraModels/KannalaBrandt8.h: In constructor ‘ORB_SLAM3::KannalaBrandt8::KannalaBrandt8(ORB_SLAM3::KannalaBrandt8*)’:
[36.838s] /home/j/colcon_ws/ORB_SLAM3/include/CameraModels/KannalaBrandt8.h:102:21: warning: ‘ORB_SLAM3::KannalaBrandt8::precision’ will be initialized after [-Wreorder]
[36.838s]   102 |         const float precision;
[36.838s]       |                     ^~~~~~~~~
[36.838s] /home/j/colcon_ws/ORB_SLAM3/include/CameraModels/KannalaBrandt8.h:88:26: warning:   ‘std::vector<int> ORB_SLAM3::KannalaBrandt8::mvLappingArea’ [-Wreorder]
[36.838s]    88 |         std::vector<int> mvLappingArea;
[36.838s]       |                          ^~~~~~~~~~~~~
[36.838s] /home/j/colcon_ws/ORB_SLAM3/include/CameraModels/KannalaBrandt8.h:59:9: warning:   when initialized here [-Wreorder]
[36.838s]    59 |         KannalaBrandt8(KannalaBrandt8* pKannala) : GeometricCamera(pKannala->mvParameters), precision(pKannala->precision), mvLappingArea(2,0) ,tvr(nullptr) {
[36.838s]       |         ^~~~~~~~~~~~~~
[36.848s] In file included from /home/j/colcon_ws/ORB_SLAM3/include/Atlas.h:26,
[36.848s]                  from /home/j/colcon_ws/ORB_SLAM3/include/FrameDrawer.h:25,
[36.848s]                  from /home/j/colcon_ws/ORB_SLAM3/include/Viewer.h:23,
[36.849s]                  from /home/j/colcon_ws/ORB_SLAM3/include/Tracking.h:26,
[36.849s]                  from /home/j/colcon_ws/ORB_SLAM3/include/System.h:31,
[36.849s]                  from /home/j/colcon_ws/src/orbslam3_ros2/src/stereo-inertial/stereo-inertial-node.hpp:10,
[36.849s]                  from /home/j/colcon_ws/src/orbslam3_ros2/src/stereo-inertial/stereo-inertial.cpp:7:
[36.849s] /home/j/colcon_ws/ORB_SLAM3/include/CameraModels/Pinhole.h: In member function ‘virtual bool ORB_SLAM3::Pinhole::matchAndtriangulate(const cv::KeyPoint&, const cv::KeyPoint&, ORB_SLAM3::GeometricCamera*, Sophus::SE3f&, Sophus::SE3f&, float, float, Eigen::Vector3f&)’:
[36.849s] /home/j/colcon_ws/ORB_SLAM3/include/CameraModels/Pinhole.h:83:54: warning: unused parameter ‘kp1’ [-Wunused-parameter]
[36.849s]    83 |         bool matchAndtriangulate(const cv::KeyPoint& kp1, const cv::KeyPoint& kp2, GeometricCamera* pOther,
[36.849s]       |                                  ~~~~~~~~~~~~~~~~~~~~^~~
[36.850s] /home/j/colcon_ws/ORB_SLAM3/include/CameraModels/Pinhole.h:83:79: warning: unused parameter ‘kp2’ [-Wunused-parameter]
[36.850s]    83 |         bool matchAndtriangulate(const cv::KeyPoint& kp1, const cv::KeyPoint& kp2, GeometricCamera* pOther,
[36.850s]       |                                                           ~~~~~~~~~~~~~~~~~~~~^~~
[36.850s] /home/j/colcon_ws/ORB_SLAM3/include/CameraModels/Pinhole.h:83:101: warning: unused parameter ‘pOther’ [-Wunused-parameter]
[36.850s]    83 |         bool matchAndtriangulate(const cv::KeyPoint& kp1, const cv::KeyPoint& kp2, GeometricCamera* pOther,
[36.850s]       |                                                                                    ~~~~~~~~~~~~~~~~~^~~~~~
[36.850s] /home/j/colcon_ws/ORB_SLAM3/include/CameraModels/Pinhole.h:84:48: warning: unused parameter ‘Tcw1’ [-Wunused-parameter]
[36.850s]    84 |                                  Sophus::SE3f& Tcw1, Sophus::SE3f& Tcw2,
[36.850s]       |                                  ~~~~~~~~~~~~~~^~~~
[36.850s] /home/j/colcon_ws/ORB_SLAM3/include/CameraModels/Pinhole.h:84:68: warning: unused parameter ‘Tcw2’ [-Wunused-parameter]
[36.850s]    84 |                                  Sophus::SE3f& Tcw1, Sophus::SE3f& Tcw2,
[36.850s]       |                                                      ~~~~~~~~~~~~~~^~~~
[36.850s] /home/j/colcon_ws/ORB_SLAM3/include/CameraModels/Pinhole.h:85:46: warning: unused parameter ‘sigmaLevel1’ [-Wunused-parameter]
[36.850s]    85 |                                  const float sigmaLevel1, const float sigmaLevel2,
[36.850s]       |                                  ~~~~~~~~~~~~^~~~~~~~~~~
[36.850s] /home/j/colcon_ws/ORB_SLAM3/include/CameraModels/Pinhole.h:85:71: warning: unused parameter ‘sigmaLevel2’ [-Wunused-parameter]
[36.850s]    85 |                                  const float sigmaLevel1, const float sigmaLevel2,
[36.850s]       |                                                           ~~~~~~~~~~~~^~~~~~~~~~~
[36.850s] /home/j/colcon_ws/ORB_SLAM3/include/CameraModels/Pinhole.h:86:51: warning: unused parameter ‘x3Dtriangulated’ [-Wunused-parameter]
[36.850s]    86 |                                  Eigen::Vector3f& x3Dtriangulated) { return false;}
[36.850s]       |                                  ~~~~~~~~~~~~~~~~~^~~~~~~~~~~~~~~
[36.850s] In file included from /home/j/colcon_ws/ORB_SLAM3/include/Atlas.h:27,
[36.850s]                  from /home/j/colcon_ws/ORB_SLAM3/include/FrameDrawer.h:25,
[36.850s]                  from /home/j/colcon_ws/ORB_SLAM3/include/Viewer.h:23,
[36.850s]                  from /home/j/colcon_ws/ORB_SLAM3/include/Tracking.h:26,
[36.851s]                  from /home/j/colcon_ws/ORB_SLAM3/include/System.h:31,
[36.851s]                  from /home/j/colcon_ws/src/orbslam3_ros2/src/stereo-inertial/stereo-inertial-node.hpp:10,
[36.851s]                  from /home/j/colcon_ws/src/orbslam3_ros2/src/stereo-inertial/stereo-inertial.cpp:7:
[36.851s] /home/j/colcon_ws/ORB_SLAM3/include/CameraModels/KannalaBrandt8.h: In constructor ‘ORB_SLAM3::KannalaBrandt8::KannalaBrandt8(std::vector<float>)’:
[36.851s] /home/j/colcon_ws/ORB_SLAM3/include/CameraModels/KannalaBrandt8.h:102:21: warning: ‘ORB_SLAM3::KannalaBrandt8::precision’ will be initialized after [-Wreorder]
[36.851s]   102 |         const float precision;
[36.851s]       |                     ^~~~~~~~~
[36.851s] /home/j/colcon_ws/ORB_SLAM3/include/CameraModels/KannalaBrandt8.h:88:26: warning:   ‘std::vector<int> ORB_SLAM3::KannalaBrandt8::mvLappingArea’ [-Wreorder]
[36.851s]    88 |         std::vector<int> mvLappingArea;
[36.851s]       |                          ^~~~~~~~~~~~~
[36.851s] In file included from /home/j/colcon_ws/ORB_SLAM3/include/Atlas.h:27,
[36.851s]                  from /home/j/colcon_ws/ORB_SLAM3/include/FrameDrawer.h:25,
[36.851s]                  from /home/j/colcon_ws/ORB_SLAM3/include/Viewer.h:23,
[36.851s]                  from /home/j/colcon_ws/ORB_SLAM3/include/Tracking.h:26,
[36.851s]                  from /home/j/colcon_ws/ORB_SLAM3/include/System.h:31,
[36.851s]                  from /home/j/colcon_ws/src/orbslam3_ros2/src/stereo-inertial/stereo-inertial-node.hpp:10,
[36.851s]                  from /home/j/colcon_ws/src/orbslam3_ros2/src/stereo-inertial/stereo-inertial.cpp:7:
[36.851s] /home/j/colcon_ws/ORB_SLAM3/include/CameraModels/KannalaBrandt8.h:47:9: warning:   when initialized here [-Wreorder]
[36.851s]    47 |         KannalaBrandt8(const std::vector<float> _vParameters) : GeometricCamera(_vParameters), precision(1e-6), mvLappingArea(2,0) ,tvr(nullptr) {
[36.851s]       |         ^~~~~~~~~~~~~~
[36.851s] In file included from /home/j/colcon_ws/ORB_SLAM3/include/Atlas.h:27,
[36.851s]                  from /home/j/colcon_ws/ORB_SLAM3/include/FrameDrawer.h:25,
[36.851s]                  from /home/j/colcon_ws/ORB_SLAM3/include/Viewer.h:23,
[36.851s]                  from /home/j/colcon_ws/ORB_SLAM3/include/Tracking.h:26,
[36.851s]                  from /home/j/colcon_ws/ORB_SLAM3/include/System.h:31,
[36.852s]                  from /home/j/colcon_ws/src/orbslam3_ros2/src/stereo-inertial/stereo-inertial-node.hpp:10,
[36.852s]                  from /home/j/colcon_ws/src/orbslam3_ros2/src/stereo-inertial/stereo-inertial.cpp:7:
[36.852s] /home/j/colcon_ws/ORB_SLAM3/include/CameraModels/KannalaBrandt8.h: In constructor ‘ORB_SLAM3::KannalaBrandt8::KannalaBrandt8(std::vector<float>, float)’:
[36.852s] /home/j/colcon_ws/ORB_SLAM3/include/CameraModels/KannalaBrandt8.h:102:21: warning: ‘ORB_SLAM3::KannalaBrandt8::precision’ will be initialized after [-Wreorder]
[36.852s]   102 |         const float precision;
[36.852s]       |                     ^~~~~~~~~
[36.852s] /home/j/colcon_ws/ORB_SLAM3/include/CameraModels/KannalaBrandt8.h:88:26: warning:   ‘std::vector<int> ORB_SLAM3::KannalaBrandt8::mvLappingArea’ [-Wreorder]
[36.852s]    88 |         std::vector<int> mvLappingArea;
[36.852s]       |                          ^~~~~~~~~~~~~
[36.852s] /home/j/colcon_ws/ORB_SLAM3/include/CameraModels/KannalaBrandt8.h:53:9: warning:   when initialized here [-Wreorder]
[36.852s]    53 |         KannalaBrandt8(const std::vector<float> _vParameters, const float _precision) : GeometricCamera(_vParameters),
[36.852s]       |         ^~~~~~~~~~~~~~
[36.852s] /home/j/colcon_ws/ORB_SLAM3/include/CameraModels/KannalaBrandt8.h: In constructor ‘ORB_SLAM3::KannalaBrandt8::KannalaBrandt8(ORB_SLAM3::KannalaBrandt8*)’:
[36.852s] /home/j/colcon_ws/ORB_SLAM3/include/CameraModels/KannalaBrandt8.h:102:21: warning: ‘ORB_SLAM3::KannalaBrandt8::precision’ will be initialized after [-Wreorder]
[36.852s]   102 |         const float precision;
[36.852s]       |                     ^~~~~~~~~
[36.852s] /home/j/colcon_ws/ORB_SLAM3/include/CameraModels/KannalaBrandt8.h:88:26: warning:   ‘std::vector<int> ORB_SLAM3::KannalaBrandt8::mvLappingArea’ [-Wreorder]
[36.853s]    88 |         std::vector<int> mvLappingArea;
[36.853s]       |                          ^~~~~~~~~~~~~
[36.853s] /home/j/colcon_ws/ORB_SLAM3/include/CameraModels/KannalaBrandt8.h:59:9: warning:   when initialized here [-Wreorder]
[36.853s]    59 |         KannalaBrandt8(KannalaBrandt8* pKannala) : GeometricCamera(pKannala->mvParameters), precision(pKannala->precision), mvLappingArea(2,0) ,tvr(nullptr) {
[36.853s]       |         ^~~~~~~~~~~~~~
[36.853s] In file included from /home/j/colcon_ws/ORB_SLAM3/include/Atlas.h:26,
[36.853s]                  from /home/j/colcon_ws/ORB_SLAM3/include/FrameDrawer.h:25,
[36.853s]                  from /home/j/colcon_ws/ORB_SLAM3/include/Viewer.h:23,
[36.853s]                  from /home/j/colcon_ws/ORB_SLAM3/include/Tracking.h:26,
[36.853s]                  from /home/j/colcon_ws/ORB_SLAM3/include/System.h:31,
[36.853s]                  from /home/j/colcon_ws/src/orbslam3_ros2/src/rgbd/rgbd-slam-node.hpp:18,
[36.853s]                  from /home/j/colcon_ws/src/orbslam3_ros2/src/rgbd/rgbd-slam-node.cpp:1:
[36.853s] /home/j/colcon_ws/ORB_SLAM3/include/CameraModels/Pinhole.h: In member function ‘virtual bool ORB_SLAM3::Pinhole::matchAndtriangulate(const cv::KeyPoint&, const cv::KeyPoint&, ORB_SLAM3::GeometricCamera*, Sophus::SE3f&, Sophus::SE3f&, float, float, Eigen::Vector3f&)’:
[36.853s] /home/j/colcon_ws/ORB_SLAM3/include/CameraModels/Pinhole.h:83:54: warning: unused parameter ‘kp1’ [-Wunused-parameter]
[36.853s]    83 |         bool matchAndtriangulate(const cv::KeyPoint& kp1, const cv::KeyPoint& kp2, GeometricCamera* pOther,
[36.853s]       |                                  ~~~~~~~~~~~~~~~~~~~~^~~
[36.853s] /home/j/colcon_ws/ORB_SLAM3/include/CameraModels/Pinhole.h:83:79: warning: unused parameter ‘kp2’ [-Wunused-parameter]
[36.853s]    83 |         bool matchAndtriangulate(const cv::KeyPoint& kp1, const cv::KeyPoint& kp2, GeometricCamera* pOther,
[36.853s]       |                                                           ~~~~~~~~~~~~~~~~~~~~^~~
[36.853s] /home/j/colcon_ws/ORB_SLAM3/include/CameraModels/Pinhole.h:83:101: warning: unused parameter ‘pOther’ [-Wunused-parameter]
[36.854s]    83 |         bool matchAndtriangulate(const cv::KeyPoint& kp1, const cv::KeyPoint& kp2, GeometricCamera* pOther,
[36.854s]       |                                                                                    ~~~~~~~~~~~~~~~~~^~~~~~
[36.854s] /home/j/colcon_ws/ORB_SLAM3/include/CameraModels/Pinhole.h:84:48: warning: unused parameter ‘Tcw1’ [-Wunused-parameter]
[36.854s]    84 |                                  Sophus::SE3f& Tcw1, Sophus::SE3f& Tcw2,
[36.854s]       |                                  ~~~~~~~~~~~~~~^~~~
[36.854s] /home/j/colcon_ws/ORB_SLAM3/include/CameraModels/Pinhole.h:84:68: warning: unused parameter ‘Tcw2’ [-Wunused-parameter]
[36.854s]    84 |                                  Sophus::SE3f& Tcw1, Sophus::SE3f& Tcw2,
[36.854s]       |                                                      ~~~~~~~~~~~~~~^~~~
[36.854s] /home/j/colcon_ws/ORB_SLAM3/include/CameraModels/Pinhole.h:85:46: warning: unused parameter ‘sigmaLevel1’ [-Wunused-parameter]
[36.854s]    85 |                                  const float sigmaLevel1, const float sigmaLevel2,
[36.854s]       |                                  ~~~~~~~~~~~~^~~~~~~~~~~
[36.854s] /home/j/colcon_ws/ORB_SLAM3/include/CameraModels/Pinhole.h:85:71: warning: unused parameter ‘sigmaLevel2’ [-Wunused-parameter]
[36.854s]    85 |                                  const float sigmaLevel1, const float sigmaLevel2,
[36.854s]       |                                                           ~~~~~~~~~~~~^~~~~~~~~~~
[36.854s] /home/j/colcon_ws/ORB_SLAM3/include/CameraModels/Pinhole.h:86:51: warning: unused parameter ‘x3Dtriangulated’ [-Wunused-parameter]
[36.854s]    86 |                                  Eigen::Vector3f& x3Dtriangulated) { return false;}
[36.854s]       |                                  ~~~~~~~~~~~~~~~~~^~~~~~~~~~~~~~~
[36.854s] In file included from /home/j/colcon_ws/ORB_SLAM3/include/Atlas.h:27,
[36.854s]                  from /home/j/colcon_ws/ORB_SLAM3/include/FrameDrawer.h:25,
[36.854s]                  from /home/j/colcon_ws/ORB_SLAM3/include/Viewer.h:23,
[36.854s]                  from /home/j/colcon_ws/ORB_SLAM3/include/Tracking.h:26,
[36.855s]                  from /home/j/colcon_ws/ORB_SLAM3/include/System.h:31,
[36.855s]                  from /home/j/colcon_ws/src/orbslam3_ros2/src/rgbd/rgbd-slam-node.hpp:18,
[36.855s]                  from /home/j/colcon_ws/src/orbslam3_ros2/src/rgbd/rgbd-slam-node.cpp:1:
[36.855s] /home/j/colcon_ws/ORB_SLAM3/include/CameraModels/KannalaBrandt8.h: In constructor ‘ORB_SLAM3::KannalaBrandt8::KannalaBrandt8(std::vector<float>)’:
[36.855s] /home/j/colcon_ws/ORB_SLAM3/include/CameraModels/KannalaBrandt8.h:102:21: warning: ‘ORB_SLAM3::KannalaBrandt8::precision’ will be initialized after [-Wreorder]
[36.855s]   102 |         const float precision;
[36.855s]       |                     ^~~~~~~~~
[36.855s] /home/j/colcon_ws/ORB_SLAM3/include/CameraModels/KannalaBrandt8.h:88:26: warning:   ‘std::vector<int> ORB_SLAM3::KannalaBrandt8::mvLappingArea’ [-Wreorder]
[36.855s]    88 |         std::vector<int> mvLappingArea;
[36.855s]       |                          ^~~~~~~~~~~~~
[36.855s] In file included from /home/j/colcon_ws/ORB_SLAM3/include/Atlas.h:27,
[36.855s]                  from /home/j/colcon_ws/ORB_SLAM3/include/FrameDrawer.h:25,
[36.855s]                  from /home/j/colcon_ws/ORB_SLAM3/include/Viewer.h:23,
[36.855s]                  from /home/j/colcon_ws/ORB_SLAM3/include/Tracking.h:26,
[36.855s]                  from /home/j/colcon_ws/ORB_SLAM3/include/System.h:31,
[36.855s]                  from /home/j/colcon_ws/src/orbslam3_ros2/src/rgbd/rgbd-slam-node.hpp:18,
[36.855s]                  from /home/j/colcon_ws/src/orbslam3_ros2/src/rgbd/rgbd-slam-node.cpp:1:
[36.855s] /home/j/colcon_ws/ORB_SLAM3/include/CameraModels/KannalaBrandt8.h:47:9: warning:   when initialized here [-Wreorder]
[36.855s]    47 |         KannalaBrandt8(const std::vector<float> _vParameters) : GeometricCamera(_vParameters), precision(1e-6), mvLappingArea(2,0) ,tvr(nullptr) {
[36.855s]       |         ^~~~~~~~~~~~~~
[36.855s] In file included from /home/j/colcon_ws/ORB_SLAM3/include/Atlas.h:27,
[36.855s]                  from /home/j/colcon_ws/ORB_SLAM3/include/FrameDrawer.h:25,
[36.855s]                  from /home/j/colcon_ws/ORB_SLAM3/include/Viewer.h:23,
[36.855s]                  from /home/j/colcon_ws/ORB_SLAM3/include/Tracking.h:26,
[36.855s]                  from /home/j/colcon_ws/ORB_SLAM3/include/System.h:31,
[36.855s]                  from /home/j/colcon_ws/src/orbslam3_ros2/src/rgbd/rgbd-slam-node.hpp:18,
[36.855s]                  from /home/j/colcon_ws/src/orbslam3_ros2/src/rgbd/rgbd-slam-node.cpp:1:
[36.855s] /home/j/colcon_ws/ORB_SLAM3/include/CameraModels/KannalaBrandt8.h: In constructor ‘ORB_SLAM3::KannalaBrandt8::KannalaBrandt8(std::vector<float>, float)’:
[36.856s] /home/j/colcon_ws/ORB_SLAM3/include/CameraModels/KannalaBrandt8.h:102:21: warning: ‘ORB_SLAM3::KannalaBrandt8::precision’ will be initialized after [-Wreorder]
[36.856s]   102 |         const float precision;
[36.856s]       |                     ^~~~~~~~~
[36.856s] /home/j/colcon_ws/ORB_SLAM3/include/CameraModels/KannalaBrandt8.h:88:26: warning:   ‘std::vector<int> ORB_SLAM3::KannalaBrandt8::mvLappingArea’ [-Wreorder]
[36.856s]    88 |         std::vector<int> mvLappingArea;
[36.856s]       |                          ^~~~~~~~~~~~~
[36.856s] /home/j/colcon_ws/ORB_SLAM3/include/CameraModels/KannalaBrandt8.h:53:9: warning:   when initialized here [-Wreorder]
[36.856s]    53 |         KannalaBrandt8(const std::vector<float> _vParameters, const float _precision) : GeometricCamera(_vParameters),
[36.856s]       |         ^~~~~~~~~~~~~~
[36.856s] /home/j/colcon_ws/ORB_SLAM3/include/CameraModels/KannalaBrandt8.h: In constructor ‘ORB_SLAM3::KannalaBrandt8::KannalaBrandt8(ORB_SLAM3::KannalaBrandt8*)’:
[36.856s] /home/j/colcon_ws/ORB_SLAM3/include/CameraModels/KannalaBrandt8.h:102:21: warning: ‘ORB_SLAM3::KannalaBrandt8::precision’ will be initialized after [-Wreorder]
[36.856s]   102 |         const float precision;
[36.856s]       |                     ^~~~~~~~~
[36.856s] /home/j/colcon_ws/ORB_SLAM3/include/CameraModels/KannalaBrandt8.h:88:26: warning:   ‘std::vector<int> ORB_SLAM3::KannalaBrandt8::mvLappingArea’ [-Wreorder]
[36.856s]    88 |         std::vector<int> mvLappingArea;
[36.856s]       |                          ^~~~~~~~~~~~~
[36.856s] /home/j/colcon_ws/ORB_SLAM3/include/CameraModels/KannalaBrandt8.h:59:9: warning:   when initialized here [-Wreorder]
[36.856s]    59 |         KannalaBrandt8(KannalaBrandt8* pKannala) : GeometricCamera(pKannala->mvParameters), precision(pKannala->precision), mvLappingArea(2,0) ,tvr(nullptr) {
[36.856s]       |         ^~~~~~~~~~~~~~
[36.897s] In file included from /home/j/colcon_ws/ORB_SLAM3/include/Atlas.h:26,
[36.897s]                  from /home/j/colcon_ws/ORB_SLAM3/include/FrameDrawer.h:25,
[36.897s]                  from /home/j/colcon_ws/ORB_SLAM3/include/Viewer.h:23,
[36.897s]                  from /home/j/colcon_ws/ORB_SLAM3/include/Tracking.h:26,
[36.897s]                  from /home/j/colcon_ws/ORB_SLAM3/include/System.h:31,
[36.897s]                  from /home/j/colcon_ws/src/orbslam3_ros2/src/stereo/stereo-slam-node.hpp:13,
[36.897s]                  from /home/j/colcon_ws/src/orbslam3_ros2/src/stereo/stereo-slam-node.cpp:1:
[36.897s] /home/j/colcon_ws/ORB_SLAM3/include/CameraModels/Pinhole.h: In member function ‘virtual bool ORB_SLAM3::Pinhole::matchAndtriangulate(const cv::KeyPoint&, const cv::KeyPoint&, ORB_SLAM3::GeometricCamera*, Sophus::SE3f&, Sophus::SE3f&, float, float, Eigen::Vector3f&)’:
[36.897s] /home/j/colcon_ws/ORB_SLAM3/include/CameraModels/Pinhole.h:83:54: warning: unused parameter ‘kp1’ [-Wunused-parameter]
[36.897s]    83 |         bool matchAndtriangulate(const cv::KeyPoint& kp1, const cv::KeyPoint& kp2, GeometricCamera* pOther,
[36.897s]       |                                  ~~~~~~~~~~~~~~~~~~~~^~~
[36.898s] /home/j/colcon_ws/ORB_SLAM3/include/CameraModels/Pinhole.h:83:79: warning: unused parameter ‘kp2’ [-Wunused-parameter]
[36.898s]    83 |         bool matchAndtriangulate(const cv::KeyPoint& kp1, const cv::KeyPoint& kp2, GeometricCamera* pOther,
[36.898s]       |                                                           ~~~~~~~~~~~~~~~~~~~~^~~
[36.898s] /home/j/colcon_ws/ORB_SLAM3/include/CameraModels/Pinhole.h:83:101: warning: unused parameter ‘pOther’ [-Wunused-parameter]
[36.898s]    83 |         bool matchAndtriangulate(const cv::KeyPoint& kp1, const cv::KeyPoint& kp2, GeometricCamera* pOther,
[36.898s]       |                                                                                    ~~~~~~~~~~~~~~~~~^~~~~~
[36.898s] /home/j/colcon_ws/ORB_SLAM3/include/CameraModels/Pinhole.h:84:48: warning: unused parameter ‘Tcw1’ [-Wunused-parameter]
[36.898s]    84 |                                  Sophus::SE3f& Tcw1, Sophus::SE3f& Tcw2,
[36.898s]       |                                  ~~~~~~~~~~~~~~^~~~
[36.898s] /home/j/colcon_ws/ORB_SLAM3/include/CameraModels/Pinhole.h:84:68: warning: unused parameter ‘Tcw2’ [-Wunused-parameter]
[36.898s]    84 |                                  Sophus::SE3f& Tcw1, Sophus::SE3f& Tcw2,
[36.898s]       |                                                      ~~~~~~~~~~~~~~^~~~
[36.899s] /home/j/colcon_ws/ORB_SLAM3/include/CameraModels/Pinhole.h:85:46: warning: unused parameter ‘sigmaLevel1’ [-Wunused-parameter]
[36.899s]    85 |                                  const float sigmaLevel1, const float sigmaLevel2,
[36.899s]       |                                  ~~~~~~~~~~~~^~~~~~~~~~~
[36.899s] /home/j/colcon_ws/ORB_SLAM3/include/CameraModels/Pinhole.h:85:71: warning: unused parameter ‘sigmaLevel2’ [-Wunused-parameter]
[36.899s]    85 |                                  const float sigmaLevel1, const float sigmaLevel2,
[36.899s]       |                                                           ~~~~~~~~~~~~^~~~~~~~~~~
[36.899s] /home/j/colcon_ws/ORB_SLAM3/include/CameraModels/Pinhole.h:86:51: warning: unused parameter ‘x3Dtriangulated’ [-Wunused-parameter]
[36.899s]    86 |                                  Eigen::Vector3f& x3Dtriangulated) { return false;}
[36.899s]       |                                  ~~~~~~~~~~~~~~~~~^~~~~~~~~~~~~~~
[36.899s] In file included from /home/j/colcon_ws/ORB_SLAM3/include/Atlas.h:27,
[36.899s]                  from /home/j/colcon_ws/ORB_SLAM3/include/FrameDrawer.h:25,
[36.899s]                  from /home/j/colcon_ws/ORB_SLAM3/include/Viewer.h:23,
[36.899s]                  from /home/j/colcon_ws/ORB_SLAM3/include/Tracking.h:26,
[36.899s]                  from /home/j/colcon_ws/ORB_SLAM3/include/System.h:31,
[36.899s]                  from /home/j/colcon_ws/src/orbslam3_ros2/src/stereo/stereo-slam-node.hpp:13,
[36.900s]                  from /home/j/colcon_ws/src/orbslam3_ros2/src/stereo/stereo-slam-node.cpp:1:
[36.900s] /home/j/colcon_ws/ORB_SLAM3/include/CameraModels/KannalaBrandt8.h: In constructor ‘ORB_SLAM3::KannalaBrandt8::KannalaBrandt8(std::vector<float>)’:
[36.900s] /home/j/colcon_ws/ORB_SLAM3/include/CameraModels/KannalaBrandt8.h:102:21: warning: ‘ORB_SLAM3::KannalaBrandt8::precision’ will be initialized after [-Wreorder]
[36.900s]   102 |         const float precision;
[36.900s]       |                     ^~~~~~~~~
[36.900s] /home/j/colcon_ws/ORB_SLAM3/include/CameraModels/KannalaBrandt8.h:88:26: warning:   ‘std::vector<int> ORB_SLAM3::KannalaBrandt8::mvLappingArea’ [-Wreorder]
[36.900s]    88 |         std::vector<int> mvLappingArea;
[36.900s]       |                          ^~~~~~~~~~~~~
[36.900s] In file included from /home/j/colcon_ws/ORB_SLAM3/include/Atlas.h:27,
[36.900s]                  from /home/j/colcon_ws/ORB_SLAM3/include/FrameDrawer.h:25,
[36.900s]                  from /home/j/colcon_ws/ORB_SLAM3/include/Viewer.h:23,
[36.900s]                  from /home/j/colcon_ws/ORB_SLAM3/include/Tracking.h:26,
[36.900s]                  from /home/j/colcon_ws/ORB_SLAM3/include/System.h:31,
[36.900s]                  from /home/j/colcon_ws/src/orbslam3_ros2/src/stereo/stereo-slam-node.hpp:13,
[36.900s]                  from /home/j/colcon_ws/src/orbslam3_ros2/src/stereo/stereo-slam-node.cpp:1:
[36.900s] /home/j/colcon_ws/ORB_SLAM3/include/CameraModels/KannalaBrandt8.h:47:9: warning:   when initialized here [-Wreorder]
[36.900s]    47 |         KannalaBrandt8(const std::vector<float> _vParameters) : GeometricCamera(_vParameters), precision(1e-6), mvLappingArea(2,0) ,tvr(nullptr) {
[36.900s]       |         ^~~~~~~~~~~~~~
[36.900s] In file included from /home/j/colcon_ws/ORB_SLAM3/include/Atlas.h:27,
[36.901s]                  from /home/j/colcon_ws/ORB_SLAM3/include/FrameDrawer.h:25,
[36.901s]                  from /home/j/colcon_ws/ORB_SLAM3/include/Viewer.h:23,
[36.901s]                  from /home/j/colcon_ws/ORB_SLAM3/include/Tracking.h:26,
[36.901s]                  from /home/j/colcon_ws/ORB_SLAM3/include/System.h:31,
[36.901s]                  from /home/j/colcon_ws/src/orbslam3_ros2/src/stereo/stereo-slam-node.hpp:13,
[36.901s]                  from /home/j/colcon_ws/src/orbslam3_ros2/src/stereo/stereo-slam-node.cpp:1:
[36.901s] /home/j/colcon_ws/ORB_SLAM3/include/CameraModels/KannalaBrandt8.h: In constructor ‘ORB_SLAM3::KannalaBrandt8::KannalaBrandt8(std::vector<float>, float)’:
[36.901s] /home/j/colcon_ws/ORB_SLAM3/include/CameraModels/KannalaBrandt8.h:102:21: warning: ‘ORB_SLAM3::KannalaBrandt8::precision’ will be initialized after [-Wreorder]
[36.901s]   102 |         const float precision;
[36.901s]       |                     ^~~~~~~~~
[36.901s] /home/j/colcon_ws/ORB_SLAM3/include/CameraModels/KannalaBrandt8.h:88:26: warning:   ‘std::vector<int> ORB_SLAM3::KannalaBrandt8::mvLappingArea’ [-Wreorder]
[36.901s]    88 |         std::vector<int> mvLappingArea;
[36.901s]       |                          ^~~~~~~~~~~~~
[36.901s] /home/j/colcon_ws/ORB_SLAM3/include/CameraModels/KannalaBrandt8.h:53:9: warning:   when initialized here [-Wreorder]
[36.901s]    53 |         KannalaBrandt8(const std::vector<float> _vParameters, const float _precision) : GeometricCamera(_vParameters),
[36.901s]       |         ^~~~~~~~~~~~~~
[36.901s] /home/j/colcon_ws/ORB_SLAM3/include/CameraModels/KannalaBrandt8.h: In constructor ‘ORB_SLAM3::KannalaBrandt8::KannalaBrandt8(ORB_SLAM3::KannalaBrandt8*)’:
[36.901s] /home/j/colcon_ws/ORB_SLAM3/include/CameraModels/KannalaBrandt8.h:102:21: warning: ‘ORB_SLAM3::KannalaBrandt8::precision’ will be initialized after [-Wreorder]
[36.901s]   102 |         const float precision;
[36.901s]       |                     ^~~~~~~~~
[36.901s] /home/j/colcon_ws/ORB_SLAM3/include/CameraModels/KannalaBrandt8.h:88:26: warning:   ‘std::vector<int> ORB_SLAM3::KannalaBrandt8::mvLappingArea’ [-Wreorder]
[36.901s]    88 |         std::vector<int> mvLappingArea;
[36.901s]       |                          ^~~~~~~~~~~~~
[36.901s] /home/j/colcon_ws/ORB_SLAM3/include/CameraModels/KannalaBrandt8.h:59:9: warning:   when initialized here [-Wreorder]
[36.901s]    59 |         KannalaBrandt8(KannalaBrandt8* pKannala) : GeometricCamera(pKannala->mvParameters), precision(pKannala->precision), mvLappingArea(2,0) ,tvr(nullptr) {
[36.901s]       |         ^~~~~~~~~~~~~~
[36.973s] In file included from /home/j/colcon_ws/ORB_SLAM3/include/Atlas.h:26,
[36.974s]                  from /home/j/colcon_ws/ORB_SLAM3/include/FrameDrawer.h:25,
[36.974s]                  from /home/j/colcon_ws/ORB_SLAM3/include/Viewer.h:23,
[36.974s]                  from /home/j/colcon_ws/ORB_SLAM3/include/Tracking.h:26,
[36.974s]                  from /home/j/colcon_ws/ORB_SLAM3/include/System.h:31,
[36.974s]                  from /home/j/colcon_ws/src/orbslam3_ros2/src/stereo-inertial/stereo-inertial-node.hpp:10,
[36.974s]                  from /home/j/colcon_ws/src/orbslam3_ros2/src/stereo-inertial/stereo-inertial-node.cpp:1:
[36.974s] /home/j/colcon_ws/ORB_SLAM3/include/CameraModels/Pinhole.h: In member function ‘virtual bool ORB_SLAM3::Pinhole::matchAndtriangulate(const cv::KeyPoint&, const cv::KeyPoint&, ORB_SLAM3::GeometricCamera*, Sophus::SE3f&, Sophus::SE3f&, float, float, Eigen::Vector3f&)’:
[36.974s] /home/j/colcon_ws/ORB_SLAM3/include/CameraModels/Pinhole.h:83:54: warning: unused parameter ‘kp1’ [-Wunused-parameter]
[36.974s]    83 |         bool matchAndtriangulate(const cv::KeyPoint& kp1, const cv::KeyPoint& kp2, GeometricCamera* pOther,
[36.974s]       |                                  ~~~~~~~~~~~~~~~~~~~~^~~
[36.974s] /home/j/colcon_ws/ORB_SLAM3/include/CameraModels/Pinhole.h:83:79: warning: unused parameter ‘kp2’ [-Wunused-parameter]
[36.974s]    83 |         bool matchAndtriangulate(const cv::KeyPoint& kp1, const cv::KeyPoint& kp2, GeometricCamera* pOther,
[36.974s]       |                                                           ~~~~~~~~~~~~~~~~~~~~^~~
[36.974s] /home/j/colcon_ws/ORB_SLAM3/include/CameraModels/Pinhole.h:83:101: warning: unused parameter ‘pOther’ [-Wunused-parameter]
[36.975s]    83 |         bool matchAndtriangulate(const cv::KeyPoint& kp1, const cv::KeyPoint& kp2, GeometricCamera* pOther,
[36.975s]       |                                                                                    ~~~~~~~~~~~~~~~~~^~~~~~
[36.975s] /home/j/colcon_ws/ORB_SLAM3/include/CameraModels/Pinhole.h:84:48: warning: unused parameter ‘Tcw1’ [-Wunused-parameter]
[36.975s]    84 |                                  Sophus::SE3f& Tcw1, Sophus::SE3f& Tcw2,
[36.975s]       |                                  ~~~~~~~~~~~~~~^~~~
[36.975s] /home/j/colcon_ws/ORB_SLAM3/include/CameraModels/Pinhole.h:84:68: warning: unused parameter ‘Tcw2’ [-Wunused-parameter]
[36.975s]    84 |                                  Sophus::SE3f& Tcw1, Sophus::SE3f& Tcw2,
[36.975s]       |                                                      ~~~~~~~~~~~~~~^~~~
[36.976s] /home/j/colcon_ws/ORB_SLAM3/include/CameraModels/Pinhole.h:85:46: warning: unused parameter ‘sigmaLevel1’ [-Wunused-parameter]
[36.976s]    85 |                                  const float sigmaLevel1, const float sigmaLevel2,
[36.976s]       |                                  ~~~~~~~~~~~~^~~~~~~~~~~
[36.976s] /home/j/colcon_ws/ORB_SLAM3/include/CameraModels/Pinhole.h:85:71: warning: unused parameter ‘sigmaLevel2’ [-Wunused-parameter]
[36.976s]    85 |                                  const float sigmaLevel1, const float sigmaLevel2,
[36.976s]       |                                                           ~~~~~~~~~~~~^~~~~~~~~~~
[36.976s] /home/j/colcon_ws/ORB_SLAM3/include/CameraModels/Pinhole.h:86:51: warning: unused parameter ‘x3Dtriangulated’ [-Wunused-parameter]
[36.976s]    86 |                                  Eigen::Vector3f& x3Dtriangulated) { return false;}
[36.976s]       |                                  ~~~~~~~~~~~~~~~~~^~~~~~~~~~~~~~~
[36.976s] In file included from /home/j/colcon_ws/ORB_SLAM3/include/Atlas.h:27,
[36.976s]                  from /home/j/colcon_ws/ORB_SLAM3/include/FrameDrawer.h:25,
[36.976s]                  from /home/j/colcon_ws/ORB_SLAM3/include/Viewer.h:23,
[36.976s]                  from /home/j/colcon_ws/ORB_SLAM3/include/Tracking.h:26,
[36.976s]                  from /home/j/colcon_ws/ORB_SLAM3/include/System.h:31,
[36.976s]                  from /home/j/colcon_ws/src/orbslam3_ros2/src/stereo-inertial/stereo-inertial-node.hpp:10,
[36.977s]                  from /home/j/colcon_ws/src/orbslam3_ros2/src/stereo-inertial/stereo-inertial-node.cpp:1:
[36.977s] /home/j/colcon_ws/ORB_SLAM3/include/CameraModels/KannalaBrandt8.h: In constructor ‘ORB_SLAM3::KannalaBrandt8::KannalaBrandt8(std::vector<float>)’:
[36.977s] /home/j/colcon_ws/ORB_SLAM3/include/CameraModels/KannalaBrandt8.h:102:21: warning: ‘ORB_SLAM3::KannalaBrandt8::precision’ will be initialized after [-Wreorder]
[36.977s]   102 |         const float precision;
[36.977s]       |                     ^~~~~~~~~
[36.977s] /home/j/colcon_ws/ORB_SLAM3/include/CameraModels/KannalaBrandt8.h:88:26: warning:   ‘std::vector<int> ORB_SLAM3::KannalaBrandt8::mvLappingArea’ [-Wreorder]
[36.977s]    88 |         std::vector<int> mvLappingArea;
[36.977s]       |                          ^~~~~~~~~~~~~
[36.977s] In file included from /home/j/colcon_ws/ORB_SLAM3/include/Atlas.h:27,
[36.977s]                  from /home/j/colcon_ws/ORB_SLAM3/include/FrameDrawer.h:25,
[36.977s]                  from /home/j/colcon_ws/ORB_SLAM3/include/Viewer.h:23,
[36.977s]                  from /home/j/colcon_ws/ORB_SLAM3/include/Tracking.h:26,
[36.977s]                  from /home/j/colcon_ws/ORB_SLAM3/include/System.h:31,
[36.977s]                  from /home/j/colcon_ws/src/orbslam3_ros2/src/stereo-inertial/stereo-inertial-node.hpp:10,
[36.977s]                  from /home/j/colcon_ws/src/orbslam3_ros2/src/stereo-inertial/stereo-inertial-node.cpp:1:
[36.978s] /home/j/colcon_ws/ORB_SLAM3/include/CameraModels/KannalaBrandt8.h:47:9: warning:   when initialized here [-Wreorder]
[36.978s]    47 |         KannalaBrandt8(const std::vector<float> _vParameters) : GeometricCamera(_vParameters), precision(1e-6), mvLappingArea(2,0) ,tvr(nullptr) {
[36.978s]       |         ^~~~~~~~~~~~~~
[36.978s] In file included from /home/j/colcon_ws/ORB_SLAM3/include/Atlas.h:27,
[36.978s]                  from /home/j/colcon_ws/ORB_SLAM3/include/FrameDrawer.h:25,
[36.978s]                  from /home/j/colcon_ws/ORB_SLAM3/include/Viewer.h:23,
[36.978s]                  from /home/j/colcon_ws/ORB_SLAM3/include/Tracking.h:26,
[36.978s]                  from /home/j/colcon_ws/ORB_SLAM3/include/System.h:31,
[36.978s]                  from /home/j/colcon_ws/src/orbslam3_ros2/src/stereo-inertial/stereo-inertial-node.hpp:10,
[36.978s]                  from /home/j/colcon_ws/src/orbslam3_ros2/src/stereo-inertial/stereo-inertial-node.cpp:1:
[36.978s] /home/j/colcon_ws/ORB_SLAM3/include/CameraModels/KannalaBrandt8.h: In constructor ‘ORB_SLAM3::KannalaBrandt8::KannalaBrandt8(std::vector<float>, float)’:
[36.978s] /home/j/colcon_ws/ORB_SLAM3/include/CameraModels/KannalaBrandt8.h:102:21: warning: ‘ORB_SLAM3::KannalaBrandt8::precision’ will be initialized after [-Wreorder]
[36.978s]   102 |         const float precision;
[36.978s]       |                     ^~~~~~~~~
[36.978s] /home/j/colcon_ws/ORB_SLAM3/include/CameraModels/KannalaBrandt8.h:88:26: warning:   ‘std::vector<int> ORB_SLAM3::KannalaBrandt8::mvLappingArea’ [-Wreorder]
[36.978s]    88 |         std::vector<int> mvLappingArea;
[36.978s]       |                          ^~~~~~~~~~~~~
[36.978s] /home/j/colcon_ws/ORB_SLAM3/include/CameraModels/KannalaBrandt8.h:53:9: warning:   when initialized here [-Wreorder]
[36.978s]    53 |         KannalaBrandt8(const std::vector<float> _vParameters, const float _precision) : GeometricCamera(_vParameters),
[36.978s]       |         ^~~~~~~~~~~~~~
[36.979s] /home/j/colcon_ws/ORB_SLAM3/include/CameraModels/KannalaBrandt8.h: In constructor ‘ORB_SLAM3::KannalaBrandt8::KannalaBrandt8(ORB_SLAM3::KannalaBrandt8*)’:
[36.979s] /home/j/colcon_ws/ORB_SLAM3/include/CameraModels/KannalaBrandt8.h:102:21: warning: ‘ORB_SLAM3::KannalaBrandt8::precision’ will be initialized after [-Wreorder]
[36.979s]   102 |         const float precision;
[36.979s]       |                     ^~~~~~~~~
[36.979s] /home/j/colcon_ws/ORB_SLAM3/include/CameraModels/KannalaBrandt8.h:88:26: warning:   ‘std::vector<int> ORB_SLAM3::KannalaBrandt8::mvLappingArea’ [-Wreorder]
[36.979s]    88 |         std::vector<int> mvLappingArea;
[36.979s]       |                          ^~~~~~~~~~~~~
[36.979s] /home/j/colcon_ws/ORB_SLAM3/include/CameraModels/KannalaBrandt8.h:59:9: warning:   when initialized here [-Wreorder]
[36.979s]    59 |         KannalaBrandt8(KannalaBrandt8* pKannala) : GeometricCamera(pKannala->mvParameters), precision(pKannala->precision), mvLappingArea(2,0) ,tvr(nullptr) {
[36.979s]       |         ^~~~~~~~~~~~~~
[37.103s] /home/j/colcon_ws/src/orbslam3_ros2/src/stereo-inertial/stereo-inertial.cpp: In function ‘int main(int, char**)’:
[37.103s] /home/j/colcon_ws/src/orbslam3_ros2/src/stereo-inertial/stereo-inertial.cpp:22:19: warning: ISO C++ forbids converting a string constant to ‘char*’ [-Wwrite-strings]
[37.104s]    22 |         argv[4] = "false";
[37.104s]       |                   ^~~~~~~
[37.129s] In file included from /home/j/colcon_ws/ORB_SLAM3/include/Atlas.h:26,
[37.129s]                  from /home/j/colcon_ws/ORB_SLAM3/include/FrameDrawer.h:25,
[37.129s]                  from /home/j/colcon_ws/ORB_SLAM3/include/Viewer.h:23,
[37.129s]                  from /home/j/colcon_ws/ORB_SLAM3/include/Tracking.h:26,
[37.129s]                  from /home/j/colcon_ws/ORB_SLAM3/include/System.h:31,
[37.129s]                  from /home/j/colcon_ws/src/orbslam3_ros2/src/monocular/monocular-slam-node.hpp:9,
[37.129s]                  from /home/j/colcon_ws/src/orbslam3_ros2/src/monocular/mono.cpp:7:
[37.129s] /home/j/colcon_ws/ORB_SLAM3/include/CameraModels/Pinhole.h: In member function ‘virtual bool ORB_SLAM3::Pinhole::matchAndtriangulate(const cv::KeyPoint&, const cv::KeyPoint&, ORB_SLAM3::GeometricCamera*, Sophus::SE3f&, Sophus::SE3f&, float, float, Eigen::Vector3f&)’:
[37.129s] /home/j/colcon_ws/ORB_SLAM3/include/CameraModels/Pinhole.h:83:54: warning: unused parameter ‘kp1’ [-Wunused-parameter]
[37.130s]    83 |         bool matchAndtriangulate(const cv::KeyPoint& kp1, const cv::KeyPoint& kp2, GeometricCamera* pOther,
[37.130s]       |                                  ~~~~~~~~~~~~~~~~~~~~^~~
[37.130s] /home/j/colcon_ws/ORB_SLAM3/include/CameraModels/Pinhole.h:83:79: warning: unused parameter ‘kp2’ [-Wunused-parameter]
[37.130s]    83 |         bool matchAndtriangulate(const cv::KeyPoint& kp1, const cv::KeyPoint& kp2, GeometricCamera* pOther,
[37.130s]       |                                                           ~~~~~~~~~~~~~~~~~~~~^~~
[37.130s] /home/j/colcon_ws/ORB_SLAM3/include/CameraModels/Pinhole.h:83:101: warning: unused parameter ‘pOther’ [-Wunused-parameter]
[37.130s]    83 |         bool matchAndtriangulate(const cv::KeyPoint& kp1, const cv::KeyPoint& kp2, GeometricCamera* pOther,
[37.130s]       |                                                                                    ~~~~~~~~~~~~~~~~~^~~~~~
[37.130s] /home/j/colcon_ws/ORB_SLAM3/include/CameraModels/Pinhole.h:84:48: warning: unused parameter ‘Tcw1’ [-Wunused-parameter]
[37.131s]    84 |                                  Sophus::SE3f& Tcw1, Sophus::SE3f& Tcw2,
[37.131s]       |                                  ~~~~~~~~~~~~~~^~~~
[37.131s] /home/j/colcon_ws/ORB_SLAM3/include/CameraModels/Pinhole.h:84:68: warning: unused parameter ‘Tcw2’ [-Wunused-parameter]
[37.131s]    84 |                                  Sophus::SE3f& Tcw1, Sophus::SE3f& Tcw2,
[37.131s]       |                                                      ~~~~~~~~~~~~~~^~~~
[37.131s] /home/j/colcon_ws/ORB_SLAM3/include/CameraModels/Pinhole.h:85:46: warning: unused parameter ‘sigmaLevel1’ [-Wunused-parameter]
[37.131s]    85 |                                  const float sigmaLevel1, const float sigmaLevel2,
[37.131s]       |                                  ~~~~~~~~~~~~^~~~~~~~~~~
[37.131s] /home/j/colcon_ws/ORB_SLAM3/include/CameraModels/Pinhole.h:85:71: warning: unused parameter ‘sigmaLevel2’ [-Wunused-parameter]
[37.131s]    85 |                                  const float sigmaLevel1, const float sigmaLevel2,
[37.131s]       |                                                           ~~~~~~~~~~~~^~~~~~~~~~~
[37.131s] /home/j/colcon_ws/ORB_SLAM3/include/CameraModels/Pinhole.h:86:51: warning: unused parameter ‘x3Dtriangulated’ [-Wunused-parameter]
[37.131s]    86 |                                  Eigen::Vector3f& x3Dtriangulated) { return false;}
[37.131s]       |                                  ~~~~~~~~~~~~~~~~~^~~~~~~~~~~~~~~
[37.132s] In file included from /home/j/colcon_ws/ORB_SLAM3/include/Atlas.h:27,
[37.132s]                  from /home/j/colcon_ws/ORB_SLAM3/include/FrameDrawer.h:25,
[37.132s]                  from /home/j/colcon_ws/ORB_SLAM3/include/Viewer.h:23,
[37.132s]                  from /home/j/colcon_ws/ORB_SLAM3/include/Tracking.h:26,
[37.132s]                  from /home/j/colcon_ws/ORB_SLAM3/include/System.h:31,
[37.132s]                  from /home/j/colcon_ws/src/orbslam3_ros2/src/monocular/monocular-slam-node.hpp:9,
[37.132s]                  from /home/j/colcon_ws/src/orbslam3_ros2/src/monocular/mono.cpp:7:
[37.132s] /home/j/colcon_ws/ORB_SLAM3/include/CameraModels/KannalaBrandt8.h: In constructor ‘ORB_SLAM3::KannalaBrandt8::KannalaBrandt8(std::vector<float>)’:
[37.132s] /home/j/colcon_ws/ORB_SLAM3/include/CameraModels/KannalaBrandt8.h:102:21: warning: ‘ORB_SLAM3::KannalaBrandt8::precision’ will be initialized after [-Wreorder]
[37.132s]   102 |         const float precision;
[37.132s]       |                     ^~~~~~~~~
[37.132s] /home/j/colcon_ws/ORB_SLAM3/include/CameraModels/KannalaBrandt8.h:88:26: warning:   ‘std::vector<int> ORB_SLAM3::KannalaBrandt8::mvLappingArea’ [-Wreorder]
[37.132s]    88 |         std::vector<int> mvLappingArea;
[37.132s]       |                          ^~~~~~~~~~~~~
[37.132s] In file included from /home/j/colcon_ws/ORB_SLAM3/include/Atlas.h:27,
[37.133s]                  from /home/j/colcon_ws/ORB_SLAM3/include/FrameDrawer.h:25,
[37.133s]                  from /home/j/colcon_ws/ORB_SLAM3/include/Viewer.h:23,
[37.133s]                  from /home/j/colcon_ws/ORB_SLAM3/include/Tracking.h:26,
[37.133s]                  from /home/j/colcon_ws/ORB_SLAM3/include/System.h:31,
[37.133s]                  from /home/j/colcon_ws/src/orbslam3_ros2/src/monocular/monocular-slam-node.hpp:9,
[37.133s]                  from /home/j/colcon_ws/src/orbslam3_ros2/src/monocular/mono.cpp:7:
[37.133s] /home/j/colcon_ws/ORB_SLAM3/include/CameraModels/KannalaBrandt8.h:47:9: warning:   when initialized here [-Wreorder]
[37.133s]    47 |         KannalaBrandt8(const std::vector<float> _vParameters) : GeometricCamera(_vParameters), precision(1e-6), mvLappingArea(2,0) ,tvr(nullptr) {
[37.133s]       |         ^~~~~~~~~~~~~~
[37.133s] In file included from /home/j/colcon_ws/ORB_SLAM3/include/Atlas.h:27,
[37.133s]                  from /home/j/colcon_ws/ORB_SLAM3/include/FrameDrawer.h:25,
[37.133s]                  from /home/j/colcon_ws/ORB_SLAM3/include/Viewer.h:23,
[37.133s]                  from /home/j/colcon_ws/ORB_SLAM3/include/Tracking.h:26,
[37.133s]                  from /home/j/colcon_ws/ORB_SLAM3/include/System.h:31,
[37.133s]                  from /home/j/colcon_ws/src/orbslam3_ros2/src/monocular/monocular-slam-node.hpp:9,
[37.133s]                  from /home/j/colcon_ws/src/orbslam3_ros2/src/monocular/mono.cpp:7:
[37.134s] /home/j/colcon_ws/ORB_SLAM3/include/CameraModels/KannalaBrandt8.h: In constructor ‘ORB_SLAM3::KannalaBrandt8::KannalaBrandt8(std::vector<float>, float)’:
[37.134s] /home/j/colcon_ws/ORB_SLAM3/include/CameraModels/KannalaBrandt8.h:102:21: warning: ‘ORB_SLAM3::KannalaBrandt8::precision’ will be initialized after [-Wreorder]
[37.134s]   102 |         const float precision;
[37.134s]       |                     ^~~~~~~~~
[37.134s] /home/j/colcon_ws/ORB_SLAM3/include/CameraModels/KannalaBrandt8.h:88:26: warning:   ‘std::vector<int> ORB_SLAM3::KannalaBrandt8::mvLappingArea’ [-Wreorder]
[37.134s]    88 |         std::vector<int> mvLappingArea;
[37.134s]       |                          ^~~~~~~~~~~~~
[37.134s] /home/j/colcon_ws/ORB_SLAM3/include/CameraModels/KannalaBrandt8.h:53:9: warning:   when initialized here [-Wreorder]
[37.134s]    53 |         KannalaBrandt8(const std::vector<float> _vParameters, const float _precision) : GeometricCamera(_vParameters),
[37.134s]       |         ^~~~~~~~~~~~~~
[37.134s] /home/j/colcon_ws/ORB_SLAM3/include/CameraModels/KannalaBrandt8.h: In constructor ‘ORB_SLAM3::KannalaBrandt8::KannalaBrandt8(ORB_SLAM3::KannalaBrandt8*)’:
[37.134s] /home/j/colcon_ws/ORB_SLAM3/include/CameraModels/KannalaBrandt8.h:102:21: warning: ‘ORB_SLAM3::KannalaBrandt8::precision’ will be initialized after [-Wreorder]
[37.134s]   102 |         const float precision;
[37.134s]       |                     ^~~~~~~~~
[37.134s] /home/j/colcon_ws/ORB_SLAM3/include/CameraModels/KannalaBrandt8.h:88:26: warning:   ‘std::vector<int> ORB_SLAM3::KannalaBrandt8::mvLappingArea’ [-Wreorder]
[37.134s]    88 |         std::vector<int> mvLappingArea;
[37.135s]       |                          ^~~~~~~~~~~~~
[37.135s] /home/j/colcon_ws/ORB_SLAM3/include/CameraModels/KannalaBrandt8.h:59:9: warning:   when initialized here [-Wreorder]
[37.135s]    59 |         KannalaBrandt8(KannalaBrandt8* pKannala) : GeometricCamera(pKannala->mvParameters), precision(pKannala->precision), mvLappingArea(2,0) ,tvr(nullptr) {
[37.135s]       |         ^~~~~~~~~~~~~~
[37.140s] In file included from /home/j/colcon_ws/ORB_SLAM3/include/Atlas.h:26,
[37.140s]                  from /home/j/colcon_ws/ORB_SLAM3/include/FrameDrawer.h:25,
[37.140s]                  from /home/j/colcon_ws/ORB_SLAM3/include/Viewer.h:23,
[37.140s]                  from /home/j/colcon_ws/ORB_SLAM3/include/Tracking.h:26,
[37.140s]                  from /home/j/colcon_ws/ORB_SLAM3/include/System.h:31,
[37.140s]                  from /home/j/colcon_ws/src/orbslam3_ros2/src/stereo/stereo-slam-node.hpp:13,
[37.140s]                  from /home/j/colcon_ws/src/orbslam3_ros2/src/stereo/stereo.cpp:7:
[37.141s] /home/j/colcon_ws/ORB_SLAM3/include/CameraModels/Pinhole.h: In member function ‘virtual bool ORB_SLAM3::Pinhole::matchAndtriangulate(const cv::KeyPoint&, const cv::KeyPoint&, ORB_SLAM3::GeometricCamera*, Sophus::SE3f&, Sophus::SE3f&, float, float, Eigen::Vector3f&)’:
[37.141s] /home/j/colcon_ws/ORB_SLAM3/include/CameraModels/Pinhole.h:83:54: warning: unused parameter ‘kp1’ [-Wunused-parameter]
[37.141s]    83 |         bool matchAndtriangulate(const cv::KeyPoint& kp1, const cv::KeyPoint& kp2, GeometricCamera* pOther,
[37.141s]       |                                  ~~~~~~~~~~~~~~~~~~~~^~~
[37.141s] /home/j/colcon_ws/ORB_SLAM3/include/CameraModels/Pinhole.h:83:79: warning: unused parameter ‘kp2’ [-Wunused-parameter]
[37.141s]    83 |         bool matchAndtriangulate(const cv::KeyPoint& kp1, const cv::KeyPoint& kp2, GeometricCamera* pOther,
[37.141s]       |                                                           ~~~~~~~~~~~~~~~~~~~~^~~
[37.141s] /home/j/colcon_ws/ORB_SLAM3/include/CameraModels/Pinhole.h:83:101: warning: unused parameter ‘pOther’ [-Wunused-parameter]
[37.141s]    83 |         bool matchAndtriangulate(const cv::KeyPoint& kp1, const cv::KeyPoint& kp2, GeometricCamera* pOther,
[37.141s]       |                                                                                    ~~~~~~~~~~~~~~~~~^~~~~~
[37.141s] /home/j/colcon_ws/ORB_SLAM3/include/CameraModels/Pinhole.h:84:48: warning: unused parameter ‘Tcw1’ [-Wunused-parameter]
[37.141s]    84 |                                  Sophus::SE3f& Tcw1, Sophus::SE3f& Tcw2,
[37.142s]       |                                  ~~~~~~~~~~~~~~^~~~
[37.142s] /home/j/colcon_ws/ORB_SLAM3/include/CameraModels/Pinhole.h:84:68: warning: unused parameter ‘Tcw2’ [-Wunused-parameter]
[37.142s]    84 |                                  Sophus::SE3f& Tcw1, Sophus::SE3f& Tcw2,
[37.142s]       |                                                      ~~~~~~~~~~~~~~^~~~
[37.142s] /home/j/colcon_ws/ORB_SLAM3/include/CameraModels/Pinhole.h:85:46: warning: unused parameter ‘sigmaLevel1’ [-Wunused-parameter]
[37.142s]    85 |                                  const float sigmaLevel1, const float sigmaLevel2,
[37.142s]       |                                  ~~~~~~~~~~~~^~~~~~~~~~~
[37.142s] /home/j/colcon_ws/ORB_SLAM3/include/CameraModels/Pinhole.h:85:71: warning: unused parameter ‘sigmaLevel2’ [-Wunused-parameter]
[37.142s]    85 |                                  const float sigmaLevel1, const float sigmaLevel2,
[37.142s]       |                                                           ~~~~~~~~~~~~^~~~~~~~~~~
[37.142s] /home/j/colcon_ws/ORB_SLAM3/include/CameraModels/Pinhole.h:86:51: warning: unused parameter ‘x3Dtriangulated’ [-Wunused-parameter]
[37.142s]    86 |                                  Eigen::Vector3f& x3Dtriangulated) { return false;}
[37.142s]       |                                  ~~~~~~~~~~~~~~~~~^~~~~~~~~~~~~~~
[37.142s] In file included from /home/j/colcon_ws/ORB_SLAM3/include/Atlas.h:27,
[37.143s]                  from /home/j/colcon_ws/ORB_SLAM3/include/FrameDrawer.h:25,
[37.143s]                  from /home/j/colcon_ws/ORB_SLAM3/include/Viewer.h:23,
[37.143s]                  from /home/j/colcon_ws/ORB_SLAM3/include/Tracking.h:26,
[37.143s]                  from /home/j/colcon_ws/ORB_SLAM3/include/System.h:31,
[37.143s]                  from /home/j/colcon_ws/src/orbslam3_ros2/src/stereo/stereo-slam-node.hpp:13,
[37.143s]                  from /home/j/colcon_ws/src/orbslam3_ros2/src/stereo/stereo.cpp:7:
[37.143s] /home/j/colcon_ws/ORB_SLAM3/include/CameraModels/KannalaBrandt8.h: In constructor ‘ORB_SLAM3::KannalaBrandt8::KannalaBrandt8(std::vector<float>)’:
[37.143s] /home/j/colcon_ws/ORB_SLAM3/include/CameraModels/KannalaBrandt8.h:102:21: warning: ‘ORB_SLAM3::KannalaBrandt8::precision’ will be initialized after [-Wreorder]
[37.143s]   102 |         const float precision;
[37.143s]       |                     ^~~~~~~~~
[37.143s] /home/j/colcon_ws/ORB_SLAM3/include/CameraModels/KannalaBrandt8.h:88:26: warning:   ‘std::vector<int> ORB_SLAM3::KannalaBrandt8::mvLappingArea’ [-Wreorder]
[37.143s]    88 |         std::vector<int> mvLappingArea;
[37.143s]       |                          ^~~~~~~~~~~~~
[37.143s] In file included from /home/j/colcon_ws/ORB_SLAM3/include/Atlas.h:27,
[37.143s]                  from /home/j/colcon_ws/ORB_SLAM3/include/FrameDrawer.h:25,
[37.143s]                  from /home/j/colcon_ws/ORB_SLAM3/include/Viewer.h:23,
[37.144s]                  from /home/j/colcon_ws/ORB_SLAM3/include/Tracking.h:26,
[37.144s]                  from /home/j/colcon_ws/ORB_SLAM3/include/System.h:31,
[37.144s]                  from /home/j/colcon_ws/src/orbslam3_ros2/src/stereo/stereo-slam-node.hpp:13,
[37.144s]                  from /home/j/colcon_ws/src/orbslam3_ros2/src/stereo/stereo.cpp:7:
[37.144s] /home/j/colcon_ws/ORB_SLAM3/include/CameraModels/KannalaBrandt8.h:47:9: warning:   when initialized here [-Wreorder]
[37.144s]    47 |         KannalaBrandt8(const std::vector<float> _vParameters) : GeometricCamera(_vParameters), precision(1e-6), mvLappingArea(2,0) ,tvr(nullptr) {
[37.144s]       |         ^~~~~~~~~~~~~~
[37.144s] In file included from /home/j/colcon_ws/ORB_SLAM3/include/Atlas.h:27,
[37.144s]                  from /home/j/colcon_ws/ORB_SLAM3/include/FrameDrawer.h:25,
[37.144s]                  from /home/j/colcon_ws/ORB_SLAM3/include/Viewer.h:23,
[37.144s]                  from /home/j/colcon_ws/ORB_SLAM3/include/Tracking.h:26,
[37.144s]                  from /home/j/colcon_ws/ORB_SLAM3/include/System.h:31,
[37.144s]                  from /home/j/colcon_ws/src/orbslam3_ros2/src/stereo/stereo-slam-node.hpp:13,
[37.144s]                  from /home/j/colcon_ws/src/orbslam3_ros2/src/stereo/stereo.cpp:7:
[37.144s] /home/j/colcon_ws/ORB_SLAM3/include/CameraModels/KannalaBrandt8.h: In constructor ‘ORB_SLAM3::KannalaBrandt8::KannalaBrandt8(std::vector<float>, float)’:
[37.145s] /home/j/colcon_ws/ORB_SLAM3/include/CameraModels/KannalaBrandt8.h:102:21: warning: ‘ORB_SLAM3::KannalaBrandt8::precision’ will be initialized after [-Wreorder]
[37.145s]   102 |         const float precision;
[37.145s]       |                     ^~~~~~~~~
[37.145s] /home/j/colcon_ws/ORB_SLAM3/include/CameraModels/KannalaBrandt8.h:88:26: warning:   ‘std::vector<int> ORB_SLAM3::KannalaBrandt8::mvLappingArea’ [-Wreorder]
[37.145s]    88 |         std::vector<int> mvLappingArea;
[37.145s]       |                          ^~~~~~~~~~~~~
[37.145s] /home/j/colcon_ws/ORB_SLAM3/include/CameraModels/KannalaBrandt8.h:53:9: warning:   when initialized here [-Wreorder]
[37.145s]    53 |         KannalaBrandt8(const std::vector<float> _vParameters, const float _precision) : GeometricCamera(_vParameters),
[37.145s]       |         ^~~~~~~~~~~~~~
[37.145s] /home/j/colcon_ws/ORB_SLAM3/include/CameraModels/KannalaBrandt8.h: In constructor ‘ORB_SLAM3::KannalaBrandt8::KannalaBrandt8(ORB_SLAM3::KannalaBrandt8*)’:
[37.145s] /home/j/colcon_ws/ORB_SLAM3/include/CameraModels/KannalaBrandt8.h:102:21: warning: ‘ORB_SLAM3::KannalaBrandt8::precision’ will be initialized after [-Wreorder]
[37.145s]   102 |         const float precision;
[37.145s]       |                     ^~~~~~~~~
[37.145s] /home/j/colcon_ws/ORB_SLAM3/include/CameraModels/KannalaBrandt8.h:88:26: warning:   ‘std::vector<int> ORB_SLAM3::KannalaBrandt8::mvLappingArea’ [-Wreorder]
[37.145s]    88 |         std::vector<int> mvLappingArea;
[37.146s]       |                          ^~~~~~~~~~~~~
[37.146s] /home/j/colcon_ws/ORB_SLAM3/include/CameraModels/KannalaBrandt8.h:59:9: warning:   when initialized here [-Wreorder]
[37.146s]    59 |         KannalaBrandt8(KannalaBrandt8* pKannala) : GeometricCamera(pKannala->mvParameters), precision(pKannala->precision), mvLappingArea(2,0) ,tvr(nullptr) {
[37.146s]       |         ^~~~~~~~~~~~~~
