[30.023s] Invoking command in '/home/j/colcon_ws/build/orbslam3': CMAKE_PREFIX_PATH=/opt/ros/humble /usr/bin/cmake --build /home/j/colcon_ws/build/orbslam3 -- -j24 -l24
[30.138s] [ 25%] Building CXX object CMakeFiles/mono.dir/src/monocular/mono.cpp.o
[30.138s] [ 25%] Building CXX object CMakeFiles/stereo-inertial.dir/src/stereo-inertial/stereo-inertial-node.cpp.o
[30.139s] [ 33%] Building CXX object CMakeFiles/stereo.dir/src/stereo/stereo.cpp.o
[30.139s] [ 41%] Building CXX object CMakeFiles/rgbd.dir/src/rgbd/rgbd.cpp.o
[30.139s] [ 41%] Building CXX object CMakeFiles/stereo-inertial.dir/src/stereo-inertial/stereo-inertial.cpp.o
[30.140s] [ 50%] Building CXX object CMakeFiles/mono.dir/src/monocular/monocular-slam-node.cpp.o
[30.143s] [ 58%] Building CXX object CMakeFiles/stereo.dir/src/stereo/stereo-slam-node.cpp.o
[30.144s] [ 66%] Building CXX object CMakeFiles/rgbd.dir/src/rgbd/rgbd-slam-node.cpp.o
[35.118s] In file included from /home/j/colcon_ws/ORB_SLAM3/include/Frame.h:30,
[35.118s]                  from /home/j/colcon_ws/ORB_SLAM3/include/KeyFrame.h:28,
[35.118s]                  from /home/j/colcon_ws/ORB_SLAM3/include/MapPoint.h:23,
[35.118s]                  from /home/j/colcon_ws/ORB_SLAM3/include/FrameDrawer.h:24,
[35.118s]                  from /home/j/colcon_ws/ORB_SLAM3/include/Viewer.h:23,
[35.119s]                  from /home/j/colcon_ws/ORB_SLAM3/include/Tracking.h:26,
[35.119s]                  from /home/j/colcon_ws/ORB_SLAM3/include/System.h:31,
[35.119s]                  from /home/j/colcon_ws/src/orbslam3_ros2/src/monocular/monocular-slam-node.hpp:9,
[35.119s]                  from /home/j/colcon_ws/src/orbslam3_ros2/src/monocular/mono.cpp:7:
[35.119s] /home/j/colcon_ws/ORB_SLAM3/include/ImuTypes.h: In member function ‘void ORB_SLAM3::IMU::Preintegrated::printMeasurements() const’:
[35.119s] /home/j/colcon_ws/ORB_SLAM3/include/ImuTypes.h:204:23: warning: comparison of integer expressions of different signedness: ‘int’ and ‘std::vector<ORB_SLAM3::IMU::Preintegrated::integrable>::size_type’ {aka ‘long unsigned int’} [-Wsign-compare]
[35.119s]   204 |         for(int i=0; i<mvMeasurements.size(); i++){
[35.119s]       |                      ~^~~~~~~~~~~~~~~~~~~~~~
[35.126s] In file included from /home/j/colcon_ws/ORB_SLAM3/include/Frame.h:30,
[35.126s]                  from /home/j/colcon_ws/ORB_SLAM3/include/KeyFrame.h:28,
[35.126s]                  from /home/j/colcon_ws/ORB_SLAM3/include/MapPoint.h:23,
[35.126s]                  from /home/j/colcon_ws/ORB_SLAM3/include/FrameDrawer.h:24,
[35.126s]                  from /home/j/colcon_ws/ORB_SLAM3/include/Viewer.h:23,
[35.126s]                  from /home/j/colcon_ws/ORB_SLAM3/include/Tracking.h:26,
[35.126s]                  from /home/j/colcon_ws/ORB_SLAM3/include/System.h:31,
[35.127s]                  from /home/j/colcon_ws/src/orbslam3_ros2/src/stereo-inertial/stereo-inertial-node.hpp:10,
[35.127s]                  from /home/j/colcon_ws/src/orbslam3_ros2/src/stereo-inertial/stereo-inertial-node.cpp:1:
[35.127s] /home/j/colcon_ws/ORB_SLAM3/include/ImuTypes.h: In member function ‘void ORB_SLAM3::IMU::Preintegrated::printMeasurements() const’:
[35.127s] /home/j/colcon_ws/ORB_SLAM3/include/ImuTypes.h:204:23: warning: comparison of integer expressions of different signedness: ‘int’ and ‘std::vector<ORB_SLAM3::IMU::Preintegrated::integrable>::size_type’ {aka ‘long unsigned int’} [-Wsign-compare]
[35.127s]   204 |         for(int i=0; i<mvMeasurements.size(); i++){
[35.127s]       |                      ~^~~~~~~~~~~~~~~~~~~~~~
[35.127s] In file included from /home/j/colcon_ws/ORB_SLAM3/include/Frame.h:30,
[35.127s]                  from /home/j/colcon_ws/ORB_SLAM3/include/KeyFrame.h:28,
[35.127s]                  from /home/j/colcon_ws/ORB_SLAM3/include/MapPoint.h:23,
[35.127s]                  from /home/j/colcon_ws/ORB_SLAM3/include/FrameDrawer.h:24,
[35.127s]                  from /home/j/colcon_ws/ORB_SLAM3/include/Viewer.h:23,
[35.127s]                  from /home/j/colcon_ws/ORB_SLAM3/include/Tracking.h:26,
[35.128s]                  from /home/j/colcon_ws/ORB_SLAM3/include/System.h:31,
[35.128s]                  from /home/j/colcon_ws/src/orbslam3_ros2/src/stereo-inertial/stereo-inertial-node.hpp:10,
[35.128s]                  from /home/j/colcon_ws/src/orbslam3_ros2/src/stereo-inertial/stereo-inertial.cpp:7:
[35.128s] /home/j/colcon_ws/ORB_SLAM3/include/ImuTypes.h: In member function ‘void ORB_SLAM3::IMU::Preintegrated::printMeasurements() const’:
[35.128s] /home/j/colcon_ws/ORB_SLAM3/include/ImuTypes.h:204:23: warning: comparison of integer expressions of different signedness: ‘int’ and ‘std::vector<ORB_SLAM3::IMU::Preintegrated::integrable>::size_type’ {aka ‘long unsigned int’} [-Wsign-compare]
[35.128s]   204 |         for(int i=0; i<mvMeasurements.size(); i++){
[35.128s]       |                      ~^~~~~~~~~~~~~~~~~~~~~~
[35.132s] In file included from /home/j/colcon_ws/ORB_SLAM3/include/Frame.h:30,
[35.132s]                  from /home/j/colcon_ws/ORB_SLAM3/include/KeyFrame.h:28,
[35.132s]                  from /home/j/colcon_ws/ORB_SLAM3/include/MapPoint.h:23,
[35.132s]                  from /home/j/colcon_ws/ORB_SLAM3/include/FrameDrawer.h:24,
[35.132s]                  from /home/j/colcon_ws/ORB_SLAM3/include/Viewer.h:23,
[35.132s]                  from /home/j/colcon_ws/ORB_SLAM3/include/Tracking.h:26,
[35.132s]                  from /home/j/colcon_ws/ORB_SLAM3/include/System.h:31,
[35.132s]                  from /home/j/colcon_ws/src/orbslam3_ros2/src/monocular/monocular-slam-node.hpp:9,
[35.132s]                  from /home/j/colcon_ws/src/orbslam3_ros2/src/monocular/monocular-slam-node.cpp:1:
[35.132s] /home/j/colcon_ws/ORB_SLAM3/include/ImuTypes.h: In member function ‘void ORB_SLAM3::IMU::Preintegrated::printMeasurements() const’:
[35.133s] /home/j/colcon_ws/ORB_SLAM3/include/ImuTypes.h:204:23: warning: comparison of integer expressions of different signedness: ‘int’ and ‘std::vector<ORB_SLAM3::IMU::Preintegrated::integrable>::size_type’ {aka ‘long unsigned int’} [-Wsign-compare]
[35.133s]   204 |         for(int i=0; i<mvMeasurements.size(); i++){
[35.133s]       |                      ~^~~~~~~~~~~~~~~~~~~~~~
[35.177s] In file included from /home/j/colcon_ws/ORB_SLAM3/include/Frame.h:30,
[35.177s]                  from /home/j/colcon_ws/ORB_SLAM3/include/KeyFrame.h:28,
[35.177s]                  from /home/j/colcon_ws/ORB_SLAM3/include/MapPoint.h:23,
[35.178s]                  from /home/j/colcon_ws/ORB_SLAM3/include/FrameDrawer.h:24,
[35.178s]                  from /home/j/colcon_ws/ORB_SLAM3/include/Viewer.h:23,
[35.178s]                  from /home/j/colcon_ws/ORB_SLAM3/include/Tracking.h:26,
[35.178s]                  from /home/j/colcon_ws/ORB_SLAM3/include/System.h:31,
[35.178s]                  from /home/j/colcon_ws/src/orbslam3_ros2/src/rgbd/rgbd-slam-node.hpp:18,
[35.178s]                  from /home/j/colcon_ws/src/orbslam3_ros2/src/rgbd/rgbd-slam-node.cpp:1:
[35.178s] /home/j/colcon_ws/ORB_SLAM3/include/ImuTypes.h: In member function ‘void ORB_SLAM3::IMU::Preintegrated::printMeasurements() const’:
[35.178s] /home/j/colcon_ws/ORB_SLAM3/include/ImuTypes.h:204:23: warning: comparison of integer expressions of different signedness: ‘int’ and ‘std::vector<ORB_SLAM3::IMU::Preintegrated::integrable>::size_type’ {aka ‘long unsigned int’} [-Wsign-compare]
[35.178s]   204 |         for(int i=0; i<mvMeasurements.size(); i++){
[35.178s]       |                      ~^~~~~~~~~~~~~~~~~~~~~~
[35.210s] In file included from /home/j/colcon_ws/ORB_SLAM3/Thirdparty/g2o/g2o/types/types_six_dof_expmap.h:37,
[35.210s]                  from /home/j/colcon_ws/ORB_SLAM3/include/Converter.h:26,
[35.210s]                  from /home/j/colcon_ws/ORB_SLAM3/include/Frame.h:33,
[35.211s]                  from /home/j/colcon_ws/ORB_SLAM3/include/KeyFrame.h:28,
[35.211s]                  from /home/j/colcon_ws/ORB_SLAM3/include/MapPoint.h:23,
[35.211s]                  from /home/j/colcon_ws/ORB_SLAM3/include/FrameDrawer.h:24,
[35.211s]                  from /home/j/colcon_ws/ORB_SLAM3/include/Viewer.h:23,
[35.211s]                  from /home/j/colcon_ws/ORB_SLAM3/include/Tracking.h:26,
[35.211s]                  from /home/j/colcon_ws/ORB_SLAM3/include/System.h:31,
[35.211s]                  from /home/j/colcon_ws/src/orbslam3_ros2/src/monocular/monocular-slam-node.hpp:9,
[35.211s]                  from /home/j/colcon_ws/src/orbslam3_ros2/src/monocular/mono.cpp:7:
[35.211s] /home/j/colcon_ws/ORB_SLAM3/Thirdparty/g2o/g2o/types/../core/base_vertex.h: At global scope:
[35.211s] /home/j/colcon_ws/ORB_SLAM3/Thirdparty/g2o/g2o/types/../core/base_vertex.h:62:74: warning: ‘Eigen::AlignedBit’ is deprecated [-Wdeprecated-declarations]
[35.211s]    62 |     typedef Eigen::Map<Matrix<double, D, D>, Matrix<double,D,D>::Flags & AlignedBit ? Aligned : Unaligned >  HessianBlockType;
[35.212s]       |                                                                          ^~~~~~~~~~
[35.212s] In file included from /usr/include/eigen3/Eigen/Core:161,
[35.212s]                  from /usr/include/eigen3/Eigen/LU:11,
[35.212s]                  from /home/j/colcon_ws/ORB_SLAM3/Thirdparty/Sophus/sophus/so2.hpp:12,
[35.212s]                  from /home/j/colcon_ws/ORB_SLAM3/Thirdparty/Sophus/sophus/se2.hpp:7,
[35.212s]                  from /home/j/colcon_ws/ORB_SLAM3/Thirdparty/Sophus/sophus/geometry.hpp:7,
[35.212s]                  from /home/j/colcon_ws/ORB_SLAM3/include/Frame.h:28,
[35.212s]                  from /home/j/colcon_ws/ORB_SLAM3/include/KeyFrame.h:28,
[35.212s]                  from /home/j/colcon_ws/ORB_SLAM3/include/MapPoint.h:23,
[35.212s]                  from /home/j/colcon_ws/ORB_SLAM3/include/FrameDrawer.h:24,
[35.212s]                  from /home/j/colcon_ws/ORB_SLAM3/include/Viewer.h:23,
[35.212s]                  from /home/j/colcon_ws/ORB_SLAM3/include/Tracking.h:26,
[35.213s]                  from /home/j/colcon_ws/ORB_SLAM3/include/System.h:31,
[35.213s]                  from /home/j/colcon_ws/src/orbslam3_ros2/src/monocular/monocular-slam-node.hpp:9,
[35.213s]                  from /home/j/colcon_ws/src/orbslam3_ros2/src/monocular/mono.cpp:7:
[35.213s] /usr/include/eigen3/Eigen/src/Core/util/Constants.h:167:37: note: declared here
[35.213s]   167 | EIGEN_DEPRECATED const unsigned int AlignedBit = 0x80;
[35.213s]       |                                     ^~~~~~~~~~
[35.218s] In file included from /home/j/colcon_ws/ORB_SLAM3/Thirdparty/g2o/g2o/types/types_six_dof_expmap.h:37,
[35.218s]                  from /home/j/colcon_ws/ORB_SLAM3/include/Converter.h:26,
[35.218s]                  from /home/j/colcon_ws/ORB_SLAM3/include/Frame.h:33,
[35.218s]                  from /home/j/colcon_ws/ORB_SLAM3/include/KeyFrame.h:28,
[35.218s]                  from /home/j/colcon_ws/ORB_SLAM3/include/MapPoint.h:23,
[35.218s]                  from /home/j/colcon_ws/ORB_SLAM3/include/FrameDrawer.h:24,
[35.219s]                  from /home/j/colcon_ws/ORB_SLAM3/include/Viewer.h:23,
[35.219s]                  from /home/j/colcon_ws/ORB_SLAM3/include/Tracking.h:26,
[35.219s]                  from /home/j/colcon_ws/ORB_SLAM3/include/System.h:31,
[35.219s]                  from /home/j/colcon_ws/src/orbslam3_ros2/src/stereo-inertial/stereo-inertial-node.hpp:10,
[35.219s]                  from /home/j/colcon_ws/src/orbslam3_ros2/src/stereo-inertial/stereo-inertial.cpp:7:
[35.219s] /home/j/colcon_ws/ORB_SLAM3/Thirdparty/g2o/g2o/types/../core/base_vertex.h: At global scope:
[35.219s] /home/j/colcon_ws/ORB_SLAM3/Thirdparty/g2o/g2o/types/../core/base_vertex.h:62:74: warning: ‘Eigen::AlignedBit’ is deprecated [-Wdeprecated-declarations]
[35.219s]    62 |     typedef Eigen::Map<Matrix<double, D, D>, Matrix<double,D,D>::Flags & AlignedBit ? Aligned : Unaligned >  HessianBlockType;
[35.219s]       |                                                                          ^~~~~~~~~~
[35.219s] In file included from /home/j/colcon_ws/ORB_SLAM3/Thirdparty/g2o/g2o/types/types_six_dof_expmap.h:37,
[35.219s]                  from /home/j/colcon_ws/ORB_SLAM3/include/Converter.h:26,
[35.219s]                  from /home/j/colcon_ws/ORB_SLAM3/include/Frame.h:33,
[35.220s]                  from /home/j/colcon_ws/ORB_SLAM3/include/KeyFrame.h:28,
[35.220s]                  from /home/j/colcon_ws/ORB_SLAM3/include/MapPoint.h:23,
[35.220s]                  from /home/j/colcon_ws/ORB_SLAM3/include/FrameDrawer.h:24,
[35.220s]                  from /home/j/colcon_ws/ORB_SLAM3/include/Viewer.h:23,
[35.220s]                  from /home/j/colcon_ws/ORB_SLAM3/include/Tracking.h:26,
[35.220s]                  from /home/j/colcon_ws/ORB_SLAM3/include/System.h:31,
[35.220s]                  from /home/j/colcon_ws/src/orbslam3_ros2/src/stereo-inertial/stereo-inertial-node.hpp:10,
[35.220s]                  from /home/j/colcon_ws/src/orbslam3_ros2/src/stereo-inertial/stereo-inertial-node.cpp:1:
[35.220s] /home/j/colcon_ws/ORB_SLAM3/Thirdparty/g2o/g2o/types/../core/base_vertex.h: At global scope:
[35.220s] /home/j/colcon_ws/ORB_SLAM3/Thirdparty/g2o/g2o/types/../core/base_vertex.h:62:74: warning: ‘Eigen::AlignedBit’ is deprecated [-Wdeprecated-declarations]
[35.221s]    62 |     typedef Eigen::Map<Matrix<double, D, D>, Matrix<double,D,D>::Flags & AlignedBit ? Aligned : Unaligned >  HessianBlockType;
[35.221s]       |                                                                          ^~~~~~~~~~
[35.221s] In file included from /usr/include/eigen3/Eigen/Core:161,
[35.221s]                  from /usr/include/eigen3/Eigen/LU:11,
[35.221s]                  from /home/j/colcon_ws/ORB_SLAM3/Thirdparty/Sophus/sophus/so2.hpp:12,
[35.221s]                  from /home/j/colcon_ws/ORB_SLAM3/Thirdparty/Sophus/sophus/se2.hpp:7,
[35.221s]                  from /home/j/colcon_ws/ORB_SLAM3/Thirdparty/Sophus/sophus/geometry.hpp:7,
[35.221s]                  from /home/j/colcon_ws/ORB_SLAM3/include/Frame.h:28,
[35.221s]                  from /home/j/colcon_ws/ORB_SLAM3/include/KeyFrame.h:28,
[35.221s]                  from /home/j/colcon_ws/ORB_SLAM3/include/MapPoint.h:23,
[35.221s]                  from /home/j/colcon_ws/ORB_SLAM3/include/FrameDrawer.h:24,
[35.222s]                  from /home/j/colcon_ws/ORB_SLAM3/include/Viewer.h:23,
[35.222s]                  from /home/j/colcon_ws/ORB_SLAM3/include/Tracking.h:26,
[35.222s]                  from /home/j/colcon_ws/ORB_SLAM3/include/System.h:31,
[35.222s]                  from /home/j/colcon_ws/src/orbslam3_ros2/src/stereo-inertial/stereo-inertial-node.hpp:10,
[35.222s]                  from /home/j/colcon_ws/src/orbslam3_ros2/src/stereo-inertial/stereo-inertial-node.cpp:1:
[35.222s] /usr/include/eigen3/Eigen/src/Core/util/Constants.h:167:37: note: declared here
[35.222s]   167 | EIGEN_DEPRECATED const unsigned int AlignedBit = 0x80;
[35.222s]       |                                     ^~~~~~~~~~
[35.222s] In file included from /usr/include/eigen3/Eigen/Core:161,
[35.222s]                  from /usr/include/eigen3/Eigen/LU:11,
[35.222s]                  from /home/j/colcon_ws/ORB_SLAM3/Thirdparty/Sophus/sophus/so2.hpp:12,
[35.222s]                  from /home/j/colcon_ws/ORB_SLAM3/Thirdparty/Sophus/sophus/se2.hpp:7,
[35.223s]                  from /home/j/colcon_ws/ORB_SLAM3/Thirdparty/Sophus/sophus/geometry.hpp:7,
[35.223s]                  from /home/j/colcon_ws/ORB_SLAM3/include/Frame.h:28,
[35.223s]                  from /home/j/colcon_ws/ORB_SLAM3/include/KeyFrame.h:28,
[35.223s]                  from /home/j/colcon_ws/ORB_SLAM3/include/MapPoint.h:23,
[35.223s]                  from /home/j/colcon_ws/ORB_SLAM3/include/FrameDrawer.h:24,
[35.224s]                  from /home/j/colcon_ws/ORB_SLAM3/include/Viewer.h:23,
[35.224s]                  from /home/j/colcon_ws/ORB_SLAM3/include/Tracking.h:26,
[35.224s]                  from /home/j/colcon_ws/ORB_SLAM3/include/System.h:31,
[35.224s]                  from /home/j/colcon_ws/src/orbslam3_ros2/src/stereo-inertial/stereo-inertial-node.hpp:10,
[35.224s]                  from /home/j/colcon_ws/src/orbslam3_ros2/src/stereo-inertial/stereo-inertial.cpp:7:
[35.224s] /usr/include/eigen3/Eigen/src/Core/util/Constants.h:167:37: note: declared here
[35.224s]   167 | EIGEN_DEPRECATED const unsigned int AlignedBit = 0x80;
[35.224s]       |                                     ^~~~~~~~~~
[35.224s] In file included from /home/j/colcon_ws/ORB_SLAM3/Thirdparty/g2o/g2o/types/types_six_dof_expmap.h:37,
[35.224s]                  from /home/j/colcon_ws/ORB_SLAM3/include/Converter.h:26,
[35.225s]                  from /home/j/colcon_ws/ORB_SLAM3/include/Frame.h:33,
[35.225s]                  from /home/j/colcon_ws/ORB_SLAM3/include/KeyFrame.h:28,
[35.225s]                  from /home/j/colcon_ws/ORB_SLAM3/include/MapPoint.h:23,
[35.225s]                  from /home/j/colcon_ws/ORB_SLAM3/include/FrameDrawer.h:24,
[35.225s]                  from /home/j/colcon_ws/ORB_SLAM3/include/Viewer.h:23,
[35.225s]                  from /home/j/colcon_ws/ORB_SLAM3/include/Tracking.h:26,
[35.225s]                  from /home/j/colcon_ws/ORB_SLAM3/include/System.h:31,
[35.225s]                  from /home/j/colcon_ws/src/orbslam3_ros2/src/monocular/monocular-slam-node.hpp:9,
[35.225s]                  from /home/j/colcon_ws/src/orbslam3_ros2/src/monocular/monocular-slam-node.cpp:1:
[35.225s] /home/j/colcon_ws/ORB_SLAM3/Thirdparty/g2o/g2o/types/../core/base_vertex.h: At global scope:
[35.225s] /home/j/colcon_ws/ORB_SLAM3/Thirdparty/g2o/g2o/types/../core/base_vertex.h:62:74: warning: ‘Eigen::AlignedBit’ is deprecated [-Wdeprecated-declarations]
[35.225s]    62 |     typedef Eigen::Map<Matrix<double, D, D>, Matrix<double,D,D>::Flags & AlignedBit ? Aligned : Unaligned >  HessianBlockType;
[35.226s]       |                                                                          ^~~~~~~~~~
[35.226s] In file included from /usr/include/eigen3/Eigen/Core:161,
[35.226s]                  from /usr/include/eigen3/Eigen/LU:11,
[35.226s]                  from /home/j/colcon_ws/ORB_SLAM3/Thirdparty/Sophus/sophus/so2.hpp:12,
[35.226s]                  from /home/j/colcon_ws/ORB_SLAM3/Thirdparty/Sophus/sophus/se2.hpp:7,
[35.226s]                  from /home/j/colcon_ws/ORB_SLAM3/Thirdparty/Sophus/sophus/geometry.hpp:7,
[35.226s]                  from /home/j/colcon_ws/ORB_SLAM3/include/Frame.h:28,
[35.226s]                  from /home/j/colcon_ws/ORB_SLAM3/include/KeyFrame.h:28,
[35.226s]                  from /home/j/colcon_ws/ORB_SLAM3/include/MapPoint.h:23,
[35.226s]                  from /home/j/colcon_ws/ORB_SLAM3/include/FrameDrawer.h:24,
[35.226s]                  from /home/j/colcon_ws/ORB_SLAM3/include/Viewer.h:23,
[35.227s]                  from /home/j/colcon_ws/ORB_SLAM3/include/Tracking.h:26,
[35.227s]                  from /home/j/colcon_ws/ORB_SLAM3/include/System.h:31,
[35.227s]                  from /home/j/colcon_ws/src/orbslam3_ros2/src/monocular/monocular-slam-node.hpp:9,
[35.227s]                  from /home/j/colcon_ws/src/orbslam3_ros2/src/monocular/monocular-slam-node.cpp:1:
[35.227s] /usr/include/eigen3/Eigen/src/Core/util/Constants.h:167:37: note: declared here
[35.227s]   167 | EIGEN_DEPRECATED const unsigned int AlignedBit = 0x80;
[35.227s]       |                                     ^~~~~~~~~~
[35.233s] In file included from /home/j/colcon_ws/ORB_SLAM3/Thirdparty/g2o/g2o/types/types_six_dof_expmap.h:38,
[35.233s]                  from /home/j/colcon_ws/ORB_SLAM3/include/Converter.h:26,
[35.233s]                  from /home/j/colcon_ws/ORB_SLAM3/include/Frame.h:33,
[35.233s]                  from /home/j/colcon_ws/ORB_SLAM3/include/KeyFrame.h:28,
[35.233s]                  from /home/j/colcon_ws/ORB_SLAM3/include/MapPoint.h:23,
[35.234s]                  from /home/j/colcon_ws/ORB_SLAM3/include/FrameDrawer.h:24,
[35.234s]                  from /home/j/colcon_ws/ORB_SLAM3/include/Viewer.h:23,
[35.234s]                  from /home/j/colcon_ws/ORB_SLAM3/include/Tracking.h:26,
[35.234s]                  from /home/j/colcon_ws/ORB_SLAM3/include/System.h:31,
[35.234s]                  from /home/j/colcon_ws/src/orbslam3_ros2/src/monocular/monocular-slam-node.hpp:9,
[35.234s]                  from /home/j/colcon_ws/src/orbslam3_ros2/src/monocular/mono.cpp:7:
[35.234s] /home/j/colcon_ws/ORB_SLAM3/Thirdparty/g2o/g2o/types/../core/base_binary_edge.h:59:82: warning: ‘Eigen::AlignedBit’ is deprecated [-Wdeprecated-declarations]
[35.234s]    59 |       typedef Eigen::Map<Matrix<double, Di, Dj>, Matrix<double, Di, Dj>::Flags & AlignedBit ? Aligned : Unaligned > HessianBlockType;
[35.234s]       |                                                                                  ^~~~~~~~~~
[35.234s] In file included from /usr/include/eigen3/Eigen/Core:161,
[35.234s]                  from /usr/include/eigen3/Eigen/LU:11,
[35.235s]                  from /home/j/colcon_ws/ORB_SLAM3/Thirdparty/Sophus/sophus/so2.hpp:12,
[35.235s]                  from /home/j/colcon_ws/ORB_SLAM3/Thirdparty/Sophus/sophus/se2.hpp:7,
[35.235s]                  from /home/j/colcon_ws/ORB_SLAM3/Thirdparty/Sophus/sophus/geometry.hpp:7,
[35.235s]                  from /home/j/colcon_ws/ORB_SLAM3/include/Frame.h:28,
[35.235s]                  from /home/j/colcon_ws/ORB_SLAM3/include/KeyFrame.h:28,
[35.235s]                  from /home/j/colcon_ws/ORB_SLAM3/include/MapPoint.h:23,
[35.235s]                  from /home/j/colcon_ws/ORB_SLAM3/include/FrameDrawer.h:24,
[35.235s]                  from /home/j/colcon_ws/ORB_SLAM3/include/Viewer.h:23,
[35.235s]                  from /home/j/colcon_ws/ORB_SLAM3/include/Tracking.h:26,
[35.235s]                  from /home/j/colcon_ws/ORB_SLAM3/include/System.h:31,
[35.235s]                  from /home/j/colcon_ws/src/orbslam3_ros2/src/monocular/monocular-slam-node.hpp:9,
[35.236s]                  from /home/j/colcon_ws/src/orbslam3_ros2/src/monocular/mono.cpp:7:
[35.236s] /usr/include/eigen3/Eigen/src/Core/util/Constants.h:167:37: note: declared here
[35.236s]   167 | EIGEN_DEPRECATED const unsigned int AlignedBit = 0x80;
[35.236s]       |                                     ^~~~~~~~~~
[35.236s] In file included from /home/j/colcon_ws/ORB_SLAM3/Thirdparty/g2o/g2o/types/types_six_dof_expmap.h:38,
[35.236s]                  from /home/j/colcon_ws/ORB_SLAM3/include/Converter.h:26,
[35.236s]                  from /home/j/colcon_ws/ORB_SLAM3/include/Frame.h:33,
[35.236s]                  from /home/j/colcon_ws/ORB_SLAM3/include/KeyFrame.h:28,
[35.236s]                  from /home/j/colcon_ws/ORB_SLAM3/include/MapPoint.h:23,
[35.236s]                  from /home/j/colcon_ws/ORB_SLAM3/include/FrameDrawer.h:24,
[35.236s]                  from /home/j/colcon_ws/ORB_SLAM3/include/Viewer.h:23,
[35.237s]                  from /home/j/colcon_ws/ORB_SLAM3/include/Tracking.h:26,
[35.237s]                  from /home/j/colcon_ws/ORB_SLAM3/include/System.h:31,
[35.237s]                  from /home/j/colcon_ws/src/orbslam3_ros2/src/monocular/monocular-slam-node.hpp:9,
[35.237s]                  from /home/j/colcon_ws/src/orbslam3_ros2/src/monocular/mono.cpp:7:
[35.237s] /home/j/colcon_ws/ORB_SLAM3/Thirdparty/g2o/g2o/types/../core/base_binary_edge.h:60:82: warning: ‘Eigen::AlignedBit’ is deprecated [-Wdeprecated-declarations]
[35.237s]    60 |       typedef Eigen::Map<Matrix<double, Dj, Di>, Matrix<double, Dj, Di>::Flags & AlignedBit ? Aligned : Unaligned > HessianBlockTransposedType;
[35.237s]       |                                                                                  ^~~~~~~~~~
[35.237s] In file included from /usr/include/eigen3/Eigen/Core:161,
[35.237s]                  from /usr/include/eigen3/Eigen/LU:11,
[35.237s]                  from /home/j/colcon_ws/ORB_SLAM3/Thirdparty/Sophus/sophus/so2.hpp:12,
[35.237s]                  from /home/j/colcon_ws/ORB_SLAM3/Thirdparty/Sophus/sophus/se2.hpp:7,
[35.237s]                  from /home/j/colcon_ws/ORB_SLAM3/Thirdparty/Sophus/sophus/geometry.hpp:7,
[35.238s]                  from /home/j/colcon_ws/ORB_SLAM3/include/Frame.h:28,
[35.238s]                  from /home/j/colcon_ws/ORB_SLAM3/include/KeyFrame.h:28,
[35.238s]                  from /home/j/colcon_ws/ORB_SLAM3/include/MapPoint.h:23,
[35.238s]                  from /home/j/colcon_ws/ORB_SLAM3/include/FrameDrawer.h:24,
[35.238s]                  from /home/j/colcon_ws/ORB_SLAM3/include/Viewer.h:23,
[35.238s]                  from /home/j/colcon_ws/ORB_SLAM3/include/Tracking.h:26,
[35.238s]                  from /home/j/colcon_ws/ORB_SLAM3/include/System.h:31,
[35.238s]                  from /home/j/colcon_ws/src/orbslam3_ros2/src/monocular/monocular-slam-node.hpp:9,
[35.238s]                  from /home/j/colcon_ws/src/orbslam3_ros2/src/monocular/mono.cpp:7:
[35.238s] /usr/include/eigen3/Eigen/src/Core/util/Constants.h:167:37: note: declared here
[35.238s]   167 | EIGEN_DEPRECATED const unsigned int AlignedBit = 0x80;
[35.239s]       |                                     ^~~~~~~~~~
[35.241s] In file included from /home/j/colcon_ws/ORB_SLAM3/Thirdparty/g2o/g2o/types/types_six_dof_expmap.h:38,
[35.241s]                  from /home/j/colcon_ws/ORB_SLAM3/include/Converter.h:26,
[35.241s]                  from /home/j/colcon_ws/ORB_SLAM3/include/Frame.h:33,
[35.241s]                  from /home/j/colcon_ws/ORB_SLAM3/include/KeyFrame.h:28,
[35.241s]                  from /home/j/colcon_ws/ORB_SLAM3/include/MapPoint.h:23,
[35.241s]                  from /home/j/colcon_ws/ORB_SLAM3/include/FrameDrawer.h:24,
[35.242s]                  from /home/j/colcon_ws/ORB_SLAM3/include/Viewer.h:23,
[35.242s]                  from /home/j/colcon_ws/ORB_SLAM3/include/Tracking.h:26,
[35.242s]                  from /home/j/colcon_ws/ORB_SLAM3/include/System.h:31,
[35.242s]                  from /home/j/colcon_ws/src/orbslam3_ros2/src/stereo-inertial/stereo-inertial-node.hpp:10,
[35.242s]                  from /home/j/colcon_ws/src/orbslam3_ros2/src/stereo-inertial/stereo-inertial.cpp:7:
[35.242s] /home/j/colcon_ws/ORB_SLAM3/Thirdparty/g2o/g2o/types/../core/base_binary_edge.h:59:82: warning: ‘Eigen::AlignedBit’ is deprecated [-Wdeprecated-declarations]
[35.242s]    59 |       typedef Eigen::Map<Matrix<double, Di, Dj>, Matrix<double, Di, Dj>::Flags & AlignedBit ? Aligned : Unaligned > HessianBlockType;
[35.242s]       |                                                                                  ^~~~~~~~~~
[35.242s] In file included from /usr/include/eigen3/Eigen/Core:161,
[35.242s]                  from /usr/include/eigen3/Eigen/LU:11,
[35.242s]                  from /home/j/colcon_ws/ORB_SLAM3/Thirdparty/Sophus/sophus/so2.hpp:12,
[35.242s]                  from /home/j/colcon_ws/ORB_SLAM3/Thirdparty/Sophus/sophus/se2.hpp:7,
[35.243s]                  from /home/j/colcon_ws/ORB_SLAM3/Thirdparty/Sophus/sophus/geometry.hpp:7,
[35.243s]                  from /home/j/colcon_ws/ORB_SLAM3/include/Frame.h:28,
[35.243s]                  from /home/j/colcon_ws/ORB_SLAM3/include/KeyFrame.h:28,
[35.243s]                  from /home/j/colcon_ws/ORB_SLAM3/include/MapPoint.h:23,
[35.243s]                  from /home/j/colcon_ws/ORB_SLAM3/include/FrameDrawer.h:24,
[35.243s]                  from /home/j/colcon_ws/ORB_SLAM3/include/Viewer.h:23,
[35.243s]                  from /home/j/colcon_ws/ORB_SLAM3/include/Tracking.h:26,
[35.243s]                  from /home/j/colcon_ws/ORB_SLAM3/include/System.h:31,
[35.243s]                  from /home/j/colcon_ws/src/orbslam3_ros2/src/stereo-inertial/stereo-inertial-node.hpp:10,
[35.243s]                  from /home/j/colcon_ws/src/orbslam3_ros2/src/stereo-inertial/stereo-inertial.cpp:7:
[35.243s] /usr/include/eigen3/Eigen/src/Core/util/Constants.h:167:37: note: declared here
[35.243s]   167 | EIGEN_DEPRECATED const unsigned int AlignedBit = 0x80;
[35.244s]       |                                     ^~~~~~~~~~
[35.244s] In file included from /home/j/colcon_ws/ORB_SLAM3/Thirdparty/g2o/g2o/types/types_six_dof_expmap.h:38,
[35.244s]                  from /home/j/colcon_ws/ORB_SLAM3/include/Converter.h:26,
[35.244s]                  from /home/j/colcon_ws/ORB_SLAM3/include/Frame.h:33,
[35.244s]                  from /home/j/colcon_ws/ORB_SLAM3/include/KeyFrame.h:28,
[35.244s]                  from /home/j/colcon_ws/ORB_SLAM3/include/MapPoint.h:23,
[35.244s]                  from /home/j/colcon_ws/ORB_SLAM3/include/FrameDrawer.h:24,
[35.244s]                  from /home/j/colcon_ws/ORB_SLAM3/include/Viewer.h:23,
[35.244s]                  from /home/j/colcon_ws/ORB_SLAM3/include/Tracking.h:26,
[35.244s]                  from /home/j/colcon_ws/ORB_SLAM3/include/System.h:31,
[35.244s]                  from /home/j/colcon_ws/src/orbslam3_ros2/src/stereo-inertial/stereo-inertial-node.hpp:10,
[35.245s]                  from /home/j/colcon_ws/src/orbslam3_ros2/src/stereo-inertial/stereo-inertial-node.cpp:1:
[35.245s] /home/j/colcon_ws/ORB_SLAM3/Thirdparty/g2o/g2o/types/../core/base_binary_edge.h:59:82: warning: ‘Eigen::AlignedBit’ is deprecated [-Wdeprecated-declarations]
[35.245s]    59 |       typedef Eigen::Map<Matrix<double, Di, Dj>, Matrix<double, Di, Dj>::Flags & AlignedBit ? Aligned : Unaligned > HessianBlockType;
[35.245s]       |                                                                                  ^~~~~~~~~~
[35.245s] In file included from /usr/include/eigen3/Eigen/Core:161,
[35.245s]                  from /usr/include/eigen3/Eigen/LU:11,
[35.245s]                  from /home/j/colcon_ws/ORB_SLAM3/Thirdparty/Sophus/sophus/so2.hpp:12,
[35.245s]                  from /home/j/colcon_ws/ORB_SLAM3/Thirdparty/Sophus/sophus/se2.hpp:7,
[35.245s]                  from /home/j/colcon_ws/ORB_SLAM3/Thirdparty/Sophus/sophus/geometry.hpp:7,
[35.245s]                  from /home/j/colcon_ws/ORB_SLAM3/include/Frame.h:28,
[35.246s]                  from /home/j/colcon_ws/ORB_SLAM3/include/KeyFrame.h:28,
[35.246s]                  from /home/j/colcon_ws/ORB_SLAM3/include/MapPoint.h:23,
[35.246s]                  from /home/j/colcon_ws/ORB_SLAM3/include/FrameDrawer.h:24,
[35.246s]                  from /home/j/colcon_ws/ORB_SLAM3/include/Viewer.h:23,
[35.246s]                  from /home/j/colcon_ws/ORB_SLAM3/include/Tracking.h:26,
[35.246s]                  from /home/j/colcon_ws/ORB_SLAM3/include/System.h:31,
[35.247s]                  from /home/j/colcon_ws/src/orbslam3_ros2/src/stereo-inertial/stereo-inertial-node.hpp:10,
[35.247s]                  from /home/j/colcon_ws/src/orbslam3_ros2/src/stereo-inertial/stereo-inertial-node.cpp:1:
[35.247s] /usr/include/eigen3/Eigen/src/Core/util/Constants.h:167:37: note: declared here
[35.247s]   167 | EIGEN_DEPRECATED const unsigned int AlignedBit = 0x80;
[35.247s]       |                                     ^~~~~~~~~~
[35.247s] In file included from /home/j/colcon_ws/ORB_SLAM3/Thirdparty/g2o/g2o/types/types_six_dof_expmap.h:38,
[35.247s]                  from /home/j/colcon_ws/ORB_SLAM3/include/Converter.h:26,
[35.247s]                  from /home/j/colcon_ws/ORB_SLAM3/include/Frame.h:33,
[35.247s]                  from /home/j/colcon_ws/ORB_SLAM3/include/KeyFrame.h:28,
[35.247s]                  from /home/j/colcon_ws/ORB_SLAM3/include/MapPoint.h:23,
[35.247s]                  from /home/j/colcon_ws/ORB_SLAM3/include/FrameDrawer.h:24,
[35.247s]                  from /home/j/colcon_ws/ORB_SLAM3/include/Viewer.h:23,
[35.248s]                  from /home/j/colcon_ws/ORB_SLAM3/include/Tracking.h:26,
[35.248s]                  from /home/j/colcon_ws/ORB_SLAM3/include/System.h:31,
[35.248s]                  from /home/j/colcon_ws/src/orbslam3_ros2/src/stereo-inertial/stereo-inertial-node.hpp:10,
[35.248s]                  from /home/j/colcon_ws/src/orbslam3_ros2/src/stereo-inertial/stereo-inertial.cpp:7:
[35.248s] /home/j/colcon_ws/ORB_SLAM3/Thirdparty/g2o/g2o/types/../core/base_binary_edge.h:60:82: warning: ‘Eigen::AlignedBit’ is deprecated [-Wdeprecated-declarations]
[35.248s]    60 |       typedef Eigen::Map<Matrix<double, Dj, Di>, Matrix<double, Dj, Di>::Flags & AlignedBit ? Aligned : Unaligned > HessianBlockTransposedType;
[35.248s]       |                                                                                  ^~~~~~~~~~
[35.248s] In file included from /usr/include/eigen3/Eigen/Core:161,
[35.248s]                  from /usr/include/eigen3/Eigen/LU:11,
[35.248s]                  from /home/j/colcon_ws/ORB_SLAM3/Thirdparty/Sophus/sophus/so2.hpp:12,
[35.248s]                  from /home/j/colcon_ws/ORB_SLAM3/Thirdparty/Sophus/sophus/se2.hpp:7,
[35.249s]                  from /home/j/colcon_ws/ORB_SLAM3/Thirdparty/Sophus/sophus/geometry.hpp:7,
[35.249s]                  from /home/j/colcon_ws/ORB_SLAM3/include/Frame.h:28,
[35.249s]                  from /home/j/colcon_ws/ORB_SLAM3/include/KeyFrame.h:28,
[35.249s]                  from /home/j/colcon_ws/ORB_SLAM3/include/MapPoint.h:23,
[35.249s]                  from /home/j/colcon_ws/ORB_SLAM3/include/FrameDrawer.h:24,
[35.249s]                  from /home/j/colcon_ws/ORB_SLAM3/include/Viewer.h:23,
[35.249s]                  from /home/j/colcon_ws/ORB_SLAM3/include/Tracking.h:26,
[35.249s]                  from /home/j/colcon_ws/ORB_SLAM3/include/System.h:31,
[35.249s]                  from /home/j/colcon_ws/src/orbslam3_ros2/src/stereo-inertial/stereo-inertial-node.hpp:10,
[35.249s]                  from /home/j/colcon_ws/src/orbslam3_ros2/src/stereo-inertial/stereo-inertial.cpp:7:
[35.249s] /usr/include/eigen3/Eigen/src/Core/util/Constants.h:167:37: note: declared here
[35.249s]   167 | EIGEN_DEPRECATED const unsigned int AlignedBit = 0x80;
[35.250s]       |                                     ^~~~~~~~~~
[35.250s] In file included from /home/j/colcon_ws/ORB_SLAM3/Thirdparty/g2o/g2o/types/types_six_dof_expmap.h:38,
[35.250s]                  from /home/j/colcon_ws/ORB_SLAM3/include/Converter.h:26,
[35.250s]                  from /home/j/colcon_ws/ORB_SLAM3/include/Frame.h:33,
[35.250s]                  from /home/j/colcon_ws/ORB_SLAM3/include/KeyFrame.h:28,
[35.250s]                  from /home/j/colcon_ws/ORB_SLAM3/include/MapPoint.h:23,
[35.250s]                  from /home/j/colcon_ws/ORB_SLAM3/include/FrameDrawer.h:24,
[35.250s]                  from /home/j/colcon_ws/ORB_SLAM3/include/Viewer.h:23,
[35.250s]                  from /home/j/colcon_ws/ORB_SLAM3/include/Tracking.h:26,
[35.250s]                  from /home/j/colcon_ws/ORB_SLAM3/include/System.h:31,
[35.250s]                  from /home/j/colcon_ws/src/orbslam3_ros2/src/stereo-inertial/stereo-inertial-node.hpp:10,
[35.250s]                  from /home/j/colcon_ws/src/orbslam3_ros2/src/stereo-inertial/stereo-inertial-node.cpp:1:
[35.251s] /home/j/colcon_ws/ORB_SLAM3/Thirdparty/g2o/g2o/types/../core/base_binary_edge.h:60:82: warning: ‘Eigen::AlignedBit’ is deprecated [-Wdeprecated-declarations]
[35.251s]    60 |       typedef Eigen::Map<Matrix<double, Dj, Di>, Matrix<double, Dj, Di>::Flags & AlignedBit ? Aligned : Unaligned > HessianBlockTransposedType;
[35.251s]       |                                                                                  ^~~~~~~~~~
[35.251s] In file included from /usr/include/eigen3/Eigen/Core:161,
[35.251s]                  from /usr/include/eigen3/Eigen/LU:11,
[35.251s]                  from /home/j/colcon_ws/ORB_SLAM3/Thirdparty/Sophus/sophus/so2.hpp:12,
[35.251s]                  from /home/j/colcon_ws/ORB_SLAM3/Thirdparty/Sophus/sophus/se2.hpp:7,
[35.251s]                  from /home/j/colcon_ws/ORB_SLAM3/Thirdparty/Sophus/sophus/geometry.hpp:7,
[35.251s]                  from /home/j/colcon_ws/ORB_SLAM3/include/Frame.h:28,
[35.251s]                  from /home/j/colcon_ws/ORB_SLAM3/include/KeyFrame.h:28,
[35.251s]                  from /home/j/colcon_ws/ORB_SLAM3/include/MapPoint.h:23,
[35.251s]                  from /home/j/colcon_ws/ORB_SLAM3/include/FrameDrawer.h:24,
[35.252s]                  from /home/j/colcon_ws/ORB_SLAM3/include/Viewer.h:23,
[35.252s]                  from /home/j/colcon_ws/ORB_SLAM3/include/Tracking.h:26,
[35.252s]                  from /home/j/colcon_ws/ORB_SLAM3/include/System.h:31,
[35.252s]                  from /home/j/colcon_ws/src/orbslam3_ros2/src/stereo-inertial/stereo-inertial-node.hpp:10,
[35.252s]                  from /home/j/colcon_ws/src/orbslam3_ros2/src/stereo-inertial/stereo-inertial-node.cpp:1:
[35.252s] /usr/include/eigen3/Eigen/src/Core/util/Constants.h:167:37: note: declared here
[35.252s]   167 | EIGEN_DEPRECATED const unsigned int AlignedBit = 0x80;
[35.252s]       |                                     ^~~~~~~~~~
[35.252s] In file included from /home/j/colcon_ws/ORB_SLAM3/Thirdparty/g2o/g2o/types/types_six_dof_expmap.h:38,
[35.252s]                  from /home/j/colcon_ws/ORB_SLAM3/include/Converter.h:26,
[35.252s]                  from /home/j/colcon_ws/ORB_SLAM3/include/Frame.h:33,
[35.253s]                  from /home/j/colcon_ws/ORB_SLAM3/include/KeyFrame.h:28,
[35.253s]                  from /home/j/colcon_ws/ORB_SLAM3/include/MapPoint.h:23,
[35.253s]                  from /home/j/colcon_ws/ORB_SLAM3/include/FrameDrawer.h:24,
[35.253s]                  from /home/j/colcon_ws/ORB_SLAM3/include/Viewer.h:23,
[35.253s]                  from /home/j/colcon_ws/ORB_SLAM3/include/Tracking.h:26,
[35.253s]                  from /home/j/colcon_ws/ORB_SLAM3/include/System.h:31,
[35.253s]                  from /home/j/colcon_ws/src/orbslam3_ros2/src/monocular/monocular-slam-node.hpp:9,
[35.253s]                  from /home/j/colcon_ws/src/orbslam3_ros2/src/monocular/monocular-slam-node.cpp:1:
[35.253s] /home/j/colcon_ws/ORB_SLAM3/Thirdparty/g2o/g2o/types/../core/base_binary_edge.h:59:82: warning: ‘Eigen::AlignedBit’ is deprecated [-Wdeprecated-declarations]
[35.253s]    59 |       typedef Eigen::Map<Matrix<double, Di, Dj>, Matrix<double, Di, Dj>::Flags & AlignedBit ? Aligned : Unaligned > HessianBlockType;
[35.253s]       |                                                                                  ^~~~~~~~~~
[35.253s] In file included from /usr/include/eigen3/Eigen/Core:161,
[35.254s]                  from /usr/include/eigen3/Eigen/LU:11,
[35.254s]                  from /home/j/colcon_ws/ORB_SLAM3/Thirdparty/Sophus/sophus/so2.hpp:12,
[35.254s]                  from /home/j/colcon_ws/ORB_SLAM3/Thirdparty/Sophus/sophus/se2.hpp:7,
[35.254s]                  from /home/j/colcon_ws/ORB_SLAM3/Thirdparty/Sophus/sophus/geometry.hpp:7,
[35.254s]                  from /home/j/colcon_ws/ORB_SLAM3/include/Frame.h:28,
[35.254s]                  from /home/j/colcon_ws/ORB_SLAM3/include/KeyFrame.h:28,
[35.254s]                  from /home/j/colcon_ws/ORB_SLAM3/include/MapPoint.h:23,
[35.254s]                  from /home/j/colcon_ws/ORB_SLAM3/include/FrameDrawer.h:24,
[35.254s]                  from /home/j/colcon_ws/ORB_SLAM3/include/Viewer.h:23,
[35.254s]                  from /home/j/colcon_ws/ORB_SLAM3/include/Tracking.h:26,
[35.254s]                  from /home/j/colcon_ws/ORB_SLAM3/include/System.h:31,
[35.255s]                  from /home/j/colcon_ws/src/orbslam3_ros2/src/monocular/monocular-slam-node.hpp:9,
[35.255s]                  from /home/j/colcon_ws/src/orbslam3_ros2/src/monocular/monocular-slam-node.cpp:1:
[35.255s] /usr/include/eigen3/Eigen/src/Core/util/Constants.h:167:37: note: declared here
[35.255s]   167 | EIGEN_DEPRECATED const unsigned int AlignedBit = 0x80;
[35.255s]       |                                     ^~~~~~~~~~
[35.255s] In file included from /home/j/colcon_ws/ORB_SLAM3/Thirdparty/g2o/g2o/types/types_six_dof_expmap.h:38,
[35.255s]                  from /home/j/colcon_ws/ORB_SLAM3/include/Converter.h:26,
[35.255s]                  from /home/j/colcon_ws/ORB_SLAM3/include/Frame.h:33,
[35.255s]                  from /home/j/colcon_ws/ORB_SLAM3/include/KeyFrame.h:28,
[35.255s]                  from /home/j/colcon_ws/ORB_SLAM3/include/MapPoint.h:23,
[35.255s]                  from /home/j/colcon_ws/ORB_SLAM3/include/FrameDrawer.h:24,
[35.256s]                  from /home/j/colcon_ws/ORB_SLAM3/include/Viewer.h:23,
[35.256s]                  from /home/j/colcon_ws/ORB_SLAM3/include/Tracking.h:26,
[35.256s]                  from /home/j/colcon_ws/ORB_SLAM3/include/System.h:31,
[35.256s]                  from /home/j/colcon_ws/src/orbslam3_ros2/src/monocular/monocular-slam-node.hpp:9,
[35.256s]                  from /home/j/colcon_ws/src/orbslam3_ros2/src/monocular/monocular-slam-node.cpp:1:
[35.256s] /home/j/colcon_ws/ORB_SLAM3/Thirdparty/g2o/g2o/types/../core/base_binary_edge.h:60:82: warning: ‘Eigen::AlignedBit’ is deprecated [-Wdeprecated-declarations]
[35.256s]    60 |       typedef Eigen::Map<Matrix<double, Dj, Di>, Matrix<double, Dj, Di>::Flags & AlignedBit ? Aligned : Unaligned > HessianBlockTransposedType;
[35.256s]       |                                                                                  ^~~~~~~~~~
[35.256s] In file included from /usr/include/eigen3/Eigen/Core:161,
[35.256s]                  from /usr/include/eigen3/Eigen/LU:11,
[35.256s]                  from /home/j/colcon_ws/ORB_SLAM3/Thirdparty/Sophus/sophus/so2.hpp:12,
[35.256s]                  from /home/j/colcon_ws/ORB_SLAM3/Thirdparty/Sophus/sophus/se2.hpp:7,
[35.257s]                  from /home/j/colcon_ws/ORB_SLAM3/Thirdparty/Sophus/sophus/geometry.hpp:7,
[35.257s]                  from /home/j/colcon_ws/ORB_SLAM3/include/Frame.h:28,
[35.257s]                  from /home/j/colcon_ws/ORB_SLAM3/include/KeyFrame.h:28,
[35.257s]                  from /home/j/colcon_ws/ORB_SLAM3/include/MapPoint.h:23,
[35.257s]                  from /home/j/colcon_ws/ORB_SLAM3/include/FrameDrawer.h:24,
[35.257s]                  from /home/j/colcon_ws/ORB_SLAM3/include/Viewer.h:23,
[35.257s]                  from /home/j/colcon_ws/ORB_SLAM3/include/Tracking.h:26,
[35.257s]                  from /home/j/colcon_ws/ORB_SLAM3/include/System.h:31,
[35.257s]                  from /home/j/colcon_ws/src/orbslam3_ros2/src/monocular/monocular-slam-node.hpp:9,
[35.257s]                  from /home/j/colcon_ws/src/orbslam3_ros2/src/monocular/monocular-slam-node.cpp:1:
[35.257s] /usr/include/eigen3/Eigen/src/Core/util/Constants.h:167:37: note: declared here
[35.258s]   167 | EIGEN_DEPRECATED const unsigned int AlignedBit = 0x80;
[35.258s]       |                                     ^~~~~~~~~~
[35.263s] In file included from /home/j/colcon_ws/ORB_SLAM3/include/Frame.h:30,
[35.263s]                  from /home/j/colcon_ws/ORB_SLAM3/include/KeyFrame.h:28,
[35.263s]                  from /home/j/colcon_ws/ORB_SLAM3/include/MapPoint.h:23,
[35.263s]                  from /home/j/colcon_ws/ORB_SLAM3/include/FrameDrawer.h:24,
[35.264s]                  from /home/j/colcon_ws/ORB_SLAM3/include/Viewer.h:23,
[35.264s]                  from /home/j/colcon_ws/ORB_SLAM3/include/Tracking.h:26,
[35.264s]                  from /home/j/colcon_ws/ORB_SLAM3/include/System.h:31,
[35.264s]                  from /home/j/colcon_ws/src/orbslam3_ros2/src/rgbd/rgbd-slam-node.hpp:18,
[35.264s]                  from /home/j/colcon_ws/src/orbslam3_ros2/src/rgbd/rgbd.cpp:7:
[35.264s] /home/j/colcon_ws/ORB_SLAM3/include/ImuTypes.h: In member function ‘void ORB_SLAM3::IMU::Preintegrated::printMeasurements() const’:
[35.264s] /home/j/colcon_ws/ORB_SLAM3/include/ImuTypes.h:204:23: warning: comparison of integer expressions of different signedness: ‘int’ and ‘std::vector<ORB_SLAM3::IMU::Preintegrated::integrable>::size_type’ {aka ‘long unsigned int’} [-Wsign-compare]
[35.264s]   204 |         for(int i=0; i<mvMeasurements.size(); i++){
[35.264s]       |                      ~^~~~~~~~~~~~~~~~~~~~~~
[35.269s] In file included from /home/j/colcon_ws/ORB_SLAM3/Thirdparty/g2o/g2o/types/types_six_dof_expmap.h:37,
[35.269s]                  from /home/j/colcon_ws/ORB_SLAM3/include/Converter.h:26,
[35.269s]                  from /home/j/colcon_ws/ORB_SLAM3/include/Frame.h:33,
[35.269s]                  from /home/j/colcon_ws/ORB_SLAM3/include/KeyFrame.h:28,
[35.269s]                  from /home/j/colcon_ws/ORB_SLAM3/include/MapPoint.h:23,
[35.269s]                  from /home/j/colcon_ws/ORB_SLAM3/include/FrameDrawer.h:24,
[35.269s]                  from /home/j/colcon_ws/ORB_SLAM3/include/Viewer.h:23,
[35.269s]                  from /home/j/colcon_ws/ORB_SLAM3/include/Tracking.h:26,
[35.269s]                  from /home/j/colcon_ws/ORB_SLAM3/include/System.h:31,
[35.270s]                  from /home/j/colcon_ws/src/orbslam3_ros2/src/rgbd/rgbd-slam-node.hpp:18,
[35.270s]                  from /home/j/colcon_ws/src/orbslam3_ros2/src/rgbd/rgbd-slam-node.cpp:1:
[35.270s] /home/j/colcon_ws/ORB_SLAM3/Thirdparty/g2o/g2o/types/../core/base_vertex.h: At global scope:
[35.270s] /home/j/colcon_ws/ORB_SLAM3/Thirdparty/g2o/g2o/types/../core/base_vertex.h:62:74: warning: ‘Eigen::AlignedBit’ is deprecated [-Wdeprecated-declarations]
[35.270s]    62 |     typedef Eigen::Map<Matrix<double, D, D>, Matrix<double,D,D>::Flags & AlignedBit ? Aligned : Unaligned >  HessianBlockType;
[35.270s]       |                                                                          ^~~~~~~~~~
[35.270s] In file included from /usr/include/eigen3/Eigen/Core:161,
[35.270s]                  from /usr/include/eigen3/Eigen/LU:11,
[35.270s]                  from /home/j/colcon_ws/ORB_SLAM3/Thirdparty/Sophus/sophus/so2.hpp:12,
[35.270s]                  from /home/j/colcon_ws/ORB_SLAM3/Thirdparty/Sophus/sophus/se2.hpp:7,
[35.270s]                  from /home/j/colcon_ws/ORB_SLAM3/Thirdparty/Sophus/sophus/geometry.hpp:7,
[35.271s]                  from /home/j/colcon_ws/ORB_SLAM3/include/Frame.h:28,
[35.271s]                  from /home/j/colcon_ws/ORB_SLAM3/include/KeyFrame.h:28,
[35.271s]                  from /home/j/colcon_ws/ORB_SLAM3/include/MapPoint.h:23,
[35.271s]                  from /home/j/colcon_ws/ORB_SLAM3/include/FrameDrawer.h:24,
[35.271s]                  from /home/j/colcon_ws/ORB_SLAM3/include/Viewer.h:23,
[35.271s]                  from /home/j/colcon_ws/ORB_SLAM3/include/Tracking.h:26,
[35.271s]                  from /home/j/colcon_ws/ORB_SLAM3/include/System.h:31,
[35.271s]                  from /home/j/colcon_ws/src/orbslam3_ros2/src/rgbd/rgbd-slam-node.hpp:18,
[35.271s]                  from /home/j/colcon_ws/src/orbslam3_ros2/src/rgbd/rgbd-slam-node.cpp:1:
[35.271s] /usr/include/eigen3/Eigen/src/Core/util/Constants.h:167:37: note: declared here
[35.271s]   167 | EIGEN_DEPRECATED const unsigned int AlignedBit = 0x80;
[35.272s]       |                                     ^~~~~~~~~~
[35.281s] In file included from /home/j/colcon_ws/ORB_SLAM3/Thirdparty/g2o/g2o/types/types_six_dof_expmap.h:41,
[35.281s]                  from /home/j/colcon_ws/ORB_SLAM3/include/Converter.h:26,
[35.281s]                  from /home/j/colcon_ws/ORB_SLAM3/include/Frame.h:33,
[35.281s]                  from /home/j/colcon_ws/ORB_SLAM3/include/KeyFrame.h:28,
[35.281s]                  from /home/j/colcon_ws/ORB_SLAM3/include/MapPoint.h:23,
[35.281s]                  from /home/j/colcon_ws/ORB_SLAM3/include/FrameDrawer.h:24,
[35.282s]                  from /home/j/colcon_ws/ORB_SLAM3/include/Viewer.h:23,
[35.282s]                  from /home/j/colcon_ws/ORB_SLAM3/include/Tracking.h:26,
[35.282s]                  from /home/j/colcon_ws/ORB_SLAM3/include/System.h:31,
[35.282s]                  from /home/j/colcon_ws/src/orbslam3_ros2/src/monocular/monocular-slam-node.hpp:9,
[35.282s]                  from /home/j/colcon_ws/src/orbslam3_ros2/src/monocular/mono.cpp:7:
[35.282s] /home/j/colcon_ws/ORB_SLAM3/Thirdparty/g2o/g2o/types/se3quat.h:43:38: warning: extra ‘;’ [-Wpedantic]
[35.282s]    43 |       EIGEN_MAKE_ALIGNED_OPERATOR_NEW;
[35.282s]       |                                      ^
[35.282s]       |                                      -
[35.289s] In file included from /home/j/colcon_ws/ORB_SLAM3/Thirdparty/g2o/g2o/types/types_six_dof_expmap.h:41,
[35.289s]                  from /home/j/colcon_ws/ORB_SLAM3/include/Converter.h:26,
[35.289s]                  from /home/j/colcon_ws/ORB_SLAM3/include/Frame.h:33,
[35.289s]                  from /home/j/colcon_ws/ORB_SLAM3/include/KeyFrame.h:28,
[35.289s]                  from /home/j/colcon_ws/ORB_SLAM3/include/MapPoint.h:23,
[35.289s]                  from /home/j/colcon_ws/ORB_SLAM3/include/FrameDrawer.h:24,
[35.289s]                  from /home/j/colcon_ws/ORB_SLAM3/include/Viewer.h:23,
[35.289s]                  from /home/j/colcon_ws/ORB_SLAM3/include/Tracking.h:26,
[35.289s]                  from /home/j/colcon_ws/ORB_SLAM3/include/System.h:31,
[35.289s]                  from /home/j/colcon_ws/src/orbslam3_ros2/src/stereo-inertial/stereo-inertial-node.hpp:10,
[35.290s]                  from /home/j/colcon_ws/src/orbslam3_ros2/src/stereo-inertial/stereo-inertial.cpp:7:
[35.290s] /home/j/colcon_ws/ORB_SLAM3/Thirdparty/g2o/g2o/types/se3quat.h:43:38: warning: extra ‘;’ [-Wpedantic]
[35.290s]    43 |       EIGEN_MAKE_ALIGNED_OPERATOR_NEW;
[35.290s]       |                                      ^
[35.290s]       |                                      -
[35.290s] In file included from /home/j/colcon_ws/ORB_SLAM3/Thirdparty/g2o/g2o/types/types_six_dof_expmap.h:41,
[35.290s]                  from /home/j/colcon_ws/ORB_SLAM3/include/Converter.h:26,
[35.290s]                  from /home/j/colcon_ws/ORB_SLAM3/include/Frame.h:33,
[35.290s]                  from /home/j/colcon_ws/ORB_SLAM3/include/KeyFrame.h:28,
[35.290s]                  from /home/j/colcon_ws/ORB_SLAM3/include/MapPoint.h:23,
[35.291s]                  from /home/j/colcon_ws/ORB_SLAM3/include/FrameDrawer.h:24,
[35.291s]                  from /home/j/colcon_ws/ORB_SLAM3/include/Viewer.h:23,
[35.291s]                  from /home/j/colcon_ws/ORB_SLAM3/include/Tracking.h:26,
[35.291s]                  from /home/j/colcon_ws/ORB_SLAM3/include/System.h:31,
[35.291s]                  from /home/j/colcon_ws/src/orbslam3_ros2/src/stereo-inertial/stereo-inertial-node.hpp:10,
[35.291s]                  from /home/j/colcon_ws/src/orbslam3_ros2/src/stereo-inertial/stereo-inertial-node.cpp:1:
[35.291s] /home/j/colcon_ws/ORB_SLAM3/Thirdparty/g2o/g2o/types/se3quat.h:43:38: warning: extra ‘;’ [-Wpedantic]
[35.291s]    43 |       EIGEN_MAKE_ALIGNED_OPERATOR_NEW;
[35.291s]       |                                      ^
[35.291s]       |                                      -
[35.293s] In file included from /home/j/colcon_ws/ORB_SLAM3/Thirdparty/g2o/g2o/types/types_six_dof_expmap.h:38,
[35.293s]                  from /home/j/colcon_ws/ORB_SLAM3/include/Converter.h:26,
[35.293s]                  from /home/j/colcon_ws/ORB_SLAM3/include/Frame.h:33,
[35.293s]                  from /home/j/colcon_ws/ORB_SLAM3/include/KeyFrame.h:28,
[35.293s]                  from /home/j/colcon_ws/ORB_SLAM3/include/MapPoint.h:23,
[35.293s]                  from /home/j/colcon_ws/ORB_SLAM3/include/FrameDrawer.h:24,
[35.293s]                  from /home/j/colcon_ws/ORB_SLAM3/include/Viewer.h:23,
[35.293s]                  from /home/j/colcon_ws/ORB_SLAM3/include/Tracking.h:26,
[35.293s]                  from /home/j/colcon_ws/ORB_SLAM3/include/System.h:31,
[35.293s]                  from /home/j/colcon_ws/src/orbslam3_ros2/src/rgbd/rgbd-slam-node.hpp:18,
[35.293s]                  from /home/j/colcon_ws/src/orbslam3_ros2/src/rgbd/rgbd-slam-node.cpp:1:
[35.294s] /home/j/colcon_ws/ORB_SLAM3/Thirdparty/g2o/g2o/types/../core/base_binary_edge.h:59:82: warning: ‘Eigen::AlignedBit’ is deprecated [-Wdeprecated-declarations]
[35.294s]    59 |       typedef Eigen::Map<Matrix<double, Di, Dj>, Matrix<double, Di, Dj>::Flags & AlignedBit ? Aligned : Unaligned > HessianBlockType;
[35.294s]       |                                                                                  ^~~~~~~~~~
[35.294s] In file included from /usr/include/eigen3/Eigen/Core:161,
[35.294s]                  from /usr/include/eigen3/Eigen/LU:11,
[35.294s]                  from /home/j/colcon_ws/ORB_SLAM3/Thirdparty/Sophus/sophus/so2.hpp:12,
[35.295s]                  from /home/j/colcon_ws/ORB_SLAM3/Thirdparty/Sophus/sophus/se2.hpp:7,
[35.295s]                  from /home/j/colcon_ws/ORB_SLAM3/Thirdparty/Sophus/sophus/geometry.hpp:7,
[35.295s]                  from /home/j/colcon_ws/ORB_SLAM3/include/Frame.h:28,
[35.295s]                  from /home/j/colcon_ws/ORB_SLAM3/include/KeyFrame.h:28,
[35.295s]                  from /home/j/colcon_ws/ORB_SLAM3/include/MapPoint.h:23,
[35.295s]                  from /home/j/colcon_ws/ORB_SLAM3/include/FrameDrawer.h:24,
[35.295s]                  from /home/j/colcon_ws/ORB_SLAM3/include/Viewer.h:23,
[35.295s]                  from /home/j/colcon_ws/ORB_SLAM3/include/Tracking.h:26,
[35.295s]                  from /home/j/colcon_ws/ORB_SLAM3/include/System.h:31,
[35.295s]                  from /home/j/colcon_ws/src/orbslam3_ros2/src/rgbd/rgbd-slam-node.hpp:18,
[35.296s]                  from /home/j/colcon_ws/src/orbslam3_ros2/src/rgbd/rgbd-slam-node.cpp:1:
[35.296s] /usr/include/eigen3/Eigen/src/Core/util/Constants.h:167:37: note: declared here
[35.296s]   167 | EIGEN_DEPRECATED const unsigned int AlignedBit = 0x80;
[35.296s]       |                                     ^~~~~~~~~~
[35.296s] In file included from /home/j/colcon_ws/ORB_SLAM3/Thirdparty/g2o/g2o/types/types_six_dof_expmap.h:38,
[35.296s]                  from /home/j/colcon_ws/ORB_SLAM3/include/Converter.h:26,
[35.296s]                  from /home/j/colcon_ws/ORB_SLAM3/include/Frame.h:33,
[35.296s]                  from /home/j/colcon_ws/ORB_SLAM3/include/KeyFrame.h:28,
[35.296s]                  from /home/j/colcon_ws/ORB_SLAM3/include/MapPoint.h:23,
[35.296s]                  from /home/j/colcon_ws/ORB_SLAM3/include/FrameDrawer.h:24,
[35.297s]                  from /home/j/colcon_ws/ORB_SLAM3/include/Viewer.h:23,
[35.297s]                  from /home/j/colcon_ws/ORB_SLAM3/include/Tracking.h:26,
[35.297s]                  from /home/j/colcon_ws/ORB_SLAM3/include/System.h:31,
[35.297s]                  from /home/j/colcon_ws/src/orbslam3_ros2/src/rgbd/rgbd-slam-node.hpp:18,
[35.297s]                  from /home/j/colcon_ws/src/orbslam3_ros2/src/rgbd/rgbd-slam-node.cpp:1:
[35.297s] /home/j/colcon_ws/ORB_SLAM3/Thirdparty/g2o/g2o/types/../core/base_binary_edge.h:60:82: warning: ‘Eigen::AlignedBit’ is deprecated [-Wdeprecated-declarations]
[35.297s]    60 |       typedef Eigen::Map<Matrix<double, Dj, Di>, Matrix<double, Dj, Di>::Flags & AlignedBit ? Aligned : Unaligned > HessianBlockTransposedType;
[35.297s]       |                                                                                  ^~~~~~~~~~
[35.297s] In file included from /usr/include/eigen3/Eigen/Core:161,
[35.297s]                  from /usr/include/eigen3/Eigen/LU:11,
[35.298s]                  from /home/j/colcon_ws/ORB_SLAM3/Thirdparty/Sophus/sophus/so2.hpp:12,
[35.298s]                  from /home/j/colcon_ws/ORB_SLAM3/Thirdparty/Sophus/sophus/se2.hpp:7,
[35.298s]                  from /home/j/colcon_ws/ORB_SLAM3/Thirdparty/Sophus/sophus/geometry.hpp:7,
[35.298s]                  from /home/j/colcon_ws/ORB_SLAM3/include/Frame.h:28,
[35.298s]                  from /home/j/colcon_ws/ORB_SLAM3/include/KeyFrame.h:28,
[35.298s]                  from /home/j/colcon_ws/ORB_SLAM3/include/MapPoint.h:23,
[35.298s]                  from /home/j/colcon_ws/ORB_SLAM3/include/FrameDrawer.h:24,
[35.298s]                  from /home/j/colcon_ws/ORB_SLAM3/include/Viewer.h:23,
[35.298s]                  from /home/j/colcon_ws/ORB_SLAM3/include/Tracking.h:26,
[35.298s]                  from /home/j/colcon_ws/ORB_SLAM3/include/System.h:31,
[35.298s]                  from /home/j/colcon_ws/src/orbslam3_ros2/src/rgbd/rgbd-slam-node.hpp:18,
[35.299s]                  from /home/j/colcon_ws/src/orbslam3_ros2/src/rgbd/rgbd-slam-node.cpp:1:
[35.299s] /usr/include/eigen3/Eigen/src/Core/util/Constants.h:167:37: note: declared here
[35.299s]   167 | EIGEN_DEPRECATED const unsigned int AlignedBit = 0x80;
[35.299s]       |                                     ^~~~~~~~~~
[35.299s] In file included from /home/j/colcon_ws/ORB_SLAM3/Thirdparty/g2o/g2o/types/types_six_dof_expmap.h:41,
[35.299s]                  from /home/j/colcon_ws/ORB_SLAM3/include/Converter.h:26,
[35.299s]                  from /home/j/colcon_ws/ORB_SLAM3/include/Frame.h:33,
[35.299s]                  from /home/j/colcon_ws/ORB_SLAM3/include/KeyFrame.h:28,
[35.299s]                  from /home/j/colcon_ws/ORB_SLAM3/include/MapPoint.h:23,
[35.299s]                  from /home/j/colcon_ws/ORB_SLAM3/include/FrameDrawer.h:24,
[35.300s]                  from /home/j/colcon_ws/ORB_SLAM3/include/Viewer.h:23,
[35.300s]                  from /home/j/colcon_ws/ORB_SLAM3/include/Tracking.h:26,
[35.300s]                  from /home/j/colcon_ws/ORB_SLAM3/include/System.h:31,
[35.300s]                  from /home/j/colcon_ws/src/orbslam3_ros2/src/monocular/monocular-slam-node.hpp:9,
[35.300s]                  from /home/j/colcon_ws/src/orbslam3_ros2/src/monocular/monocular-slam-node.cpp:1:
[35.300s] /home/j/colcon_ws/ORB_SLAM3/Thirdparty/g2o/g2o/types/se3quat.h:43:38: warning: extra ‘;’ [-Wpedantic]
[35.300s]    43 |       EIGEN_MAKE_ALIGNED_OPERATOR_NEW;
[35.300s]       |                                      ^
[35.300s]       |                                      -
[35.308s] In file included from /home/j/colcon_ws/ORB_SLAM3/include/Frame.h:30,
[35.308s]                  from /home/j/colcon_ws/ORB_SLAM3/include/KeyFrame.h:28,
[35.308s]                  from /home/j/colcon_ws/ORB_SLAM3/include/MapPoint.h:23,
[35.308s]                  from /home/j/colcon_ws/ORB_SLAM3/include/FrameDrawer.h:24,
[35.308s]                  from /home/j/colcon_ws/ORB_SLAM3/include/Viewer.h:23,
[35.308s]                  from /home/j/colcon_ws/ORB_SLAM3/include/Tracking.h:26,
[35.308s]                  from /home/j/colcon_ws/ORB_SLAM3/include/System.h:31,
[35.308s]                  from /home/j/colcon_ws/src/orbslam3_ros2/src/stereo/stereo-slam-node.hpp:13,
[35.308s]                  from /home/j/colcon_ws/src/orbslam3_ros2/src/stereo/stereo.cpp:7:
[35.308s] /home/j/colcon_ws/ORB_SLAM3/include/ImuTypes.h: In member function ‘void ORB_SLAM3::IMU::Preintegrated::printMeasurements() const’:
[35.309s] /home/j/colcon_ws/ORB_SLAM3/include/ImuTypes.h:204:23: warning: comparison of integer expressions of different signedness: ‘int’ and ‘std::vector<ORB_SLAM3::IMU::Preintegrated::integrable>::size_type’ {aka ‘long unsigned int’} [-Wsign-compare]
[35.309s]   204 |         for(int i=0; i<mvMeasurements.size(); i++){
[35.309s]       |                      ~^~~~~~~~~~~~~~~~~~~~~~
[35.341s] In file included from /home/j/colcon_ws/ORB_SLAM3/Thirdparty/g2o/g2o/types/types_six_dof_expmap.h:41,
[35.341s]                  from /home/j/colcon_ws/ORB_SLAM3/include/Converter.h:26,
[35.341s]                  from /home/j/colcon_ws/ORB_SLAM3/include/Frame.h:33,
[35.341s]                  from /home/j/colcon_ws/ORB_SLAM3/include/KeyFrame.h:28,
[35.342s]                  from /home/j/colcon_ws/ORB_SLAM3/include/MapPoint.h:23,
[35.342s]                  from /home/j/colcon_ws/ORB_SLAM3/include/FrameDrawer.h:24,
[35.342s]                  from /home/j/colcon_ws/ORB_SLAM3/include/Viewer.h:23,
[35.342s]                  from /home/j/colcon_ws/ORB_SLAM3/include/Tracking.h:26,
[35.342s]                  from /home/j/colcon_ws/ORB_SLAM3/include/System.h:31,
[35.342s]                  from /home/j/colcon_ws/src/orbslam3_ros2/src/rgbd/rgbd-slam-node.hpp:18,
[35.342s]                  from /home/j/colcon_ws/src/orbslam3_ros2/src/rgbd/rgbd-slam-node.cpp:1:
[35.342s] /home/j/colcon_ws/ORB_SLAM3/Thirdparty/g2o/g2o/types/se3quat.h:43:38: warning: extra ‘;’ [-Wpedantic]
[35.342s]    43 |       EIGEN_MAKE_ALIGNED_OPERATOR_NEW;
[35.342s]       |                                      ^
[35.342s]       |                                      -
[35.358s] In file included from /home/j/colcon_ws/ORB_SLAM3/include/Frame.h:30,
[35.358s]                  from /home/j/colcon_ws/ORB_SLAM3/include/KeyFrame.h:28,
[35.358s]                  from /home/j/colcon_ws/ORB_SLAM3/include/MapPoint.h:23,
[35.358s]                  from /home/j/colcon_ws/ORB_SLAM3/include/FrameDrawer.h:24,
[35.358s]                  from /home/j/colcon_ws/ORB_SLAM3/include/Viewer.h:23,
[35.358s]                  from /home/j/colcon_ws/ORB_SLAM3/include/Tracking.h:26,
[35.359s]                  from /home/j/colcon_ws/ORB_SLAM3/include/System.h:31,
[35.359s]                  from /home/j/colcon_ws/src/orbslam3_ros2/src/stereo/stereo-slam-node.hpp:13,
[35.359s]                  from /home/j/colcon_ws/src/orbslam3_ros2/src/stereo/stereo-slam-node.cpp:1:
[35.359s] /home/j/colcon_ws/ORB_SLAM3/include/ImuTypes.h: In member function ‘void ORB_SLAM3::IMU::Preintegrated::printMeasurements() const’:
[35.359s] /home/j/colcon_ws/ORB_SLAM3/include/ImuTypes.h:204:23: warning: comparison of integer expressions of different signedness: ‘int’ and ‘std::vector<ORB_SLAM3::IMU::Preintegrated::integrable>::size_type’ {aka ‘long unsigned int’} [-Wsign-compare]
[35.359s]   204 |         for(int i=0; i<mvMeasurements.size(); i++){
[35.359s]       |                      ~^~~~~~~~~~~~~~~~~~~~~~
[35.360s] In file included from /home/j/colcon_ws/ORB_SLAM3/Thirdparty/g2o/g2o/types/types_six_dof_expmap.h:37,
[35.360s]                  from /home/j/colcon_ws/ORB_SLAM3/include/Converter.h:26,
[35.360s]                  from /home/j/colcon_ws/ORB_SLAM3/include/Frame.h:33,
[35.360s]                  from /home/j/colcon_ws/ORB_SLAM3/include/KeyFrame.h:28,
[35.360s]                  from /home/j/colcon_ws/ORB_SLAM3/include/MapPoint.h:23,
[35.360s]                  from /home/j/colcon_ws/ORB_SLAM3/include/FrameDrawer.h:24,
[35.360s]                  from /home/j/colcon_ws/ORB_SLAM3/include/Viewer.h:23,
[35.360s]                  from /home/j/colcon_ws/ORB_SLAM3/include/Tracking.h:26,
[35.360s]                  from /home/j/colcon_ws/ORB_SLAM3/include/System.h:31,
[35.360s]                  from /home/j/colcon_ws/src/orbslam3_ros2/src/rgbd/rgbd-slam-node.hpp:18,
[35.360s]                  from /home/j/colcon_ws/src/orbslam3_ros2/src/rgbd/rgbd.cpp:7:
[35.361s] /home/j/colcon_ws/ORB_SLAM3/Thirdparty/g2o/g2o/types/../core/base_vertex.h: At global scope:
[35.361s] /home/j/colcon_ws/ORB_SLAM3/Thirdparty/g2o/g2o/types/../core/base_vertex.h:62:74: warning: ‘Eigen::AlignedBit’ is deprecated [-Wdeprecated-declarations]
[35.361s]    62 |     typedef Eigen::Map<Matrix<double, D, D>, Matrix<double,D,D>::Flags & AlignedBit ? Aligned : Unaligned >  HessianBlockType;
[35.361s]       |                                                                          ^~~~~~~~~~
[35.361s] In file included from /usr/include/eigen3/Eigen/Core:161,
[35.361s]                  from /usr/include/eigen3/Eigen/LU:11,
[35.361s]                  from /home/j/colcon_ws/ORB_SLAM3/Thirdparty/Sophus/sophus/so2.hpp:12,
[35.361s]                  from /home/j/colcon_ws/ORB_SLAM3/Thirdparty/Sophus/sophus/se2.hpp:7,
[35.361s]                  from /home/j/colcon_ws/ORB_SLAM3/Thirdparty/Sophus/sophus/geometry.hpp:7,
[35.361s]                  from /home/j/colcon_ws/ORB_SLAM3/include/Frame.h:28,
[35.361s]                  from /home/j/colcon_ws/ORB_SLAM3/include/KeyFrame.h:28,
[35.362s]                  from /home/j/colcon_ws/ORB_SLAM3/include/MapPoint.h:23,
[35.362s]                  from /home/j/colcon_ws/ORB_SLAM3/include/FrameDrawer.h:24,
[35.362s]                  from /home/j/colcon_ws/ORB_SLAM3/include/Viewer.h:23,
[35.362s]                  from /home/j/colcon_ws/ORB_SLAM3/include/Tracking.h:26,
[35.362s]                  from /home/j/colcon_ws/ORB_SLAM3/include/System.h:31,
[35.362s]                  from /home/j/colcon_ws/src/orbslam3_ros2/src/rgbd/rgbd-slam-node.hpp:18,
[35.362s]                  from /home/j/colcon_ws/src/orbslam3_ros2/src/rgbd/rgbd.cpp:7:
[35.362s] /usr/include/eigen3/Eigen/src/Core/util/Constants.h:167:37: note: declared here
[35.362s]   167 | EIGEN_DEPRECATED const unsigned int AlignedBit = 0x80;
[35.362s]       |                                     ^~~~~~~~~~
[35.383s] In file included from /home/j/colcon_ws/ORB_SLAM3/Thirdparty/g2o/g2o/types/types_six_dof_expmap.h:38,
[35.383s]                  from /home/j/colcon_ws/ORB_SLAM3/include/Converter.h:26,
[35.383s]                  from /home/j/colcon_ws/ORB_SLAM3/include/Frame.h:33,
[35.383s]                  from /home/j/colcon_ws/ORB_SLAM3/include/KeyFrame.h:28,
[35.383s]                  from /home/j/colcon_ws/ORB_SLAM3/include/MapPoint.h:23,
[35.383s]                  from /home/j/colcon_ws/ORB_SLAM3/include/FrameDrawer.h:24,
[35.383s]                  from /home/j/colcon_ws/ORB_SLAM3/include/Viewer.h:23,
[35.383s]                  from /home/j/colcon_ws/ORB_SLAM3/include/Tracking.h:26,
[35.383s]                  from /home/j/colcon_ws/ORB_SLAM3/include/System.h:31,
[35.384s]                  from /home/j/colcon_ws/src/orbslam3_ros2/src/rgbd/rgbd-slam-node.hpp:18,
[35.384s]                  from /home/j/colcon_ws/src/orbslam3_ros2/src/rgbd/rgbd.cpp:7:
[35.384s] /home/j/colcon_ws/ORB_SLAM3/Thirdparty/g2o/g2o/types/../core/base_binary_edge.h:59:82: warning: ‘Eigen::AlignedBit’ is deprecated [-Wdeprecated-declarations]
[35.384s]    59 |       typedef Eigen::Map<Matrix<double, Di, Dj>, Matrix<double, Di, Dj>::Flags & AlignedBit ? Aligned : Unaligned > HessianBlockType;
[35.384s]       |                                                                                  ^~~~~~~~~~
[35.384s] In file included from /usr/include/eigen3/Eigen/Core:161,
[35.384s]                  from /usr/include/eigen3/Eigen/LU:11,
[35.384s]                  from /home/j/colcon_ws/ORB_SLAM3/Thirdparty/Sophus/sophus/so2.hpp:12,
[35.384s]                  from /home/j/colcon_ws/ORB_SLAM3/Thirdparty/Sophus/sophus/se2.hpp:7,
[35.384s]                  from /home/j/colcon_ws/ORB_SLAM3/Thirdparty/Sophus/sophus/geometry.hpp:7,
[35.384s]                  from /home/j/colcon_ws/ORB_SLAM3/include/Frame.h:28,
[35.385s]                  from /home/j/colcon_ws/ORB_SLAM3/include/KeyFrame.h:28,
[35.385s]                  from /home/j/colcon_ws/ORB_SLAM3/include/MapPoint.h:23,
[35.385s]                  from /home/j/colcon_ws/ORB_SLAM3/include/FrameDrawer.h:24,
[35.385s]                  from /home/j/colcon_ws/ORB_SLAM3/include/Viewer.h:23,
[35.385s]                  from /home/j/colcon_ws/ORB_SLAM3/include/Tracking.h:26,
[35.385s]                  from /home/j/colcon_ws/ORB_SLAM3/include/System.h:31,
[35.385s]                  from /home/j/colcon_ws/src/orbslam3_ros2/src/rgbd/rgbd-slam-node.hpp:18,
[35.385s]                  from /home/j/colcon_ws/src/orbslam3_ros2/src/rgbd/rgbd.cpp:7:
[35.385s] /usr/include/eigen3/Eigen/src/Core/util/Constants.h:167:37: note: declared here
[35.385s]   167 | EIGEN_DEPRECATED const unsigned int AlignedBit = 0x80;
[35.385s]       |                                     ^~~~~~~~~~
[35.386s] In file included from /home/j/colcon_ws/ORB_SLAM3/Thirdparty/g2o/g2o/types/types_six_dof_expmap.h:38,
[35.386s]                  from /home/j/colcon_ws/ORB_SLAM3/include/Converter.h:26,
[35.386s]                  from /home/j/colcon_ws/ORB_SLAM3/include/Frame.h:33,
[35.386s]                  from /home/j/colcon_ws/ORB_SLAM3/include/KeyFrame.h:28,
[35.386s]                  from /home/j/colcon_ws/ORB_SLAM3/include/MapPoint.h:23,
[35.386s]                  from /home/j/colcon_ws/ORB_SLAM3/include/FrameDrawer.h:24,
[35.386s]                  from /home/j/colcon_ws/ORB_SLAM3/include/Viewer.h:23,
[35.386s]                  from /home/j/colcon_ws/ORB_SLAM3/include/Tracking.h:26,
[35.386s]                  from /home/j/colcon_ws/ORB_SLAM3/include/System.h:31,
[35.386s]                  from /home/j/colcon_ws/src/orbslam3_ros2/src/rgbd/rgbd-slam-node.hpp:18,
[35.386s]                  from /home/j/colcon_ws/src/orbslam3_ros2/src/rgbd/rgbd.cpp:7:
[35.387s] /home/j/colcon_ws/ORB_SLAM3/Thirdparty/g2o/g2o/types/../core/base_binary_edge.h:60:82: warning: ‘Eigen::AlignedBit’ is deprecated [-Wdeprecated-declarations]
[35.387s]    60 |       typedef Eigen::Map<Matrix<double, Dj, Di>, Matrix<double, Dj, Di>::Flags & AlignedBit ? Aligned : Unaligned > HessianBlockTransposedType;
[35.387s]       |                                                                                  ^~~~~~~~~~
[35.387s] In file included from /usr/include/eigen3/Eigen/Core:161,
[35.387s]                  from /usr/include/eigen3/Eigen/LU:11,
[35.387s]                  from /home/j/colcon_ws/ORB_SLAM3/Thirdparty/Sophus/sophus/so2.hpp:12,
[35.387s]                  from /home/j/colcon_ws/ORB_SLAM3/Thirdparty/Sophus/sophus/se2.hpp:7,
[35.387s]                  from /home/j/colcon_ws/ORB_SLAM3/Thirdparty/Sophus/sophus/geometry.hpp:7,
[35.387s]                  from /home/j/colcon_ws/ORB_SLAM3/include/Frame.h:28,
[35.387s]                  from /home/j/colcon_ws/ORB_SLAM3/include/KeyFrame.h:28,
[35.388s]                  from /home/j/colcon_ws/ORB_SLAM3/include/MapPoint.h:23,
[35.388s]                  from /home/j/colcon_ws/ORB_SLAM3/include/FrameDrawer.h:24,
[35.388s]                  from /home/j/colcon_ws/ORB_SLAM3/include/Viewer.h:23,
[35.388s]                  from /home/j/colcon_ws/ORB_SLAM3/include/Tracking.h:26,
[35.388s]                  from /home/j/colcon_ws/ORB_SLAM3/include/System.h:31,
[35.388s]                  from /home/j/colcon_ws/src/orbslam3_ros2/src/rgbd/rgbd-slam-node.hpp:18,
[35.388s]                  from /home/j/colcon_ws/src/orbslam3_ros2/src/rgbd/rgbd.cpp:7:
[35.388s] /usr/include/eigen3/Eigen/src/Core/util/Constants.h:167:37: note: declared here
[35.388s]   167 | EIGEN_DEPRECATED const unsigned int AlignedBit = 0x80;
[35.388s]       |                                     ^~~~~~~~~~
[35.401s] In file included from /home/j/colcon_ws/ORB_SLAM3/Thirdparty/g2o/g2o/types/types_six_dof_expmap.h:37,
[35.401s]                  from /home/j/colcon_ws/ORB_SLAM3/include/Converter.h:26,
[35.401s]                  from /home/j/colcon_ws/ORB_SLAM3/include/Frame.h:33,
[35.401s]                  from /home/j/colcon_ws/ORB_SLAM3/include/KeyFrame.h:28,
[35.401s]                  from /home/j/colcon_ws/ORB_SLAM3/include/MapPoint.h:23,
[35.401s]                  from /home/j/colcon_ws/ORB_SLAM3/include/FrameDrawer.h:24,
[35.401s]                  from /home/j/colcon_ws/ORB_SLAM3/include/Viewer.h:23,
[35.401s]                  from /home/j/colcon_ws/ORB_SLAM3/include/Tracking.h:26,
[35.401s]                  from /home/j/colcon_ws/ORB_SLAM3/include/System.h:31,
[35.401s]                  from /home/j/colcon_ws/src/orbslam3_ros2/src/stereo/stereo-slam-node.hpp:13,
[35.401s]                  from /home/j/colcon_ws/src/orbslam3_ros2/src/stereo/stereo.cpp:7:
[35.401s] /home/j/colcon_ws/ORB_SLAM3/Thirdparty/g2o/g2o/types/../core/base_vertex.h: At global scope:
[35.401s] /home/j/colcon_ws/ORB_SLAM3/Thirdparty/g2o/g2o/types/../core/base_vertex.h:62:74: warning: ‘Eigen::AlignedBit’ is deprecated [-Wdeprecated-declarations]
[35.402s]    62 |     typedef Eigen::Map<Matrix<double, D, D>, Matrix<double,D,D>::Flags & AlignedBit ? Aligned : Unaligned >  HessianBlockType;
[35.402s]       |                                                                          ^~~~~~~~~~
[35.402s] In file included from /usr/include/eigen3/Eigen/Core:161,
[35.402s]                  from /usr/include/eigen3/Eigen/LU:11,
[35.402s]                  from /home/j/colcon_ws/ORB_SLAM3/Thirdparty/Sophus/sophus/so2.hpp:12,
[35.402s]                  from /home/j/colcon_ws/ORB_SLAM3/Thirdparty/Sophus/sophus/se2.hpp:7,
[35.402s]                  from /home/j/colcon_ws/ORB_SLAM3/Thirdparty/Sophus/sophus/geometry.hpp:7,
[35.402s]                  from /home/j/colcon_ws/ORB_SLAM3/include/Frame.h:28,
[35.402s]                  from /home/j/colcon_ws/ORB_SLAM3/include/KeyFrame.h:28,
[35.402s]                  from /home/j/colcon_ws/ORB_SLAM3/include/MapPoint.h:23,
[35.402s]                  from /home/j/colcon_ws/ORB_SLAM3/include/FrameDrawer.h:24,
[35.402s]                  from /home/j/colcon_ws/ORB_SLAM3/include/Viewer.h:23,
[35.402s]                  from /home/j/colcon_ws/ORB_SLAM3/include/Tracking.h:26,
[35.402s]                  from /home/j/colcon_ws/ORB_SLAM3/include/System.h:31,
[35.402s]                  from /home/j/colcon_ws/src/orbslam3_ros2/src/stereo/stereo-slam-node.hpp:13,
[35.402s]                  from /home/j/colcon_ws/src/orbslam3_ros2/src/stereo/stereo.cpp:7:
[35.402s] /usr/include/eigen3/Eigen/src/Core/util/Constants.h:167:37: note: declared here
[35.402s]   167 | EIGEN_DEPRECATED const unsigned int AlignedBit = 0x80;
[35.402s]       |                                     ^~~~~~~~~~
[35.424s] In file included from /home/j/colcon_ws/ORB_SLAM3/Thirdparty/g2o/g2o/types/types_six_dof_expmap.h:38,
[35.424s]                  from /home/j/colcon_ws/ORB_SLAM3/include/Converter.h:26,
[35.424s]                  from /home/j/colcon_ws/ORB_SLAM3/include/Frame.h:33,
[35.424s]                  from /home/j/colcon_ws/ORB_SLAM3/include/KeyFrame.h:28,
[35.424s]                  from /home/j/colcon_ws/ORB_SLAM3/include/MapPoint.h:23,
[35.424s]                  from /home/j/colcon_ws/ORB_SLAM3/include/FrameDrawer.h:24,
[35.424s]                  from /home/j/colcon_ws/ORB_SLAM3/include/Viewer.h:23,
[35.425s]                  from /home/j/colcon_ws/ORB_SLAM3/include/Tracking.h:26,
[35.425s]                  from /home/j/colcon_ws/ORB_SLAM3/include/System.h:31,
[35.425s]                  from /home/j/colcon_ws/src/orbslam3_ros2/src/stereo/stereo-slam-node.hpp:13,
[35.425s]                  from /home/j/colcon_ws/src/orbslam3_ros2/src/stereo/stereo.cpp:7:
[35.425s] /home/j/colcon_ws/ORB_SLAM3/Thirdparty/g2o/g2o/types/../core/base_binary_edge.h:59:82: warning: ‘Eigen::AlignedBit’ is deprecated [-Wdeprecated-declarations]
[35.425s]    59 |       typedef Eigen::Map<Matrix<double, Di, Dj>, Matrix<double, Di, Dj>::Flags & AlignedBit ? Aligned : Unaligned > HessianBlockType;
[35.425s]       |                                                                                  ^~~~~~~~~~
[35.425s] In file included from /usr/include/eigen3/Eigen/Core:161,
[35.425s]                  from /usr/include/eigen3/Eigen/LU:11,
[35.425s]                  from /home/j/colcon_ws/ORB_SLAM3/Thirdparty/Sophus/sophus/so2.hpp:12,
[35.425s]                  from /home/j/colcon_ws/ORB_SLAM3/Thirdparty/Sophus/sophus/se2.hpp:7,
[35.426s]                  from /home/j/colcon_ws/ORB_SLAM3/Thirdparty/Sophus/sophus/geometry.hpp:7,
[35.426s]                  from /home/j/colcon_ws/ORB_SLAM3/include/Frame.h:28,
[35.426s]                  from /home/j/colcon_ws/ORB_SLAM3/include/KeyFrame.h:28,
[35.426s]                  from /home/j/colcon_ws/ORB_SLAM3/include/MapPoint.h:23,
[35.426s]                  from /home/j/colcon_ws/ORB_SLAM3/include/FrameDrawer.h:24,
[35.426s]                  from /home/j/colcon_ws/ORB_SLAM3/include/Viewer.h:23,
[35.426s]                  from /home/j/colcon_ws/ORB_SLAM3/include/Tracking.h:26,
[35.426s]                  from /home/j/colcon_ws/ORB_SLAM3/include/System.h:31,
[35.426s]                  from /home/j/colcon_ws/src/orbslam3_ros2/src/stereo/stereo-slam-node.hpp:13,
[35.426s]                  from /home/j/colcon_ws/src/orbslam3_ros2/src/stereo/stereo.cpp:7:
[35.426s] /usr/include/eigen3/Eigen/src/Core/util/Constants.h:167:37: note: declared here
[35.427s]   167 | EIGEN_DEPRECATED const unsigned int AlignedBit = 0x80;
[35.427s]       |                                     ^~~~~~~~~~
[35.427s] In file included from /home/j/colcon_ws/ORB_SLAM3/Thirdparty/g2o/g2o/types/types_six_dof_expmap.h:38,
[35.427s]                  from /home/j/colcon_ws/ORB_SLAM3/include/Converter.h:26,
[35.427s]                  from /home/j/colcon_ws/ORB_SLAM3/include/Frame.h:33,
[35.427s]                  from /home/j/colcon_ws/ORB_SLAM3/include/KeyFrame.h:28,
[35.427s]                  from /home/j/colcon_ws/ORB_SLAM3/include/MapPoint.h:23,
[35.427s]                  from /home/j/colcon_ws/ORB_SLAM3/include/FrameDrawer.h:24,
[35.427s]                  from /home/j/colcon_ws/ORB_SLAM3/include/Viewer.h:23,
[35.427s]                  from /home/j/colcon_ws/ORB_SLAM3/include/Tracking.h:26,
[35.427s]                  from /home/j/colcon_ws/ORB_SLAM3/include/System.h:31,
[35.427s]                  from /home/j/colcon_ws/src/orbslam3_ros2/src/stereo/stereo-slam-node.hpp:13,
[35.428s]                  from /home/j/colcon_ws/src/orbslam3_ros2/src/stereo/stereo.cpp:7:
[35.428s] /home/j/colcon_ws/ORB_SLAM3/Thirdparty/g2o/g2o/types/../core/base_binary_edge.h:60:82: warning: ‘Eigen::AlignedBit’ is deprecated [-Wdeprecated-declarations]
[35.428s]    60 |       typedef Eigen::Map<Matrix<double, Dj, Di>, Matrix<double, Dj, Di>::Flags & AlignedBit ? Aligned : Unaligned > HessianBlockTransposedType;
[35.428s]       |                                                                                  ^~~~~~~~~~
[35.428s] In file included from /usr/include/eigen3/Eigen/Core:161,
[35.428s]                  from /usr/include/eigen3/Eigen/LU:11,
[35.428s]                  from /home/j/colcon_ws/ORB_SLAM3/Thirdparty/Sophus/sophus/so2.hpp:12,
[35.428s]                  from /home/j/colcon_ws/ORB_SLAM3/Thirdparty/Sophus/sophus/se2.hpp:7,
[35.428s]                  from /home/j/colcon_ws/ORB_SLAM3/Thirdparty/Sophus/sophus/geometry.hpp:7,
[35.428s]                  from /home/j/colcon_ws/ORB_SLAM3/include/Frame.h:28,
[35.428s]                  from /home/j/colcon_ws/ORB_SLAM3/include/KeyFrame.h:28,
[35.429s]                  from /home/j/colcon_ws/ORB_SLAM3/include/MapPoint.h:23,
[35.429s]                  from /home/j/colcon_ws/ORB_SLAM3/include/FrameDrawer.h:24,
[35.429s]                  from /home/j/colcon_ws/ORB_SLAM3/include/Viewer.h:23,
[35.429s]                  from /home/j/colcon_ws/ORB_SLAM3/include/Tracking.h:26,
[35.429s]                  from /home/j/colcon_ws/ORB_SLAM3/include/System.h:31,
[35.429s]                  from /home/j/colcon_ws/src/orbslam3_ros2/src/stereo/stereo-slam-node.hpp:13,
[35.429s]                  from /home/j/colcon_ws/src/orbslam3_ros2/src/stereo/stereo.cpp:7:
[35.429s] /usr/include/eigen3/Eigen/src/Core/util/Constants.h:167:37: note: declared here
[35.429s]   167 | EIGEN_DEPRECATED const unsigned int AlignedBit = 0x80;
[35.429s]       |                                     ^~~~~~~~~~
[35.431s] In file included from /home/j/colcon_ws/ORB_SLAM3/Thirdparty/g2o/g2o/types/types_six_dof_expmap.h:41,
[35.431s]                  from /home/j/colcon_ws/ORB_SLAM3/include/Converter.h:26,
[35.431s]                  from /home/j/colcon_ws/ORB_SLAM3/include/Frame.h:33,
[35.431s]                  from /home/j/colcon_ws/ORB_SLAM3/include/KeyFrame.h:28,
[35.431s]                  from /home/j/colcon_ws/ORB_SLAM3/include/MapPoint.h:23,
[35.432s]                  from /home/j/colcon_ws/ORB_SLAM3/include/FrameDrawer.h:24,
[35.432s]                  from /home/j/colcon_ws/ORB_SLAM3/include/Viewer.h:23,
[35.432s]                  from /home/j/colcon_ws/ORB_SLAM3/include/Tracking.h:26,
[35.432s]                  from /home/j/colcon_ws/ORB_SLAM3/include/System.h:31,
[35.432s]                  from /home/j/colcon_ws/src/orbslam3_ros2/src/rgbd/rgbd-slam-node.hpp:18,
[35.432s]                  from /home/j/colcon_ws/src/orbslam3_ros2/src/rgbd/rgbd.cpp:7:
[35.432s] /home/j/colcon_ws/ORB_SLAM3/Thirdparty/g2o/g2o/types/se3quat.h:43:38: warning: extra ‘;’ [-Wpedantic]
[35.432s]    43 |       EIGEN_MAKE_ALIGNED_OPERATOR_NEW;
[35.432s]       |                                      ^
[35.432s]       |                                      -
[35.456s] In file included from /home/j/colcon_ws/ORB_SLAM3/Thirdparty/g2o/g2o/types/types_six_dof_expmap.h:37,
[35.456s]                  from /home/j/colcon_ws/ORB_SLAM3/include/Converter.h:26,
[35.456s]                  from /home/j/colcon_ws/ORB_SLAM3/include/Frame.h:33,
[35.456s]                  from /home/j/colcon_ws/ORB_SLAM3/include/KeyFrame.h:28,
[35.456s]                  from /home/j/colcon_ws/ORB_SLAM3/include/MapPoint.h:23,
[35.457s]                  from /home/j/colcon_ws/ORB_SLAM3/include/FrameDrawer.h:24,
[35.457s]                  from /home/j/colcon_ws/ORB_SLAM3/include/Viewer.h:23,
[35.457s]                  from /home/j/colcon_ws/ORB_SLAM3/include/Tracking.h:26,
[35.457s]                  from /home/j/colcon_ws/ORB_SLAM3/include/System.h:31,
[35.457s]                  from /home/j/colcon_ws/src/orbslam3_ros2/src/stereo/stereo-slam-node.hpp:13,
[35.457s]                  from /home/j/colcon_ws/src/orbslam3_ros2/src/stereo/stereo-slam-node.cpp:1:
[35.457s] /home/j/colcon_ws/ORB_SLAM3/Thirdparty/g2o/g2o/types/../core/base_vertex.h: At global scope:
[35.457s] /home/j/colcon_ws/ORB_SLAM3/Thirdparty/g2o/g2o/types/../core/base_vertex.h:62:74: warning: ‘Eigen::AlignedBit’ is deprecated [-Wdeprecated-declarations]
[35.457s]    62 |     typedef Eigen::Map<Matrix<double, D, D>, Matrix<double,D,D>::Flags & AlignedBit ? Aligned : Unaligned >  HessianBlockType;
[35.457s]       |                                                                          ^~~~~~~~~~
[35.457s] In file included from /usr/include/eigen3/Eigen/Core:161,
[35.458s]                  from /usr/include/eigen3/Eigen/LU:11,
[35.458s]                  from /home/j/colcon_ws/ORB_SLAM3/Thirdparty/Sophus/sophus/so2.hpp:12,
[35.458s]                  from /home/j/colcon_ws/ORB_SLAM3/Thirdparty/Sophus/sophus/se2.hpp:7,
[35.458s]                  from /home/j/colcon_ws/ORB_SLAM3/Thirdparty/Sophus/sophus/geometry.hpp:7,
[35.458s]                  from /home/j/colcon_ws/ORB_SLAM3/include/Frame.h:28,
[35.458s]                  from /home/j/colcon_ws/ORB_SLAM3/include/KeyFrame.h:28,
[35.458s]                  from /home/j/colcon_ws/ORB_SLAM3/include/MapPoint.h:23,
[35.458s]                  from /home/j/colcon_ws/ORB_SLAM3/include/FrameDrawer.h:24,
[35.458s]                  from /home/j/colcon_ws/ORB_SLAM3/include/Viewer.h:23,
[35.458s]                  from /home/j/colcon_ws/ORB_SLAM3/include/Tracking.h:26,
[35.458s]                  from /home/j/colcon_ws/ORB_SLAM3/include/System.h:31,
[35.458s]                  from /home/j/colcon_ws/src/orbslam3_ros2/src/stereo/stereo-slam-node.hpp:13,
[35.459s]                  from /home/j/colcon_ws/src/orbslam3_ros2/src/stereo/stereo-slam-node.cpp:1:
[35.459s] /usr/include/eigen3/Eigen/src/Core/util/Constants.h:167:37: note: declared here
[35.459s]   167 | EIGEN_DEPRECATED const unsigned int AlignedBit = 0x80;
[35.459s]       |                                     ^~~~~~~~~~
[35.472s] In file included from /home/j/colcon_ws/ORB_SLAM3/Thirdparty/g2o/g2o/types/types_six_dof_expmap.h:41,
[35.472s]                  from /home/j/colcon_ws/ORB_SLAM3/include/Converter.h:26,
[35.472s]                  from /home/j/colcon_ws/ORB_SLAM3/include/Frame.h:33,
[35.472s]                  from /home/j/colcon_ws/ORB_SLAM3/include/KeyFrame.h:28,
[35.472s]                  from /home/j/colcon_ws/ORB_SLAM3/include/MapPoint.h:23,
[35.472s]                  from /home/j/colcon_ws/ORB_SLAM3/include/FrameDrawer.h:24,
[35.472s]                  from /home/j/colcon_ws/ORB_SLAM3/include/Viewer.h:23,
[35.472s]                  from /home/j/colcon_ws/ORB_SLAM3/include/Tracking.h:26,
[35.472s]                  from /home/j/colcon_ws/ORB_SLAM3/include/System.h:31,
[35.472s]                  from /home/j/colcon_ws/src/orbslam3_ros2/src/stereo/stereo-slam-node.hpp:13,
[35.472s]                  from /home/j/colcon_ws/src/orbslam3_ros2/src/stereo/stereo.cpp:7:
[35.473s] /home/j/colcon_ws/ORB_SLAM3/Thirdparty/g2o/g2o/types/se3quat.h:43:38: warning: extra ‘;’ [-Wpedantic]
[35.473s]    43 |       EIGEN_MAKE_ALIGNED_OPERATOR_NEW;
[35.473s]       |                                      ^
[35.473s]       |                                      -
[35.491s] In file included from /home/j/colcon_ws/ORB_SLAM3/Thirdparty/g2o/g2o/types/types_six_dof_expmap.h:38,
[35.491s]                  from /home/j/colcon_ws/ORB_SLAM3/include/Converter.h:26,
[35.492s]                  from /home/j/colcon_ws/ORB_SLAM3/include/Frame.h:33,
[35.492s]                  from /home/j/colcon_ws/ORB_SLAM3/include/KeyFrame.h:28,
[35.492s]                  from /home/j/colcon_ws/ORB_SLAM3/include/MapPoint.h:23,
[35.492s]                  from /home/j/colcon_ws/ORB_SLAM3/include/FrameDrawer.h:24,
[35.492s]                  from /home/j/colcon_ws/ORB_SLAM3/include/Viewer.h:23,
[35.492s]                  from /home/j/colcon_ws/ORB_SLAM3/include/Tracking.h:26,
[35.492s]                  from /home/j/colcon_ws/ORB_SLAM3/include/System.h:31,
[35.492s]                  from /home/j/colcon_ws/src/orbslam3_ros2/src/stereo/stereo-slam-node.hpp:13,
[35.492s]                  from /home/j/colcon_ws/src/orbslam3_ros2/src/stereo/stereo-slam-node.cpp:1:
[35.492s] /home/j/colcon_ws/ORB_SLAM3/Thirdparty/g2o/g2o/types/../core/base_binary_edge.h:59:82: warning: ‘Eigen::AlignedBit’ is deprecated [-Wdeprecated-declarations]
[35.492s]    59 |       typedef Eigen::Map<Matrix<double, Di, Dj>, Matrix<double, Di, Dj>::Flags & AlignedBit ? Aligned : Unaligned > HessianBlockType;
[35.492s]       |                                                                                  ^~~~~~~~~~
[35.493s] In file included from /usr/include/eigen3/Eigen/Core:161,
[35.493s]                  from /usr/include/eigen3/Eigen/LU:11,
[35.493s]                  from /home/j/colcon_ws/ORB_SLAM3/Thirdparty/Sophus/sophus/so2.hpp:12,
[35.493s]                  from /home/j/colcon_ws/ORB_SLAM3/Thirdparty/Sophus/sophus/se2.hpp:7,
[35.493s]                  from /home/j/colcon_ws/ORB_SLAM3/Thirdparty/Sophus/sophus/geometry.hpp:7,
[35.493s]                  from /home/j/colcon_ws/ORB_SLAM3/include/Frame.h:28,
[35.493s]                  from /home/j/colcon_ws/ORB_SLAM3/include/KeyFrame.h:28,
[35.493s]                  from /home/j/colcon_ws/ORB_SLAM3/include/MapPoint.h:23,
[35.493s]                  from /home/j/colcon_ws/ORB_SLAM3/include/FrameDrawer.h:24,
[35.493s]                  from /home/j/colcon_ws/ORB_SLAM3/include/Viewer.h:23,
[35.493s]                  from /home/j/colcon_ws/ORB_SLAM3/include/Tracking.h:26,
[35.494s]                  from /home/j/colcon_ws/ORB_SLAM3/include/System.h:31,
[35.494s]                  from /home/j/colcon_ws/src/orbslam3_ros2/src/stereo/stereo-slam-node.hpp:13,
[35.494s]                  from /home/j/colcon_ws/src/orbslam3_ros2/src/stereo/stereo-slam-node.cpp:1:
[35.494s] /usr/include/eigen3/Eigen/src/Core/util/Constants.h:167:37: note: declared here
[35.494s]   167 | EIGEN_DEPRECATED const unsigned int AlignedBit = 0x80;
[35.494s]       |                                     ^~~~~~~~~~
[35.494s] In file included from /home/j/colcon_ws/ORB_SLAM3/Thirdparty/g2o/g2o/types/types_six_dof_expmap.h:38,
[35.494s]                  from /home/j/colcon_ws/ORB_SLAM3/include/Converter.h:26,
[35.494s]                  from /home/j/colcon_ws/ORB_SLAM3/include/Frame.h:33,
[35.494s]                  from /home/j/colcon_ws/ORB_SLAM3/include/KeyFrame.h:28,
[35.494s]                  from /home/j/colcon_ws/ORB_SLAM3/include/MapPoint.h:23,
[35.494s]                  from /home/j/colcon_ws/ORB_SLAM3/include/FrameDrawer.h:24,
[35.495s]                  from /home/j/colcon_ws/ORB_SLAM3/include/Viewer.h:23,
[35.495s]                  from /home/j/colcon_ws/ORB_SLAM3/include/Tracking.h:26,
[35.495s]                  from /home/j/colcon_ws/ORB_SLAM3/include/System.h:31,
[35.495s]                  from /home/j/colcon_ws/src/orbslam3_ros2/src/stereo/stereo-slam-node.hpp:13,
[35.495s]                  from /home/j/colcon_ws/src/orbslam3_ros2/src/stereo/stereo-slam-node.cpp:1:
[35.495s] /home/j/colcon_ws/ORB_SLAM3/Thirdparty/g2o/g2o/types/../core/base_binary_edge.h:60:82: warning: ‘Eigen::AlignedBit’ is deprecated [-Wdeprecated-declarations]
[35.495s]    60 |       typedef Eigen::Map<Matrix<double, Dj, Di>, Matrix<double, Dj, Di>::Flags & AlignedBit ? Aligned : Unaligned > HessianBlockTransposedType;
[35.495s]       |                                                                                  ^~~~~~~~~~
[35.495s] In file included from /usr/include/eigen3/Eigen/Core:161,
[35.495s]                  from /usr/include/eigen3/Eigen/LU:11,
[35.495s]                  from /home/j/colcon_ws/ORB_SLAM3/Thirdparty/Sophus/sophus/so2.hpp:12,
[35.495s]                  from /home/j/colcon_ws/ORB_SLAM3/Thirdparty/Sophus/sophus/se2.hpp:7,
[35.496s]                  from /home/j/colcon_ws/ORB_SLAM3/Thirdparty/Sophus/sophus/geometry.hpp:7,
[35.496s]                  from /home/j/colcon_ws/ORB_SLAM3/include/Frame.h:28,
[35.496s]                  from /home/j/colcon_ws/ORB_SLAM3/include/KeyFrame.h:28,
[35.496s]                  from /home/j/colcon_ws/ORB_SLAM3/include/MapPoint.h:23,
[35.496s]                  from /home/j/colcon_ws/ORB_SLAM3/include/FrameDrawer.h:24,
[35.496s]                  from /home/j/colcon_ws/ORB_SLAM3/include/Viewer.h:23,
[35.496s]                  from /home/j/colcon_ws/ORB_SLAM3/include/Tracking.h:26,
[35.496s]                  from /home/j/colcon_ws/ORB_SLAM3/include/System.h:31,
[35.496s]                  from /home/j/colcon_ws/src/orbslam3_ros2/src/stereo/stereo-slam-node.hpp:13,
[35.496s]                  from /home/j/colcon_ws/src/orbslam3_ros2/src/stereo/stereo-slam-node.cpp:1:
[35.496s] /usr/include/eigen3/Eigen/src/Core/util/Constants.h:167:37: note: declared here
[35.496s]   167 | EIGEN_DEPRECATED const unsigned int AlignedBit = 0x80;
[35.497s]       |                                     ^~~~~~~~~~
[35.544s] In file included from /home/j/colcon_ws/ORB_SLAM3/Thirdparty/g2o/g2o/types/types_six_dof_expmap.h:41,
[35.544s]                  from /home/j/colcon_ws/ORB_SLAM3/include/Converter.h:26,
[35.544s]                  from /home/j/colcon_ws/ORB_SLAM3/include/Frame.h:33,
[35.544s]                  from /home/j/colcon_ws/ORB_SLAM3/include/KeyFrame.h:28,
[35.544s]                  from /home/j/colcon_ws/ORB_SLAM3/include/MapPoint.h:23,
[35.544s]                  from /home/j/colcon_ws/ORB_SLAM3/include/FrameDrawer.h:24,
[35.544s]                  from /home/j/colcon_ws/ORB_SLAM3/include/Viewer.h:23,
[35.544s]                  from /home/j/colcon_ws/ORB_SLAM3/include/Tracking.h:26,
[35.544s]                  from /home/j/colcon_ws/ORB_SLAM3/include/System.h:31,
[35.544s]                  from /home/j/colcon_ws/src/orbslam3_ros2/src/stereo/stereo-slam-node.hpp:13,
[35.545s]                  from /home/j/colcon_ws/src/orbslam3_ros2/src/stereo/stereo-slam-node.cpp:1:
[35.545s] /home/j/colcon_ws/ORB_SLAM3/Thirdparty/g2o/g2o/types/se3quat.h:43:38: warning: extra ‘;’ [-Wpedantic]
[35.545s]    43 |       EIGEN_MAKE_ALIGNED_OPERATOR_NEW;
[35.545s]       |                                      ^
[35.545s]       |                                      -
[35.688s] In file included from /home/j/colcon_ws/ORB_SLAM3/Thirdparty/g2o/g2o/types/types_six_dof_expmap.h:37,
[35.688s]                  from /home/j/colcon_ws/ORB_SLAM3/include/Converter.h:26,
[35.688s]                  from /home/j/colcon_ws/ORB_SLAM3/include/Frame.h:33,
[35.688s]                  from /home/j/colcon_ws/ORB_SLAM3/include/KeyFrame.h:28,
[35.688s]                  from /home/j/colcon_ws/ORB_SLAM3/include/MapPoint.h:23,
[35.688s]                  from /home/j/colcon_ws/ORB_SLAM3/include/FrameDrawer.h:24,
[35.689s]                  from /home/j/colcon_ws/ORB_SLAM3/include/Viewer.h:23,
[35.689s]                  from /home/j/colcon_ws/ORB_SLAM3/include/Tracking.h:26,
[35.689s]                  from /home/j/colcon_ws/ORB_SLAM3/include/System.h:31,
[35.689s]                  from /home/j/colcon_ws/src/orbslam3_ros2/src/monocular/monocular-slam-node.hpp:9,
[35.689s]                  from /home/j/colcon_ws/src/orbslam3_ros2/src/monocular/mono.cpp:7:
[35.689s] /home/j/colcon_ws/ORB_SLAM3/Thirdparty/g2o/g2o/types/../core/base_vertex.h: In instantiation of ‘class g2o::BaseVertex<3, Eigen::Matrix<double, 3, 1> >’:
[35.689s] /home/j/colcon_ws/ORB_SLAM3/Thirdparty/g2o/g2o/types/types_sba.h:40:35:   required from here
[35.689s] /home/j/colcon_ws/ORB_SLAM3/Thirdparty/g2o/g2o/types/../core/base_vertex.h:62:72: warning: ‘Eigen::AlignedBit’ is deprecated [-Wdeprecated-declarations]
[35.689s]    62 |     typedef Eigen::Map<Matrix<double, D, D>, Matrix<double,D,D>::Flags & AlignedBit ? Aligned : Unaligned >  HessianBlockType;
[35.689s]       |                                                                  ~~~~~~^~~~~~~~~~~~
[35.689s] In file included from /usr/include/eigen3/Eigen/Core:161,
[35.689s]                  from /usr/include/eigen3/Eigen/LU:11,
[35.690s]                  from /home/j/colcon_ws/ORB_SLAM3/Thirdparty/Sophus/sophus/so2.hpp:12,
[35.690s]                  from /home/j/colcon_ws/ORB_SLAM3/Thirdparty/Sophus/sophus/se2.hpp:7,
[35.690s]                  from /home/j/colcon_ws/ORB_SLAM3/Thirdparty/Sophus/sophus/geometry.hpp:7,
[35.690s]                  from /home/j/colcon_ws/ORB_SLAM3/include/Frame.h:28,
[35.690s]                  from /home/j/colcon_ws/ORB_SLAM3/include/KeyFrame.h:28,
[35.690s]                  from /home/j/colcon_ws/ORB_SLAM3/include/MapPoint.h:23,
[35.690s]                  from /home/j/colcon_ws/ORB_SLAM3/include/FrameDrawer.h:24,
[35.690s]                  from /home/j/colcon_ws/ORB_SLAM3/include/Viewer.h:23,
[35.690s]                  from /home/j/colcon_ws/ORB_SLAM3/include/Tracking.h:26,
[35.690s]                  from /home/j/colcon_ws/ORB_SLAM3/include/System.h:31,
[35.690s]                  from /home/j/colcon_ws/src/orbslam3_ros2/src/monocular/monocular-slam-node.hpp:9,
[35.690s]                  from /home/j/colcon_ws/src/orbslam3_ros2/src/monocular/mono.cpp:7:
[35.691s] /usr/include/eigen3/Eigen/src/Core/util/Constants.h:167:37: note: declared here
[35.691s]   167 | EIGEN_DEPRECATED const unsigned int AlignedBit = 0x80;
[35.691s]       |                                     ^~~~~~~~~~
[35.693s] In file included from /home/j/colcon_ws/ORB_SLAM3/Thirdparty/g2o/g2o/types/types_six_dof_expmap.h:37,
[35.693s]                  from /home/j/colcon_ws/ORB_SLAM3/include/Converter.h:26,
[35.693s]                  from /home/j/colcon_ws/ORB_SLAM3/include/Frame.h:33,
[35.693s]                  from /home/j/colcon_ws/ORB_SLAM3/include/KeyFrame.h:28,
[35.693s]                  from /home/j/colcon_ws/ORB_SLAM3/include/MapPoint.h:23,
[35.693s]                  from /home/j/colcon_ws/ORB_SLAM3/include/FrameDrawer.h:24,
[35.693s]                  from /home/j/colcon_ws/ORB_SLAM3/include/Viewer.h:23,
[35.693s]                  from /home/j/colcon_ws/ORB_SLAM3/include/Tracking.h:26,
[35.694s]                  from /home/j/colcon_ws/ORB_SLAM3/include/System.h:31,
[35.694s]                  from /home/j/colcon_ws/src/orbslam3_ros2/src/stereo-inertial/stereo-inertial-node.hpp:10,
[35.694s]                  from /home/j/colcon_ws/src/orbslam3_ros2/src/stereo-inertial/stereo-inertial.cpp:7:
[35.694s] /home/j/colcon_ws/ORB_SLAM3/Thirdparty/g2o/g2o/types/../core/base_vertex.h: In instantiation of ‘class g2o::BaseVertex<3, Eigen::Matrix<double, 3, 1> >’:
[35.694s] /home/j/colcon_ws/ORB_SLAM3/Thirdparty/g2o/g2o/types/types_sba.h:40:35:   required from here
[35.694s] /home/j/colcon_ws/ORB_SLAM3/Thirdparty/g2o/g2o/types/../core/base_vertex.h:62:72: warning: ‘Eigen::AlignedBit’ is deprecated [-Wdeprecated-declarations]
[35.694s]    62 |     typedef Eigen::Map<Matrix<double, D, D>, Matrix<double,D,D>::Flags & AlignedBit ? Aligned : Unaligned >  HessianBlockType;
[35.694s]       |                                                                  ~~~~~~^~~~~~~~~~~~
[35.694s] In file included from /usr/include/eigen3/Eigen/Core:161,
[35.694s]                  from /usr/include/eigen3/Eigen/LU:11,
[35.694s]                  from /home/j/colcon_ws/ORB_SLAM3/Thirdparty/Sophus/sophus/so2.hpp:12,
[35.694s]                  from /home/j/colcon_ws/ORB_SLAM3/Thirdparty/Sophus/sophus/se2.hpp:7,
[35.695s]                  from /home/j/colcon_ws/ORB_SLAM3/Thirdparty/Sophus/sophus/geometry.hpp:7,
[35.695s]                  from /home/j/colcon_ws/ORB_SLAM3/include/Frame.h:28,
[35.695s]                  from /home/j/colcon_ws/ORB_SLAM3/include/KeyFrame.h:28,
[35.695s]                  from /home/j/colcon_ws/ORB_SLAM3/include/MapPoint.h:23,
[35.695s]                  from /home/j/colcon_ws/ORB_SLAM3/include/FrameDrawer.h:24,
[35.695s]                  from /home/j/colcon_ws/ORB_SLAM3/include/Viewer.h:23,
[35.695s]                  from /home/j/colcon_ws/ORB_SLAM3/include/Tracking.h:26,
[35.695s]                  from /home/j/colcon_ws/ORB_SLAM3/include/System.h:31,
[35.695s]                  from /home/j/colcon_ws/src/orbslam3_ros2/src/stereo-inertial/stereo-inertial-node.hpp:10,
[35.695s]                  from /home/j/colcon_ws/src/orbslam3_ros2/src/stereo-inertial/stereo-inertial.cpp:7:
[35.695s] /usr/include/eigen3/Eigen/src/Core/util/Constants.h:167:37: note: declared here
[35.695s]   167 | EIGEN_DEPRECATED const unsigned int AlignedBit = 0x80;
[35.695s]       |                                     ^~~~~~~~~~
[35.698s] In file included from /home/j/colcon_ws/ORB_SLAM3/Thirdparty/g2o/g2o/types/types_six_dof_expmap.h:37,
[35.698s]                  from /home/j/colcon_ws/ORB_SLAM3/include/Converter.h:26,
[35.698s]                  from /home/j/colcon_ws/ORB_SLAM3/include/Frame.h:33,
[35.698s]                  from /home/j/colcon_ws/ORB_SLAM3/include/KeyFrame.h:28,
[35.698s]                  from /home/j/colcon_ws/ORB_SLAM3/include/MapPoint.h:23,
[35.698s]                  from /home/j/colcon_ws/ORB_SLAM3/include/FrameDrawer.h:24,
[35.698s]                  from /home/j/colcon_ws/ORB_SLAM3/include/Viewer.h:23,
[35.699s]                  from /home/j/colcon_ws/ORB_SLAM3/include/Tracking.h:26,
[35.699s]                  from /home/j/colcon_ws/ORB_SLAM3/include/System.h:31,
[35.699s]                  from /home/j/colcon_ws/src/orbslam3_ros2/src/monocular/monocular-slam-node.hpp:9,
[35.699s]                  from /home/j/colcon_ws/src/orbslam3_ros2/src/monocular/monocular-slam-node.cpp:1:
[35.699s] /home/j/colcon_ws/ORB_SLAM3/Thirdparty/g2o/g2o/types/../core/base_vertex.h: In instantiation of ‘class g2o::BaseVertex<3, Eigen::Matrix<double, 3, 1> >’:
[35.699s] /home/j/colcon_ws/ORB_SLAM3/Thirdparty/g2o/g2o/types/types_sba.h:40:35:   required from here
[35.699s] /home/j/colcon_ws/ORB_SLAM3/Thirdparty/g2o/g2o/types/../core/base_vertex.h:62:72: warning: ‘Eigen::AlignedBit’ is deprecated [-Wdeprecated-declarations]
[35.699s]    62 |     typedef Eigen::Map<Matrix<double, D, D>, Matrix<double,D,D>::Flags & AlignedBit ? Aligned : Unaligned >  HessianBlockType;
[35.700s]       |                                                                  ~~~~~~^~~~~~~~~~~~
[35.700s] In file included from /usr/include/eigen3/Eigen/Core:161,
[35.700s]                  from /usr/include/eigen3/Eigen/LU:11,
[35.700s]                  from /home/j/colcon_ws/ORB_SLAM3/Thirdparty/Sophus/sophus/so2.hpp:12,
[35.700s]                  from /home/j/colcon_ws/ORB_SLAM3/Thirdparty/Sophus/sophus/se2.hpp:7,
[35.700s]                  from /home/j/colcon_ws/ORB_SLAM3/Thirdparty/Sophus/sophus/geometry.hpp:7,
[35.700s]                  from /home/j/colcon_ws/ORB_SLAM3/include/Frame.h:28,
[35.700s]                  from /home/j/colcon_ws/ORB_SLAM3/include/KeyFrame.h:28,
[35.700s]                  from /home/j/colcon_ws/ORB_SLAM3/include/MapPoint.h:23,
[35.700s]                  from /home/j/colcon_ws/ORB_SLAM3/include/FrameDrawer.h:24,
[35.700s]                  from /home/j/colcon_ws/ORB_SLAM3/include/Viewer.h:23,
[35.701s]                  from /home/j/colcon_ws/ORB_SLAM3/include/Tracking.h:26,
[35.701s]                  from /home/j/colcon_ws/ORB_SLAM3/include/System.h:31,
[35.701s]                  from /home/j/colcon_ws/src/orbslam3_ros2/src/monocular/monocular-slam-node.hpp:9,
[35.701s]                  from /home/j/colcon_ws/src/orbslam3_ros2/src/monocular/monocular-slam-node.cpp:1:
[35.701s] /usr/include/eigen3/Eigen/src/Core/util/Constants.h:167:37: note: declared here
[35.701s]   167 | EIGEN_DEPRECATED const unsigned int AlignedBit = 0x80;
[35.701s]       |                                     ^~~~~~~~~~
[35.701s] In file included from /home/j/colcon_ws/ORB_SLAM3/Thirdparty/g2o/g2o/types/types_six_dof_expmap.h:37,
[35.701s]                  from /home/j/colcon_ws/ORB_SLAM3/include/Converter.h:26,
[35.701s]                  from /home/j/colcon_ws/ORB_SLAM3/include/Frame.h:33,
[35.701s]                  from /home/j/colcon_ws/ORB_SLAM3/include/KeyFrame.h:28,
[35.701s]                  from /home/j/colcon_ws/ORB_SLAM3/include/MapPoint.h:23,
[35.702s]                  from /home/j/colcon_ws/ORB_SLAM3/include/FrameDrawer.h:24,
[35.702s]                  from /home/j/colcon_ws/ORB_SLAM3/include/Viewer.h:23,
[35.702s]                  from /home/j/colcon_ws/ORB_SLAM3/include/Tracking.h:26,
[35.702s]                  from /home/j/colcon_ws/ORB_SLAM3/include/System.h:31,
[35.702s]                  from /home/j/colcon_ws/src/orbslam3_ros2/src/stereo-inertial/stereo-inertial-node.hpp:10,
[35.702s]                  from /home/j/colcon_ws/src/orbslam3_ros2/src/stereo-inertial/stereo-inertial-node.cpp:1:
[35.702s] /home/j/colcon_ws/ORB_SLAM3/Thirdparty/g2o/g2o/types/../core/base_vertex.h: In instantiation of ‘class g2o::BaseVertex<3, Eigen::Matrix<double, 3, 1> >’:
[35.702s] /home/j/colcon_ws/ORB_SLAM3/Thirdparty/g2o/g2o/types/types_sba.h:40:35:   required from here
[35.702s] /home/j/colcon_ws/ORB_SLAM3/Thirdparty/g2o/g2o/types/../core/base_vertex.h:62:72: warning: ‘Eigen::AlignedBit’ is deprecated [-Wdeprecated-declarations]
[35.702s]    62 |     typedef Eigen::Map<Matrix<double, D, D>, Matrix<double,D,D>::Flags & AlignedBit ? Aligned : Unaligned >  HessianBlockType;
[35.702s]       |                                                                  ~~~~~~^~~~~~~~~~~~
[35.703s] In file included from /usr/include/eigen3/Eigen/Core:161,
[35.703s]                  from /usr/include/eigen3/Eigen/LU:11,
[35.703s]                  from /home/j/colcon_ws/ORB_SLAM3/Thirdparty/Sophus/sophus/so2.hpp:12,
[35.703s]                  from /home/j/colcon_ws/ORB_SLAM3/Thirdparty/Sophus/sophus/se2.hpp:7,
[35.703s]                  from /home/j/colcon_ws/ORB_SLAM3/Thirdparty/Sophus/sophus/geometry.hpp:7,
[35.703s]                  from /home/j/colcon_ws/ORB_SLAM3/include/Frame.h:28,
[35.703s]                  from /home/j/colcon_ws/ORB_SLAM3/include/KeyFrame.h:28,
[35.703s]                  from /home/j/colcon_ws/ORB_SLAM3/include/MapPoint.h:23,
[35.703s]                  from /home/j/colcon_ws/ORB_SLAM3/include/FrameDrawer.h:24,
[35.703s]                  from /home/j/colcon_ws/ORB_SLAM3/include/Viewer.h:23,
[35.703s]                  from /home/j/colcon_ws/ORB_SLAM3/include/Tracking.h:26,
[35.704s]                  from /home/j/colcon_ws/ORB_SLAM3/include/System.h:31,
[35.704s]                  from /home/j/colcon_ws/src/orbslam3_ros2/src/stereo-inertial/stereo-inertial-node.hpp:10,
[35.704s]                  from /home/j/colcon_ws/src/orbslam3_ros2/src/stereo-inertial/stereo-inertial-node.cpp:1:
[35.704s] /usr/include/eigen3/Eigen/src/Core/util/Constants.h:167:37: note: declared here
[35.704s]   167 | EIGEN_DEPRECATED const unsigned int AlignedBit = 0x80;
[35.704s]       |                                     ^~~~~~~~~~
[35.718s] In file included from /home/j/colcon_ws/ORB_SLAM3/Thirdparty/g2o/g2o/types/types_six_dof_expmap.h:37,
[35.719s]                  from /home/j/colcon_ws/ORB_SLAM3/include/Converter.h:26,
[35.719s]                  from /home/j/colcon_ws/ORB_SLAM3/include/Frame.h:33,
[35.719s]                  from /home/j/colcon_ws/ORB_SLAM3/include/KeyFrame.h:28,
[35.719s]                  from /home/j/colcon_ws/ORB_SLAM3/include/MapPoint.h:23,
[35.719s]                  from /home/j/colcon_ws/ORB_SLAM3/include/FrameDrawer.h:24,
[35.719s]                  from /home/j/colcon_ws/ORB_SLAM3/include/Viewer.h:23,
[35.719s]                  from /home/j/colcon_ws/ORB_SLAM3/include/Tracking.h:26,
[35.719s]                  from /home/j/colcon_ws/ORB_SLAM3/include/System.h:31,
[35.719s]                  from /home/j/colcon_ws/src/orbslam3_ros2/src/monocular/monocular-slam-node.hpp:9,
[35.719s]                  from /home/j/colcon_ws/src/orbslam3_ros2/src/monocular/mono.cpp:7:
[35.719s] /home/j/colcon_ws/ORB_SLAM3/Thirdparty/g2o/g2o/types/../core/base_vertex.h: In instantiation of ‘class g2o::BaseVertex<6, g2o::SE3Quat>’:
[35.719s] /home/j/colcon_ws/ORB_SLAM3/Thirdparty/g2o/g2o/types/types_six_dof_expmap.h:59:33:   required from here
[35.720s] /home/j/colcon_ws/ORB_SLAM3/Thirdparty/g2o/g2o/types/../core/base_vertex.h:62:72: warning: ‘Eigen::AlignedBit’ is deprecated [-Wdeprecated-declarations]
[35.720s]    62 |     typedef Eigen::Map<Matrix<double, D, D>, Matrix<double,D,D>::Flags & AlignedBit ? Aligned : Unaligned >  HessianBlockType;
[35.720s]       |                                                                  ~~~~~~^~~~~~~~~~~~
[35.720s] In file included from /usr/include/eigen3/Eigen/Core:161,
[35.720s]                  from /usr/include/eigen3/Eigen/LU:11,
[35.720s]                  from /home/j/colcon_ws/ORB_SLAM3/Thirdparty/Sophus/sophus/so2.hpp:12,
[35.720s]                  from /home/j/colcon_ws/ORB_SLAM3/Thirdparty/Sophus/sophus/se2.hpp:7,
[35.720s]                  from /home/j/colcon_ws/ORB_SLAM3/Thirdparty/Sophus/sophus/geometry.hpp:7,
[35.720s]                  from /home/j/colcon_ws/ORB_SLAM3/include/Frame.h:28,
[35.720s]                  from /home/j/colcon_ws/ORB_SLAM3/include/KeyFrame.h:28,
[35.720s]                  from /home/j/colcon_ws/ORB_SLAM3/include/MapPoint.h:23,
[35.720s]                  from /home/j/colcon_ws/ORB_SLAM3/include/FrameDrawer.h:24,
[35.720s]                  from /home/j/colcon_ws/ORB_SLAM3/include/Viewer.h:23,
[35.721s]                  from /home/j/colcon_ws/ORB_SLAM3/include/Tracking.h:26,
[35.721s]                  from /home/j/colcon_ws/ORB_SLAM3/include/System.h:31,
[35.721s]                  from /home/j/colcon_ws/src/orbslam3_ros2/src/monocular/monocular-slam-node.hpp:9,
[35.721s]                  from /home/j/colcon_ws/src/orbslam3_ros2/src/monocular/mono.cpp:7:
[35.721s] /usr/include/eigen3/Eigen/src/Core/util/Constants.h:167:37: note: declared here
[35.721s]   167 | EIGEN_DEPRECATED const unsigned int AlignedBit = 0x80;
[35.721s]       |                                     ^~~~~~~~~~
[35.724s] In file included from /home/j/colcon_ws/ORB_SLAM3/Thirdparty/g2o/g2o/types/types_six_dof_expmap.h:37,
[35.724s]                  from /home/j/colcon_ws/ORB_SLAM3/include/Converter.h:26,
[35.724s]                  from /home/j/colcon_ws/ORB_SLAM3/include/Frame.h:33,
[35.724s]                  from /home/j/colcon_ws/ORB_SLAM3/include/KeyFrame.h:28,
[35.724s]                  from /home/j/colcon_ws/ORB_SLAM3/include/MapPoint.h:23,
[35.725s]                  from /home/j/colcon_ws/ORB_SLAM3/include/FrameDrawer.h:24,
[35.725s]                  from /home/j/colcon_ws/ORB_SLAM3/include/Viewer.h:23,
[35.725s]                  from /home/j/colcon_ws/ORB_SLAM3/include/Tracking.h:26,
[35.725s]                  from /home/j/colcon_ws/ORB_SLAM3/include/System.h:31,
[35.725s]                  from /home/j/colcon_ws/src/orbslam3_ros2/src/stereo-inertial/stereo-inertial-node.hpp:10,
[35.725s]                  from /home/j/colcon_ws/src/orbslam3_ros2/src/stereo-inertial/stereo-inertial.cpp:7:
[35.725s] /home/j/colcon_ws/ORB_SLAM3/Thirdparty/g2o/g2o/types/../core/base_vertex.h: In instantiation of ‘class g2o::BaseVertex<6, g2o::SE3Quat>’:
[35.725s] /home/j/colcon_ws/ORB_SLAM3/Thirdparty/g2o/g2o/types/types_six_dof_expmap.h:59:33:   required from here
[35.725s] /home/j/colcon_ws/ORB_SLAM3/Thirdparty/g2o/g2o/types/../core/base_vertex.h:62:72: warning: ‘Eigen::AlignedBit’ is deprecated [-Wdeprecated-declarations]
[35.725s]    62 |     typedef Eigen::Map<Matrix<double, D, D>, Matrix<double,D,D>::Flags & AlignedBit ? Aligned : Unaligned >  HessianBlockType;
[35.725s]       |                                                                  ~~~~~~^~~~~~~~~~~~
[35.725s] In file included from /usr/include/eigen3/Eigen/Core:161,
[35.726s]                  from /usr/include/eigen3/Eigen/LU:11,
[35.726s]                  from /home/j/colcon_ws/ORB_SLAM3/Thirdparty/Sophus/sophus/so2.hpp:12,
[35.726s]                  from /home/j/colcon_ws/ORB_SLAM3/Thirdparty/Sophus/sophus/se2.hpp:7,
[35.726s]                  from /home/j/colcon_ws/ORB_SLAM3/Thirdparty/Sophus/sophus/geometry.hpp:7,
[35.726s]                  from /home/j/colcon_ws/ORB_SLAM3/include/Frame.h:28,
[35.726s]                  from /home/j/colcon_ws/ORB_SLAM3/include/KeyFrame.h:28,
[35.726s]                  from /home/j/colcon_ws/ORB_SLAM3/include/MapPoint.h:23,
[35.726s]                  from /home/j/colcon_ws/ORB_SLAM3/include/FrameDrawer.h:24,
[35.726s]                  from /home/j/colcon_ws/ORB_SLAM3/include/Viewer.h:23,
[35.726s]                  from /home/j/colcon_ws/ORB_SLAM3/include/Tracking.h:26,
[35.726s]                  from /home/j/colcon_ws/ORB_SLAM3/include/System.h:31,
[35.726s]                  from /home/j/colcon_ws/src/orbslam3_ros2/src/stereo-inertial/stereo-inertial-node.hpp:10,
[35.727s]                  from /home/j/colcon_ws/src/orbslam3_ros2/src/stereo-inertial/stereo-inertial.cpp:7:
[35.727s] /usr/include/eigen3/Eigen/src/Core/util/Constants.h:167:37: note: declared here
[35.727s]   167 | EIGEN_DEPRECATED const unsigned int AlignedBit = 0x80;
[35.727s]       |                                     ^~~~~~~~~~
[35.728s] In file included from /home/j/colcon_ws/ORB_SLAM3/Thirdparty/g2o/g2o/types/types_six_dof_expmap.h:37,
[35.728s]                  from /home/j/colcon_ws/ORB_SLAM3/include/Converter.h:26,
[35.728s]                  from /home/j/colcon_ws/ORB_SLAM3/include/Frame.h:33,
[35.728s]                  from /home/j/colcon_ws/ORB_SLAM3/include/KeyFrame.h:28,
[35.728s]                  from /home/j/colcon_ws/ORB_SLAM3/include/MapPoint.h:23,
[35.728s]                  from /home/j/colcon_ws/ORB_SLAM3/include/FrameDrawer.h:24,
[35.728s]                  from /home/j/colcon_ws/ORB_SLAM3/include/Viewer.h:23,
[35.729s]                  from /home/j/colcon_ws/ORB_SLAM3/include/Tracking.h:26,
[35.729s]                  from /home/j/colcon_ws/ORB_SLAM3/include/System.h:31,
[35.729s]                  from /home/j/colcon_ws/src/orbslam3_ros2/src/monocular/monocular-slam-node.hpp:9,
[35.729s]                  from /home/j/colcon_ws/src/orbslam3_ros2/src/monocular/monocular-slam-node.cpp:1:
[35.729s] /home/j/colcon_ws/ORB_SLAM3/Thirdparty/g2o/g2o/types/../core/base_vertex.h: In instantiation of ‘class g2o::BaseVertex<6, g2o::SE3Quat>’:
[35.729s] /home/j/colcon_ws/ORB_SLAM3/Thirdparty/g2o/g2o/types/types_six_dof_expmap.h:59:33:   required from here
[35.729s] /home/j/colcon_ws/ORB_SLAM3/Thirdparty/g2o/g2o/types/../core/base_vertex.h:62:72: warning: ‘Eigen::AlignedBit’ is deprecated [-Wdeprecated-declarations]
[35.730s]    62 |     typedef Eigen::Map<Matrix<double, D, D>, Matrix<double,D,D>::Flags & AlignedBit ? Aligned : Unaligned >  HessianBlockType;
[35.730s]       |                                                                  ~~~~~~^~~~~~~~~~~~
[35.730s] In file included from /usr/include/eigen3/Eigen/Core:161,
[35.730s]                  from /usr/include/eigen3/Eigen/LU:11,
[35.730s]                  from /home/j/colcon_ws/ORB_SLAM3/Thirdparty/Sophus/sophus/so2.hpp:12,
[35.730s]                  from /home/j/colcon_ws/ORB_SLAM3/Thirdparty/Sophus/sophus/se2.hpp:7,
[35.730s]                  from /home/j/colcon_ws/ORB_SLAM3/Thirdparty/Sophus/sophus/geometry.hpp:7,
[35.730s]                  from /home/j/colcon_ws/ORB_SLAM3/include/Frame.h:28,
[35.730s]                  from /home/j/colcon_ws/ORB_SLAM3/include/KeyFrame.h:28,
[35.730s]                  from /home/j/colcon_ws/ORB_SLAM3/include/MapPoint.h:23,
[35.730s]                  from /home/j/colcon_ws/ORB_SLAM3/include/FrameDrawer.h:24,
[35.731s]                  from /home/j/colcon_ws/ORB_SLAM3/include/Viewer.h:23,
[35.731s]                  from /home/j/colcon_ws/ORB_SLAM3/include/Tracking.h:26,
[35.731s]                  from /home/j/colcon_ws/ORB_SLAM3/include/System.h:31,
[35.731s]                  from /home/j/colcon_ws/src/orbslam3_ros2/src/monocular/monocular-slam-node.hpp:9,
[35.731s]                  from /home/j/colcon_ws/src/orbslam3_ros2/src/monocular/monocular-slam-node.cpp:1:
[35.731s] /usr/include/eigen3/Eigen/src/Core/util/Constants.h:167:37: note: declared here
[35.731s]   167 | EIGEN_DEPRECATED const unsigned int AlignedBit = 0x80;
[35.731s]       |                                     ^~~~~~~~~~
[35.731s] In file included from /home/j/colcon_ws/ORB_SLAM3/Thirdparty/g2o/g2o/types/types_six_dof_expmap.h:37,
[35.731s]                  from /home/j/colcon_ws/ORB_SLAM3/include/Converter.h:26,
[35.731s]                  from /home/j/colcon_ws/ORB_SLAM3/include/Frame.h:33,
[35.732s]                  from /home/j/colcon_ws/ORB_SLAM3/include/KeyFrame.h:28,
[35.732s]                  from /home/j/colcon_ws/ORB_SLAM3/include/MapPoint.h:23,
[35.732s]                  from /home/j/colcon_ws/ORB_SLAM3/include/FrameDrawer.h:24,
[35.732s]                  from /home/j/colcon_ws/ORB_SLAM3/include/Viewer.h:23,
[35.732s]                  from /home/j/colcon_ws/ORB_SLAM3/include/Tracking.h:26,
[35.732s]                  from /home/j/colcon_ws/ORB_SLAM3/include/System.h:31,
[35.732s]                  from /home/j/colcon_ws/src/orbslam3_ros2/src/stereo-inertial/stereo-inertial-node.hpp:10,
[35.732s]                  from /home/j/colcon_ws/src/orbslam3_ros2/src/stereo-inertial/stereo-inertial-node.cpp:1:
[35.732s] /home/j/colcon_ws/ORB_SLAM3/Thirdparty/g2o/g2o/types/../core/base_vertex.h: In instantiation of ‘class g2o::BaseVertex<6, g2o::SE3Quat>’:
[35.732s] /home/j/colcon_ws/ORB_SLAM3/Thirdparty/g2o/g2o/types/types_six_dof_expmap.h:59:33:   required from here
[35.732s] /home/j/colcon_ws/ORB_SLAM3/Thirdparty/g2o/g2o/types/../core/base_vertex.h:62:72: warning: ‘Eigen::AlignedBit’ is deprecated [-Wdeprecated-declarations]
[35.733s]    62 |     typedef Eigen::Map<Matrix<double, D, D>, Matrix<double,D,D>::Flags & AlignedBit ? Aligned : Unaligned >  HessianBlockType;
[35.733s]       |                                                                  ~~~~~~^~~~~~~~~~~~
[35.733s] In file included from /usr/include/eigen3/Eigen/Core:161,
[35.733s]                  from /usr/include/eigen3/Eigen/LU:11,
[35.733s]                  from /home/j/colcon_ws/ORB_SLAM3/Thirdparty/Sophus/sophus/so2.hpp:12,
[35.733s]                  from /home/j/colcon_ws/ORB_SLAM3/Thirdparty/Sophus/sophus/se2.hpp:7,
[35.733s]                  from /home/j/colcon_ws/ORB_SLAM3/Thirdparty/Sophus/sophus/geometry.hpp:7,
[35.733s]                  from /home/j/colcon_ws/ORB_SLAM3/include/Frame.h:28,
[35.733s]                  from /home/j/colcon_ws/ORB_SLAM3/include/KeyFrame.h:28,
[35.733s]                  from /home/j/colcon_ws/ORB_SLAM3/include/MapPoint.h:23,
[35.733s]                  from /home/j/colcon_ws/ORB_SLAM3/include/FrameDrawer.h:24,
[35.733s]                  from /home/j/colcon_ws/ORB_SLAM3/include/Viewer.h:23,
[35.734s]                  from /home/j/colcon_ws/ORB_SLAM3/include/Tracking.h:26,
[35.734s]                  from /home/j/colcon_ws/ORB_SLAM3/include/System.h:31,
[35.734s]                  from /home/j/colcon_ws/src/orbslam3_ros2/src/stereo-inertial/stereo-inertial-node.hpp:10,
[35.734s]                  from /home/j/colcon_ws/src/orbslam3_ros2/src/stereo-inertial/stereo-inertial-node.cpp:1:
[35.734s] /usr/include/eigen3/Eigen/src/Core/util/Constants.h:167:37: note: declared here
[35.734s]   167 | EIGEN_DEPRECATED const unsigned int AlignedBit = 0x80;
[35.734s]       |                                     ^~~~~~~~~~
[35.749s] In file included from /home/j/colcon_ws/ORB_SLAM3/Thirdparty/g2o/g2o/types/types_six_dof_expmap.h:38,
[35.750s]                  from /home/j/colcon_ws/ORB_SLAM3/include/Converter.h:26,
[35.750s]                  from /home/j/colcon_ws/ORB_SLAM3/include/Frame.h:33,
[35.750s]                  from /home/j/colcon_ws/ORB_SLAM3/include/KeyFrame.h:28,
[35.750s]                  from /home/j/colcon_ws/ORB_SLAM3/include/MapPoint.h:23,
[35.750s]                  from /home/j/colcon_ws/ORB_SLAM3/include/FrameDrawer.h:24,
[35.750s]                  from /home/j/colcon_ws/ORB_SLAM3/include/Viewer.h:23,
[35.750s]                  from /home/j/colcon_ws/ORB_SLAM3/include/Tracking.h:26,
[35.750s]                  from /home/j/colcon_ws/ORB_SLAM3/include/System.h:31,
[35.750s]                  from /home/j/colcon_ws/src/orbslam3_ros2/src/monocular/monocular-slam-node.hpp:9,
[35.750s]                  from /home/j/colcon_ws/src/orbslam3_ros2/src/monocular/mono.cpp:7:
[35.750s] /home/j/colcon_ws/ORB_SLAM3/Thirdparty/g2o/g2o/types/../core/base_binary_edge.h: In instantiation of ‘class g2o::BaseBinaryEdge<6, g2o::SE3Quat, g2o::VertexSE3Expmap, g2o::VertexSE3Expmap>’:
[35.750s] /home/j/colcon_ws/ORB_SLAM3/Thirdparty/g2o/g2o/types/types_six_dof_expmap.h:83:24:   required from here
[35.751s] /home/j/colcon_ws/ORB_SLAM3/Thirdparty/g2o/g2o/types/../core/base_binary_edge.h:59:80: warning: ‘Eigen::AlignedBit’ is deprecated [-Wdeprecated-declarations]
[35.751s]    59 |       typedef Eigen::Map<Matrix<double, Di, Dj>, Matrix<double, Di, Dj>::Flags & AlignedBit ? Aligned : Unaligned > HessianBlockType;
[35.751s]       |                                                                          ~~~~~~^~~~~~~~~~~~
[35.751s] In file included from /usr/include/eigen3/Eigen/Core:161,
[35.751s]                  from /usr/include/eigen3/Eigen/LU:11,
[35.751s]                  from /home/j/colcon_ws/ORB_SLAM3/Thirdparty/Sophus/sophus/so2.hpp:12,
[35.751s]                  from /home/j/colcon_ws/ORB_SLAM3/Thirdparty/Sophus/sophus/se2.hpp:7,
[35.751s]                  from /home/j/colcon_ws/ORB_SLAM3/Thirdparty/Sophus/sophus/geometry.hpp:7,
[35.751s]                  from /home/j/colcon_ws/ORB_SLAM3/include/Frame.h:28,
[35.751s]                  from /home/j/colcon_ws/ORB_SLAM3/include/KeyFrame.h:28,
[35.751s]                  from /home/j/colcon_ws/ORB_SLAM3/include/MapPoint.h:23,
[35.751s]                  from /home/j/colcon_ws/ORB_SLAM3/include/FrameDrawer.h:24,
[35.751s]                  from /home/j/colcon_ws/ORB_SLAM3/include/Viewer.h:23,
[35.752s]                  from /home/j/colcon_ws/ORB_SLAM3/include/Tracking.h:26,
[35.752s]                  from /home/j/colcon_ws/ORB_SLAM3/include/System.h:31,
[35.752s]                  from /home/j/colcon_ws/src/orbslam3_ros2/src/monocular/monocular-slam-node.hpp:9,
[35.752s]                  from /home/j/colcon_ws/src/orbslam3_ros2/src/monocular/mono.cpp:7:
[35.752s] /usr/include/eigen3/Eigen/src/Core/util/Constants.h:167:37: note: declared here
[35.752s]   167 | EIGEN_DEPRECATED const unsigned int AlignedBit = 0x80;
[35.752s]       |                                     ^~~~~~~~~~
[35.752s] In file included from /home/j/colcon_ws/ORB_SLAM3/Thirdparty/g2o/g2o/types/types_six_dof_expmap.h:38,
[35.752s]                  from /home/j/colcon_ws/ORB_SLAM3/include/Converter.h:26,
[35.753s]                  from /home/j/colcon_ws/ORB_SLAM3/include/Frame.h:33,
[35.753s]                  from /home/j/colcon_ws/ORB_SLAM3/include/KeyFrame.h:28,
[35.753s]                  from /home/j/colcon_ws/ORB_SLAM3/include/MapPoint.h:23,
[35.753s]                  from /home/j/colcon_ws/ORB_SLAM3/include/FrameDrawer.h:24,
[35.753s]                  from /home/j/colcon_ws/ORB_SLAM3/include/Viewer.h:23,
[35.753s]                  from /home/j/colcon_ws/ORB_SLAM3/include/Tracking.h:26,
[35.753s]                  from /home/j/colcon_ws/ORB_SLAM3/include/System.h:31,
[35.753s]                  from /home/j/colcon_ws/src/orbslam3_ros2/src/monocular/monocular-slam-node.hpp:9,
[35.753s]                  from /home/j/colcon_ws/src/orbslam3_ros2/src/monocular/mono.cpp:7:
[35.753s] /home/j/colcon_ws/ORB_SLAM3/Thirdparty/g2o/g2o/types/../core/base_binary_edge.h:60:80: warning: ‘Eigen::AlignedBit’ is deprecated [-Wdeprecated-declarations]
[35.754s]    60 |       typedef Eigen::Map<Matrix<double, Dj, Di>, Matrix<double, Dj, Di>::Flags & AlignedBit ? Aligned : Unaligned > HessianBlockTransposedType;
[35.754s]       |                                                                          ~~~~~~^~~~~~~~~~~~
[35.754s] In file included from /usr/include/eigen3/Eigen/Core:161,
[35.754s]                  from /usr/include/eigen3/Eigen/LU:11,
[35.754s]                  from /home/j/colcon_ws/ORB_SLAM3/Thirdparty/Sophus/sophus/so2.hpp:12,
[35.754s]                  from /home/j/colcon_ws/ORB_SLAM3/Thirdparty/Sophus/sophus/se2.hpp:7,
[35.754s]                  from /home/j/colcon_ws/ORB_SLAM3/Thirdparty/Sophus/sophus/geometry.hpp:7,
[35.754s]                  from /home/j/colcon_ws/ORB_SLAM3/include/Frame.h:28,
[35.754s]                  from /home/j/colcon_ws/ORB_SLAM3/include/KeyFrame.h:28,
[35.754s]                  from /home/j/colcon_ws/ORB_SLAM3/include/MapPoint.h:23,
[35.754s]                  from /home/j/colcon_ws/ORB_SLAM3/include/FrameDrawer.h:24,
[35.754s]                  from /home/j/colcon_ws/ORB_SLAM3/include/Viewer.h:23,
[35.755s]                  from /home/j/colcon_ws/ORB_SLAM3/include/Tracking.h:26,
[35.755s]                  from /home/j/colcon_ws/ORB_SLAM3/include/System.h:31,
[35.755s]                  from /home/j/colcon_ws/src/orbslam3_ros2/src/monocular/monocular-slam-node.hpp:9,
[35.755s]                  from /home/j/colcon_ws/src/orbslam3_ros2/src/monocular/mono.cpp:7:
[35.755s] /usr/include/eigen3/Eigen/src/Core/util/Constants.h:167:37: note: declared here
[35.755s]   167 | EIGEN_DEPRECATED const unsigned int AlignedBit = 0x80;
[35.755s]       |                                     ^~~~~~~~~~
[35.755s] In file included from /home/j/colcon_ws/ORB_SLAM3/Thirdparty/g2o/g2o/types/types_six_dof_expmap.h:37,
[35.755s]                  from /home/j/colcon_ws/ORB_SLAM3/include/Converter.h:26,
[35.755s]                  from /home/j/colcon_ws/ORB_SLAM3/include/Frame.h:33,
[35.755s]                  from /home/j/colcon_ws/ORB_SLAM3/include/KeyFrame.h:28,
[35.755s]                  from /home/j/colcon_ws/ORB_SLAM3/include/MapPoint.h:23,
[35.756s]                  from /home/j/colcon_ws/ORB_SLAM3/include/FrameDrawer.h:24,
[35.756s]                  from /home/j/colcon_ws/ORB_SLAM3/include/Viewer.h:23,
[35.756s]                  from /home/j/colcon_ws/ORB_SLAM3/include/Tracking.h:26,
[35.756s]                  from /home/j/colcon_ws/ORB_SLAM3/include/System.h:31,
[35.756s]                  from /home/j/colcon_ws/src/orbslam3_ros2/src/rgbd/rgbd-slam-node.hpp:18,
[35.756s]                  from /home/j/colcon_ws/src/orbslam3_ros2/src/rgbd/rgbd-slam-node.cpp:1:
[35.756s] /home/j/colcon_ws/ORB_SLAM3/Thirdparty/g2o/g2o/types/../core/base_vertex.h: In instantiation of ‘class g2o::BaseVertex<3, Eigen::Matrix<double, 3, 1> >’:
[35.757s] /home/j/colcon_ws/ORB_SLAM3/Thirdparty/g2o/g2o/types/types_sba.h:40:35:   required from here
[35.757s] /home/j/colcon_ws/ORB_SLAM3/Thirdparty/g2o/g2o/types/../core/base_vertex.h:62:72: warning: ‘Eigen::AlignedBit’ is deprecated [-Wdeprecated-declarations]
[35.757s]    62 |     typedef Eigen::Map<Matrix<double, D, D>, Matrix<double,D,D>::Flags & AlignedBit ? Aligned : Unaligned >  HessianBlockType;
[35.757s]       |                                                                  ~~~~~~^~~~~~~~~~~~
[35.757s] In file included from /usr/include/eigen3/Eigen/Core:161,
[35.757s]                  from /usr/include/eigen3/Eigen/LU:11,
[35.757s]                  from /home/j/colcon_ws/ORB_SLAM3/Thirdparty/Sophus/sophus/so2.hpp:12,
[35.757s]                  from /home/j/colcon_ws/ORB_SLAM3/Thirdparty/Sophus/sophus/se2.hpp:7,
[35.758s]                  from /home/j/colcon_ws/ORB_SLAM3/Thirdparty/Sophus/sophus/geometry.hpp:7,
[35.758s]                  from /home/j/colcon_ws/ORB_SLAM3/include/Frame.h:28,
[35.758s]                  from /home/j/colcon_ws/ORB_SLAM3/include/KeyFrame.h:28,
[35.758s]                  from /home/j/colcon_ws/ORB_SLAM3/include/MapPoint.h:23,
[35.758s]                  from /home/j/colcon_ws/ORB_SLAM3/include/FrameDrawer.h:24,
[35.758s]                  from /home/j/colcon_ws/ORB_SLAM3/include/Viewer.h:23,
[35.758s]                  from /home/j/colcon_ws/ORB_SLAM3/include/Tracking.h:26,
[35.759s]                  from /home/j/colcon_ws/ORB_SLAM3/include/System.h:31,
[35.759s]                  from /home/j/colcon_ws/src/orbslam3_ros2/src/rgbd/rgbd-slam-node.hpp:18,
[35.759s]                  from /home/j/colcon_ws/src/orbslam3_ros2/src/rgbd/rgbd-slam-node.cpp:1:
[35.759s] /usr/include/eigen3/Eigen/src/Core/util/Constants.h:167:37: note: declared here
[35.759s]   167 | EIGEN_DEPRECATED const unsigned int AlignedBit = 0x80;
[35.759s]       |                                     ^~~~~~~~~~
[35.759s] In file included from /home/j/colcon_ws/ORB_SLAM3/Thirdparty/g2o/g2o/types/types_six_dof_expmap.h:38,
[35.760s]                  from /home/j/colcon_ws/ORB_SLAM3/include/Converter.h:26,
[35.760s]                  from /home/j/colcon_ws/ORB_SLAM3/include/Frame.h:33,
[35.760s]                  from /home/j/colcon_ws/ORB_SLAM3/include/KeyFrame.h:28,
[35.760s]                  from /home/j/colcon_ws/ORB_SLAM3/include/MapPoint.h:23,
[35.760s]                  from /home/j/colcon_ws/ORB_SLAM3/include/FrameDrawer.h:24,
[35.760s]                  from /home/j/colcon_ws/ORB_SLAM3/include/Viewer.h:23,
[35.760s]                  from /home/j/colcon_ws/ORB_SLAM3/include/Tracking.h:26,
[35.760s]                  from /home/j/colcon_ws/ORB_SLAM3/include/System.h:31,
[35.760s]                  from /home/j/colcon_ws/src/orbslam3_ros2/src/stereo-inertial/stereo-inertial-node.hpp:10,
[35.760s]                  from /home/j/colcon_ws/src/orbslam3_ros2/src/stereo-inertial/stereo-inertial.cpp:7:
[35.761s] /home/j/colcon_ws/ORB_SLAM3/Thirdparty/g2o/g2o/types/../core/base_binary_edge.h: In instantiation of ‘class g2o::BaseBinaryEdge<6, g2o::SE3Quat, g2o::VertexSE3Expmap, g2o::VertexSE3Expmap>’:
[35.761s] /home/j/colcon_ws/ORB_SLAM3/Thirdparty/g2o/g2o/types/types_six_dof_expmap.h:83:24:   required from here
[35.761s] /home/j/colcon_ws/ORB_SLAM3/Thirdparty/g2o/g2o/types/../core/base_binary_edge.h:59:80: warning: ‘Eigen::AlignedBit’ is deprecated [-Wdeprecated-declarations]
[35.761s]    59 |       typedef Eigen::Map<Matrix<double, Di, Dj>, Matrix<double, Di, Dj>::Flags & AlignedBit ? Aligned : Unaligned > HessianBlockType;
[35.761s]       |                                                                          ~~~~~~^~~~~~~~~~~~
[35.761s] In file included from /usr/include/eigen3/Eigen/Core:161,
[35.761s]                  from /usr/include/eigen3/Eigen/LU:11,
[35.761s]                  from /home/j/colcon_ws/ORB_SLAM3/Thirdparty/Sophus/sophus/so2.hpp:12,
[35.761s]                  from /home/j/colcon_ws/ORB_SLAM3/Thirdparty/Sophus/sophus/se2.hpp:7,
[35.761s]                  from /home/j/colcon_ws/ORB_SLAM3/Thirdparty/Sophus/sophus/geometry.hpp:7,
[35.761s]                  from /home/j/colcon_ws/ORB_SLAM3/include/Frame.h:28,
[35.761s]                  from /home/j/colcon_ws/ORB_SLAM3/include/KeyFrame.h:28,
[35.762s]                  from /home/j/colcon_ws/ORB_SLAM3/include/MapPoint.h:23,
[35.762s]                  from /home/j/colcon_ws/ORB_SLAM3/include/FrameDrawer.h:24,
[35.762s]                  from /home/j/colcon_ws/ORB_SLAM3/include/Viewer.h:23,
[35.762s]                  from /home/j/colcon_ws/ORB_SLAM3/include/Tracking.h:26,
[35.762s]                  from /home/j/colcon_ws/ORB_SLAM3/include/System.h:31,
[35.762s]                  from /home/j/colcon_ws/src/orbslam3_ros2/src/stereo-inertial/stereo-inertial-node.hpp:10,
[35.762s]                  from /home/j/colcon_ws/src/orbslam3_ros2/src/stereo-inertial/stereo-inertial.cpp:7:
[35.762s] /usr/include/eigen3/Eigen/src/Core/util/Constants.h:167:37: note: declared here
[35.762s]   167 | EIGEN_DEPRECATED const unsigned int AlignedBit = 0x80;
[35.762s]       |                                     ^~~~~~~~~~
[35.762s] In file included from /home/j/colcon_ws/ORB_SLAM3/Thirdparty/g2o/g2o/types/types_six_dof_expmap.h:38,
[35.763s]                  from /home/j/colcon_ws/ORB_SLAM3/include/Converter.h:26,
[35.763s]                  from /home/j/colcon_ws/ORB_SLAM3/include/Frame.h:33,
[35.763s]                  from /home/j/colcon_ws/ORB_SLAM3/include/KeyFrame.h:28,
[35.763s]                  from /home/j/colcon_ws/ORB_SLAM3/include/MapPoint.h:23,
[35.763s]                  from /home/j/colcon_ws/ORB_SLAM3/include/FrameDrawer.h:24,
[35.763s]                  from /home/j/colcon_ws/ORB_SLAM3/include/Viewer.h:23,
[35.763s]                  from /home/j/colcon_ws/ORB_SLAM3/include/Tracking.h:26,
[35.763s]                  from /home/j/colcon_ws/ORB_SLAM3/include/System.h:31,
[35.763s]                  from /home/j/colcon_ws/src/orbslam3_ros2/src/stereo-inertial/stereo-inertial-node.hpp:10,
[35.763s]                  from /home/j/colcon_ws/src/orbslam3_ros2/src/stereo-inertial/stereo-inertial.cpp:7:
[35.763s] /home/j/colcon_ws/ORB_SLAM3/Thirdparty/g2o/g2o/types/../core/base_binary_edge.h:60:80: warning: ‘Eigen::AlignedBit’ is deprecated [-Wdeprecated-declarations]
[35.764s]    60 |       typedef Eigen::Map<Matrix<double, Dj, Di>, Matrix<double, Dj, Di>::Flags & AlignedBit ? Aligned : Unaligned > HessianBlockTransposedType;
[35.764s]       |                                                                          ~~~~~~^~~~~~~~~~~~
[35.764s] In file included from /usr/include/eigen3/Eigen/Core:161,
[35.764s]                  from /usr/include/eigen3/Eigen/LU:11,
[35.764s]                  from /home/j/colcon_ws/ORB_SLAM3/Thirdparty/Sophus/sophus/so2.hpp:12,
[35.764s]                  from /home/j/colcon_ws/ORB_SLAM3/Thirdparty/Sophus/sophus/se2.hpp:7,
[35.764s]                  from /home/j/colcon_ws/ORB_SLAM3/Thirdparty/Sophus/sophus/geometry.hpp:7,
[35.764s]                  from /home/j/colcon_ws/ORB_SLAM3/include/Frame.h:28,
[35.764s]                  from /home/j/colcon_ws/ORB_SLAM3/include/KeyFrame.h:28,
[35.764s]                  from /home/j/colcon_ws/ORB_SLAM3/include/MapPoint.h:23,
[35.764s]                  from /home/j/colcon_ws/ORB_SLAM3/include/FrameDrawer.h:24,
[35.764s]                  from /home/j/colcon_ws/ORB_SLAM3/include/Viewer.h:23,
[35.765s]                  from /home/j/colcon_ws/ORB_SLAM3/include/Tracking.h:26,
[35.765s]                  from /home/j/colcon_ws/ORB_SLAM3/include/System.h:31,
[35.765s]                  from /home/j/colcon_ws/src/orbslam3_ros2/src/stereo-inertial/stereo-inertial-node.hpp:10,
[35.765s]                  from /home/j/colcon_ws/src/orbslam3_ros2/src/stereo-inertial/stereo-inertial.cpp:7:
[35.765s] /usr/include/eigen3/Eigen/src/Core/util/Constants.h:167:37: note: declared here
[35.765s]   167 | EIGEN_DEPRECATED const unsigned int AlignedBit = 0x80;
[35.765s]       |                                     ^~~~~~~~~~
[35.765s] In file included from /home/j/colcon_ws/ORB_SLAM3/Thirdparty/g2o/g2o/types/types_six_dof_expmap.h:38,
[35.765s]                  from /home/j/colcon_ws/ORB_SLAM3/include/Converter.h:26,
[35.765s]                  from /home/j/colcon_ws/ORB_SLAM3/include/Frame.h:33,
[35.765s]                  from /home/j/colcon_ws/ORB_SLAM3/include/KeyFrame.h:28,
[35.766s]                  from /home/j/colcon_ws/ORB_SLAM3/include/MapPoint.h:23,
[35.766s]                  from /home/j/colcon_ws/ORB_SLAM3/include/FrameDrawer.h:24,
[35.766s]                  from /home/j/colcon_ws/ORB_SLAM3/include/Viewer.h:23,
[35.766s]                  from /home/j/colcon_ws/ORB_SLAM3/include/Tracking.h:26,
[35.766s]                  from /home/j/colcon_ws/ORB_SLAM3/include/System.h:31,
[35.766s]                  from /home/j/colcon_ws/src/orbslam3_ros2/src/monocular/monocular-slam-node.hpp:9,
[35.766s]                  from /home/j/colcon_ws/src/orbslam3_ros2/src/monocular/monocular-slam-node.cpp:1:
[35.766s] /home/j/colcon_ws/ORB_SLAM3/Thirdparty/g2o/g2o/types/../core/base_binary_edge.h: In instantiation of ‘class g2o::BaseBinaryEdge<6, g2o::SE3Quat, g2o::VertexSE3Expmap, g2o::VertexSE3Expmap>’:
[35.766s] /home/j/colcon_ws/ORB_SLAM3/Thirdparty/g2o/g2o/types/types_six_dof_expmap.h:83:24:   required from here
[35.766s] /home/j/colcon_ws/ORB_SLAM3/Thirdparty/g2o/g2o/types/../core/base_binary_edge.h:59:80: warning: ‘Eigen::AlignedBit’ is deprecated [-Wdeprecated-declarations]
[35.766s]    59 |       typedef Eigen::Map<Matrix<double, Di, Dj>, Matrix<double, Di, Dj>::Flags & AlignedBit ? Aligned : Unaligned > HessianBlockType;
[35.766s]       |                                                                          ~~~~~~^~~~~~~~~~~~
[35.767s] In file included from /usr/include/eigen3/Eigen/Core:161,
[35.767s]                  from /usr/include/eigen3/Eigen/LU:11,
[35.767s]                  from /home/j/colcon_ws/ORB_SLAM3/Thirdparty/Sophus/sophus/so2.hpp:12,
[35.767s]                  from /home/j/colcon_ws/ORB_SLAM3/Thirdparty/Sophus/sophus/se2.hpp:7,
[35.767s]                  from /home/j/colcon_ws/ORB_SLAM3/Thirdparty/Sophus/sophus/geometry.hpp:7,
[35.767s]                  from /home/j/colcon_ws/ORB_SLAM3/include/Frame.h:28,
[35.767s]                  from /home/j/colcon_ws/ORB_SLAM3/include/KeyFrame.h:28,
[35.767s]                  from /home/j/colcon_ws/ORB_SLAM3/include/MapPoint.h:23,
[35.767s]                  from /home/j/colcon_ws/ORB_SLAM3/include/FrameDrawer.h:24,
[35.767s]                  from /home/j/colcon_ws/ORB_SLAM3/include/Viewer.h:23,
[35.767s]                  from /home/j/colcon_ws/ORB_SLAM3/include/Tracking.h:26,
[35.767s]                  from /home/j/colcon_ws/ORB_SLAM3/include/System.h:31,
[35.768s]                  from /home/j/colcon_ws/src/orbslam3_ros2/src/monocular/monocular-slam-node.hpp:9,
[35.768s]                  from /home/j/colcon_ws/src/orbslam3_ros2/src/monocular/monocular-slam-node.cpp:1:
[35.768s] /usr/include/eigen3/Eigen/src/Core/util/Constants.h:167:37: note: declared here
[35.768s]   167 | EIGEN_DEPRECATED const unsigned int AlignedBit = 0x80;
[35.768s]       |                                     ^~~~~~~~~~
[35.768s] In file included from /home/j/colcon_ws/ORB_SLAM3/Thirdparty/g2o/g2o/types/types_six_dof_expmap.h:38,
[35.768s]                  from /home/j/colcon_ws/ORB_SLAM3/include/Converter.h:26,
[35.768s]                  from /home/j/colcon_ws/ORB_SLAM3/include/Frame.h:33,
[35.768s]                  from /home/j/colcon_ws/ORB_SLAM3/include/KeyFrame.h:28,
[35.768s]                  from /home/j/colcon_ws/ORB_SLAM3/include/MapPoint.h:23,
[35.768s]                  from /home/j/colcon_ws/ORB_SLAM3/include/FrameDrawer.h:24,
[35.768s]                  from /home/j/colcon_ws/ORB_SLAM3/include/Viewer.h:23,
[35.769s]                  from /home/j/colcon_ws/ORB_SLAM3/include/Tracking.h:26,
[35.769s]                  from /home/j/colcon_ws/ORB_SLAM3/include/System.h:31,
[35.769s]                  from /home/j/colcon_ws/src/orbslam3_ros2/src/monocular/monocular-slam-node.hpp:9,
[35.769s]                  from /home/j/colcon_ws/src/orbslam3_ros2/src/monocular/monocular-slam-node.cpp:1:
[35.769s] /home/j/colcon_ws/ORB_SLAM3/Thirdparty/g2o/g2o/types/../core/base_binary_edge.h:60:80: warning: ‘Eigen::AlignedBit’ is deprecated [-Wdeprecated-declarations]
[35.769s]    60 |       typedef Eigen::Map<Matrix<double, Dj, Di>, Matrix<double, Dj, Di>::Flags & AlignedBit ? Aligned : Unaligned > HessianBlockTransposedType;
[35.769s]       |                                                                          ~~~~~~^~~~~~~~~~~~
[35.769s] In file included from /usr/include/eigen3/Eigen/Core:161,
[35.769s]                  from /usr/include/eigen3/Eigen/LU:11,
[35.769s]                  from /home/j/colcon_ws/ORB_SLAM3/Thirdparty/Sophus/sophus/so2.hpp:12,
[35.769s]                  from /home/j/colcon_ws/ORB_SLAM3/Thirdparty/Sophus/sophus/se2.hpp:7,
[35.770s]                  from /home/j/colcon_ws/ORB_SLAM3/Thirdparty/Sophus/sophus/geometry.hpp:7,
[35.770s]                  from /home/j/colcon_ws/ORB_SLAM3/include/Frame.h:28,
[35.770s]                  from /home/j/colcon_ws/ORB_SLAM3/include/KeyFrame.h:28,
[35.770s]                  from /home/j/colcon_ws/ORB_SLAM3/include/MapPoint.h:23,
[35.770s]                  from /home/j/colcon_ws/ORB_SLAM3/include/FrameDrawer.h:24,
[35.770s]                  from /home/j/colcon_ws/ORB_SLAM3/include/Viewer.h:23,
[35.770s]                  from /home/j/colcon_ws/ORB_SLAM3/include/Tracking.h:26,
[35.770s]                  from /home/j/colcon_ws/ORB_SLAM3/include/System.h:31,
[35.770s]                  from /home/j/colcon_ws/src/orbslam3_ros2/src/monocular/monocular-slam-node.hpp:9,
[35.770s]                  from /home/j/colcon_ws/src/orbslam3_ros2/src/monocular/monocular-slam-node.cpp:1:
[35.770s] /usr/include/eigen3/Eigen/src/Core/util/Constants.h:167:37: note: declared here
[35.770s]   167 | EIGEN_DEPRECATED const unsigned int AlignedBit = 0x80;
[35.771s]       |                                     ^~~~~~~~~~
[35.771s] In file included from /home/j/colcon_ws/ORB_SLAM3/Thirdparty/g2o/g2o/types/types_six_dof_expmap.h:38,
[35.771s]                  from /home/j/colcon_ws/ORB_SLAM3/include/Converter.h:26,
[35.771s]                  from /home/j/colcon_ws/ORB_SLAM3/include/Frame.h:33,
[35.771s]                  from /home/j/colcon_ws/ORB_SLAM3/include/KeyFrame.h:28,
[35.771s]                  from /home/j/colcon_ws/ORB_SLAM3/include/MapPoint.h:23,
[35.771s]                  from /home/j/colcon_ws/ORB_SLAM3/include/FrameDrawer.h:24,
[35.771s]                  from /home/j/colcon_ws/ORB_SLAM3/include/Viewer.h:23,
[35.771s]                  from /home/j/colcon_ws/ORB_SLAM3/include/Tracking.h:26,
[35.771s]                  from /home/j/colcon_ws/ORB_SLAM3/include/System.h:31,
[35.771s]                  from /home/j/colcon_ws/src/orbslam3_ros2/src/stereo-inertial/stereo-inertial-node.hpp:10,
[35.771s]                  from /home/j/colcon_ws/src/orbslam3_ros2/src/stereo-inertial/stereo-inertial-node.cpp:1:
[35.772s] /home/j/colcon_ws/ORB_SLAM3/Thirdparty/g2o/g2o/types/../core/base_binary_edge.h: In instantiation of ‘class g2o::BaseBinaryEdge<6, g2o::SE3Quat, g2o::VertexSE3Expmap, g2o::VertexSE3Expmap>’:
[35.772s] /home/j/colcon_ws/ORB_SLAM3/Thirdparty/g2o/g2o/types/types_six_dof_expmap.h:83:24:   required from here
[35.772s] /home/j/colcon_ws/ORB_SLAM3/Thirdparty/g2o/g2o/types/../core/base_binary_edge.h:59:80: warning: ‘Eigen::AlignedBit’ is deprecated [-Wdeprecated-declarations]
[35.772s]    59 |       typedef Eigen::Map<Matrix<double, Di, Dj>, Matrix<double, Di, Dj>::Flags & AlignedBit ? Aligned : Unaligned > HessianBlockType;
[35.772s]       |                                                                          ~~~~~~^~~~~~~~~~~~
[35.772s] In file included from /usr/include/eigen3/Eigen/Core:161,
[35.772s]                  from /usr/include/eigen3/Eigen/LU:11,
[35.772s]                  from /home/j/colcon_ws/ORB_SLAM3/Thirdparty/Sophus/sophus/so2.hpp:12,
[35.772s]                  from /home/j/colcon_ws/ORB_SLAM3/Thirdparty/Sophus/sophus/se2.hpp:7,
[35.772s]                  from /home/j/colcon_ws/ORB_SLAM3/Thirdparty/Sophus/sophus/geometry.hpp:7,
[35.772s]                  from /home/j/colcon_ws/ORB_SLAM3/include/Frame.h:28,
[35.772s]                  from /home/j/colcon_ws/ORB_SLAM3/include/KeyFrame.h:28,
[35.773s]                  from /home/j/colcon_ws/ORB_SLAM3/include/MapPoint.h:23,
[35.773s]                  from /home/j/colcon_ws/ORB_SLAM3/include/FrameDrawer.h:24,
[35.773s]                  from /home/j/colcon_ws/ORB_SLAM3/include/Viewer.h:23,
[35.773s]                  from /home/j/colcon_ws/ORB_SLAM3/include/Tracking.h:26,
[35.773s]                  from /home/j/colcon_ws/ORB_SLAM3/include/System.h:31,
[35.773s]                  from /home/j/colcon_ws/src/orbslam3_ros2/src/stereo-inertial/stereo-inertial-node.hpp:10,
[35.773s]                  from /home/j/colcon_ws/src/orbslam3_ros2/src/stereo-inertial/stereo-inertial-node.cpp:1:
[35.773s] /usr/include/eigen3/Eigen/src/Core/util/Constants.h:167:37: note: declared here
[35.773s]   167 | EIGEN_DEPRECATED const unsigned int AlignedBit = 0x80;
[35.773s]       |                                     ^~~~~~~~~~
[35.773s] In file included from /home/j/colcon_ws/ORB_SLAM3/Thirdparty/g2o/g2o/types/types_six_dof_expmap.h:38,
[35.773s]                  from /home/j/colcon_ws/ORB_SLAM3/include/Converter.h:26,
[35.774s]                  from /home/j/colcon_ws/ORB_SLAM3/include/Frame.h:33,
[35.774s]                  from /home/j/colcon_ws/ORB_SLAM3/include/KeyFrame.h:28,
[35.774s]                  from /home/j/colcon_ws/ORB_SLAM3/include/MapPoint.h:23,
[35.774s]                  from /home/j/colcon_ws/ORB_SLAM3/include/FrameDrawer.h:24,
[35.774s]                  from /home/j/colcon_ws/ORB_SLAM3/include/Viewer.h:23,
[35.774s]                  from /home/j/colcon_ws/ORB_SLAM3/include/Tracking.h:26,
[35.774s]                  from /home/j/colcon_ws/ORB_SLAM3/include/System.h:31,
[35.774s]                  from /home/j/colcon_ws/src/orbslam3_ros2/src/stereo-inertial/stereo-inertial-node.hpp:10,
[35.774s]                  from /home/j/colcon_ws/src/orbslam3_ros2/src/stereo-inertial/stereo-inertial-node.cpp:1:
[35.774s] /home/j/colcon_ws/ORB_SLAM3/Thirdparty/g2o/g2o/types/../core/base_binary_edge.h:60:80: warning: ‘Eigen::AlignedBit’ is deprecated [-Wdeprecated-declarations]
[35.774s]    60 |       typedef Eigen::Map<Matrix<double, Dj, Di>, Matrix<double, Dj, Di>::Flags & AlignedBit ? Aligned : Unaligned > HessianBlockTransposedType;
[35.774s]       |                                                                          ~~~~~~^~~~~~~~~~~~
[35.775s] In file included from /usr/include/eigen3/Eigen/Core:161,
[35.775s]                  from /usr/include/eigen3/Eigen/LU:11,
[35.775s]                  from /home/j/colcon_ws/ORB_SLAM3/Thirdparty/Sophus/sophus/so2.hpp:12,
[35.775s]                  from /home/j/colcon_ws/ORB_SLAM3/Thirdparty/Sophus/sophus/se2.hpp:7,
[35.775s]                  from /home/j/colcon_ws/ORB_SLAM3/Thirdparty/Sophus/sophus/geometry.hpp:7,
[35.775s]                  from /home/j/colcon_ws/ORB_SLAM3/include/Frame.h:28,
[35.775s]                  from /home/j/colcon_ws/ORB_SLAM3/include/KeyFrame.h:28,
[35.775s]                  from /home/j/colcon_ws/ORB_SLAM3/include/MapPoint.h:23,
[35.775s]                  from /home/j/colcon_ws/ORB_SLAM3/include/FrameDrawer.h:24,
[35.775s]                  from /home/j/colcon_ws/ORB_SLAM3/include/Viewer.h:23,
[35.775s]                  from /home/j/colcon_ws/ORB_SLAM3/include/Tracking.h:26,
[35.775s]                  from /home/j/colcon_ws/ORB_SLAM3/include/System.h:31,
[35.776s]                  from /home/j/colcon_ws/src/orbslam3_ros2/src/stereo-inertial/stereo-inertial-node.hpp:10,
[35.776s]                  from /home/j/colcon_ws/src/orbslam3_ros2/src/stereo-inertial/stereo-inertial-node.cpp:1:
[35.776s] /usr/include/eigen3/Eigen/src/Core/util/Constants.h:167:37: note: declared here
[35.776s]   167 | EIGEN_DEPRECATED const unsigned int AlignedBit = 0x80;
[35.776s]       |                                     ^~~~~~~~~~
[35.784s] In file included from /home/j/colcon_ws/ORB_SLAM3/Thirdparty/g2o/g2o/types/types_six_dof_expmap.h:37,
[35.784s]                  from /home/j/colcon_ws/ORB_SLAM3/include/Converter.h:26,
[35.784s]                  from /home/j/colcon_ws/ORB_SLAM3/include/Frame.h:33,
[35.785s]                  from /home/j/colcon_ws/ORB_SLAM3/include/KeyFrame.h:28,
[35.785s]                  from /home/j/colcon_ws/ORB_SLAM3/include/MapPoint.h:23,
[35.785s]                  from /home/j/colcon_ws/ORB_SLAM3/include/FrameDrawer.h:24,
[35.785s]                  from /home/j/colcon_ws/ORB_SLAM3/include/Viewer.h:23,
[35.785s]                  from /home/j/colcon_ws/ORB_SLAM3/include/Tracking.h:26,
[35.785s]                  from /home/j/colcon_ws/ORB_SLAM3/include/System.h:31,
[35.785s]                  from /home/j/colcon_ws/src/orbslam3_ros2/src/rgbd/rgbd-slam-node.hpp:18,
[35.785s]                  from /home/j/colcon_ws/src/orbslam3_ros2/src/rgbd/rgbd-slam-node.cpp:1:
[35.785s] /home/j/colcon_ws/ORB_SLAM3/Thirdparty/g2o/g2o/types/../core/base_vertex.h: In instantiation of ‘class g2o::BaseVertex<6, g2o::SE3Quat>’:
[35.785s] /home/j/colcon_ws/ORB_SLAM3/Thirdparty/g2o/g2o/types/types_six_dof_expmap.h:59:33:   required from here
[35.785s] /home/j/colcon_ws/ORB_SLAM3/Thirdparty/g2o/g2o/types/../core/base_vertex.h:62:72: warning: ‘Eigen::AlignedBit’ is deprecated [-Wdeprecated-declarations]
[35.786s]    62 |     typedef Eigen::Map<Matrix<double, D, D>, Matrix<double,D,D>::Flags & AlignedBit ? Aligned : Unaligned >  HessianBlockType;
[35.786s]       |                                                                  ~~~~~~^~~~~~~~~~~~
[35.786s] In file included from /usr/include/eigen3/Eigen/Core:161,
[35.786s]                  from /usr/include/eigen3/Eigen/LU:11,
[35.786s]                  from /home/j/colcon_ws/ORB_SLAM3/Thirdparty/Sophus/sophus/so2.hpp:12,
[35.786s]                  from /home/j/colcon_ws/ORB_SLAM3/Thirdparty/Sophus/sophus/se2.hpp:7,
[35.786s]                  from /home/j/colcon_ws/ORB_SLAM3/Thirdparty/Sophus/sophus/geometry.hpp:7,
[35.786s]                  from /home/j/colcon_ws/ORB_SLAM3/include/Frame.h:28,
[35.786s]                  from /home/j/colcon_ws/ORB_SLAM3/include/KeyFrame.h:28,
[35.786s]                  from /home/j/colcon_ws/ORB_SLAM3/include/MapPoint.h:23,
[35.786s]                  from /home/j/colcon_ws/ORB_SLAM3/include/FrameDrawer.h:24,
[35.786s]                  from /home/j/colcon_ws/ORB_SLAM3/include/Viewer.h:23,
[35.787s]                  from /home/j/colcon_ws/ORB_SLAM3/include/Tracking.h:26,
[35.787s]                  from /home/j/colcon_ws/ORB_SLAM3/include/System.h:31,
[35.787s]                  from /home/j/colcon_ws/src/orbslam3_ros2/src/rgbd/rgbd-slam-node.hpp:18,
[35.787s]                  from /home/j/colcon_ws/src/orbslam3_ros2/src/rgbd/rgbd-slam-node.cpp:1:
[35.787s] /usr/include/eigen3/Eigen/src/Core/util/Constants.h:167:37: note: declared here
[35.787s]   167 | EIGEN_DEPRECATED const unsigned int AlignedBit = 0x80;
[35.787s]       |                                     ^~~~~~~~~~
[35.817s] In file included from /home/j/colcon_ws/ORB_SLAM3/Thirdparty/g2o/g2o/types/types_six_dof_expmap.h:38,
[35.817s]                  from /home/j/colcon_ws/ORB_SLAM3/include/Converter.h:26,
[35.817s]                  from /home/j/colcon_ws/ORB_SLAM3/include/Frame.h:33,
[35.817s]                  from /home/j/colcon_ws/ORB_SLAM3/include/KeyFrame.h:28,
[35.817s]                  from /home/j/colcon_ws/ORB_SLAM3/include/MapPoint.h:23,
[35.817s]                  from /home/j/colcon_ws/ORB_SLAM3/include/FrameDrawer.h:24,
[35.817s]                  from /home/j/colcon_ws/ORB_SLAM3/include/Viewer.h:23,
[35.817s]                  from /home/j/colcon_ws/ORB_SLAM3/include/Tracking.h:26,
[35.817s]                  from /home/j/colcon_ws/ORB_SLAM3/include/System.h:31,
[35.817s]                  from /home/j/colcon_ws/src/orbslam3_ros2/src/rgbd/rgbd-slam-node.hpp:18,
[35.817s]                  from /home/j/colcon_ws/src/orbslam3_ros2/src/rgbd/rgbd-slam-node.cpp:1:
[35.818s] /home/j/colcon_ws/ORB_SLAM3/Thirdparty/g2o/g2o/types/../core/base_binary_edge.h: In instantiation of ‘class g2o::BaseBinaryEdge<6, g2o::SE3Quat, g2o::VertexSE3Expmap, g2o::VertexSE3Expmap>’:
[35.818s] /home/j/colcon_ws/ORB_SLAM3/Thirdparty/g2o/g2o/types/types_six_dof_expmap.h:83:24:   required from here
[35.818s] /home/j/colcon_ws/ORB_SLAM3/Thirdparty/g2o/g2o/types/../core/base_binary_edge.h:59:80: warning: ‘Eigen::AlignedBit’ is deprecated [-Wdeprecated-declarations]
[35.818s]    59 |       typedef Eigen::Map<Matrix<double, Di, Dj>, Matrix<double, Di, Dj>::Flags & AlignedBit ? Aligned : Unaligned > HessianBlockType;
[35.818s]       |                                                                          ~~~~~~^~~~~~~~~~~~
[35.818s] In file included from /usr/include/eigen3/Eigen/Core:161,
[35.818s]                  from /usr/include/eigen3/Eigen/LU:11,
[35.818s]                  from /home/j/colcon_ws/ORB_SLAM3/Thirdparty/Sophus/sophus/so2.hpp:12,
[35.818s]                  from /home/j/colcon_ws/ORB_SLAM3/Thirdparty/Sophus/sophus/se2.hpp:7,
[35.818s]                  from /home/j/colcon_ws/ORB_SLAM3/Thirdparty/Sophus/sophus/geometry.hpp:7,
[35.818s]                  from /home/j/colcon_ws/ORB_SLAM3/include/Frame.h:28,
[35.819s]                  from /home/j/colcon_ws/ORB_SLAM3/include/KeyFrame.h:28,
[35.819s]                  from /home/j/colcon_ws/ORB_SLAM3/include/MapPoint.h:23,
[35.819s]                  from /home/j/colcon_ws/ORB_SLAM3/include/FrameDrawer.h:24,
[35.819s]                  from /home/j/colcon_ws/ORB_SLAM3/include/Viewer.h:23,
[35.819s]                  from /home/j/colcon_ws/ORB_SLAM3/include/Tracking.h:26,
[35.819s]                  from /home/j/colcon_ws/ORB_SLAM3/include/System.h:31,
[35.819s]                  from /home/j/colcon_ws/src/orbslam3_ros2/src/rgbd/rgbd-slam-node.hpp:18,
[35.819s]                  from /home/j/colcon_ws/src/orbslam3_ros2/src/rgbd/rgbd-slam-node.cpp:1:
[35.819s] /usr/include/eigen3/Eigen/src/Core/util/Constants.h:167:37: note: declared here
[35.819s]   167 | EIGEN_DEPRECATED const unsigned int AlignedBit = 0x80;
[35.819s]       |                                     ^~~~~~~~~~
[35.820s] In file included from /home/j/colcon_ws/ORB_SLAM3/Thirdparty/g2o/g2o/types/types_six_dof_expmap.h:38,
[35.820s]                  from /home/j/colcon_ws/ORB_SLAM3/include/Converter.h:26,
[35.820s]                  from /home/j/colcon_ws/ORB_SLAM3/include/Frame.h:33,
[35.820s]                  from /home/j/colcon_ws/ORB_SLAM3/include/KeyFrame.h:28,
[35.820s]                  from /home/j/colcon_ws/ORB_SLAM3/include/MapPoint.h:23,
[35.820s]                  from /home/j/colcon_ws/ORB_SLAM3/include/FrameDrawer.h:24,
[35.820s]                  from /home/j/colcon_ws/ORB_SLAM3/include/Viewer.h:23,
[35.820s]                  from /home/j/colcon_ws/ORB_SLAM3/include/Tracking.h:26,
[35.820s]                  from /home/j/colcon_ws/ORB_SLAM3/include/System.h:31,
[35.820s]                  from /home/j/colcon_ws/src/orbslam3_ros2/src/rgbd/rgbd-slam-node.hpp:18,
[35.820s]                  from /home/j/colcon_ws/src/orbslam3_ros2/src/rgbd/rgbd-slam-node.cpp:1:
[35.820s] /home/j/colcon_ws/ORB_SLAM3/Thirdparty/g2o/g2o/types/../core/base_binary_edge.h:60:80: warning: ‘Eigen::AlignedBit’ is deprecated [-Wdeprecated-declarations]
[35.821s]    60 |       typedef Eigen::Map<Matrix<double, Dj, Di>, Matrix<double, Dj, Di>::Flags & AlignedBit ? Aligned : Unaligned > HessianBlockTransposedType;
[35.821s]       |                                                                          ~~~~~~^~~~~~~~~~~~
[35.821s] In file included from /usr/include/eigen3/Eigen/Core:161,
[35.821s]                  from /usr/include/eigen3/Eigen/LU:11,
[35.821s]                  from /home/j/colcon_ws/ORB_SLAM3/Thirdparty/Sophus/sophus/so2.hpp:12,
[35.821s]                  from /home/j/colcon_ws/ORB_SLAM3/Thirdparty/Sophus/sophus/se2.hpp:7,
[35.821s]                  from /home/j/colcon_ws/ORB_SLAM3/Thirdparty/Sophus/sophus/geometry.hpp:7,
[35.821s]                  from /home/j/colcon_ws/ORB_SLAM3/include/Frame.h:28,
[35.821s]                  from /home/j/colcon_ws/ORB_SLAM3/include/KeyFrame.h:28,
[35.821s]                  from /home/j/colcon_ws/ORB_SLAM3/include/MapPoint.h:23,
[35.821s]                  from /home/j/colcon_ws/ORB_SLAM3/include/FrameDrawer.h:24,
[35.821s]                  from /home/j/colcon_ws/ORB_SLAM3/include/Viewer.h:23,
[35.822s]                  from /home/j/colcon_ws/ORB_SLAM3/include/Tracking.h:26,
[35.822s]                  from /home/j/colcon_ws/ORB_SLAM3/include/System.h:31,
[35.822s]                  from /home/j/colcon_ws/src/orbslam3_ros2/src/rgbd/rgbd-slam-node.hpp:18,
[35.822s]                  from /home/j/colcon_ws/src/orbslam3_ros2/src/rgbd/rgbd-slam-node.cpp:1:
[35.822s] /usr/include/eigen3/Eigen/src/Core/util/Constants.h:167:37: note: declared here
[35.822s]   167 | EIGEN_DEPRECATED const unsigned int AlignedBit = 0x80;
[35.822s]       |                                     ^~~~~~~~~~
[35.825s] In file included from /home/j/colcon_ws/ORB_SLAM3/Thirdparty/g2o/g2o/types/types_six_dof_expmap.h:38,
[35.825s]                  from /home/j/colcon_ws/ORB_SLAM3/include/Converter.h:26,
[35.825s]                  from /home/j/colcon_ws/ORB_SLAM3/include/Frame.h:33,
[35.825s]                  from /home/j/colcon_ws/ORB_SLAM3/include/KeyFrame.h:28,
[35.825s]                  from /home/j/colcon_ws/ORB_SLAM3/include/MapPoint.h:23,
[35.825s]                  from /home/j/colcon_ws/ORB_SLAM3/include/FrameDrawer.h:24,
[35.825s]                  from /home/j/colcon_ws/ORB_SLAM3/include/Viewer.h:23,
[35.825s]                  from /home/j/colcon_ws/ORB_SLAM3/include/Tracking.h:26,
[35.825s]                  from /home/j/colcon_ws/ORB_SLAM3/include/System.h:31,
[35.825s]                  from /home/j/colcon_ws/src/orbslam3_ros2/src/monocular/monocular-slam-node.hpp:9,
[35.825s]                  from /home/j/colcon_ws/src/orbslam3_ros2/src/monocular/mono.cpp:7:
[35.826s] /home/j/colcon_ws/ORB_SLAM3/Thirdparty/g2o/g2o/types/../core/base_binary_edge.h: In instantiation of ‘class g2o::BaseBinaryEdge<2, Eigen::Matrix<double, 2, 1>, g2o::VertexSBAPointXYZ, g2o::VertexSE3Expmap>’:
[35.826s] /home/j/colcon_ws/ORB_SLAM3/Thirdparty/g2o/g2o/types/types_six_dof_expmap.h:114:35:   required from here
[35.826s] /home/j/colcon_ws/ORB_SLAM3/Thirdparty/g2o/g2o/types/../core/base_binary_edge.h:59:80: warning: ‘Eigen::AlignedBit’ is deprecated [-Wdeprecated-declarations]
[35.826s]    59 |       typedef Eigen::Map<Matrix<double, Di, Dj>, Matrix<double, Di, Dj>::Flags & AlignedBit ? Aligned : Unaligned > HessianBlockType;
[35.826s]       |                                                                          ~~~~~~^~~~~~~~~~~~
[35.826s] In file included from /usr/include/eigen3/Eigen/Core:161,
[35.826s]                  from /usr/include/eigen3/Eigen/LU:11,
[35.826s]                  from /home/j/colcon_ws/ORB_SLAM3/Thirdparty/Sophus/sophus/so2.hpp:12,
[35.826s]                  from /home/j/colcon_ws/ORB_SLAM3/Thirdparty/Sophus/sophus/se2.hpp:7,
[35.826s]                  from /home/j/colcon_ws/ORB_SLAM3/Thirdparty/Sophus/sophus/geometry.hpp:7,
[35.826s]                  from /home/j/colcon_ws/ORB_SLAM3/include/Frame.h:28,
[35.826s]                  from /home/j/colcon_ws/ORB_SLAM3/include/KeyFrame.h:28,
[35.827s]                  from /home/j/colcon_ws/ORB_SLAM3/include/MapPoint.h:23,
[35.827s]                  from /home/j/colcon_ws/ORB_SLAM3/include/FrameDrawer.h:24,
[35.827s]                  from /home/j/colcon_ws/ORB_SLAM3/include/Viewer.h:23,
[35.827s]                  from /home/j/colcon_ws/ORB_SLAM3/include/Tracking.h:26,
[35.827s]                  from /home/j/colcon_ws/ORB_SLAM3/include/System.h:31,
[35.827s]                  from /home/j/colcon_ws/src/orbslam3_ros2/src/monocular/monocular-slam-node.hpp:9,
[35.827s]                  from /home/j/colcon_ws/src/orbslam3_ros2/src/monocular/mono.cpp:7:
[35.827s] /usr/include/eigen3/Eigen/src/Core/util/Constants.h:167:37: note: declared here
[35.827s]   167 | EIGEN_DEPRECATED const unsigned int AlignedBit = 0x80;
[35.827s]       |                                     ^~~~~~~~~~
[35.835s] In file included from /home/j/colcon_ws/ORB_SLAM3/Thirdparty/g2o/g2o/types/types_six_dof_expmap.h:38,
[35.835s]                  from /home/j/colcon_ws/ORB_SLAM3/include/Converter.h:26,
[35.835s]                  from /home/j/colcon_ws/ORB_SLAM3/include/Frame.h:33,
[35.835s]                  from /home/j/colcon_ws/ORB_SLAM3/include/KeyFrame.h:28,
[35.835s]                  from /home/j/colcon_ws/ORB_SLAM3/include/MapPoint.h:23,
[35.835s]                  from /home/j/colcon_ws/ORB_SLAM3/include/FrameDrawer.h:24,
[35.835s]                  from /home/j/colcon_ws/ORB_SLAM3/include/Viewer.h:23,
[35.836s]                  from /home/j/colcon_ws/ORB_SLAM3/include/Tracking.h:26,
[35.836s]                  from /home/j/colcon_ws/ORB_SLAM3/include/System.h:31,
[35.836s]                  from /home/j/colcon_ws/src/orbslam3_ros2/src/stereo-inertial/stereo-inertial-node.hpp:10,
[35.836s]                  from /home/j/colcon_ws/src/orbslam3_ros2/src/stereo-inertial/stereo-inertial-node.cpp:1:
[35.836s] /home/j/colcon_ws/ORB_SLAM3/Thirdparty/g2o/g2o/types/../core/base_binary_edge.h: In instantiation of ‘class g2o::BaseBinaryEdge<2, Eigen::Matrix<double, 2, 1>, g2o::VertexSBAPointXYZ, g2o::VertexSE3Expmap>’:
[35.836s] /home/j/colcon_ws/ORB_SLAM3/Thirdparty/g2o/g2o/types/types_six_dof_expmap.h:114:35:   required from here
[35.836s] /home/j/colcon_ws/ORB_SLAM3/Thirdparty/g2o/g2o/types/../core/base_binary_edge.h:59:80: warning: ‘Eigen::AlignedBit’ is deprecated [-Wdeprecated-declarations]
[35.836s]    59 |       typedef Eigen::Map<Matrix<double, Di, Dj>, Matrix<double, Di, Dj>::Flags & AlignedBit ? Aligned : Unaligned > HessianBlockType;
[35.836s]       |                                                                          ~~~~~~^~~~~~~~~~~~
[35.836s] In file included from /usr/include/eigen3/Eigen/Core:161,
[35.836s]                  from /usr/include/eigen3/Eigen/LU:11,
[35.837s]                  from /home/j/colcon_ws/ORB_SLAM3/Thirdparty/Sophus/sophus/so2.hpp:12,
[35.837s]                  from /home/j/colcon_ws/ORB_SLAM3/Thirdparty/Sophus/sophus/se2.hpp:7,
[35.837s]                  from /home/j/colcon_ws/ORB_SLAM3/Thirdparty/Sophus/sophus/geometry.hpp:7,
[35.837s]                  from /home/j/colcon_ws/ORB_SLAM3/include/Frame.h:28,
[35.837s]                  from /home/j/colcon_ws/ORB_SLAM3/include/KeyFrame.h:28,
[35.837s]                  from /home/j/colcon_ws/ORB_SLAM3/include/MapPoint.h:23,
[35.837s]                  from /home/j/colcon_ws/ORB_SLAM3/include/FrameDrawer.h:24,
[35.837s]                  from /home/j/colcon_ws/ORB_SLAM3/include/Viewer.h:23,
[35.837s]                  from /home/j/colcon_ws/ORB_SLAM3/include/Tracking.h:26,
[35.837s]                  from /home/j/colcon_ws/ORB_SLAM3/include/System.h:31,
[35.838s]                  from /home/j/colcon_ws/src/orbslam3_ros2/src/stereo-inertial/stereo-inertial-node.hpp:10,
[35.838s]                  from /home/j/colcon_ws/src/orbslam3_ros2/src/stereo-inertial/stereo-inertial-node.cpp:1:
[35.838s] /usr/include/eigen3/Eigen/src/Core/util/Constants.h:167:37: note: declared here
[35.838s]   167 | EIGEN_DEPRECATED const unsigned int AlignedBit = 0x80;
[35.838s]       |                                     ^~~~~~~~~~
[35.838s] In file included from /home/j/colcon_ws/ORB_SLAM3/Thirdparty/g2o/g2o/types/types_six_dof_expmap.h:38,
[35.838s]                  from /home/j/colcon_ws/ORB_SLAM3/include/Converter.h:26,
[35.838s]                  from /home/j/colcon_ws/ORB_SLAM3/include/Frame.h:33,
[35.838s]                  from /home/j/colcon_ws/ORB_SLAM3/include/KeyFrame.h:28,
[35.838s]                  from /home/j/colcon_ws/ORB_SLAM3/include/MapPoint.h:23,
[35.838s]                  from /home/j/colcon_ws/ORB_SLAM3/include/FrameDrawer.h:24,
[35.838s]                  from /home/j/colcon_ws/ORB_SLAM3/include/Viewer.h:23,
[35.839s]                  from /home/j/colcon_ws/ORB_SLAM3/include/Tracking.h:26,
[35.839s]                  from /home/j/colcon_ws/ORB_SLAM3/include/System.h:31,
[35.839s]                  from /home/j/colcon_ws/src/orbslam3_ros2/src/monocular/monocular-slam-node.hpp:9,
[35.839s]                  from /home/j/colcon_ws/src/orbslam3_ros2/src/monocular/monocular-slam-node.cpp:1:
[35.839s] /home/j/colcon_ws/ORB_SLAM3/Thirdparty/g2o/g2o/types/../core/base_binary_edge.h: In instantiation of ‘class g2o::BaseBinaryEdge<2, Eigen::Matrix<double, 2, 1>, g2o::VertexSBAPointXYZ, g2o::VertexSE3Expmap>’:
[35.839s] /home/j/colcon_ws/ORB_SLAM3/Thirdparty/g2o/g2o/types/types_six_dof_expmap.h:114:35:   required from here
[35.839s] /home/j/colcon_ws/ORB_SLAM3/Thirdparty/g2o/g2o/types/../core/base_binary_edge.h:59:80: warning: ‘Eigen::AlignedBit’ is deprecated [-Wdeprecated-declarations]
[35.839s]    59 |       typedef Eigen::Map<Matrix<double, Di, Dj>, Matrix<double, Di, Dj>::Flags & AlignedBit ? Aligned : Unaligned > HessianBlockType;
[35.839s]       |                                                                          ~~~~~~^~~~~~~~~~~~
[35.839s] In file included from /usr/include/eigen3/Eigen/Core:161,
[35.840s]                  from /usr/include/eigen3/Eigen/LU:11,
[35.840s]                  from /home/j/colcon_ws/ORB_SLAM3/Thirdparty/Sophus/sophus/so2.hpp:12,
[35.840s]                  from /home/j/colcon_ws/ORB_SLAM3/Thirdparty/Sophus/sophus/se2.hpp:7,
[35.840s]                  from /home/j/colcon_ws/ORB_SLAM3/Thirdparty/Sophus/sophus/geometry.hpp:7,
[35.840s]                  from /home/j/colcon_ws/ORB_SLAM3/include/Frame.h:28,
[35.840s]                  from /home/j/colcon_ws/ORB_SLAM3/include/KeyFrame.h:28,
[35.840s]                  from /home/j/colcon_ws/ORB_SLAM3/include/MapPoint.h:23,
[35.840s]                  from /home/j/colcon_ws/ORB_SLAM3/include/FrameDrawer.h:24,
[35.840s]                  from /home/j/colcon_ws/ORB_SLAM3/include/Viewer.h:23,
[35.840s]                  from /home/j/colcon_ws/ORB_SLAM3/include/Tracking.h:26,
[35.840s]                  from /home/j/colcon_ws/ORB_SLAM3/include/System.h:31,
[35.840s]                  from /home/j/colcon_ws/src/orbslam3_ros2/src/monocular/monocular-slam-node.hpp:9,
[35.841s]                  from /home/j/colcon_ws/src/orbslam3_ros2/src/monocular/monocular-slam-node.cpp:1:
[35.841s] /usr/include/eigen3/Eigen/src/Core/util/Constants.h:167:37: note: declared here
[35.841s]   167 | EIGEN_DEPRECATED const unsigned int AlignedBit = 0x80;
[35.841s]       |                                     ^~~~~~~~~~
[35.841s] In file included from /home/j/colcon_ws/ORB_SLAM3/Thirdparty/g2o/g2o/types/types_six_dof_expmap.h:38,
[35.841s]                  from /home/j/colcon_ws/ORB_SLAM3/include/Converter.h:26,
[35.841s]                  from /home/j/colcon_ws/ORB_SLAM3/include/Frame.h:33,
[35.841s]                  from /home/j/colcon_ws/ORB_SLAM3/include/KeyFrame.h:28,
[35.841s]                  from /home/j/colcon_ws/ORB_SLAM3/include/MapPoint.h:23,
[35.841s]                  from /home/j/colcon_ws/ORB_SLAM3/include/FrameDrawer.h:24,
[35.841s]                  from /home/j/colcon_ws/ORB_SLAM3/include/Viewer.h:23,
[35.841s]                  from /home/j/colcon_ws/ORB_SLAM3/include/Tracking.h:26,
[35.842s]                  from /home/j/colcon_ws/ORB_SLAM3/include/System.h:31,
[35.842s]                  from /home/j/colcon_ws/src/orbslam3_ros2/src/stereo-inertial/stereo-inertial-node.hpp:10,
[35.842s]                  from /home/j/colcon_ws/src/orbslam3_ros2/src/stereo-inertial/stereo-inertial.cpp:7:
[35.842s] /home/j/colcon_ws/ORB_SLAM3/Thirdparty/g2o/g2o/types/../core/base_binary_edge.h: In instantiation of ‘class g2o::BaseBinaryEdge<2, Eigen::Matrix<double, 2, 1>, g2o::VertexSBAPointXYZ, g2o::VertexSE3Expmap>’:
[35.842s] /home/j/colcon_ws/ORB_SLAM3/Thirdparty/g2o/g2o/types/types_six_dof_expmap.h:114:35:   required from here
[35.842s] /home/j/colcon_ws/ORB_SLAM3/Thirdparty/g2o/g2o/types/../core/base_binary_edge.h:59:80: warning: ‘Eigen::AlignedBit’ is deprecated [-Wdeprecated-declarations]
[35.842s]    59 |       typedef Eigen::Map<Matrix<double, Di, Dj>, Matrix<double, Di, Dj>::Flags & AlignedBit ? Aligned : Unaligned > HessianBlockType;
[35.842s]       |                                                                          ~~~~~~^~~~~~~~~~~~
[35.842s] In file included from /usr/include/eigen3/Eigen/Core:161,
[35.842s]                  from /usr/include/eigen3/Eigen/LU:11,
[35.842s]                  from /home/j/colcon_ws/ORB_SLAM3/Thirdparty/Sophus/sophus/so2.hpp:12,
[35.843s]                  from /home/j/colcon_ws/ORB_SLAM3/Thirdparty/Sophus/sophus/se2.hpp:7,
[35.843s]                  from /home/j/colcon_ws/ORB_SLAM3/Thirdparty/Sophus/sophus/geometry.hpp:7,
[35.843s]                  from /home/j/colcon_ws/ORB_SLAM3/include/Frame.h:28,
[35.843s]                  from /home/j/colcon_ws/ORB_SLAM3/include/KeyFrame.h:28,
[35.843s]                  from /home/j/colcon_ws/ORB_SLAM3/include/MapPoint.h:23,
[35.843s]                  from /home/j/colcon_ws/ORB_SLAM3/include/FrameDrawer.h:24,
[35.843s]                  from /home/j/colcon_ws/ORB_SLAM3/include/Viewer.h:23,
[35.843s]                  from /home/j/colcon_ws/ORB_SLAM3/include/Tracking.h:26,
[35.843s]                  from /home/j/colcon_ws/ORB_SLAM3/include/System.h:31,
[35.843s]                  from /home/j/colcon_ws/src/orbslam3_ros2/src/stereo-inertial/stereo-inertial-node.hpp:10,
[35.843s]                  from /home/j/colcon_ws/src/orbslam3_ros2/src/stereo-inertial/stereo-inertial.cpp:7:
[35.843s] /usr/include/eigen3/Eigen/src/Core/util/Constants.h:167:37: note: declared here
[35.844s]   167 | EIGEN_DEPRECATED const unsigned int AlignedBit = 0x80;
[35.844s]       |                                     ^~~~~~~~~~
[35.844s] In file included from /home/j/colcon_ws/ORB_SLAM3/Thirdparty/g2o/g2o/types/types_six_dof_expmap.h:38,
[35.844s]                  from /home/j/colcon_ws/ORB_SLAM3/include/Converter.h:26,
[35.844s]                  from /home/j/colcon_ws/ORB_SLAM3/include/Frame.h:33,
[35.844s]                  from /home/j/colcon_ws/ORB_SLAM3/include/KeyFrame.h:28,
[35.844s]                  from /home/j/colcon_ws/ORB_SLAM3/include/MapPoint.h:23,
[35.844s]                  from /home/j/colcon_ws/ORB_SLAM3/include/FrameDrawer.h:24,
[35.844s]                  from /home/j/colcon_ws/ORB_SLAM3/include/Viewer.h:23,
[35.844s]                  from /home/j/colcon_ws/ORB_SLAM3/include/Tracking.h:26,
[35.844s]                  from /home/j/colcon_ws/ORB_SLAM3/include/System.h:31,
[35.844s]                  from /home/j/colcon_ws/src/orbslam3_ros2/src/monocular/monocular-slam-node.hpp:9,
[35.845s]                  from /home/j/colcon_ws/src/orbslam3_ros2/src/monocular/mono.cpp:7:
[35.845s] /home/j/colcon_ws/ORB_SLAM3/Thirdparty/g2o/g2o/types/../core/base_binary_edge.h:60:80: warning: ‘Eigen::AlignedBit’ is deprecated [-Wdeprecated-declarations]
[35.845s]    60 |       typedef Eigen::Map<Matrix<double, Dj, Di>, Matrix<double, Dj, Di>::Flags & AlignedBit ? Aligned : Unaligned > HessianBlockTransposedType;
[35.845s]       |                                                                          ~~~~~~^~~~~~~~~~~~
[35.845s] In file included from /usr/include/eigen3/Eigen/Core:161,
[35.845s]                  from /usr/include/eigen3/Eigen/LU:11,
[35.845s]                  from /home/j/colcon_ws/ORB_SLAM3/Thirdparty/Sophus/sophus/so2.hpp:12,
[35.845s]                  from /home/j/colcon_ws/ORB_SLAM3/Thirdparty/Sophus/sophus/se2.hpp:7,
[35.845s]                  from /home/j/colcon_ws/ORB_SLAM3/Thirdparty/Sophus/sophus/geometry.hpp:7,
[35.845s]                  from /home/j/colcon_ws/ORB_SLAM3/include/Frame.h:28,
[35.845s]                  from /home/j/colcon_ws/ORB_SLAM3/include/KeyFrame.h:28,
[35.845s]                  from /home/j/colcon_ws/ORB_SLAM3/include/MapPoint.h:23,
[35.846s]                  from /home/j/colcon_ws/ORB_SLAM3/include/FrameDrawer.h:24,
[35.846s]                  from /home/j/colcon_ws/ORB_SLAM3/include/Viewer.h:23,
[35.846s]                  from /home/j/colcon_ws/ORB_SLAM3/include/Tracking.h:26,
[35.846s]                  from /home/j/colcon_ws/ORB_SLAM3/include/System.h:31,
[35.846s]                  from /home/j/colcon_ws/src/orbslam3_ros2/src/monocular/monocular-slam-node.hpp:9,
[35.846s]                  from /home/j/colcon_ws/src/orbslam3_ros2/src/monocular/mono.cpp:7:
[35.846s] /usr/include/eigen3/Eigen/src/Core/util/Constants.h:167:37: note: declared here
[35.846s]   167 | EIGEN_DEPRECATED const unsigned int AlignedBit = 0x80;
[35.846s]       |                                     ^~~~~~~~~~
[35.850s] In file included from /home/j/colcon_ws/ORB_SLAM3/Thirdparty/g2o/g2o/types/types_six_dof_expmap.h:38,
[35.850s]                  from /home/j/colcon_ws/ORB_SLAM3/include/Converter.h:26,
[35.850s]                  from /home/j/colcon_ws/ORB_SLAM3/include/Frame.h:33,
[35.850s]                  from /home/j/colcon_ws/ORB_SLAM3/include/KeyFrame.h:28,
[35.850s]                  from /home/j/colcon_ws/ORB_SLAM3/include/MapPoint.h:23,
[35.850s]                  from /home/j/colcon_ws/ORB_SLAM3/include/FrameDrawer.h:24,
[35.850s]                  from /home/j/colcon_ws/ORB_SLAM3/include/Viewer.h:23,
[35.850s]                  from /home/j/colcon_ws/ORB_SLAM3/include/Tracking.h:26,
[35.850s]                  from /home/j/colcon_ws/ORB_SLAM3/include/System.h:31,
[35.851s]                  from /home/j/colcon_ws/src/orbslam3_ros2/src/stereo-inertial/stereo-inertial-node.hpp:10,
[35.851s]                  from /home/j/colcon_ws/src/orbslam3_ros2/src/stereo-inertial/stereo-inertial-node.cpp:1:
[35.851s] /home/j/colcon_ws/ORB_SLAM3/Thirdparty/g2o/g2o/types/../core/base_binary_edge.h:60:80: warning: ‘Eigen::AlignedBit’ is deprecated [-Wdeprecated-declarations]
[35.851s]    60 |       typedef Eigen::Map<Matrix<double, Dj, Di>, Matrix<double, Dj, Di>::Flags & AlignedBit ? Aligned : Unaligned > HessianBlockTransposedType;
[35.851s]       |                                                                          ~~~~~~^~~~~~~~~~~~
[35.851s] In file included from /usr/include/eigen3/Eigen/Core:161,
[35.851s]                  from /usr/include/eigen3/Eigen/LU:11,
[35.851s]                  from /home/j/colcon_ws/ORB_SLAM3/Thirdparty/Sophus/sophus/so2.hpp:12,
[35.851s]                  from /home/j/colcon_ws/ORB_SLAM3/Thirdparty/Sophus/sophus/se2.hpp:7,
[35.852s]                  from /home/j/colcon_ws/ORB_SLAM3/Thirdparty/Sophus/sophus/geometry.hpp:7,
[35.852s]                  from /home/j/colcon_ws/ORB_SLAM3/include/Frame.h:28,
[35.852s]                  from /home/j/colcon_ws/ORB_SLAM3/include/KeyFrame.h:28,
[35.852s]                  from /home/j/colcon_ws/ORB_SLAM3/include/MapPoint.h:23,
[35.852s]                  from /home/j/colcon_ws/ORB_SLAM3/include/FrameDrawer.h:24,
[35.852s]                  from /home/j/colcon_ws/ORB_SLAM3/include/Viewer.h:23,
[35.852s]                  from /home/j/colcon_ws/ORB_SLAM3/include/Tracking.h:26,
[35.852s]                  from /home/j/colcon_ws/ORB_SLAM3/include/System.h:31,
[35.852s]                  from /home/j/colcon_ws/src/orbslam3_ros2/src/stereo-inertial/stereo-inertial-node.hpp:10,
[35.853s]                  from /home/j/colcon_ws/src/orbslam3_ros2/src/stereo-inertial/stereo-inertial-node.cpp:1:
[35.853s] /usr/include/eigen3/Eigen/src/Core/util/Constants.h:167:37: note: declared here
[35.853s]   167 | EIGEN_DEPRECATED const unsigned int AlignedBit = 0x80;
[35.853s]       |                                     ^~~~~~~~~~
[35.853s] In file included from /home/j/colcon_ws/ORB_SLAM3/Thirdparty/g2o/g2o/types/types_six_dof_expmap.h:37,
[35.853s]                  from /home/j/colcon_ws/ORB_SLAM3/include/Converter.h:26,
[35.853s]                  from /home/j/colcon_ws/ORB_SLAM3/include/Frame.h:33,
[35.853s]                  from /home/j/colcon_ws/ORB_SLAM3/include/KeyFrame.h:28,
[35.853s]                  from /home/j/colcon_ws/ORB_SLAM3/include/MapPoint.h:23,
[35.854s]                  from /home/j/colcon_ws/ORB_SLAM3/include/FrameDrawer.h:24,
[35.854s]                  from /home/j/colcon_ws/ORB_SLAM3/include/Viewer.h:23,
[35.854s]                  from /home/j/colcon_ws/ORB_SLAM3/include/Tracking.h:26,
[35.854s]                  from /home/j/colcon_ws/ORB_SLAM3/include/System.h:31,
[35.854s]                  from /home/j/colcon_ws/src/orbslam3_ros2/src/rgbd/rgbd-slam-node.hpp:18,
[35.854s]                  from /home/j/colcon_ws/src/orbslam3_ros2/src/rgbd/rgbd.cpp:7:
[35.854s] /home/j/colcon_ws/ORB_SLAM3/Thirdparty/g2o/g2o/types/../core/base_vertex.h: In instantiation of ‘class g2o::BaseVertex<3, Eigen::Matrix<double, 3, 1> >’:
[35.854s] /home/j/colcon_ws/ORB_SLAM3/Thirdparty/g2o/g2o/types/types_sba.h:40:35:   required from here
[35.854s] /home/j/colcon_ws/ORB_SLAM3/Thirdparty/g2o/g2o/types/../core/base_vertex.h:62:72: warning: ‘Eigen::AlignedBit’ is deprecated [-Wdeprecated-declarations]
[35.854s]    62 |     typedef Eigen::Map<Matrix<double, D, D>, Matrix<double,D,D>::Flags & AlignedBit ? Aligned : Unaligned >  HessianBlockType;
[35.855s]       |                                                                  ~~~~~~^~~~~~~~~~~~
[35.855s] In file included from /usr/include/eigen3/Eigen/Core:161,
[35.855s]                  from /usr/include/eigen3/Eigen/LU:11,
[35.855s]                  from /home/j/colcon_ws/ORB_SLAM3/Thirdparty/Sophus/sophus/so2.hpp:12,
[35.855s]                  from /home/j/colcon_ws/ORB_SLAM3/Thirdparty/Sophus/sophus/se2.hpp:7,
[35.855s]                  from /home/j/colcon_ws/ORB_SLAM3/Thirdparty/Sophus/sophus/geometry.hpp:7,
[35.855s]                  from /home/j/colcon_ws/ORB_SLAM3/include/Frame.h:28,
[35.855s]                  from /home/j/colcon_ws/ORB_SLAM3/include/KeyFrame.h:28,
[35.855s]                  from /home/j/colcon_ws/ORB_SLAM3/include/MapPoint.h:23,
[35.855s]                  from /home/j/colcon_ws/ORB_SLAM3/include/FrameDrawer.h:24,
[35.855s]                  from /home/j/colcon_ws/ORB_SLAM3/include/Viewer.h:23,
[35.855s]                  from /home/j/colcon_ws/ORB_SLAM3/include/Tracking.h:26,
[35.856s]                  from /home/j/colcon_ws/ORB_SLAM3/include/System.h:31,
[35.856s]                  from /home/j/colcon_ws/src/orbslam3_ros2/src/rgbd/rgbd-slam-node.hpp:18,
[35.856s]                  from /home/j/colcon_ws/src/orbslam3_ros2/src/rgbd/rgbd.cpp:7:
[35.856s] /usr/include/eigen3/Eigen/src/Core/util/Constants.h:167:37: note: declared here
[35.856s]   167 | EIGEN_DEPRECATED const unsigned int AlignedBit = 0x80;
[35.856s]       |                                     ^~~~~~~~~~
[35.856s] In file included from /home/j/colcon_ws/ORB_SLAM3/Thirdparty/g2o/g2o/types/types_six_dof_expmap.h:38,
[35.856s]                  from /home/j/colcon_ws/ORB_SLAM3/include/Converter.h:26,
[35.856s]                  from /home/j/colcon_ws/ORB_SLAM3/include/Frame.h:33,
[35.856s]                  from /home/j/colcon_ws/ORB_SLAM3/include/KeyFrame.h:28,
[35.856s]                  from /home/j/colcon_ws/ORB_SLAM3/include/MapPoint.h:23,
[35.856s]                  from /home/j/colcon_ws/ORB_SLAM3/include/FrameDrawer.h:24,
[35.857s]                  from /home/j/colcon_ws/ORB_SLAM3/include/Viewer.h:23,
[35.857s]                  from /home/j/colcon_ws/ORB_SLAM3/include/Tracking.h:26,
[35.857s]                  from /home/j/colcon_ws/ORB_SLAM3/include/System.h:31,
[35.857s]                  from /home/j/colcon_ws/src/orbslam3_ros2/src/monocular/monocular-slam-node.hpp:9,
[35.857s]                  from /home/j/colcon_ws/src/orbslam3_ros2/src/monocular/monocular-slam-node.cpp:1:
[35.857s] /home/j/colcon_ws/ORB_SLAM3/Thirdparty/g2o/g2o/types/../core/base_binary_edge.h:60:80: warning: ‘Eigen::AlignedBit’ is deprecated [-Wdeprecated-declarations]
[35.857s]    60 |       typedef Eigen::Map<Matrix<double, Dj, Di>, Matrix<double, Dj, Di>::Flags & AlignedBit ? Aligned : Unaligned > HessianBlockTransposedType;
[35.857s]       |                                                                          ~~~~~~^~~~~~~~~~~~
[35.857s] In file included from /usr/include/eigen3/Eigen/Core:161,
[35.857s]                  from /usr/include/eigen3/Eigen/LU:11,
[35.857s]                  from /home/j/colcon_ws/ORB_SLAM3/Thirdparty/Sophus/sophus/so2.hpp:12,
[35.858s]                  from /home/j/colcon_ws/ORB_SLAM3/Thirdparty/Sophus/sophus/se2.hpp:7,
[35.858s]                  from /home/j/colcon_ws/ORB_SLAM3/Thirdparty/Sophus/sophus/geometry.hpp:7,
[35.858s]                  from /home/j/colcon_ws/ORB_SLAM3/include/Frame.h:28,
[35.858s]                  from /home/j/colcon_ws/ORB_SLAM3/include/KeyFrame.h:28,
[35.858s]                  from /home/j/colcon_ws/ORB_SLAM3/include/MapPoint.h:23,
[35.858s]                  from /home/j/colcon_ws/ORB_SLAM3/include/FrameDrawer.h:24,
[35.858s]                  from /home/j/colcon_ws/ORB_SLAM3/include/Viewer.h:23,
[35.858s]                  from /home/j/colcon_ws/ORB_SLAM3/include/Tracking.h:26,
[35.858s]                  from /home/j/colcon_ws/ORB_SLAM3/include/System.h:31,
[35.858s]                  from /home/j/colcon_ws/src/orbslam3_ros2/src/monocular/monocular-slam-node.hpp:9,
[35.858s]                  from /home/j/colcon_ws/src/orbslam3_ros2/src/monocular/monocular-slam-node.cpp:1:
[35.859s] /usr/include/eigen3/Eigen/src/Core/util/Constants.h:167:37: note: declared here
[35.859s]   167 | EIGEN_DEPRECATED const unsigned int AlignedBit = 0x80;
[35.859s]       |                                     ^~~~~~~~~~
[35.859s] In file included from /home/j/colcon_ws/ORB_SLAM3/Thirdparty/g2o/g2o/types/types_six_dof_expmap.h:38,
[35.859s]                  from /home/j/colcon_ws/ORB_SLAM3/include/Converter.h:26,
[35.859s]                  from /home/j/colcon_ws/ORB_SLAM3/include/Frame.h:33,
[35.859s]                  from /home/j/colcon_ws/ORB_SLAM3/include/KeyFrame.h:28,
[35.859s]                  from /home/j/colcon_ws/ORB_SLAM3/include/MapPoint.h:23,
[35.859s]                  from /home/j/colcon_ws/ORB_SLAM3/include/FrameDrawer.h:24,
[35.859s]                  from /home/j/colcon_ws/ORB_SLAM3/include/Viewer.h:23,
[35.859s]                  from /home/j/colcon_ws/ORB_SLAM3/include/Tracking.h:26,
[35.860s]                  from /home/j/colcon_ws/ORB_SLAM3/include/System.h:31,
[35.860s]                  from /home/j/colcon_ws/src/orbslam3_ros2/src/stereo-inertial/stereo-inertial-node.hpp:10,
[35.860s]                  from /home/j/colcon_ws/src/orbslam3_ros2/src/stereo-inertial/stereo-inertial.cpp:7:
[35.860s] /home/j/colcon_ws/ORB_SLAM3/Thirdparty/g2o/g2o/types/../core/base_binary_edge.h:60:80: warning: ‘Eigen::AlignedBit’ is deprecated [-Wdeprecated-declarations]
[35.860s]    60 |       typedef Eigen::Map<Matrix<double, Dj, Di>, Matrix<double, Dj, Di>::Flags & AlignedBit ? Aligned : Unaligned > HessianBlockTransposedType;
[35.860s]       |                                                                          ~~~~~~^~~~~~~~~~~~
[35.860s] In file included from /usr/include/eigen3/Eigen/Core:161,
[35.860s]                  from /usr/include/eigen3/Eigen/LU:11,
[35.860s]                  from /home/j/colcon_ws/ORB_SLAM3/Thirdparty/Sophus/sophus/so2.hpp:12,
[35.860s]                  from /home/j/colcon_ws/ORB_SLAM3/Thirdparty/Sophus/sophus/se2.hpp:7,
[35.860s]                  from /home/j/colcon_ws/ORB_SLAM3/Thirdparty/Sophus/sophus/geometry.hpp:7,
[35.861s]                  from /home/j/colcon_ws/ORB_SLAM3/include/Frame.h:28,
[35.861s]                  from /home/j/colcon_ws/ORB_SLAM3/include/KeyFrame.h:28,
[35.861s]                  from /home/j/colcon_ws/ORB_SLAM3/include/MapPoint.h:23,
[35.861s]                  from /home/j/colcon_ws/ORB_SLAM3/include/FrameDrawer.h:24,
[35.861s]                  from /home/j/colcon_ws/ORB_SLAM3/include/Viewer.h:23,
[35.861s]                  from /home/j/colcon_ws/ORB_SLAM3/include/Tracking.h:26,
[35.861s]                  from /home/j/colcon_ws/ORB_SLAM3/include/System.h:31,
[35.861s]                  from /home/j/colcon_ws/src/orbslam3_ros2/src/stereo-inertial/stereo-inertial-node.hpp:10,
[35.861s]                  from /home/j/colcon_ws/src/orbslam3_ros2/src/stereo-inertial/stereo-inertial.cpp:7:
[35.861s] /usr/include/eigen3/Eigen/src/Core/util/Constants.h:167:37: note: declared here
[35.861s]   167 | EIGEN_DEPRECATED const unsigned int AlignedBit = 0x80;
[35.861s]       |                                     ^~~~~~~~~~
[35.872s] In file included from /home/j/colcon_ws/ORB_SLAM3/Thirdparty/g2o/g2o/types/types_six_dof_expmap.h:37,
[35.872s]                  from /home/j/colcon_ws/ORB_SLAM3/include/Converter.h:26,
[35.872s]                  from /home/j/colcon_ws/ORB_SLAM3/include/Frame.h:33,
[35.872s]                  from /home/j/colcon_ws/ORB_SLAM3/include/KeyFrame.h:28,
[35.872s]                  from /home/j/colcon_ws/ORB_SLAM3/include/MapPoint.h:23,
[35.872s]                  from /home/j/colcon_ws/ORB_SLAM3/include/FrameDrawer.h:24,
[35.872s]                  from /home/j/colcon_ws/ORB_SLAM3/include/Viewer.h:23,
[35.872s]                  from /home/j/colcon_ws/ORB_SLAM3/include/Tracking.h:26,
[35.873s]                  from /home/j/colcon_ws/ORB_SLAM3/include/System.h:31,
[35.873s]                  from /home/j/colcon_ws/src/orbslam3_ros2/src/stereo/stereo-slam-node.hpp:13,
[35.873s]                  from /home/j/colcon_ws/src/orbslam3_ros2/src/stereo/stereo.cpp:7:
[35.873s] /home/j/colcon_ws/ORB_SLAM3/Thirdparty/g2o/g2o/types/../core/base_vertex.h: In instantiation of ‘class g2o::BaseVertex<3, Eigen::Matrix<double, 3, 1> >’:
[35.873s] /home/j/colcon_ws/ORB_SLAM3/Thirdparty/g2o/g2o/types/types_sba.h:40:35:   required from here
[35.873s] /home/j/colcon_ws/ORB_SLAM3/Thirdparty/g2o/g2o/types/../core/base_vertex.h:62:72: warning: ‘Eigen::AlignedBit’ is deprecated [-Wdeprecated-declarations]
[35.873s]    62 |     typedef Eigen::Map<Matrix<double, D, D>, Matrix<double,D,D>::Flags & AlignedBit ? Aligned : Unaligned >  HessianBlockType;
[35.873s]       |                                                                  ~~~~~~^~~~~~~~~~~~
[35.873s] In file included from /usr/include/eigen3/Eigen/Core:161,
[35.873s]                  from /usr/include/eigen3/Eigen/LU:11,
[35.873s]                  from /home/j/colcon_ws/ORB_SLAM3/Thirdparty/Sophus/sophus/so2.hpp:12,
[35.874s]                  from /home/j/colcon_ws/ORB_SLAM3/Thirdparty/Sophus/sophus/se2.hpp:7,
[35.874s]                  from /home/j/colcon_ws/ORB_SLAM3/Thirdparty/Sophus/sophus/geometry.hpp:7,
[35.874s]                  from /home/j/colcon_ws/ORB_SLAM3/include/Frame.h:28,
[35.874s]                  from /home/j/colcon_ws/ORB_SLAM3/include/KeyFrame.h:28,
[35.874s]                  from /home/j/colcon_ws/ORB_SLAM3/include/MapPoint.h:23,
[35.874s]                  from /home/j/colcon_ws/ORB_SLAM3/include/FrameDrawer.h:24,
[35.874s]                  from /home/j/colcon_ws/ORB_SLAM3/include/Viewer.h:23,
[35.874s]                  from /home/j/colcon_ws/ORB_SLAM3/include/Tracking.h:26,
[35.874s]                  from /home/j/colcon_ws/ORB_SLAM3/include/System.h:31,
[35.874s]                  from /home/j/colcon_ws/src/orbslam3_ros2/src/stereo/stereo-slam-node.hpp:13,
[35.874s]                  from /home/j/colcon_ws/src/orbslam3_ros2/src/stereo/stereo.cpp:7:
[35.875s] /usr/include/eigen3/Eigen/src/Core/util/Constants.h:167:37: note: declared here
[35.875s]   167 | EIGEN_DEPRECATED const unsigned int AlignedBit = 0x80;
[35.875s]       |                                     ^~~~~~~~~~
[35.884s] In file included from /home/j/colcon_ws/ORB_SLAM3/Thirdparty/g2o/g2o/types/types_six_dof_expmap.h:37,
[35.884s]                  from /home/j/colcon_ws/ORB_SLAM3/include/Converter.h:26,
[35.884s]                  from /home/j/colcon_ws/ORB_SLAM3/include/Frame.h:33,
[35.884s]                  from /home/j/colcon_ws/ORB_SLAM3/include/KeyFrame.h:28,
[35.884s]                  from /home/j/colcon_ws/ORB_SLAM3/include/MapPoint.h:23,
[35.884s]                  from /home/j/colcon_ws/ORB_SLAM3/include/FrameDrawer.h:24,
[35.884s]                  from /home/j/colcon_ws/ORB_SLAM3/include/Viewer.h:23,
[35.884s]                  from /home/j/colcon_ws/ORB_SLAM3/include/Tracking.h:26,
[35.885s]                  from /home/j/colcon_ws/ORB_SLAM3/include/System.h:31,
[35.885s]                  from /home/j/colcon_ws/src/orbslam3_ros2/src/rgbd/rgbd-slam-node.hpp:18,
[35.885s]                  from /home/j/colcon_ws/src/orbslam3_ros2/src/rgbd/rgbd.cpp:7:
[35.885s] /home/j/colcon_ws/ORB_SLAM3/Thirdparty/g2o/g2o/types/../core/base_vertex.h: In instantiation of ‘class g2o::BaseVertex<6, g2o::SE3Quat>’:
[35.885s] /home/j/colcon_ws/ORB_SLAM3/Thirdparty/g2o/g2o/types/types_six_dof_expmap.h:59:33:   required from here
[35.885s] /home/j/colcon_ws/ORB_SLAM3/Thirdparty/g2o/g2o/types/../core/base_vertex.h:62:72: warning: ‘Eigen::AlignedBit’ is deprecated [-Wdeprecated-declarations]
[35.885s]    62 |     typedef Eigen::Map<Matrix<double, D, D>, Matrix<double,D,D>::Flags & AlignedBit ? Aligned : Unaligned >  HessianBlockType;
[35.885s]       |                                                                  ~~~~~~^~~~~~~~~~~~
[35.885s] In file included from /usr/include/eigen3/Eigen/Core:161,
[35.885s]                  from /usr/include/eigen3/Eigen/LU:11,
[35.885s]                  from /home/j/colcon_ws/ORB_SLAM3/Thirdparty/Sophus/sophus/so2.hpp:12,
[35.886s]                  from /home/j/colcon_ws/ORB_SLAM3/Thirdparty/Sophus/sophus/se2.hpp:7,
[35.886s]                  from /home/j/colcon_ws/ORB_SLAM3/Thirdparty/Sophus/sophus/geometry.hpp:7,
[35.886s]                  from /home/j/colcon_ws/ORB_SLAM3/include/Frame.h:28,
[35.886s]                  from /home/j/colcon_ws/ORB_SLAM3/include/KeyFrame.h:28,
[35.886s]                  from /home/j/colcon_ws/ORB_SLAM3/include/MapPoint.h:23,
[35.886s]                  from /home/j/colcon_ws/ORB_SLAM3/include/FrameDrawer.h:24,
[35.886s]                  from /home/j/colcon_ws/ORB_SLAM3/include/Viewer.h:23,
[35.886s]                  from /home/j/colcon_ws/ORB_SLAM3/include/Tracking.h:26,
[35.886s]                  from /home/j/colcon_ws/ORB_SLAM3/include/System.h:31,
[35.886s]                  from /home/j/colcon_ws/src/orbslam3_ros2/src/rgbd/rgbd-slam-node.hpp:18,
[35.886s]                  from /home/j/colcon_ws/src/orbslam3_ros2/src/rgbd/rgbd.cpp:7:
[35.886s] /usr/include/eigen3/Eigen/src/Core/util/Constants.h:167:37: note: declared here
[35.887s]   167 | EIGEN_DEPRECATED const unsigned int AlignedBit = 0x80;
[35.887s]       |                                     ^~~~~~~~~~
[35.895s] In file included from /home/j/colcon_ws/ORB_SLAM3/Thirdparty/g2o/g2o/types/types_six_dof_expmap.h:38,
[35.895s]                  from /home/j/colcon_ws/ORB_SLAM3/include/Converter.h:26,
[35.895s]                  from /home/j/colcon_ws/ORB_SLAM3/include/Frame.h:33,
[35.895s]                  from /home/j/colcon_ws/ORB_SLAM3/include/KeyFrame.h:28,
[35.895s]                  from /home/j/colcon_ws/ORB_SLAM3/include/MapPoint.h:23,
[35.895s]                  from /home/j/colcon_ws/ORB_SLAM3/include/FrameDrawer.h:24,
[35.895s]                  from /home/j/colcon_ws/ORB_SLAM3/include/Viewer.h:23,
[35.895s]                  from /home/j/colcon_ws/ORB_SLAM3/include/Tracking.h:26,
[35.896s]                  from /home/j/colcon_ws/ORB_SLAM3/include/System.h:31,
[35.896s]                  from /home/j/colcon_ws/src/orbslam3_ros2/src/rgbd/rgbd-slam-node.hpp:18,
[35.896s]                  from /home/j/colcon_ws/src/orbslam3_ros2/src/rgbd/rgbd-slam-node.cpp:1:
[35.896s] /home/j/colcon_ws/ORB_SLAM3/Thirdparty/g2o/g2o/types/../core/base_binary_edge.h: In instantiation of ‘class g2o::BaseBinaryEdge<2, Eigen::Matrix<double, 2, 1>, g2o::VertexSBAPointXYZ, g2o::VertexSE3Expmap>’:
[35.896s] /home/j/colcon_ws/ORB_SLAM3/Thirdparty/g2o/g2o/types/types_six_dof_expmap.h:114:35:   required from here
[35.896s] /home/j/colcon_ws/ORB_SLAM3/Thirdparty/g2o/g2o/types/../core/base_binary_edge.h:59:80: warning: ‘Eigen::AlignedBit’ is deprecated [-Wdeprecated-declarations]
[35.896s]    59 |       typedef Eigen::Map<Matrix<double, Di, Dj>, Matrix<double, Di, Dj>::Flags & AlignedBit ? Aligned : Unaligned > HessianBlockType;
[35.896s]       |                                                                          ~~~~~~^~~~~~~~~~~~
[35.896s] In file included from /usr/include/eigen3/Eigen/Core:161,
[35.896s]                  from /usr/include/eigen3/Eigen/LU:11,
[35.896s]                  from /home/j/colcon_ws/ORB_SLAM3/Thirdparty/Sophus/sophus/so2.hpp:12,
[35.897s]                  from /home/j/colcon_ws/ORB_SLAM3/Thirdparty/Sophus/sophus/se2.hpp:7,
[35.897s]                  from /home/j/colcon_ws/ORB_SLAM3/Thirdparty/Sophus/sophus/geometry.hpp:7,
[35.897s]                  from /home/j/colcon_ws/ORB_SLAM3/include/Frame.h:28,
[35.897s]                  from /home/j/colcon_ws/ORB_SLAM3/include/KeyFrame.h:28,
[35.897s]                  from /home/j/colcon_ws/ORB_SLAM3/include/MapPoint.h:23,
[35.897s]                  from /home/j/colcon_ws/ORB_SLAM3/include/FrameDrawer.h:24,
[35.897s]                  from /home/j/colcon_ws/ORB_SLAM3/include/Viewer.h:23,
[35.897s]                  from /home/j/colcon_ws/ORB_SLAM3/include/Tracking.h:26,
[35.897s]                  from /home/j/colcon_ws/ORB_SLAM3/include/System.h:31,
[35.897s]                  from /home/j/colcon_ws/src/orbslam3_ros2/src/rgbd/rgbd-slam-node.hpp:18,
[35.897s]                  from /home/j/colcon_ws/src/orbslam3_ros2/src/rgbd/rgbd-slam-node.cpp:1:
[35.897s] /usr/include/eigen3/Eigen/src/Core/util/Constants.h:167:37: note: declared here
[35.898s]   167 | EIGEN_DEPRECATED const unsigned int AlignedBit = 0x80;
[35.898s]       |                                     ^~~~~~~~~~
[35.903s] In file included from /home/j/colcon_ws/ORB_SLAM3/Thirdparty/g2o/g2o/types/types_six_dof_expmap.h:37,
[35.904s]                  from /home/j/colcon_ws/ORB_SLAM3/include/Converter.h:26,
[35.904s]                  from /home/j/colcon_ws/ORB_SLAM3/include/Frame.h:33,
[35.904s]                  from /home/j/colcon_ws/ORB_SLAM3/include/KeyFrame.h:28,
[35.904s]                  from /home/j/colcon_ws/ORB_SLAM3/include/MapPoint.h:23,
[35.904s]                  from /home/j/colcon_ws/ORB_SLAM3/include/FrameDrawer.h:24,
[35.904s]                  from /home/j/colcon_ws/ORB_SLAM3/include/Viewer.h:23,
[35.904s]                  from /home/j/colcon_ws/ORB_SLAM3/include/Tracking.h:26,
[35.904s]                  from /home/j/colcon_ws/ORB_SLAM3/include/System.h:31,
[35.904s]                  from /home/j/colcon_ws/src/orbslam3_ros2/src/stereo/stereo-slam-node.hpp:13,
[35.904s]                  from /home/j/colcon_ws/src/orbslam3_ros2/src/stereo/stereo.cpp:7:
[35.905s] /home/j/colcon_ws/ORB_SLAM3/Thirdparty/g2o/g2o/types/../core/base_vertex.h: In instantiation of ‘class g2o::BaseVertex<6, g2o::SE3Quat>’:
[35.905s] /home/j/colcon_ws/ORB_SLAM3/Thirdparty/g2o/g2o/types/types_six_dof_expmap.h:59:33:   required from here
[35.905s] /home/j/colcon_ws/ORB_SLAM3/Thirdparty/g2o/g2o/types/../core/base_vertex.h:62:72: warning: ‘Eigen::AlignedBit’ is deprecated [-Wdeprecated-declarations]
[35.905s]    62 |     typedef Eigen::Map<Matrix<double, D, D>, Matrix<double,D,D>::Flags & AlignedBit ? Aligned : Unaligned >  HessianBlockType;
[35.905s]       |                                                                  ~~~~~~^~~~~~~~~~~~
[35.905s] In file included from /usr/include/eigen3/Eigen/Core:161,
[35.905s]                  from /usr/include/eigen3/Eigen/LU:11,
[35.905s]                  from /home/j/colcon_ws/ORB_SLAM3/Thirdparty/Sophus/sophus/so2.hpp:12,
[35.905s]                  from /home/j/colcon_ws/ORB_SLAM3/Thirdparty/Sophus/sophus/se2.hpp:7,
[35.905s]                  from /home/j/colcon_ws/ORB_SLAM3/Thirdparty/Sophus/sophus/geometry.hpp:7,
[35.905s]                  from /home/j/colcon_ws/ORB_SLAM3/include/Frame.h:28,
[35.905s]                  from /home/j/colcon_ws/ORB_SLAM3/include/KeyFrame.h:28,
[35.906s]                  from /home/j/colcon_ws/ORB_SLAM3/include/MapPoint.h:23,
[35.906s]                  from /home/j/colcon_ws/ORB_SLAM3/include/FrameDrawer.h:24,
[35.906s]                  from /home/j/colcon_ws/ORB_SLAM3/include/Viewer.h:23,
[35.907s]                  from /home/j/colcon_ws/ORB_SLAM3/include/Tracking.h:26,
[35.907s]                  from /home/j/colcon_ws/ORB_SLAM3/include/System.h:31,
[35.907s]                  from /home/j/colcon_ws/src/orbslam3_ros2/src/stereo/stereo-slam-node.hpp:13,
[35.907s]                  from /home/j/colcon_ws/src/orbslam3_ros2/src/stereo/stereo.cpp:7:
[35.907s] /usr/include/eigen3/Eigen/src/Core/util/Constants.h:167:37: note: declared here
[35.907s]   167 | EIGEN_DEPRECATED const unsigned int AlignedBit = 0x80;
[35.907s]       |                                     ^~~~~~~~~~
[35.907s] In file included from /home/j/colcon_ws/ORB_SLAM3/Thirdparty/g2o/g2o/types/types_six_dof_expmap.h:38,
[35.907s]                  from /home/j/colcon_ws/ORB_SLAM3/include/Converter.h:26,
[35.907s]                  from /home/j/colcon_ws/ORB_SLAM3/include/Frame.h:33,
[35.908s]                  from /home/j/colcon_ws/ORB_SLAM3/include/KeyFrame.h:28,
[35.908s]                  from /home/j/colcon_ws/ORB_SLAM3/include/MapPoint.h:23,
[35.908s]                  from /home/j/colcon_ws/ORB_SLAM3/include/FrameDrawer.h:24,
[35.908s]                  from /home/j/colcon_ws/ORB_SLAM3/include/Viewer.h:23,
[35.908s]                  from /home/j/colcon_ws/ORB_SLAM3/include/Tracking.h:26,
[35.908s]                  from /home/j/colcon_ws/ORB_SLAM3/include/System.h:31,
[35.908s]                  from /home/j/colcon_ws/src/orbslam3_ros2/src/monocular/monocular-slam-node.hpp:9,
[35.908s]                  from /home/j/colcon_ws/src/orbslam3_ros2/src/monocular/mono.cpp:7:
[35.908s] /home/j/colcon_ws/ORB_SLAM3/Thirdparty/g2o/g2o/types/../core/base_binary_edge.h: In instantiation of ‘class g2o::BaseBinaryEdge<3, Eigen::Matrix<double, 3, 1>, g2o::VertexSBAPointXYZ, g2o::VertexSE3Expmap>’:
[35.908s] /home/j/colcon_ws/ORB_SLAM3/Thirdparty/g2o/g2o/types/types_six_dof_expmap.h:146:41:   required from here
[35.908s] /home/j/colcon_ws/ORB_SLAM3/Thirdparty/g2o/g2o/types/../core/base_binary_edge.h:59:80: warning: ‘Eigen::AlignedBit’ is deprecated [-Wdeprecated-declarations]
[35.909s]    59 |       typedef Eigen::Map<Matrix<double, Di, Dj>, Matrix<double, Di, Dj>::Flags & AlignedBit ? Aligned : Unaligned > HessianBlockType;
[35.909s]       |                                                                          ~~~~~~^~~~~~~~~~~~
[35.909s] In file included from /usr/include/eigen3/Eigen/Core:161,
[35.909s]                  from /usr/include/eigen3/Eigen/LU:11,
[35.909s]                  from /home/j/colcon_ws/ORB_SLAM3/Thirdparty/Sophus/sophus/so2.hpp:12,
[35.909s]                  from /home/j/colcon_ws/ORB_SLAM3/Thirdparty/Sophus/sophus/se2.hpp:7,
[35.909s]                  from /home/j/colcon_ws/ORB_SLAM3/Thirdparty/Sophus/sophus/geometry.hpp:7,
[35.909s]                  from /home/j/colcon_ws/ORB_SLAM3/include/Frame.h:28,
[35.909s]                  from /home/j/colcon_ws/ORB_SLAM3/include/KeyFrame.h:28,
[35.909s]                  from /home/j/colcon_ws/ORB_SLAM3/include/MapPoint.h:23,
[35.910s]                  from /home/j/colcon_ws/ORB_SLAM3/include/FrameDrawer.h:24,
[35.910s]                  from /home/j/colcon_ws/ORB_SLAM3/include/Viewer.h:23,
[35.910s]                  from /home/j/colcon_ws/ORB_SLAM3/include/Tracking.h:26,
[35.910s]                  from /home/j/colcon_ws/ORB_SLAM3/include/System.h:31,
[35.910s]                  from /home/j/colcon_ws/src/orbslam3_ros2/src/monocular/monocular-slam-node.hpp:9,
[35.910s]                  from /home/j/colcon_ws/src/orbslam3_ros2/src/monocular/mono.cpp:7:
[35.910s] /usr/include/eigen3/Eigen/src/Core/util/Constants.h:167:37: note: declared here
[35.911s]   167 | EIGEN_DEPRECATED const unsigned int AlignedBit = 0x80;
[35.911s]       |                                     ^~~~~~~~~~
[35.911s] In file included from /home/j/colcon_ws/ORB_SLAM3/Thirdparty/g2o/g2o/types/types_six_dof_expmap.h:38,
[35.911s]                  from /home/j/colcon_ws/ORB_SLAM3/include/Converter.h:26,
[35.911s]                  from /home/j/colcon_ws/ORB_SLAM3/include/Frame.h:33,
[35.911s]                  from /home/j/colcon_ws/ORB_SLAM3/include/KeyFrame.h:28,
[35.911s]                  from /home/j/colcon_ws/ORB_SLAM3/include/MapPoint.h:23,
[35.911s]                  from /home/j/colcon_ws/ORB_SLAM3/include/FrameDrawer.h:24,
[35.911s]                  from /home/j/colcon_ws/ORB_SLAM3/include/Viewer.h:23,
[35.911s]                  from /home/j/colcon_ws/ORB_SLAM3/include/Tracking.h:26,
[35.911s]                  from /home/j/colcon_ws/ORB_SLAM3/include/System.h:31,
[35.912s]                  from /home/j/colcon_ws/src/orbslam3_ros2/src/monocular/monocular-slam-node.hpp:9,
[35.912s]                  from /home/j/colcon_ws/src/orbslam3_ros2/src/monocular/mono.cpp:7:
[35.912s] /home/j/colcon_ws/ORB_SLAM3/Thirdparty/g2o/g2o/types/../core/base_binary_edge.h:60:80: warning: ‘Eigen::AlignedBit’ is deprecated [-Wdeprecated-declarations]
[35.912s]    60 |       typedef Eigen::Map<Matrix<double, Dj, Di>, Matrix<double, Dj, Di>::Flags & AlignedBit ? Aligned : Unaligned > HessianBlockTransposedType;
[35.912s]       |                                                                          ~~~~~~^~~~~~~~~~~~
[35.912s] In file included from /usr/include/eigen3/Eigen/Core:161,
[35.912s]                  from /usr/include/eigen3/Eigen/LU:11,
[35.912s]                  from /home/j/colcon_ws/ORB_SLAM3/Thirdparty/Sophus/sophus/so2.hpp:12,
[35.912s]                  from /home/j/colcon_ws/ORB_SLAM3/Thirdparty/Sophus/sophus/se2.hpp:7,
[35.912s]                  from /home/j/colcon_ws/ORB_SLAM3/Thirdparty/Sophus/sophus/geometry.hpp:7,
[35.912s]                  from /home/j/colcon_ws/ORB_SLAM3/include/Frame.h:28,
[35.913s]                  from /home/j/colcon_ws/ORB_SLAM3/include/KeyFrame.h:28,
[35.913s]                  from /home/j/colcon_ws/ORB_SLAM3/include/MapPoint.h:23,
[35.913s]                  from /home/j/colcon_ws/ORB_SLAM3/include/FrameDrawer.h:24,
[35.913s]                  from /home/j/colcon_ws/ORB_SLAM3/include/Viewer.h:23,
[35.913s]                  from /home/j/colcon_ws/ORB_SLAM3/include/Tracking.h:26,
[35.913s]                  from /home/j/colcon_ws/ORB_SLAM3/include/System.h:31,
[35.913s]                  from /home/j/colcon_ws/src/orbslam3_ros2/src/monocular/monocular-slam-node.hpp:9,
[35.913s]                  from /home/j/colcon_ws/src/orbslam3_ros2/src/monocular/mono.cpp:7:
[35.913s] /usr/include/eigen3/Eigen/src/Core/util/Constants.h:167:37: note: declared here
[35.913s]   167 | EIGEN_DEPRECATED const unsigned int AlignedBit = 0x80;
[35.913s]       |                                     ^~~~~~~~~~
[35.914s] In file included from /home/j/colcon_ws/ORB_SLAM3/Thirdparty/g2o/g2o/types/types_six_dof_expmap.h:38,
[35.914s]                  from /home/j/colcon_ws/ORB_SLAM3/include/Converter.h:26,
[35.914s]                  from /home/j/colcon_ws/ORB_SLAM3/include/Frame.h:33,
[35.914s]                  from /home/j/colcon_ws/ORB_SLAM3/include/KeyFrame.h:28,
[35.914s]                  from /home/j/colcon_ws/ORB_SLAM3/include/MapPoint.h:23,
[35.914s]                  from /home/j/colcon_ws/ORB_SLAM3/include/FrameDrawer.h:24,
[35.914s]                  from /home/j/colcon_ws/ORB_SLAM3/include/Viewer.h:23,
[35.914s]                  from /home/j/colcon_ws/ORB_SLAM3/include/Tracking.h:26,
[35.914s]                  from /home/j/colcon_ws/ORB_SLAM3/include/System.h:31,
[35.914s]                  from /home/j/colcon_ws/src/orbslam3_ros2/src/rgbd/rgbd-slam-node.hpp:18,
[35.915s]                  from /home/j/colcon_ws/src/orbslam3_ros2/src/rgbd/rgbd-slam-node.cpp:1:
[35.915s] /home/j/colcon_ws/ORB_SLAM3/Thirdparty/g2o/g2o/types/../core/base_binary_edge.h:60:80: warning: ‘Eigen::AlignedBit’ is deprecated [-Wdeprecated-declarations]
[35.915s]    60 |       typedef Eigen::Map<Matrix<double, Dj, Di>, Matrix<double, Dj, Di>::Flags & AlignedBit ? Aligned : Unaligned > HessianBlockTransposedType;
[35.915s]       |                                                                          ~~~~~~^~~~~~~~~~~~
[35.915s] In file included from /usr/include/eigen3/Eigen/Core:161,
[35.915s]                  from /usr/include/eigen3/Eigen/LU:11,
[35.915s]                  from /home/j/colcon_ws/ORB_SLAM3/Thirdparty/Sophus/sophus/so2.hpp:12,
[35.915s]                  from /home/j/colcon_ws/ORB_SLAM3/Thirdparty/Sophus/sophus/se2.hpp:7,
[35.915s]                  from /home/j/colcon_ws/ORB_SLAM3/Thirdparty/Sophus/sophus/geometry.hpp:7,
[35.916s]                  from /home/j/colcon_ws/ORB_SLAM3/include/Frame.h:28,
[35.916s]                  from /home/j/colcon_ws/ORB_SLAM3/include/KeyFrame.h:28,
[35.916s]                  from /home/j/colcon_ws/ORB_SLAM3/include/MapPoint.h:23,
[35.916s]                  from /home/j/colcon_ws/ORB_SLAM3/include/FrameDrawer.h:24,
[35.916s]                  from /home/j/colcon_ws/ORB_SLAM3/include/Viewer.h:23,
[35.917s]                  from /home/j/colcon_ws/ORB_SLAM3/include/Tracking.h:26,
[35.917s]                  from /home/j/colcon_ws/ORB_SLAM3/include/System.h:31,
[35.917s]                  from /home/j/colcon_ws/src/orbslam3_ros2/src/rgbd/rgbd-slam-node.hpp:18,
[35.917s]                  from /home/j/colcon_ws/src/orbslam3_ros2/src/rgbd/rgbd-slam-node.cpp:1:
[35.918s] /usr/include/eigen3/Eigen/src/Core/util/Constants.h:167:37: note: declared here
[35.918s]   167 | EIGEN_DEPRECATED const unsigned int AlignedBit = 0x80;
[35.918s]       |                                     ^~~~~~~~~~
[35.918s] In file included from /home/j/colcon_ws/ORB_SLAM3/Thirdparty/g2o/g2o/types/types_six_dof_expmap.h:38,
[35.918s]                  from /home/j/colcon_ws/ORB_SLAM3/include/Converter.h:26,
[35.918s]                  from /home/j/colcon_ws/ORB_SLAM3/include/Frame.h:33,
[35.918s]                  from /home/j/colcon_ws/ORB_SLAM3/include/KeyFrame.h:28,
[35.918s]                  from /home/j/colcon_ws/ORB_SLAM3/include/MapPoint.h:23,
[35.918s]                  from /home/j/colcon_ws/ORB_SLAM3/include/FrameDrawer.h:24,
[35.918s]                  from /home/j/colcon_ws/ORB_SLAM3/include/Viewer.h:23,
[35.919s]                  from /home/j/colcon_ws/ORB_SLAM3/include/Tracking.h:26,
[35.919s]                  from /home/j/colcon_ws/ORB_SLAM3/include/System.h:31,
[35.919s]                  from /home/j/colcon_ws/src/orbslam3_ros2/src/stereo-inertial/stereo-inertial-node.hpp:10,
[35.919s]                  from /home/j/colcon_ws/src/orbslam3_ros2/src/stereo-inertial/stereo-inertial-node.cpp:1:
[35.919s] /home/j/colcon_ws/ORB_SLAM3/Thirdparty/g2o/g2o/types/../core/base_binary_edge.h: In instantiation of ‘class g2o::BaseBinaryEdge<3, Eigen::Matrix<double, 3, 1>, g2o::VertexSBAPointXYZ, g2o::VertexSE3Expmap>’:
[35.920s] /home/j/colcon_ws/ORB_SLAM3/Thirdparty/g2o/g2o/types/types_six_dof_expmap.h:146:41:   required from here
[35.920s] /home/j/colcon_ws/ORB_SLAM3/Thirdparty/g2o/g2o/types/../core/base_binary_edge.h:59:80: warning: ‘Eigen::AlignedBit’ is deprecated [-Wdeprecated-declarations]
[35.920s]    59 |       typedef Eigen::Map<Matrix<double, Di, Dj>, Matrix<double, Di, Dj>::Flags & AlignedBit ? Aligned : Unaligned > HessianBlockType;
[35.921s]       |                                                                          ~~~~~~^~~~~~~~~~~~
[35.921s] In file included from /usr/include/eigen3/Eigen/Core:161,
[35.921s]                  from /usr/include/eigen3/Eigen/LU:11,
[35.921s]                  from /home/j/colcon_ws/ORB_SLAM3/Thirdparty/Sophus/sophus/so2.hpp:12,
[35.921s]                  from /home/j/colcon_ws/ORB_SLAM3/Thirdparty/Sophus/sophus/se2.hpp:7,
[35.921s]                  from /home/j/colcon_ws/ORB_SLAM3/Thirdparty/Sophus/sophus/geometry.hpp:7,
[35.921s]                  from /home/j/colcon_ws/ORB_SLAM3/include/Frame.h:28,
[35.921s]                  from /home/j/colcon_ws/ORB_SLAM3/include/KeyFrame.h:28,
[35.921s]                  from /home/j/colcon_ws/ORB_SLAM3/include/MapPoint.h:23,
[35.921s]                  from /home/j/colcon_ws/ORB_SLAM3/include/FrameDrawer.h:24,
[35.921s]                  from /home/j/colcon_ws/ORB_SLAM3/include/Viewer.h:23,
[35.922s]                  from /home/j/colcon_ws/ORB_SLAM3/include/Tracking.h:26,
[35.922s]                  from /home/j/colcon_ws/ORB_SLAM3/include/System.h:31,
[35.922s]                  from /home/j/colcon_ws/src/orbslam3_ros2/src/stereo-inertial/stereo-inertial-node.hpp:10,
[35.922s]                  from /home/j/colcon_ws/src/orbslam3_ros2/src/stereo-inertial/stereo-inertial-node.cpp:1:
[35.922s] /usr/include/eigen3/Eigen/src/Core/util/Constants.h:167:37: note: declared here
[35.922s]   167 | EIGEN_DEPRECATED const unsigned int AlignedBit = 0x80;
[35.922s]       |                                     ^~~~~~~~~~
[35.922s] In file included from /home/j/colcon_ws/ORB_SLAM3/Thirdparty/g2o/g2o/types/types_six_dof_expmap.h:38,
[35.922s]                  from /home/j/colcon_ws/ORB_SLAM3/include/Converter.h:26,
[35.922s]                  from /home/j/colcon_ws/ORB_SLAM3/include/Frame.h:33,
[35.923s]                  from /home/j/colcon_ws/ORB_SLAM3/include/KeyFrame.h:28,
[35.923s]                  from /home/j/colcon_ws/ORB_SLAM3/include/MapPoint.h:23,
[35.923s]                  from /home/j/colcon_ws/ORB_SLAM3/include/FrameDrawer.h:24,
[35.923s]                  from /home/j/colcon_ws/ORB_SLAM3/include/Viewer.h:23,
[35.923s]                  from /home/j/colcon_ws/ORB_SLAM3/include/Tracking.h:26,
[35.923s]                  from /home/j/colcon_ws/ORB_SLAM3/include/System.h:31,
[35.923s]                  from /home/j/colcon_ws/src/orbslam3_ros2/src/stereo-inertial/stereo-inertial-node.hpp:10,
[35.923s]                  from /home/j/colcon_ws/src/orbslam3_ros2/src/stereo-inertial/stereo-inertial-node.cpp:1:
[35.923s] /home/j/colcon_ws/ORB_SLAM3/Thirdparty/g2o/g2o/types/../core/base_binary_edge.h:60:80: warning: ‘Eigen::AlignedBit’ is deprecated [-Wdeprecated-declarations]
[35.923s]    60 |       typedef Eigen::Map<Matrix<double, Dj, Di>, Matrix<double, Dj, Di>::Flags & AlignedBit ? Aligned : Unaligned > HessianBlockTransposedType;
[35.923s]       |                                                                          ~~~~~~^~~~~~~~~~~~
[35.924s] In file included from /usr/include/eigen3/Eigen/Core:161,
[35.924s]                  from /usr/include/eigen3/Eigen/LU:11,
[35.924s]                  from /home/j/colcon_ws/ORB_SLAM3/Thirdparty/Sophus/sophus/so2.hpp:12,
[35.924s]                  from /home/j/colcon_ws/ORB_SLAM3/Thirdparty/Sophus/sophus/se2.hpp:7,
[35.924s]                  from /home/j/colcon_ws/ORB_SLAM3/Thirdparty/Sophus/sophus/geometry.hpp:7,
[35.924s]                  from /home/j/colcon_ws/ORB_SLAM3/include/Frame.h:28,
[35.924s]                  from /home/j/colcon_ws/ORB_SLAM3/include/KeyFrame.h:28,
[35.924s]                  from /home/j/colcon_ws/ORB_SLAM3/include/MapPoint.h:23,
[35.924s]                  from /home/j/colcon_ws/ORB_SLAM3/include/FrameDrawer.h:24,
[35.924s]                  from /home/j/colcon_ws/ORB_SLAM3/include/Viewer.h:23,
[35.924s]                  from /home/j/colcon_ws/ORB_SLAM3/include/Tracking.h:26,
[35.925s]                  from /home/j/colcon_ws/ORB_SLAM3/include/System.h:31,
[35.925s]                  from /home/j/colcon_ws/src/orbslam3_ros2/src/stereo-inertial/stereo-inertial-node.hpp:10,
[35.925s]                  from /home/j/colcon_ws/src/orbslam3_ros2/src/stereo-inertial/stereo-inertial-node.cpp:1:
[35.925s] /usr/include/eigen3/Eigen/src/Core/util/Constants.h:167:37: note: declared here
[35.925s]   167 | EIGEN_DEPRECATED const unsigned int AlignedBit = 0x80;
[35.925s]       |                                     ^~~~~~~~~~
[35.925s] In file included from /home/j/colcon_ws/ORB_SLAM3/Thirdparty/g2o/g2o/types/types_six_dof_expmap.h:38,
[35.925s]                  from /home/j/colcon_ws/ORB_SLAM3/include/Converter.h:26,
[35.925s]                  from /home/j/colcon_ws/ORB_SLAM3/include/Frame.h:33,
[35.925s]                  from /home/j/colcon_ws/ORB_SLAM3/include/KeyFrame.h:28,
[35.925s]                  from /home/j/colcon_ws/ORB_SLAM3/include/MapPoint.h:23,
[35.926s]                  from /home/j/colcon_ws/ORB_SLAM3/include/FrameDrawer.h:24,
[35.926s]                  from /home/j/colcon_ws/ORB_SLAM3/include/Viewer.h:23,
[35.926s]                  from /home/j/colcon_ws/ORB_SLAM3/include/Tracking.h:26,
[35.926s]                  from /home/j/colcon_ws/ORB_SLAM3/include/System.h:31,
[35.926s]                  from /home/j/colcon_ws/src/orbslam3_ros2/src/rgbd/rgbd-slam-node.hpp:18,
[35.926s]                  from /home/j/colcon_ws/src/orbslam3_ros2/src/rgbd/rgbd.cpp:7:
[35.926s] /home/j/colcon_ws/ORB_SLAM3/Thirdparty/g2o/g2o/types/../core/base_binary_edge.h: In instantiation of ‘class g2o::BaseBinaryEdge<6, g2o::SE3Quat, g2o::VertexSE3Expmap, g2o::VertexSE3Expmap>’:
[35.926s] /home/j/colcon_ws/ORB_SLAM3/Thirdparty/g2o/g2o/types/types_six_dof_expmap.h:83:24:   required from here
[35.926s] /home/j/colcon_ws/ORB_SLAM3/Thirdparty/g2o/g2o/types/../core/base_binary_edge.h:59:80: warning: ‘Eigen::AlignedBit’ is deprecated [-Wdeprecated-declarations]
[35.926s]    59 |       typedef Eigen::Map<Matrix<double, Di, Dj>, Matrix<double, Di, Dj>::Flags & AlignedBit ? Aligned : Unaligned > HessianBlockType;
[35.926s]       |                                                                          ~~~~~~^~~~~~~~~~~~
[35.927s] In file included from /usr/include/eigen3/Eigen/Core:161,
[35.927s]                  from /usr/include/eigen3/Eigen/LU:11,
[35.927s]                  from /home/j/colcon_ws/ORB_SLAM3/Thirdparty/Sophus/sophus/so2.hpp:12,
[35.927s]                  from /home/j/colcon_ws/ORB_SLAM3/Thirdparty/Sophus/sophus/se2.hpp:7,
[35.927s]                  from /home/j/colcon_ws/ORB_SLAM3/Thirdparty/Sophus/sophus/geometry.hpp:7,
[35.927s]                  from /home/j/colcon_ws/ORB_SLAM3/include/Frame.h:28,
[35.927s]                  from /home/j/colcon_ws/ORB_SLAM3/include/KeyFrame.h:28,
[35.927s]                  from /home/j/colcon_ws/ORB_SLAM3/include/MapPoint.h:23,
[35.927s]                  from /home/j/colcon_ws/ORB_SLAM3/include/FrameDrawer.h:24,
[35.927s]                  from /home/j/colcon_ws/ORB_SLAM3/include/Viewer.h:23,
[35.927s]                  from /home/j/colcon_ws/ORB_SLAM3/include/Tracking.h:26,
[35.927s]                  from /home/j/colcon_ws/ORB_SLAM3/include/System.h:31,
[35.928s]                  from /home/j/colcon_ws/src/orbslam3_ros2/src/rgbd/rgbd-slam-node.hpp:18,
[35.928s]                  from /home/j/colcon_ws/src/orbslam3_ros2/src/rgbd/rgbd.cpp:7:
[35.928s] /usr/include/eigen3/Eigen/src/Core/util/Constants.h:167:37: note: declared here
[35.928s]   167 | EIGEN_DEPRECATED const unsigned int AlignedBit = 0x80;
[35.928s]       |                                     ^~~~~~~~~~
[35.928s] In file included from /home/j/colcon_ws/ORB_SLAM3/Thirdparty/g2o/g2o/types/types_six_dof_expmap.h:38,
[35.928s]                  from /home/j/colcon_ws/ORB_SLAM3/include/Converter.h:26,
[35.928s]                  from /home/j/colcon_ws/ORB_SLAM3/include/Frame.h:33,
[35.928s]                  from /home/j/colcon_ws/ORB_SLAM3/include/KeyFrame.h:28,
[35.928s]                  from /home/j/colcon_ws/ORB_SLAM3/include/MapPoint.h:23,
[35.928s]                  from /home/j/colcon_ws/ORB_SLAM3/include/FrameDrawer.h:24,
[35.929s]                  from /home/j/colcon_ws/ORB_SLAM3/include/Viewer.h:23,
[35.929s]                  from /home/j/colcon_ws/ORB_SLAM3/include/Tracking.h:26,
[35.929s]                  from /home/j/colcon_ws/ORB_SLAM3/include/System.h:31,
[35.929s]                  from /home/j/colcon_ws/src/orbslam3_ros2/src/rgbd/rgbd-slam-node.hpp:18,
[35.929s]                  from /home/j/colcon_ws/src/orbslam3_ros2/src/rgbd/rgbd.cpp:7:
[35.929s] /home/j/colcon_ws/ORB_SLAM3/Thirdparty/g2o/g2o/types/../core/base_binary_edge.h:60:80: warning: ‘Eigen::AlignedBit’ is deprecated [-Wdeprecated-declarations]
[35.929s]    60 |       typedef Eigen::Map<Matrix<double, Dj, Di>, Matrix<double, Dj, Di>::Flags & AlignedBit ? Aligned : Unaligned > HessianBlockTransposedType;
[35.929s]       |                                                                          ~~~~~~^~~~~~~~~~~~
[35.929s] In file included from /usr/include/eigen3/Eigen/Core:161,
[35.929s]                  from /usr/include/eigen3/Eigen/LU:11,
[35.929s]                  from /home/j/colcon_ws/ORB_SLAM3/Thirdparty/Sophus/sophus/so2.hpp:12,
[35.930s]                  from /home/j/colcon_ws/ORB_SLAM3/Thirdparty/Sophus/sophus/se2.hpp:7,
[35.930s]                  from /home/j/colcon_ws/ORB_SLAM3/Thirdparty/Sophus/sophus/geometry.hpp:7,
[35.930s]                  from /home/j/colcon_ws/ORB_SLAM3/include/Frame.h:28,
[35.930s]                  from /home/j/colcon_ws/ORB_SLAM3/include/KeyFrame.h:28,
[35.930s]                  from /home/j/colcon_ws/ORB_SLAM3/include/MapPoint.h:23,
[35.930s]                  from /home/j/colcon_ws/ORB_SLAM3/include/FrameDrawer.h:24,
[35.930s]                  from /home/j/colcon_ws/ORB_SLAM3/include/Viewer.h:23,
[35.930s]                  from /home/j/colcon_ws/ORB_SLAM3/include/Tracking.h:26,
[35.930s]                  from /home/j/colcon_ws/ORB_SLAM3/include/System.h:31,
[35.930s]                  from /home/j/colcon_ws/src/orbslam3_ros2/src/rgbd/rgbd-slam-node.hpp:18,
[35.930s]                  from /home/j/colcon_ws/src/orbslam3_ros2/src/rgbd/rgbd.cpp:7:
[35.930s] /usr/include/eigen3/Eigen/src/Core/util/Constants.h:167:37: note: declared here
[35.931s]   167 | EIGEN_DEPRECATED const unsigned int AlignedBit = 0x80;
[35.931s]       |                                     ^~~~~~~~~~
[35.931s] In file included from /home/j/colcon_ws/ORB_SLAM3/Thirdparty/g2o/g2o/types/types_six_dof_expmap.h:38,
[35.931s]                  from /home/j/colcon_ws/ORB_SLAM3/include/Converter.h:26,
[35.931s]                  from /home/j/colcon_ws/ORB_SLAM3/include/Frame.h:33,
[35.931s]                  from /home/j/colcon_ws/ORB_SLAM3/include/KeyFrame.h:28,
[35.931s]                  from /home/j/colcon_ws/ORB_SLAM3/include/MapPoint.h:23,
[35.931s]                  from /home/j/colcon_ws/ORB_SLAM3/include/FrameDrawer.h:24,
[35.931s]                  from /home/j/colcon_ws/ORB_SLAM3/include/Viewer.h:23,
[35.931s]                  from /home/j/colcon_ws/ORB_SLAM3/include/Tracking.h:26,
[35.932s]                  from /home/j/colcon_ws/ORB_SLAM3/include/System.h:31,
[35.932s]                  from /home/j/colcon_ws/src/orbslam3_ros2/src/monocular/monocular-slam-node.hpp:9,
[35.932s]                  from /home/j/colcon_ws/src/orbslam3_ros2/src/monocular/monocular-slam-node.cpp:1:
[35.932s] /home/j/colcon_ws/ORB_SLAM3/Thirdparty/g2o/g2o/types/../core/base_binary_edge.h: In instantiation of ‘class g2o::BaseBinaryEdge<3, Eigen::Matrix<double, 3, 1>, g2o::VertexSBAPointXYZ, g2o::VertexSE3Expmap>’:
[35.932s] /home/j/colcon_ws/ORB_SLAM3/Thirdparty/g2o/g2o/types/types_six_dof_expmap.h:146:41:   required from here
[35.932s] /home/j/colcon_ws/ORB_SLAM3/Thirdparty/g2o/g2o/types/../core/base_binary_edge.h:59:80: warning: ‘Eigen::AlignedBit’ is deprecated [-Wdeprecated-declarations]
[35.932s]    59 |       typedef Eigen::Map<Matrix<double, Di, Dj>, Matrix<double, Di, Dj>::Flags & AlignedBit ? Aligned : Unaligned > HessianBlockType;
[35.932s]       |                                                                          ~~~~~~^~~~~~~~~~~~
[35.932s] In file included from /usr/include/eigen3/Eigen/Core:161,
[35.932s]                  from /usr/include/eigen3/Eigen/LU:11,
[35.932s]                  from /home/j/colcon_ws/ORB_SLAM3/Thirdparty/Sophus/sophus/so2.hpp:12,
[35.933s]                  from /home/j/colcon_ws/ORB_SLAM3/Thirdparty/Sophus/sophus/se2.hpp:7,
[35.933s]                  from /home/j/colcon_ws/ORB_SLAM3/Thirdparty/Sophus/sophus/geometry.hpp:7,
[35.933s]                  from /home/j/colcon_ws/ORB_SLAM3/include/Frame.h:28,
[35.933s]                  from /home/j/colcon_ws/ORB_SLAM3/include/KeyFrame.h:28,
[35.933s]                  from /home/j/colcon_ws/ORB_SLAM3/include/MapPoint.h:23,
[35.933s]                  from /home/j/colcon_ws/ORB_SLAM3/include/FrameDrawer.h:24,
[35.933s]                  from /home/j/colcon_ws/ORB_SLAM3/include/Viewer.h:23,
[35.933s]                  from /home/j/colcon_ws/ORB_SLAM3/include/Tracking.h:26,
[35.933s]                  from /home/j/colcon_ws/ORB_SLAM3/include/System.h:31,
[35.933s]                  from /home/j/colcon_ws/src/orbslam3_ros2/src/monocular/monocular-slam-node.hpp:9,
[35.933s]                  from /home/j/colcon_ws/src/orbslam3_ros2/src/monocular/monocular-slam-node.cpp:1:
[35.933s] /usr/include/eigen3/Eigen/src/Core/util/Constants.h:167:37: note: declared here
[35.934s]   167 | EIGEN_DEPRECATED const unsigned int AlignedBit = 0x80;
[35.934s]       |                                     ^~~~~~~~~~
[35.934s] In file included from /home/j/colcon_ws/ORB_SLAM3/Thirdparty/g2o/g2o/types/types_six_dof_expmap.h:38,
[35.934s]                  from /home/j/colcon_ws/ORB_SLAM3/include/Converter.h:26,
[35.934s]                  from /home/j/colcon_ws/ORB_SLAM3/include/Frame.h:33,
[35.934s]                  from /home/j/colcon_ws/ORB_SLAM3/include/KeyFrame.h:28,
[35.934s]                  from /home/j/colcon_ws/ORB_SLAM3/include/MapPoint.h:23,
[35.934s]                  from /home/j/colcon_ws/ORB_SLAM3/include/FrameDrawer.h:24,
[35.934s]                  from /home/j/colcon_ws/ORB_SLAM3/include/Viewer.h:23,
[35.934s]                  from /home/j/colcon_ws/ORB_SLAM3/include/Tracking.h:26,
[35.934s]                  from /home/j/colcon_ws/ORB_SLAM3/include/System.h:31,
[35.935s]                  from /home/j/colcon_ws/src/orbslam3_ros2/src/monocular/monocular-slam-node.hpp:9,
[35.935s]                  from /home/j/colcon_ws/src/orbslam3_ros2/src/monocular/monocular-slam-node.cpp:1:
[35.935s] /home/j/colcon_ws/ORB_SLAM3/Thirdparty/g2o/g2o/types/../core/base_binary_edge.h:60:80: warning: ‘Eigen::AlignedBit’ is deprecated [-Wdeprecated-declarations]
[35.935s]    60 |       typedef Eigen::Map<Matrix<double, Dj, Di>, Matrix<double, Dj, Di>::Flags & AlignedBit ? Aligned : Unaligned > HessianBlockTransposedType;
[35.935s]       |                                                                          ~~~~~~^~~~~~~~~~~~
[35.935s] In file included from /usr/include/eigen3/Eigen/Core:161,
[35.935s]                  from /usr/include/eigen3/Eigen/LU:11,
[35.935s]                  from /home/j/colcon_ws/ORB_SLAM3/Thirdparty/Sophus/sophus/so2.hpp:12,
[35.935s]                  from /home/j/colcon_ws/ORB_SLAM3/Thirdparty/Sophus/sophus/se2.hpp:7,
[35.936s]                  from /home/j/colcon_ws/ORB_SLAM3/Thirdparty/Sophus/sophus/geometry.hpp:7,
[35.936s]                  from /home/j/colcon_ws/ORB_SLAM3/include/Frame.h:28,
[35.936s]                  from /home/j/colcon_ws/ORB_SLAM3/include/KeyFrame.h:28,
[35.936s]                  from /home/j/colcon_ws/ORB_SLAM3/include/MapPoint.h:23,
[35.936s]                  from /home/j/colcon_ws/ORB_SLAM3/include/FrameDrawer.h:24,
[35.937s]                  from /home/j/colcon_ws/ORB_SLAM3/include/Viewer.h:23,
[35.937s]                  from /home/j/colcon_ws/ORB_SLAM3/include/Tracking.h:26,
[35.937s]                  from /home/j/colcon_ws/ORB_SLAM3/include/System.h:31,
[35.937s]                  from /home/j/colcon_ws/src/orbslam3_ros2/src/monocular/monocular-slam-node.hpp:9,
[35.937s]                  from /home/j/colcon_ws/src/orbslam3_ros2/src/monocular/monocular-slam-node.cpp:1:
[35.937s] /usr/include/eigen3/Eigen/src/Core/util/Constants.h:167:37: note: declared here
[35.937s]   167 | EIGEN_DEPRECATED const unsigned int AlignedBit = 0x80;
[35.937s]       |                                     ^~~~~~~~~~
[35.937s] In file included from /home/j/colcon_ws/ORB_SLAM3/Thirdparty/g2o/g2o/types/types_six_dof_expmap.h:38,
[35.937s]                  from /home/j/colcon_ws/ORB_SLAM3/include/Converter.h:26,
[35.937s]                  from /home/j/colcon_ws/ORB_SLAM3/include/Frame.h:33,
[35.937s]                  from /home/j/colcon_ws/ORB_SLAM3/include/KeyFrame.h:28,
[35.938s]                  from /home/j/colcon_ws/ORB_SLAM3/include/MapPoint.h:23,
[35.938s]                  from /home/j/colcon_ws/ORB_SLAM3/include/FrameDrawer.h:24,
[35.938s]                  from /home/j/colcon_ws/ORB_SLAM3/include/Viewer.h:23,
[35.938s]                  from /home/j/colcon_ws/ORB_SLAM3/include/Tracking.h:26,
[35.938s]                  from /home/j/colcon_ws/ORB_SLAM3/include/System.h:31,
[35.938s]                  from /home/j/colcon_ws/src/orbslam3_ros2/src/stereo-inertial/stereo-inertial-node.hpp:10,
[35.938s]                  from /home/j/colcon_ws/src/orbslam3_ros2/src/stereo-inertial/stereo-inertial.cpp:7:
[35.938s] /home/j/colcon_ws/ORB_SLAM3/Thirdparty/g2o/g2o/types/../core/base_binary_edge.h: In instantiation of ‘class g2o::BaseBinaryEdge<3, Eigen::Matrix<double, 3, 1>, g2o::VertexSBAPointXYZ, g2o::VertexSE3Expmap>’:
[35.938s] /home/j/colcon_ws/ORB_SLAM3/Thirdparty/g2o/g2o/types/types_six_dof_expmap.h:146:41:   required from here
[35.938s] /home/j/colcon_ws/ORB_SLAM3/Thirdparty/g2o/g2o/types/../core/base_binary_edge.h:59:80: warning: ‘Eigen::AlignedBit’ is deprecated [-Wdeprecated-declarations]
[35.939s]    59 |       typedef Eigen::Map<Matrix<double, Di, Dj>, Matrix<double, Di, Dj>::Flags & AlignedBit ? Aligned : Unaligned > HessianBlockType;
[35.939s]       |                                                                          ~~~~~~^~~~~~~~~~~~
[35.939s] In file included from /usr/include/eigen3/Eigen/Core:161,
[35.939s]                  from /usr/include/eigen3/Eigen/LU:11,
[35.939s]                  from /home/j/colcon_ws/ORB_SLAM3/Thirdparty/Sophus/sophus/so2.hpp:12,
[35.939s]                  from /home/j/colcon_ws/ORB_SLAM3/Thirdparty/Sophus/sophus/se2.hpp:7,
[35.939s]                  from /home/j/colcon_ws/ORB_SLAM3/Thirdparty/Sophus/sophus/geometry.hpp:7,
[35.939s]                  from /home/j/colcon_ws/ORB_SLAM3/include/Frame.h:28,
[35.939s]                  from /home/j/colcon_ws/ORB_SLAM3/include/KeyFrame.h:28,
[35.939s]                  from /home/j/colcon_ws/ORB_SLAM3/include/MapPoint.h:23,
[35.939s]                  from /home/j/colcon_ws/ORB_SLAM3/include/FrameDrawer.h:24,
[35.940s]                  from /home/j/colcon_ws/ORB_SLAM3/include/Viewer.h:23,
[35.940s]                  from /home/j/colcon_ws/ORB_SLAM3/include/Tracking.h:26,
[35.940s]                  from /home/j/colcon_ws/ORB_SLAM3/include/System.h:31,
[35.940s]                  from /home/j/colcon_ws/src/orbslam3_ros2/src/stereo-inertial/stereo-inertial-node.hpp:10,
[35.940s]                  from /home/j/colcon_ws/src/orbslam3_ros2/src/stereo-inertial/stereo-inertial.cpp:7:
[35.940s] /usr/include/eigen3/Eigen/src/Core/util/Constants.h:167:37: note: declared here
[35.940s]   167 | EIGEN_DEPRECATED const unsigned int AlignedBit = 0x80;
[35.940s]       |                                     ^~~~~~~~~~
[35.940s] In file included from /home/j/colcon_ws/ORB_SLAM3/Thirdparty/g2o/g2o/types/types_six_dof_expmap.h:38,
[35.940s]                  from /home/j/colcon_ws/ORB_SLAM3/include/Converter.h:26,
[35.940s]                  from /home/j/colcon_ws/ORB_SLAM3/include/Frame.h:33,
[35.941s]                  from /home/j/colcon_ws/ORB_SLAM3/include/KeyFrame.h:28,
[35.941s]                  from /home/j/colcon_ws/ORB_SLAM3/include/MapPoint.h:23,
[35.941s]                  from /home/j/colcon_ws/ORB_SLAM3/include/FrameDrawer.h:24,
[35.941s]                  from /home/j/colcon_ws/ORB_SLAM3/include/Viewer.h:23,
[35.941s]                  from /home/j/colcon_ws/ORB_SLAM3/include/Tracking.h:26,
[35.941s]                  from /home/j/colcon_ws/ORB_SLAM3/include/System.h:31,
[35.941s]                  from /home/j/colcon_ws/src/orbslam3_ros2/src/stereo-inertial/stereo-inertial-node.hpp:10,
[35.941s]                  from /home/j/colcon_ws/src/orbslam3_ros2/src/stereo-inertial/stereo-inertial.cpp:7:
[35.941s] /home/j/colcon_ws/ORB_SLAM3/Thirdparty/g2o/g2o/types/../core/base_binary_edge.h:60:80: warning: ‘Eigen::AlignedBit’ is deprecated [-Wdeprecated-declarations]
[35.941s]    60 |       typedef Eigen::Map<Matrix<double, Dj, Di>, Matrix<double, Dj, Di>::Flags & AlignedBit ? Aligned : Unaligned > HessianBlockTransposedType;
[35.941s]       |                                                                          ~~~~~~^~~~~~~~~~~~
[35.942s] In file included from /usr/include/eigen3/Eigen/Core:161,
[35.942s]                  from /usr/include/eigen3/Eigen/LU:11,
[35.942s]                  from /home/j/colcon_ws/ORB_SLAM3/Thirdparty/Sophus/sophus/so2.hpp:12,
[35.942s]                  from /home/j/colcon_ws/ORB_SLAM3/Thirdparty/Sophus/sophus/se2.hpp:7,
[35.942s]                  from /home/j/colcon_ws/ORB_SLAM3/Thirdparty/Sophus/sophus/geometry.hpp:7,
[35.942s]                  from /home/j/colcon_ws/ORB_SLAM3/include/Frame.h:28,
[35.942s]                  from /home/j/colcon_ws/ORB_SLAM3/include/KeyFrame.h:28,
[35.942s]                  from /home/j/colcon_ws/ORB_SLAM3/include/MapPoint.h:23,
[35.942s]                  from /home/j/colcon_ws/ORB_SLAM3/include/FrameDrawer.h:24,
[35.942s]                  from /home/j/colcon_ws/ORB_SLAM3/include/Viewer.h:23,
[35.942s]                  from /home/j/colcon_ws/ORB_SLAM3/include/Tracking.h:26,
[35.943s]                  from /home/j/colcon_ws/ORB_SLAM3/include/System.h:31,
[35.943s]                  from /home/j/colcon_ws/src/orbslam3_ros2/src/stereo-inertial/stereo-inertial-node.hpp:10,
[35.943s]                  from /home/j/colcon_ws/src/orbslam3_ros2/src/stereo-inertial/stereo-inertial.cpp:7:
[35.943s] /usr/include/eigen3/Eigen/src/Core/util/Constants.h:167:37: note: declared here
[35.943s]   167 | EIGEN_DEPRECATED const unsigned int AlignedBit = 0x80;
[35.943s]       |                                     ^~~~~~~~~~
[35.943s] In file included from /home/j/colcon_ws/ORB_SLAM3/Thirdparty/g2o/g2o/types/types_six_dof_expmap.h:38,
[35.943s]                  from /home/j/colcon_ws/ORB_SLAM3/include/Converter.h:26,
[35.943s]                  from /home/j/colcon_ws/ORB_SLAM3/include/Frame.h:33,
[35.943s]                  from /home/j/colcon_ws/ORB_SLAM3/include/KeyFrame.h:28,
[35.943s]                  from /home/j/colcon_ws/ORB_SLAM3/include/MapPoint.h:23,
[35.944s]                  from /home/j/colcon_ws/ORB_SLAM3/include/FrameDrawer.h:24,
[35.944s]                  from /home/j/colcon_ws/ORB_SLAM3/include/Viewer.h:23,
[35.944s]                  from /home/j/colcon_ws/ORB_SLAM3/include/Tracking.h:26,
[35.944s]                  from /home/j/colcon_ws/ORB_SLAM3/include/System.h:31,
[35.944s]                  from /home/j/colcon_ws/src/orbslam3_ros2/src/stereo/stereo-slam-node.hpp:13,
[35.944s]                  from /home/j/colcon_ws/src/orbslam3_ros2/src/stereo/stereo.cpp:7:
[35.944s] /home/j/colcon_ws/ORB_SLAM3/Thirdparty/g2o/g2o/types/../core/base_binary_edge.h: In instantiation of ‘class g2o::BaseBinaryEdge<6, g2o::SE3Quat, g2o::VertexSE3Expmap, g2o::VertexSE3Expmap>’:
[35.944s] /home/j/colcon_ws/ORB_SLAM3/Thirdparty/g2o/g2o/types/types_six_dof_expmap.h:83:24:   required from here
[35.944s] /home/j/colcon_ws/ORB_SLAM3/Thirdparty/g2o/g2o/types/../core/base_binary_edge.h:59:80: warning: ‘Eigen::AlignedBit’ is deprecated [-Wdeprecated-declarations]
[35.944s]    59 |       typedef Eigen::Map<Matrix<double, Di, Dj>, Matrix<double, Di, Dj>::Flags & AlignedBit ? Aligned : Unaligned > HessianBlockType;
[35.944s]       |                                                                          ~~~~~~^~~~~~~~~~~~
[35.945s] In file included from /usr/include/eigen3/Eigen/Core:161,
[35.945s]                  from /usr/include/eigen3/Eigen/LU:11,
[35.945s]                  from /home/j/colcon_ws/ORB_SLAM3/Thirdparty/Sophus/sophus/so2.hpp:12,
[35.945s]                  from /home/j/colcon_ws/ORB_SLAM3/Thirdparty/Sophus/sophus/se2.hpp:7,
[35.945s]                  from /home/j/colcon_ws/ORB_SLAM3/Thirdparty/Sophus/sophus/geometry.hpp:7,
[35.945s]                  from /home/j/colcon_ws/ORB_SLAM3/include/Frame.h:28,
[35.945s]                  from /home/j/colcon_ws/ORB_SLAM3/include/KeyFrame.h:28,
[35.945s]                  from /home/j/colcon_ws/ORB_SLAM3/include/MapPoint.h:23,
[35.945s]                  from /home/j/colcon_ws/ORB_SLAM3/include/FrameDrawer.h:24,
[35.945s]                  from /home/j/colcon_ws/ORB_SLAM3/include/Viewer.h:23,
[35.945s]                  from /home/j/colcon_ws/ORB_SLAM3/include/Tracking.h:26,
[35.946s]                  from /home/j/colcon_ws/ORB_SLAM3/include/System.h:31,
[35.946s]                  from /home/j/colcon_ws/src/orbslam3_ros2/src/stereo/stereo-slam-node.hpp:13,
[35.946s]                  from /home/j/colcon_ws/src/orbslam3_ros2/src/stereo/stereo.cpp:7:
[35.946s] /usr/include/eigen3/Eigen/src/Core/util/Constants.h:167:37: note: declared here
[35.946s]   167 | EIGEN_DEPRECATED const unsigned int AlignedBit = 0x80;
[35.946s]       |                                     ^~~~~~~~~~
[35.946s] In file included from /home/j/colcon_ws/ORB_SLAM3/Thirdparty/g2o/g2o/types/types_six_dof_expmap.h:38,
[35.946s]                  from /home/j/colcon_ws/ORB_SLAM3/include/Converter.h:26,
[35.946s]                  from /home/j/colcon_ws/ORB_SLAM3/include/Frame.h:33,
[35.946s]                  from /home/j/colcon_ws/ORB_SLAM3/include/KeyFrame.h:28,
[35.946s]                  from /home/j/colcon_ws/ORB_SLAM3/include/MapPoint.h:23,
[35.946s]                  from /home/j/colcon_ws/ORB_SLAM3/include/FrameDrawer.h:24,
[35.947s]                  from /home/j/colcon_ws/ORB_SLAM3/include/Viewer.h:23,
[35.947s]                  from /home/j/colcon_ws/ORB_SLAM3/include/Tracking.h:26,
[35.947s]                  from /home/j/colcon_ws/ORB_SLAM3/include/System.h:31,
[35.947s]                  from /home/j/colcon_ws/src/orbslam3_ros2/src/stereo/stereo-slam-node.hpp:13,
[35.947s]                  from /home/j/colcon_ws/src/orbslam3_ros2/src/stereo/stereo.cpp:7:
[35.947s] /home/j/colcon_ws/ORB_SLAM3/Thirdparty/g2o/g2o/types/../core/base_binary_edge.h:60:80: warning: ‘Eigen::AlignedBit’ is deprecated [-Wdeprecated-declarations]
[35.947s]    60 |       typedef Eigen::Map<Matrix<double, Dj, Di>, Matrix<double, Dj, Di>::Flags & AlignedBit ? Aligned : Unaligned > HessianBlockTransposedType;
[35.947s]       |                                                                          ~~~~~~^~~~~~~~~~~~
[35.947s] In file included from /usr/include/eigen3/Eigen/Core:161,
[35.947s]                  from /usr/include/eigen3/Eigen/LU:11,
[35.948s]                  from /home/j/colcon_ws/ORB_SLAM3/Thirdparty/Sophus/sophus/so2.hpp:12,
[35.948s]                  from /home/j/colcon_ws/ORB_SLAM3/Thirdparty/Sophus/sophus/se2.hpp:7,
[35.948s]                  from /home/j/colcon_ws/ORB_SLAM3/Thirdparty/Sophus/sophus/geometry.hpp:7,
[35.948s]                  from /home/j/colcon_ws/ORB_SLAM3/include/Frame.h:28,
[35.948s]                  from /home/j/colcon_ws/ORB_SLAM3/include/KeyFrame.h:28,
[35.948s]                  from /home/j/colcon_ws/ORB_SLAM3/include/MapPoint.h:23,
[35.948s]                  from /home/j/colcon_ws/ORB_SLAM3/include/FrameDrawer.h:24,
[35.948s]                  from /home/j/colcon_ws/ORB_SLAM3/include/Viewer.h:23,
[35.948s]                  from /home/j/colcon_ws/ORB_SLAM3/include/Tracking.h:26,
[35.948s]                  from /home/j/colcon_ws/ORB_SLAM3/include/System.h:31,
[35.948s]                  from /home/j/colcon_ws/src/orbslam3_ros2/src/stereo/stereo-slam-node.hpp:13,
[35.948s]                  from /home/j/colcon_ws/src/orbslam3_ros2/src/stereo/stereo.cpp:7:
[35.949s] /usr/include/eigen3/Eigen/src/Core/util/Constants.h:167:37: note: declared here
[35.949s]   167 | EIGEN_DEPRECATED const unsigned int AlignedBit = 0x80;
[35.949s]       |                                     ^~~~~~~~~~
[35.978s] In file included from /home/j/colcon_ws/ORB_SLAM3/Thirdparty/g2o/g2o/types/types_six_dof_expmap.h:38,
[35.978s]                  from /home/j/colcon_ws/ORB_SLAM3/include/Converter.h:26,
[35.978s]                  from /home/j/colcon_ws/ORB_SLAM3/include/Frame.h:33,
[35.978s]                  from /home/j/colcon_ws/ORB_SLAM3/include/KeyFrame.h:28,
[35.978s]                  from /home/j/colcon_ws/ORB_SLAM3/include/MapPoint.h:23,
[35.979s]                  from /home/j/colcon_ws/ORB_SLAM3/include/FrameDrawer.h:24,
[35.979s]                  from /home/j/colcon_ws/ORB_SLAM3/include/Viewer.h:23,
[35.979s]                  from /home/j/colcon_ws/ORB_SLAM3/include/Tracking.h:26,
[35.979s]                  from /home/j/colcon_ws/ORB_SLAM3/include/System.h:31,
[35.979s]                  from /home/j/colcon_ws/src/orbslam3_ros2/src/rgbd/rgbd-slam-node.hpp:18,
[35.979s]                  from /home/j/colcon_ws/src/orbslam3_ros2/src/rgbd/rgbd-slam-node.cpp:1:
[35.979s] /home/j/colcon_ws/ORB_SLAM3/Thirdparty/g2o/g2o/types/../core/base_binary_edge.h: In instantiation of ‘class g2o::BaseBinaryEdge<3, Eigen::Matrix<double, 3, 1>, g2o::VertexSBAPointXYZ, g2o::VertexSE3Expmap>’:
[35.979s] /home/j/colcon_ws/ORB_SLAM3/Thirdparty/g2o/g2o/types/types_six_dof_expmap.h:146:41:   required from here
[35.979s] /home/j/colcon_ws/ORB_SLAM3/Thirdparty/g2o/g2o/types/../core/base_binary_edge.h:59:80: warning: ‘Eigen::AlignedBit’ is deprecated [-Wdeprecated-declarations]
[35.979s]    59 |       typedef Eigen::Map<Matrix<double, Di, Dj>, Matrix<double, Di, Dj>::Flags & AlignedBit ? Aligned : Unaligned > HessianBlockType;
[35.979s]       |                                                                          ~~~~~~^~~~~~~~~~~~
[35.980s] In file included from /usr/include/eigen3/Eigen/Core:161,
[35.980s]                  from /usr/include/eigen3/Eigen/LU:11,
[35.980s]                  from /home/j/colcon_ws/ORB_SLAM3/Thirdparty/Sophus/sophus/so2.hpp:12,
[35.980s]                  from /home/j/colcon_ws/ORB_SLAM3/Thirdparty/Sophus/sophus/se2.hpp:7,
[35.980s]                  from /home/j/colcon_ws/ORB_SLAM3/Thirdparty/Sophus/sophus/geometry.hpp:7,
[35.980s]                  from /home/j/colcon_ws/ORB_SLAM3/include/Frame.h:28,
[35.980s]                  from /home/j/colcon_ws/ORB_SLAM3/include/KeyFrame.h:28,
[35.980s]                  from /home/j/colcon_ws/ORB_SLAM3/include/MapPoint.h:23,
[35.980s]                  from /home/j/colcon_ws/ORB_SLAM3/include/FrameDrawer.h:24,
[35.980s]                  from /home/j/colcon_ws/ORB_SLAM3/include/Viewer.h:23,
[35.980s]                  from /home/j/colcon_ws/ORB_SLAM3/include/Tracking.h:26,
[35.981s]                  from /home/j/colcon_ws/ORB_SLAM3/include/System.h:31,
[35.981s]                  from /home/j/colcon_ws/src/orbslam3_ros2/src/rgbd/rgbd-slam-node.hpp:18,
[35.981s]                  from /home/j/colcon_ws/src/orbslam3_ros2/src/rgbd/rgbd-slam-node.cpp:1:
[35.981s] /usr/include/eigen3/Eigen/src/Core/util/Constants.h:167:37: note: declared here
[35.981s]   167 | EIGEN_DEPRECATED const unsigned int AlignedBit = 0x80;
[35.981s]       |                                     ^~~~~~~~~~
[35.981s] In file included from /home/j/colcon_ws/ORB_SLAM3/Thirdparty/g2o/g2o/types/types_six_dof_expmap.h:38,
[35.981s]                  from /home/j/colcon_ws/ORB_SLAM3/include/Converter.h:26,
[35.981s]                  from /home/j/colcon_ws/ORB_SLAM3/include/Frame.h:33,
[35.981s]                  from /home/j/colcon_ws/ORB_SLAM3/include/KeyFrame.h:28,
[35.981s]                  from /home/j/colcon_ws/ORB_SLAM3/include/MapPoint.h:23,
[35.982s]                  from /home/j/colcon_ws/ORB_SLAM3/include/FrameDrawer.h:24,
[35.982s]                  from /home/j/colcon_ws/ORB_SLAM3/include/Viewer.h:23,
[35.982s]                  from /home/j/colcon_ws/ORB_SLAM3/include/Tracking.h:26,
[35.982s]                  from /home/j/colcon_ws/ORB_SLAM3/include/System.h:31,
[35.982s]                  from /home/j/colcon_ws/src/orbslam3_ros2/src/rgbd/rgbd-slam-node.hpp:18,
[35.982s]                  from /home/j/colcon_ws/src/orbslam3_ros2/src/rgbd/rgbd-slam-node.cpp:1:
[35.982s] /home/j/colcon_ws/ORB_SLAM3/Thirdparty/g2o/g2o/types/../core/base_binary_edge.h:60:80: warning: ‘Eigen::AlignedBit’ is deprecated [-Wdeprecated-declarations]
[35.982s]    60 |       typedef Eigen::Map<Matrix<double, Dj, Di>, Matrix<double, Dj, Di>::Flags & AlignedBit ? Aligned : Unaligned > HessianBlockTransposedType;
[35.982s]       |                                                                          ~~~~~~^~~~~~~~~~~~
[35.982s] In file included from /usr/include/eigen3/Eigen/Core:161,
[35.982s]                  from /usr/include/eigen3/Eigen/LU:11,
[35.983s]                  from /home/j/colcon_ws/ORB_SLAM3/Thirdparty/Sophus/sophus/so2.hpp:12,
[35.983s]                  from /home/j/colcon_ws/ORB_SLAM3/Thirdparty/Sophus/sophus/se2.hpp:7,
[35.983s]                  from /home/j/colcon_ws/ORB_SLAM3/Thirdparty/Sophus/sophus/geometry.hpp:7,
[35.983s]                  from /home/j/colcon_ws/ORB_SLAM3/include/Frame.h:28,
[35.983s]                  from /home/j/colcon_ws/ORB_SLAM3/include/KeyFrame.h:28,
[35.983s]                  from /home/j/colcon_ws/ORB_SLAM3/include/MapPoint.h:23,
[35.983s]                  from /home/j/colcon_ws/ORB_SLAM3/include/FrameDrawer.h:24,
[35.983s]                  from /home/j/colcon_ws/ORB_SLAM3/include/Viewer.h:23,
[35.983s]                  from /home/j/colcon_ws/ORB_SLAM3/include/Tracking.h:26,
[35.983s]                  from /home/j/colcon_ws/ORB_SLAM3/include/System.h:31,
[35.983s]                  from /home/j/colcon_ws/src/orbslam3_ros2/src/rgbd/rgbd-slam-node.hpp:18,
[35.983s]                  from /home/j/colcon_ws/src/orbslam3_ros2/src/rgbd/rgbd-slam-node.cpp:1:
[35.984s] /usr/include/eigen3/Eigen/src/Core/util/Constants.h:167:37: note: declared here
[35.984s]   167 | EIGEN_DEPRECATED const unsigned int AlignedBit = 0x80;
[35.984s]       |                                     ^~~~~~~~~~
[36.000s] In file included from /home/j/colcon_ws/ORB_SLAM3/Thirdparty/g2o/g2o/types/types_six_dof_expmap.h:38,
[36.000s]                  from /home/j/colcon_ws/ORB_SLAM3/include/Converter.h:26,
[36.001s]                  from /home/j/colcon_ws/ORB_SLAM3/include/Frame.h:33,
[36.001s]                  from /home/j/colcon_ws/ORB_SLAM3/include/KeyFrame.h:28,
[36.001s]                  from /home/j/colcon_ws/ORB_SLAM3/include/MapPoint.h:23,
[36.001s]                  from /home/j/colcon_ws/ORB_SLAM3/include/FrameDrawer.h:24,
[36.001s]                  from /home/j/colcon_ws/ORB_SLAM3/include/Viewer.h:23,
[36.001s]                  from /home/j/colcon_ws/ORB_SLAM3/include/Tracking.h:26,
[36.001s]                  from /home/j/colcon_ws/ORB_SLAM3/include/System.h:31,
[36.001s]                  from /home/j/colcon_ws/src/orbslam3_ros2/src/rgbd/rgbd-slam-node.hpp:18,
[36.001s]                  from /home/j/colcon_ws/src/orbslam3_ros2/src/rgbd/rgbd.cpp:7:
[36.001s] /home/j/colcon_ws/ORB_SLAM3/Thirdparty/g2o/g2o/types/../core/base_binary_edge.h: In instantiation of ‘class g2o::BaseBinaryEdge<2, Eigen::Matrix<double, 2, 1>, g2o::VertexSBAPointXYZ, g2o::VertexSE3Expmap>’:
[36.001s] /home/j/colcon_ws/ORB_SLAM3/Thirdparty/g2o/g2o/types/types_six_dof_expmap.h:114:35:   required from here
[36.001s] /home/j/colcon_ws/ORB_SLAM3/Thirdparty/g2o/g2o/types/../core/base_binary_edge.h:59:80: warning: ‘Eigen::AlignedBit’ is deprecated [-Wdeprecated-declarations]
[36.002s]    59 |       typedef Eigen::Map<Matrix<double, Di, Dj>, Matrix<double, Di, Dj>::Flags & AlignedBit ? Aligned : Unaligned > HessianBlockType;
[36.002s]       |                                                                          ~~~~~~^~~~~~~~~~~~
[36.002s] In file included from /usr/include/eigen3/Eigen/Core:161,
[36.002s]                  from /usr/include/eigen3/Eigen/LU:11,
[36.002s]                  from /home/j/colcon_ws/ORB_SLAM3/Thirdparty/Sophus/sophus/so2.hpp:12,
[36.002s]                  from /home/j/colcon_ws/ORB_SLAM3/Thirdparty/Sophus/sophus/se2.hpp:7,
[36.002s]                  from /home/j/colcon_ws/ORB_SLAM3/Thirdparty/Sophus/sophus/geometry.hpp:7,
[36.002s]                  from /home/j/colcon_ws/ORB_SLAM3/include/Frame.h:28,
[36.002s]                  from /home/j/colcon_ws/ORB_SLAM3/include/KeyFrame.h:28,
[36.002s]                  from /home/j/colcon_ws/ORB_SLAM3/include/MapPoint.h:23,
[36.002s]                  from /home/j/colcon_ws/ORB_SLAM3/include/FrameDrawer.h:24,
[36.002s]                  from /home/j/colcon_ws/ORB_SLAM3/include/Viewer.h:23,
[36.003s]                  from /home/j/colcon_ws/ORB_SLAM3/include/Tracking.h:26,
[36.003s]                  from /home/j/colcon_ws/ORB_SLAM3/include/System.h:31,
[36.003s]                  from /home/j/colcon_ws/src/orbslam3_ros2/src/rgbd/rgbd-slam-node.hpp:18,
[36.003s]                  from /home/j/colcon_ws/src/orbslam3_ros2/src/rgbd/rgbd.cpp:7:
[36.003s] /usr/include/eigen3/Eigen/src/Core/util/Constants.h:167:37: note: declared here
[36.003s]   167 | EIGEN_DEPRECATED const unsigned int AlignedBit = 0x80;
[36.003s]       |                                     ^~~~~~~~~~
[36.013s] In file included from /home/j/colcon_ws/ORB_SLAM3/Thirdparty/g2o/g2o/types/types_six_dof_expmap.h:38,
[36.013s]                  from /home/j/colcon_ws/ORB_SLAM3/include/Converter.h:26,
[36.013s]                  from /home/j/colcon_ws/ORB_SLAM3/include/Frame.h:33,
[36.014s]                  from /home/j/colcon_ws/ORB_SLAM3/include/KeyFrame.h:28,
[36.014s]                  from /home/j/colcon_ws/ORB_SLAM3/include/MapPoint.h:23,
[36.014s]                  from /home/j/colcon_ws/ORB_SLAM3/include/FrameDrawer.h:24,
[36.014s]                  from /home/j/colcon_ws/ORB_SLAM3/include/Viewer.h:23,
[36.014s]                  from /home/j/colcon_ws/ORB_SLAM3/include/Tracking.h:26,
[36.014s]                  from /home/j/colcon_ws/ORB_SLAM3/include/System.h:31,
[36.014s]                  from /home/j/colcon_ws/src/orbslam3_ros2/src/stereo/stereo-slam-node.hpp:13,
[36.014s]                  from /home/j/colcon_ws/src/orbslam3_ros2/src/stereo/stereo.cpp:7:
[36.014s] /home/j/colcon_ws/ORB_SLAM3/Thirdparty/g2o/g2o/types/../core/base_binary_edge.h: In instantiation of ‘class g2o::BaseBinaryEdge<2, Eigen::Matrix<double, 2, 1>, g2o::VertexSBAPointXYZ, g2o::VertexSE3Expmap>’:
[36.014s] /home/j/colcon_ws/ORB_SLAM3/Thirdparty/g2o/g2o/types/types_six_dof_expmap.h:114:35:   required from here
[36.014s] /home/j/colcon_ws/ORB_SLAM3/Thirdparty/g2o/g2o/types/../core/base_binary_edge.h:59:80: warning: ‘Eigen::AlignedBit’ is deprecated [-Wdeprecated-declarations]
[36.014s]    59 |       typedef Eigen::Map<Matrix<double, Di, Dj>, Matrix<double, Di, Dj>::Flags & AlignedBit ? Aligned : Unaligned > HessianBlockType;
[36.015s]       |                                                                          ~~~~~~^~~~~~~~~~~~
[36.015s] In file included from /usr/include/eigen3/Eigen/Core:161,
[36.015s]                  from /usr/include/eigen3/Eigen/LU:11,
[36.015s]                  from /home/j/colcon_ws/ORB_SLAM3/Thirdparty/Sophus/sophus/so2.hpp:12,
[36.015s]                  from /home/j/colcon_ws/ORB_SLAM3/Thirdparty/Sophus/sophus/se2.hpp:7,
[36.015s]                  from /home/j/colcon_ws/ORB_SLAM3/Thirdparty/Sophus/sophus/geometry.hpp:7,
[36.015s]                  from /home/j/colcon_ws/ORB_SLAM3/include/Frame.h:28,
[36.015s]                  from /home/j/colcon_ws/ORB_SLAM3/include/KeyFrame.h:28,
[36.015s]                  from /home/j/colcon_ws/ORB_SLAM3/include/MapPoint.h:23,
[36.015s]                  from /home/j/colcon_ws/ORB_SLAM3/include/FrameDrawer.h:24,
[36.015s]                  from /home/j/colcon_ws/ORB_SLAM3/include/Viewer.h:23,
[36.015s]                  from /home/j/colcon_ws/ORB_SLAM3/include/Tracking.h:26,
[36.016s]                  from /home/j/colcon_ws/ORB_SLAM3/include/System.h:31,
[36.016s]                  from /home/j/colcon_ws/src/orbslam3_ros2/src/stereo/stereo-slam-node.hpp:13,
[36.016s]                  from /home/j/colcon_ws/src/orbslam3_ros2/src/stereo/stereo.cpp:7:
[36.016s] /usr/include/eigen3/Eigen/src/Core/util/Constants.h:167:37: note: declared here
[36.016s]   167 | EIGEN_DEPRECATED const unsigned int AlignedBit = 0x80;
[36.016s]       |                                     ^~~~~~~~~~
[36.016s] In file included from /home/j/colcon_ws/ORB_SLAM3/Thirdparty/g2o/g2o/types/types_six_dof_expmap.h:38,
[36.017s]                  from /home/j/colcon_ws/ORB_SLAM3/include/Converter.h:26,
[36.017s]                  from /home/j/colcon_ws/ORB_SLAM3/include/Frame.h:33,
[36.017s]                  from /home/j/colcon_ws/ORB_SLAM3/include/KeyFrame.h:28,
[36.017s]                  from /home/j/colcon_ws/ORB_SLAM3/include/MapPoint.h:23,
[36.017s]                  from /home/j/colcon_ws/ORB_SLAM3/include/FrameDrawer.h:24,
[36.017s]                  from /home/j/colcon_ws/ORB_SLAM3/include/Viewer.h:23,
[36.017s]                  from /home/j/colcon_ws/ORB_SLAM3/include/Tracking.h:26,
[36.017s]                  from /home/j/colcon_ws/ORB_SLAM3/include/System.h:31,
[36.017s]                  from /home/j/colcon_ws/src/orbslam3_ros2/src/rgbd/rgbd-slam-node.hpp:18,
[36.017s]                  from /home/j/colcon_ws/src/orbslam3_ros2/src/rgbd/rgbd.cpp:7:
[36.017s] /home/j/colcon_ws/ORB_SLAM3/Thirdparty/g2o/g2o/types/../core/base_binary_edge.h:60:80: warning: ‘Eigen::AlignedBit’ is deprecated [-Wdeprecated-declarations]
[36.017s]    60 |       typedef Eigen::Map<Matrix<double, Dj, Di>, Matrix<double, Dj, Di>::Flags & AlignedBit ? Aligned : Unaligned > HessianBlockTransposedType;
[36.018s]       |                                                                          ~~~~~~^~~~~~~~~~~~
[36.018s] In file included from /usr/include/eigen3/Eigen/Core:161,
[36.018s]                  from /usr/include/eigen3/Eigen/LU:11,
[36.018s]                  from /home/j/colcon_ws/ORB_SLAM3/Thirdparty/Sophus/sophus/so2.hpp:12,
[36.018s]                  from /home/j/colcon_ws/ORB_SLAM3/Thirdparty/Sophus/sophus/se2.hpp:7,
[36.018s]                  from /home/j/colcon_ws/ORB_SLAM3/Thirdparty/Sophus/sophus/geometry.hpp:7,
[36.018s]                  from /home/j/colcon_ws/ORB_SLAM3/include/Frame.h:28,
[36.018s]                  from /home/j/colcon_ws/ORB_SLAM3/include/KeyFrame.h:28,
[36.018s]                  from /home/j/colcon_ws/ORB_SLAM3/include/MapPoint.h:23,
[36.018s]                  from /home/j/colcon_ws/ORB_SLAM3/include/FrameDrawer.h:24,
[36.018s]                  from /home/j/colcon_ws/ORB_SLAM3/include/Viewer.h:23,
[36.018s]                  from /home/j/colcon_ws/ORB_SLAM3/include/Tracking.h:26,
[36.019s]                  from /home/j/colcon_ws/ORB_SLAM3/include/System.h:31,
[36.019s]                  from /home/j/colcon_ws/src/orbslam3_ros2/src/rgbd/rgbd-slam-node.hpp:18,
[36.019s]                  from /home/j/colcon_ws/src/orbslam3_ros2/src/rgbd/rgbd.cpp:7:
[36.019s] /usr/include/eigen3/Eigen/src/Core/util/Constants.h:167:37: note: declared here
[36.019s]   167 | EIGEN_DEPRECATED const unsigned int AlignedBit = 0x80;
[36.019s]       |                                     ^~~~~~~~~~
[36.028s] In file included from /home/j/colcon_ws/ORB_SLAM3/Thirdparty/g2o/g2o/types/types_six_dof_expmap.h:38,
[36.028s]                  from /home/j/colcon_ws/ORB_SLAM3/include/Converter.h:26,
[36.028s]                  from /home/j/colcon_ws/ORB_SLAM3/include/Frame.h:33,
[36.028s]                  from /home/j/colcon_ws/ORB_SLAM3/include/KeyFrame.h:28,
[36.029s]                  from /home/j/colcon_ws/ORB_SLAM3/include/MapPoint.h:23,
[36.029s]                  from /home/j/colcon_ws/ORB_SLAM3/include/FrameDrawer.h:24,
[36.029s]                  from /home/j/colcon_ws/ORB_SLAM3/include/Viewer.h:23,
[36.029s]                  from /home/j/colcon_ws/ORB_SLAM3/include/Tracking.h:26,
[36.029s]                  from /home/j/colcon_ws/ORB_SLAM3/include/System.h:31,
[36.029s]                  from /home/j/colcon_ws/src/orbslam3_ros2/src/stereo/stereo-slam-node.hpp:13,
[36.029s]                  from /home/j/colcon_ws/src/orbslam3_ros2/src/stereo/stereo.cpp:7:
[36.029s] /home/j/colcon_ws/ORB_SLAM3/Thirdparty/g2o/g2o/types/../core/base_binary_edge.h:60:80: warning: ‘Eigen::AlignedBit’ is deprecated [-Wdeprecated-declarations]
[36.029s]    60 |       typedef Eigen::Map<Matrix<double, Dj, Di>, Matrix<double, Dj, Di>::Flags & AlignedBit ? Aligned : Unaligned > HessianBlockTransposedType;
[36.029s]       |                                                                          ~~~~~~^~~~~~~~~~~~
[36.029s] In file included from /usr/include/eigen3/Eigen/Core:161,
[36.029s]                  from /usr/include/eigen3/Eigen/LU:11,
[36.030s]                  from /home/j/colcon_ws/ORB_SLAM3/Thirdparty/Sophus/sophus/so2.hpp:12,
[36.030s]                  from /home/j/colcon_ws/ORB_SLAM3/Thirdparty/Sophus/sophus/se2.hpp:7,
[36.030s]                  from /home/j/colcon_ws/ORB_SLAM3/Thirdparty/Sophus/sophus/geometry.hpp:7,
[36.030s]                  from /home/j/colcon_ws/ORB_SLAM3/include/Frame.h:28,
[36.030s]                  from /home/j/colcon_ws/ORB_SLAM3/include/KeyFrame.h:28,
[36.030s]                  from /home/j/colcon_ws/ORB_SLAM3/include/MapPoint.h:23,
[36.030s]                  from /home/j/colcon_ws/ORB_SLAM3/include/FrameDrawer.h:24,
[36.030s]                  from /home/j/colcon_ws/ORB_SLAM3/include/Viewer.h:23,
[36.030s]                  from /home/j/colcon_ws/ORB_SLAM3/include/Tracking.h:26,
[36.030s]                  from /home/j/colcon_ws/ORB_SLAM3/include/System.h:31,
[36.030s]                  from /home/j/colcon_ws/src/orbslam3_ros2/src/stereo/stereo-slam-node.hpp:13,
[36.030s]                  from /home/j/colcon_ws/src/orbslam3_ros2/src/stereo/stereo.cpp:7:
[36.031s] /usr/include/eigen3/Eigen/src/Core/util/Constants.h:167:37: note: declared here
[36.031s]   167 | EIGEN_DEPRECATED const unsigned int AlignedBit = 0x80;
[36.031s]       |                                     ^~~~~~~~~~
[36.038s] In file included from /home/j/colcon_ws/ORB_SLAM3/Thirdparty/g2o/g2o/types/types_six_dof_expmap.h:37,
[36.038s]                  from /home/j/colcon_ws/ORB_SLAM3/include/Converter.h:26,
[36.038s]                  from /home/j/colcon_ws/ORB_SLAM3/include/Frame.h:33,
[36.038s]                  from /home/j/colcon_ws/ORB_SLAM3/include/KeyFrame.h:28,
[36.038s]                  from /home/j/colcon_ws/ORB_SLAM3/include/MapPoint.h:23,
[36.039s]                  from /home/j/colcon_ws/ORB_SLAM3/include/FrameDrawer.h:24,
[36.039s]                  from /home/j/colcon_ws/ORB_SLAM3/include/Viewer.h:23,
[36.039s]                  from /home/j/colcon_ws/ORB_SLAM3/include/Tracking.h:26,
[36.039s]                  from /home/j/colcon_ws/ORB_SLAM3/include/System.h:31,
[36.039s]                  from /home/j/colcon_ws/src/orbslam3_ros2/src/stereo/stereo-slam-node.hpp:13,
[36.039s]                  from /home/j/colcon_ws/src/orbslam3_ros2/src/stereo/stereo-slam-node.cpp:1:
[36.039s] /home/j/colcon_ws/ORB_SLAM3/Thirdparty/g2o/g2o/types/../core/base_vertex.h: In instantiation of ‘class g2o::BaseVertex<3, Eigen::Matrix<double, 3, 1> >’:
[36.039s] /home/j/colcon_ws/ORB_SLAM3/Thirdparty/g2o/g2o/types/types_sba.h:40:35:   required from here
[36.039s] /home/j/colcon_ws/ORB_SLAM3/Thirdparty/g2o/g2o/types/../core/base_vertex.h:62:72: warning: ‘Eigen::AlignedBit’ is deprecated [-Wdeprecated-declarations]
[36.039s]    62 |     typedef Eigen::Map<Matrix<double, D, D>, Matrix<double,D,D>::Flags & AlignedBit ? Aligned : Unaligned >  HessianBlockType;
[36.039s]       |                                                                  ~~~~~~^~~~~~~~~~~~
[36.039s] In file included from /usr/include/eigen3/Eigen/Core:161,
[36.040s]                  from /usr/include/eigen3/Eigen/LU:11,
[36.040s]                  from /home/j/colcon_ws/ORB_SLAM3/Thirdparty/Sophus/sophus/so2.hpp:12,
[36.040s]                  from /home/j/colcon_ws/ORB_SLAM3/Thirdparty/Sophus/sophus/se2.hpp:7,
[36.040s]                  from /home/j/colcon_ws/ORB_SLAM3/Thirdparty/Sophus/sophus/geometry.hpp:7,
[36.040s]                  from /home/j/colcon_ws/ORB_SLAM3/include/Frame.h:28,
[36.040s]                  from /home/j/colcon_ws/ORB_SLAM3/include/KeyFrame.h:28,
[36.040s]                  from /home/j/colcon_ws/ORB_SLAM3/include/MapPoint.h:23,
[36.040s]                  from /home/j/colcon_ws/ORB_SLAM3/include/FrameDrawer.h:24,
[36.040s]                  from /home/j/colcon_ws/ORB_SLAM3/include/Viewer.h:23,
[36.040s]                  from /home/j/colcon_ws/ORB_SLAM3/include/Tracking.h:26,
[36.040s]                  from /home/j/colcon_ws/ORB_SLAM3/include/System.h:31,
[36.040s]                  from /home/j/colcon_ws/src/orbslam3_ros2/src/stereo/stereo-slam-node.hpp:13,
[36.041s]                  from /home/j/colcon_ws/src/orbslam3_ros2/src/stereo/stereo-slam-node.cpp:1:
[36.041s] /usr/include/eigen3/Eigen/src/Core/util/Constants.h:167:37: note: declared here
[36.041s]   167 | EIGEN_DEPRECATED const unsigned int AlignedBit = 0x80;
[36.041s]       |                                     ^~~~~~~~~~
[36.070s] In file included from /home/j/colcon_ws/ORB_SLAM3/Thirdparty/g2o/g2o/types/types_six_dof_expmap.h:37,
[36.070s]                  from /home/j/colcon_ws/ORB_SLAM3/include/Converter.h:26,
[36.070s]                  from /home/j/colcon_ws/ORB_SLAM3/include/Frame.h:33,
[36.070s]                  from /home/j/colcon_ws/ORB_SLAM3/include/KeyFrame.h:28,
[36.070s]                  from /home/j/colcon_ws/ORB_SLAM3/include/MapPoint.h:23,
[36.070s]                  from /home/j/colcon_ws/ORB_SLAM3/include/FrameDrawer.h:24,
[36.070s]                  from /home/j/colcon_ws/ORB_SLAM3/include/Viewer.h:23,
[36.070s]                  from /home/j/colcon_ws/ORB_SLAM3/include/Tracking.h:26,
[36.070s]                  from /home/j/colcon_ws/ORB_SLAM3/include/System.h:31,
[36.070s]                  from /home/j/colcon_ws/src/orbslam3_ros2/src/stereo/stereo-slam-node.hpp:13,
[36.071s]                  from /home/j/colcon_ws/src/orbslam3_ros2/src/stereo/stereo-slam-node.cpp:1:
[36.071s] /home/j/colcon_ws/ORB_SLAM3/Thirdparty/g2o/g2o/types/../core/base_vertex.h: In instantiation of ‘class g2o::BaseVertex<6, g2o::SE3Quat>’:
[36.071s] /home/j/colcon_ws/ORB_SLAM3/Thirdparty/g2o/g2o/types/types_six_dof_expmap.h:59:33:   required from here
[36.071s] /home/j/colcon_ws/ORB_SLAM3/Thirdparty/g2o/g2o/types/../core/base_vertex.h:62:72: warning: ‘Eigen::AlignedBit’ is deprecated [-Wdeprecated-declarations]
[36.071s]    62 |     typedef Eigen::Map<Matrix<double, D, D>, Matrix<double,D,D>::Flags & AlignedBit ? Aligned : Unaligned >  HessianBlockType;
[36.071s]       |                                                                  ~~~~~~^~~~~~~~~~~~
[36.071s] In file included from /usr/include/eigen3/Eigen/Core:161,
[36.071s]                  from /usr/include/eigen3/Eigen/LU:11,
[36.071s]                  from /home/j/colcon_ws/ORB_SLAM3/Thirdparty/Sophus/sophus/so2.hpp:12,
[36.071s]                  from /home/j/colcon_ws/ORB_SLAM3/Thirdparty/Sophus/sophus/se2.hpp:7,
[36.071s]                  from /home/j/colcon_ws/ORB_SLAM3/Thirdparty/Sophus/sophus/geometry.hpp:7,
[36.071s]                  from /home/j/colcon_ws/ORB_SLAM3/include/Frame.h:28,
[36.072s]                  from /home/j/colcon_ws/ORB_SLAM3/include/KeyFrame.h:28,
[36.072s]                  from /home/j/colcon_ws/ORB_SLAM3/include/MapPoint.h:23,
[36.072s]                  from /home/j/colcon_ws/ORB_SLAM3/include/FrameDrawer.h:24,
[36.072s]                  from /home/j/colcon_ws/ORB_SLAM3/include/Viewer.h:23,
[36.072s]                  from /home/j/colcon_ws/ORB_SLAM3/include/Tracking.h:26,
[36.072s]                  from /home/j/colcon_ws/ORB_SLAM3/include/System.h:31,
[36.072s]                  from /home/j/colcon_ws/src/orbslam3_ros2/src/stereo/stereo-slam-node.hpp:13,
[36.072s]                  from /home/j/colcon_ws/src/orbslam3_ros2/src/stereo/stereo-slam-node.cpp:1:
[36.072s] /usr/include/eigen3/Eigen/src/Core/util/Constants.h:167:37: note: declared here
[36.072s]   167 | EIGEN_DEPRECATED const unsigned int AlignedBit = 0x80;
[36.072s]       |                                     ^~~~~~~~~~
[36.087s] In file included from /home/j/colcon_ws/ORB_SLAM3/Thirdparty/g2o/g2o/types/types_six_dof_expmap.h:38,
[36.087s]                  from /home/j/colcon_ws/ORB_SLAM3/include/Converter.h:26,
[36.087s]                  from /home/j/colcon_ws/ORB_SLAM3/include/Frame.h:33,
[36.087s]                  from /home/j/colcon_ws/ORB_SLAM3/include/KeyFrame.h:28,
[36.087s]                  from /home/j/colcon_ws/ORB_SLAM3/include/MapPoint.h:23,
[36.087s]                  from /home/j/colcon_ws/ORB_SLAM3/include/FrameDrawer.h:24,
[36.087s]                  from /home/j/colcon_ws/ORB_SLAM3/include/Viewer.h:23,
[36.087s]                  from /home/j/colcon_ws/ORB_SLAM3/include/Tracking.h:26,
[36.087s]                  from /home/j/colcon_ws/ORB_SLAM3/include/System.h:31,
[36.087s]                  from /home/j/colcon_ws/src/orbslam3_ros2/src/rgbd/rgbd-slam-node.hpp:18,
[36.087s]                  from /home/j/colcon_ws/src/orbslam3_ros2/src/rgbd/rgbd.cpp:7:
[36.088s] /home/j/colcon_ws/ORB_SLAM3/Thirdparty/g2o/g2o/types/../core/base_binary_edge.h: In instantiation of ‘class g2o::BaseBinaryEdge<3, Eigen::Matrix<double, 3, 1>, g2o::VertexSBAPointXYZ, g2o::VertexSE3Expmap>’:
[36.088s] /home/j/colcon_ws/ORB_SLAM3/Thirdparty/g2o/g2o/types/types_six_dof_expmap.h:146:41:   required from here
[36.088s] /home/j/colcon_ws/ORB_SLAM3/Thirdparty/g2o/g2o/types/../core/base_binary_edge.h:59:80: warning: ‘Eigen::AlignedBit’ is deprecated [-Wdeprecated-declarations]
[36.088s]    59 |       typedef Eigen::Map<Matrix<double, Di, Dj>, Matrix<double, Di, Dj>::Flags & AlignedBit ? Aligned : Unaligned > HessianBlockType;
[36.088s]       |                                                                          ~~~~~~^~~~~~~~~~~~
[36.088s] In file included from /usr/include/eigen3/Eigen/Core:161,
[36.088s]                  from /usr/include/eigen3/Eigen/LU:11,
[36.088s]                  from /home/j/colcon_ws/ORB_SLAM3/Thirdparty/Sophus/sophus/so2.hpp:12,
[36.088s]                  from /home/j/colcon_ws/ORB_SLAM3/Thirdparty/Sophus/sophus/se2.hpp:7,
[36.088s]                  from /home/j/colcon_ws/ORB_SLAM3/Thirdparty/Sophus/sophus/geometry.hpp:7,
[36.088s]                  from /home/j/colcon_ws/ORB_SLAM3/include/Frame.h:28,
[36.088s]                  from /home/j/colcon_ws/ORB_SLAM3/include/KeyFrame.h:28,
[36.089s]                  from /home/j/colcon_ws/ORB_SLAM3/include/MapPoint.h:23,
[36.089s]                  from /home/j/colcon_ws/ORB_SLAM3/include/FrameDrawer.h:24,
[36.089s]                  from /home/j/colcon_ws/ORB_SLAM3/include/Viewer.h:23,
[36.089s]                  from /home/j/colcon_ws/ORB_SLAM3/include/Tracking.h:26,
[36.089s]                  from /home/j/colcon_ws/ORB_SLAM3/include/System.h:31,
[36.089s]                  from /home/j/colcon_ws/src/orbslam3_ros2/src/rgbd/rgbd-slam-node.hpp:18,
[36.089s]                  from /home/j/colcon_ws/src/orbslam3_ros2/src/rgbd/rgbd.cpp:7:
[36.089s] /usr/include/eigen3/Eigen/src/Core/util/Constants.h:167:37: note: declared here
[36.089s]   167 | EIGEN_DEPRECATED const unsigned int AlignedBit = 0x80;
[36.089s]       |                                     ^~~~~~~~~~
[36.089s] In file included from /home/j/colcon_ws/ORB_SLAM3/Thirdparty/g2o/g2o/types/types_six_dof_expmap.h:38,
[36.089s]                  from /home/j/colcon_ws/ORB_SLAM3/include/Converter.h:26,
[36.090s]                  from /home/j/colcon_ws/ORB_SLAM3/include/Frame.h:33,
[36.090s]                  from /home/j/colcon_ws/ORB_SLAM3/include/KeyFrame.h:28,
[36.090s]                  from /home/j/colcon_ws/ORB_SLAM3/include/MapPoint.h:23,
[36.090s]                  from /home/j/colcon_ws/ORB_SLAM3/include/FrameDrawer.h:24,
[36.090s]                  from /home/j/colcon_ws/ORB_SLAM3/include/Viewer.h:23,
[36.090s]                  from /home/j/colcon_ws/ORB_SLAM3/include/Tracking.h:26,
[36.090s]                  from /home/j/colcon_ws/ORB_SLAM3/include/System.h:31,
[36.090s]                  from /home/j/colcon_ws/src/orbslam3_ros2/src/rgbd/rgbd-slam-node.hpp:18,
[36.090s]                  from /home/j/colcon_ws/src/orbslam3_ros2/src/rgbd/rgbd.cpp:7:
[36.090s] /home/j/colcon_ws/ORB_SLAM3/Thirdparty/g2o/g2o/types/../core/base_binary_edge.h:60:80: warning: ‘Eigen::AlignedBit’ is deprecated [-Wdeprecated-declarations]
[36.090s]    60 |       typedef Eigen::Map<Matrix<double, Dj, Di>, Matrix<double, Dj, Di>::Flags & AlignedBit ? Aligned : Unaligned > HessianBlockTransposedType;
[36.090s]       |                                                                          ~~~~~~^~~~~~~~~~~~
[36.091s] In file included from /usr/include/eigen3/Eigen/Core:161,
[36.091s]                  from /usr/include/eigen3/Eigen/LU:11,
[36.091s]                  from /home/j/colcon_ws/ORB_SLAM3/Thirdparty/Sophus/sophus/so2.hpp:12,
[36.091s]                  from /home/j/colcon_ws/ORB_SLAM3/Thirdparty/Sophus/sophus/se2.hpp:7,
[36.091s]                  from /home/j/colcon_ws/ORB_SLAM3/Thirdparty/Sophus/sophus/geometry.hpp:7,
[36.091s]                  from /home/j/colcon_ws/ORB_SLAM3/include/Frame.h:28,
[36.091s]                  from /home/j/colcon_ws/ORB_SLAM3/include/KeyFrame.h:28,
[36.091s]                  from /home/j/colcon_ws/ORB_SLAM3/include/MapPoint.h:23,
[36.091s]                  from /home/j/colcon_ws/ORB_SLAM3/include/FrameDrawer.h:24,
[36.091s]                  from /home/j/colcon_ws/ORB_SLAM3/include/Viewer.h:23,
[36.091s]                  from /home/j/colcon_ws/ORB_SLAM3/include/Tracking.h:26,
[36.092s]                  from /home/j/colcon_ws/ORB_SLAM3/include/System.h:31,
[36.092s]                  from /home/j/colcon_ws/src/orbslam3_ros2/src/rgbd/rgbd-slam-node.hpp:18,
[36.092s]                  from /home/j/colcon_ws/src/orbslam3_ros2/src/rgbd/rgbd.cpp:7:
[36.092s] /usr/include/eigen3/Eigen/src/Core/util/Constants.h:167:37: note: declared here
[36.093s]   167 | EIGEN_DEPRECATED const unsigned int AlignedBit = 0x80;
[36.093s]       |                                     ^~~~~~~~~~
[36.093s] In file included from /home/j/colcon_ws/ORB_SLAM3/Thirdparty/g2o/g2o/types/types_six_dof_expmap.h:38,
[36.093s]                  from /home/j/colcon_ws/ORB_SLAM3/include/Converter.h:26,
[36.093s]                  from /home/j/colcon_ws/ORB_SLAM3/include/Frame.h:33,
[36.093s]                  from /home/j/colcon_ws/ORB_SLAM3/include/KeyFrame.h:28,
[36.093s]                  from /home/j/colcon_ws/ORB_SLAM3/include/MapPoint.h:23,
[36.093s]                  from /home/j/colcon_ws/ORB_SLAM3/include/FrameDrawer.h:24,
[36.093s]                  from /home/j/colcon_ws/ORB_SLAM3/include/Viewer.h:23,
[36.093s]                  from /home/j/colcon_ws/ORB_SLAM3/include/Tracking.h:26,
[36.093s]                  from /home/j/colcon_ws/ORB_SLAM3/include/System.h:31,
[36.093s]                  from /home/j/colcon_ws/src/orbslam3_ros2/src/stereo/stereo-slam-node.hpp:13,
[36.094s]                  from /home/j/colcon_ws/src/orbslam3_ros2/src/stereo/stereo.cpp:7:
[36.094s] /home/j/colcon_ws/ORB_SLAM3/Thirdparty/g2o/g2o/types/../core/base_binary_edge.h: In instantiation of ‘class g2o::BaseBinaryEdge<3, Eigen::Matrix<double, 3, 1>, g2o::VertexSBAPointXYZ, g2o::VertexSE3Expmap>’:
[36.094s] /home/j/colcon_ws/ORB_SLAM3/Thirdparty/g2o/g2o/types/types_six_dof_expmap.h:146:41:   required from here
[36.094s] /home/j/colcon_ws/ORB_SLAM3/Thirdparty/g2o/g2o/types/../core/base_binary_edge.h:59:80: warning: ‘Eigen::AlignedBit’ is deprecated [-Wdeprecated-declarations]
[36.094s]    59 |       typedef Eigen::Map<Matrix<double, Di, Dj>, Matrix<double, Di, Dj>::Flags & AlignedBit ? Aligned : Unaligned > HessianBlockType;
[36.094s]       |                                                                          ~~~~~~^~~~~~~~~~~~
[36.094s] In file included from /usr/include/eigen3/Eigen/Core:161,
[36.094s]                  from /usr/include/eigen3/Eigen/LU:11,
[36.094s]                  from /home/j/colcon_ws/ORB_SLAM3/Thirdparty/Sophus/sophus/so2.hpp:12,
[36.094s]                  from /home/j/colcon_ws/ORB_SLAM3/Thirdparty/Sophus/sophus/se2.hpp:7,
[36.094s]                  from /home/j/colcon_ws/ORB_SLAM3/Thirdparty/Sophus/sophus/geometry.hpp:7,
[36.094s]                  from /home/j/colcon_ws/ORB_SLAM3/include/Frame.h:28,
[36.095s]                  from /home/j/colcon_ws/ORB_SLAM3/include/KeyFrame.h:28,
[36.095s]                  from /home/j/colcon_ws/ORB_SLAM3/include/MapPoint.h:23,
[36.095s]                  from /home/j/colcon_ws/ORB_SLAM3/include/FrameDrawer.h:24,
[36.095s]                  from /home/j/colcon_ws/ORB_SLAM3/include/Viewer.h:23,
[36.095s]                  from /home/j/colcon_ws/ORB_SLAM3/include/Tracking.h:26,
[36.095s]                  from /home/j/colcon_ws/ORB_SLAM3/include/System.h:31,
[36.095s]                  from /home/j/colcon_ws/src/orbslam3_ros2/src/stereo/stereo-slam-node.hpp:13,
[36.095s]                  from /home/j/colcon_ws/src/orbslam3_ros2/src/stereo/stereo.cpp:7:
[36.095s] /usr/include/eigen3/Eigen/src/Core/util/Constants.h:167:37: note: declared here
[36.095s]   167 | EIGEN_DEPRECATED const unsigned int AlignedBit = 0x80;
[36.095s]       |                                     ^~~~~~~~~~
[36.095s] In file included from /home/j/colcon_ws/ORB_SLAM3/Thirdparty/g2o/g2o/types/types_six_dof_expmap.h:38,
[36.096s]                  from /home/j/colcon_ws/ORB_SLAM3/include/Converter.h:26,
[36.096s]                  from /home/j/colcon_ws/ORB_SLAM3/include/Frame.h:33,
[36.096s]                  from /home/j/colcon_ws/ORB_SLAM3/include/KeyFrame.h:28,
[36.096s]                  from /home/j/colcon_ws/ORB_SLAM3/include/MapPoint.h:23,
[36.096s]                  from /home/j/colcon_ws/ORB_SLAM3/include/FrameDrawer.h:24,
[36.096s]                  from /home/j/colcon_ws/ORB_SLAM3/include/Viewer.h:23,
[36.096s]                  from /home/j/colcon_ws/ORB_SLAM3/include/Tracking.h:26,
[36.096s]                  from /home/j/colcon_ws/ORB_SLAM3/include/System.h:31,
[36.096s]                  from /home/j/colcon_ws/src/orbslam3_ros2/src/stereo/stereo-slam-node.hpp:13,
[36.096s]                  from /home/j/colcon_ws/src/orbslam3_ros2/src/stereo/stereo.cpp:7:
[36.096s] /home/j/colcon_ws/ORB_SLAM3/Thirdparty/g2o/g2o/types/../core/base_binary_edge.h:60:80: warning: ‘Eigen::AlignedBit’ is deprecated [-Wdeprecated-declarations]
[36.097s]    60 |       typedef Eigen::Map<Matrix<double, Dj, Di>, Matrix<double, Dj, Di>::Flags & AlignedBit ? Aligned : Unaligned > HessianBlockTransposedType;
[36.097s]       |                                                                          ~~~~~~^~~~~~~~~~~~
[36.097s] In file included from /usr/include/eigen3/Eigen/Core:161,
[36.097s]                  from /usr/include/eigen3/Eigen/LU:11,
[36.097s]                  from /home/j/colcon_ws/ORB_SLAM3/Thirdparty/Sophus/sophus/so2.hpp:12,
[36.097s]                  from /home/j/colcon_ws/ORB_SLAM3/Thirdparty/Sophus/sophus/se2.hpp:7,
[36.097s]                  from /home/j/colcon_ws/ORB_SLAM3/Thirdparty/Sophus/sophus/geometry.hpp:7,
[36.097s]                  from /home/j/colcon_ws/ORB_SLAM3/include/Frame.h:28,
[36.097s]                  from /home/j/colcon_ws/ORB_SLAM3/include/KeyFrame.h:28,
[36.097s]                  from /home/j/colcon_ws/ORB_SLAM3/include/MapPoint.h:23,
[36.097s]                  from /home/j/colcon_ws/ORB_SLAM3/include/FrameDrawer.h:24,
[36.097s]                  from /home/j/colcon_ws/ORB_SLAM3/include/Viewer.h:23,
[36.098s]                  from /home/j/colcon_ws/ORB_SLAM3/include/Tracking.h:26,
[36.098s]                  from /home/j/colcon_ws/ORB_SLAM3/include/System.h:31,
[36.098s]                  from /home/j/colcon_ws/src/orbslam3_ros2/src/stereo/stereo-slam-node.hpp:13,
[36.098s]                  from /home/j/colcon_ws/src/orbslam3_ros2/src/stereo/stereo.cpp:7:
[36.098s] /usr/include/eigen3/Eigen/src/Core/util/Constants.h:167:37: note: declared here
[36.098s]   167 | EIGEN_DEPRECATED const unsigned int AlignedBit = 0x80;
[36.098s]       |                                     ^~~~~~~~~~
[36.102s] In file included from /home/j/colcon_ws/ORB_SLAM3/Thirdparty/g2o/g2o/types/types_six_dof_expmap.h:38,
[36.102s]                  from /home/j/colcon_ws/ORB_SLAM3/include/Converter.h:26,
[36.102s]                  from /home/j/colcon_ws/ORB_SLAM3/include/Frame.h:33,
[36.102s]                  from /home/j/colcon_ws/ORB_SLAM3/include/KeyFrame.h:28,
[36.102s]                  from /home/j/colcon_ws/ORB_SLAM3/include/MapPoint.h:23,
[36.102s]                  from /home/j/colcon_ws/ORB_SLAM3/include/FrameDrawer.h:24,
[36.102s]                  from /home/j/colcon_ws/ORB_SLAM3/include/Viewer.h:23,
[36.102s]                  from /home/j/colcon_ws/ORB_SLAM3/include/Tracking.h:26,
[36.102s]                  from /home/j/colcon_ws/ORB_SLAM3/include/System.h:31,
[36.102s]                  from /home/j/colcon_ws/src/orbslam3_ros2/src/stereo/stereo-slam-node.hpp:13,
[36.102s]                  from /home/j/colcon_ws/src/orbslam3_ros2/src/stereo/stereo-slam-node.cpp:1:
[36.103s] /home/j/colcon_ws/ORB_SLAM3/Thirdparty/g2o/g2o/types/../core/base_binary_edge.h: In instantiation of ‘class g2o::BaseBinaryEdge<6, g2o::SE3Quat, g2o::VertexSE3Expmap, g2o::VertexSE3Expmap>’:
[36.103s] /home/j/colcon_ws/ORB_SLAM3/Thirdparty/g2o/g2o/types/types_six_dof_expmap.h:83:24:   required from here
[36.103s] /home/j/colcon_ws/ORB_SLAM3/Thirdparty/g2o/g2o/types/../core/base_binary_edge.h:59:80: warning: ‘Eigen::AlignedBit’ is deprecated [-Wdeprecated-declarations]
[36.103s]    59 |       typedef Eigen::Map<Matrix<double, Di, Dj>, Matrix<double, Di, Dj>::Flags & AlignedBit ? Aligned : Unaligned > HessianBlockType;
[36.103s]       |                                                                          ~~~~~~^~~~~~~~~~~~
[36.103s] In file included from /usr/include/eigen3/Eigen/Core:161,
[36.103s]                  from /usr/include/eigen3/Eigen/LU:11,
[36.103s]                  from /home/j/colcon_ws/ORB_SLAM3/Thirdparty/Sophus/sophus/so2.hpp:12,
[36.103s]                  from /home/j/colcon_ws/ORB_SLAM3/Thirdparty/Sophus/sophus/se2.hpp:7,
[36.103s]                  from /home/j/colcon_ws/ORB_SLAM3/Thirdparty/Sophus/sophus/geometry.hpp:7,
[36.103s]                  from /home/j/colcon_ws/ORB_SLAM3/include/Frame.h:28,
[36.103s]                  from /home/j/colcon_ws/ORB_SLAM3/include/KeyFrame.h:28,
[36.104s]                  from /home/j/colcon_ws/ORB_SLAM3/include/MapPoint.h:23,
[36.104s]                  from /home/j/colcon_ws/ORB_SLAM3/include/FrameDrawer.h:24,
[36.104s]                  from /home/j/colcon_ws/ORB_SLAM3/include/Viewer.h:23,
[36.104s]                  from /home/j/colcon_ws/ORB_SLAM3/include/Tracking.h:26,
[36.104s]                  from /home/j/colcon_ws/ORB_SLAM3/include/System.h:31,
[36.104s]                  from /home/j/colcon_ws/src/orbslam3_ros2/src/stereo/stereo-slam-node.hpp:13,
[36.104s]                  from /home/j/colcon_ws/src/orbslam3_ros2/src/stereo/stereo-slam-node.cpp:1:
[36.104s] /usr/include/eigen3/Eigen/src/Core/util/Constants.h:167:37: note: declared here
[36.104s]   167 | EIGEN_DEPRECATED const unsigned int AlignedBit = 0x80;
[36.104s]       |                                     ^~~~~~~~~~
[36.104s] In file included from /home/j/colcon_ws/ORB_SLAM3/Thirdparty/g2o/g2o/types/types_six_dof_expmap.h:38,
[36.105s]                  from /home/j/colcon_ws/ORB_SLAM3/include/Converter.h:26,
[36.105s]                  from /home/j/colcon_ws/ORB_SLAM3/include/Frame.h:33,
[36.105s]                  from /home/j/colcon_ws/ORB_SLAM3/include/KeyFrame.h:28,
[36.105s]                  from /home/j/colcon_ws/ORB_SLAM3/include/MapPoint.h:23,
[36.105s]                  from /home/j/colcon_ws/ORB_SLAM3/include/FrameDrawer.h:24,
[36.105s]                  from /home/j/colcon_ws/ORB_SLAM3/include/Viewer.h:23,
[36.105s]                  from /home/j/colcon_ws/ORB_SLAM3/include/Tracking.h:26,
[36.105s]                  from /home/j/colcon_ws/ORB_SLAM3/include/System.h:31,
[36.105s]                  from /home/j/colcon_ws/src/orbslam3_ros2/src/stereo/stereo-slam-node.hpp:13,
[36.105s]                  from /home/j/colcon_ws/src/orbslam3_ros2/src/stereo/stereo-slam-node.cpp:1:
[36.105s] /home/j/colcon_ws/ORB_SLAM3/Thirdparty/g2o/g2o/types/../core/base_binary_edge.h:60:80: warning: ‘Eigen::AlignedBit’ is deprecated [-Wdeprecated-declarations]
[36.105s]    60 |       typedef Eigen::Map<Matrix<double, Dj, Di>, Matrix<double, Dj, Di>::Flags & AlignedBit ? Aligned : Unaligned > HessianBlockTransposedType;
[36.106s]       |                                                                          ~~~~~~^~~~~~~~~~~~
[36.106s] In file included from /usr/include/eigen3/Eigen/Core:161,
[36.106s]                  from /usr/include/eigen3/Eigen/LU:11,
[36.106s]                  from /home/j/colcon_ws/ORB_SLAM3/Thirdparty/Sophus/sophus/so2.hpp:12,
[36.106s]                  from /home/j/colcon_ws/ORB_SLAM3/Thirdparty/Sophus/sophus/se2.hpp:7,
[36.106s]                  from /home/j/colcon_ws/ORB_SLAM3/Thirdparty/Sophus/sophus/geometry.hpp:7,
[36.106s]                  from /home/j/colcon_ws/ORB_SLAM3/include/Frame.h:28,
[36.106s]                  from /home/j/colcon_ws/ORB_SLAM3/include/KeyFrame.h:28,
[36.106s]                  from /home/j/colcon_ws/ORB_SLAM3/include/MapPoint.h:23,
[36.106s]                  from /home/j/colcon_ws/ORB_SLAM3/include/FrameDrawer.h:24,
[36.106s]                  from /home/j/colcon_ws/ORB_SLAM3/include/Viewer.h:23,
[36.106s]                  from /home/j/colcon_ws/ORB_SLAM3/include/Tracking.h:26,
[36.107s]                  from /home/j/colcon_ws/ORB_SLAM3/include/System.h:31,
[36.107s]                  from /home/j/colcon_ws/src/orbslam3_ros2/src/stereo/stereo-slam-node.hpp:13,
[36.107s]                  from /home/j/colcon_ws/src/orbslam3_ros2/src/stereo/stereo-slam-node.cpp:1:
[36.107s] /usr/include/eigen3/Eigen/src/Core/util/Constants.h:167:37: note: declared here
[36.107s]   167 | EIGEN_DEPRECATED const unsigned int AlignedBit = 0x80;
[36.107s]       |                                     ^~~~~~~~~~
[36.141s] In file included from /home/j/colcon_ws/ORB_SLAM3/Thirdparty/g2o/g2o/types/types_six_dof_expmap.h:37,
[36.142s]                  from /home/j/colcon_ws/ORB_SLAM3/include/Converter.h:26,
[36.142s]                  from /home/j/colcon_ws/ORB_SLAM3/include/Frame.h:33,
[36.142s]                  from /home/j/colcon_ws/ORB_SLAM3/include/KeyFrame.h:28,
[36.142s]                  from /home/j/colcon_ws/ORB_SLAM3/include/MapPoint.h:23,
[36.142s]                  from /home/j/colcon_ws/ORB_SLAM3/include/FrameDrawer.h:24,
[36.142s]                  from /home/j/colcon_ws/ORB_SLAM3/include/Viewer.h:23,
[36.142s]                  from /home/j/colcon_ws/ORB_SLAM3/include/Tracking.h:26,
[36.142s]                  from /home/j/colcon_ws/ORB_SLAM3/include/System.h:31,
[36.142s]                  from /home/j/colcon_ws/src/orbslam3_ros2/src/monocular/monocular-slam-node.hpp:9,
[36.142s]                  from /home/j/colcon_ws/src/orbslam3_ros2/src/monocular/mono.cpp:7:
[36.142s] /home/j/colcon_ws/ORB_SLAM3/Thirdparty/g2o/g2o/types/../core/base_vertex.h: In instantiation of ‘class g2o::BaseVertex<7, g2o::Sim3>’:
[36.143s] /home/j/colcon_ws/ORB_SLAM3/Thirdparty/g2o/g2o/types/types_seven_dof_expmap.h:48:35:   required from here
[36.143s] /home/j/colcon_ws/ORB_SLAM3/Thirdparty/g2o/g2o/types/../core/base_vertex.h:62:72: warning: ‘Eigen::AlignedBit’ is deprecated [-Wdeprecated-declarations]
[36.143s]    62 |     typedef Eigen::Map<Matrix<double, D, D>, Matrix<double,D,D>::Flags & AlignedBit ? Aligned : Unaligned >  HessianBlockType;
[36.143s]       |                                                                  ~~~~~~^~~~~~~~~~~~
[36.143s] In file included from /usr/include/eigen3/Eigen/Core:161,
[36.143s]                  from /usr/include/eigen3/Eigen/LU:11,
[36.143s]                  from /home/j/colcon_ws/ORB_SLAM3/Thirdparty/Sophus/sophus/so2.hpp:12,
[36.143s]                  from /home/j/colcon_ws/ORB_SLAM3/Thirdparty/Sophus/sophus/se2.hpp:7,
[36.143s]                  from /home/j/colcon_ws/ORB_SLAM3/Thirdparty/Sophus/sophus/geometry.hpp:7,
[36.143s]                  from /home/j/colcon_ws/ORB_SLAM3/include/Frame.h:28,
[36.143s]                  from /home/j/colcon_ws/ORB_SLAM3/include/KeyFrame.h:28,
[36.143s]                  from /home/j/colcon_ws/ORB_SLAM3/include/MapPoint.h:23,
[36.144s]                  from /home/j/colcon_ws/ORB_SLAM3/include/FrameDrawer.h:24,
[36.144s]                  from /home/j/colcon_ws/ORB_SLAM3/include/Viewer.h:23,
[36.144s]                  from /home/j/colcon_ws/ORB_SLAM3/include/Tracking.h:26,
[36.144s]                  from /home/j/colcon_ws/ORB_SLAM3/include/System.h:31,
[36.144s]                  from /home/j/colcon_ws/src/orbslam3_ros2/src/monocular/monocular-slam-node.hpp:9,
[36.144s]                  from /home/j/colcon_ws/src/orbslam3_ros2/src/monocular/mono.cpp:7:
[36.144s] /usr/include/eigen3/Eigen/src/Core/util/Constants.h:167:37: note: declared here
[36.144s]   167 | EIGEN_DEPRECATED const unsigned int AlignedBit = 0x80;
[36.144s]       |                                     ^~~~~~~~~~
[36.149s] In file included from /home/j/colcon_ws/ORB_SLAM3/Thirdparty/g2o/g2o/types/types_six_dof_expmap.h:37,
[36.149s]                  from /home/j/colcon_ws/ORB_SLAM3/include/Converter.h:26,
[36.149s]                  from /home/j/colcon_ws/ORB_SLAM3/include/Frame.h:33,
[36.149s]                  from /home/j/colcon_ws/ORB_SLAM3/include/KeyFrame.h:28,
[36.149s]                  from /home/j/colcon_ws/ORB_SLAM3/include/MapPoint.h:23,
[36.149s]                  from /home/j/colcon_ws/ORB_SLAM3/include/FrameDrawer.h:24,
[36.149s]                  from /home/j/colcon_ws/ORB_SLAM3/include/Viewer.h:23,
[36.149s]                  from /home/j/colcon_ws/ORB_SLAM3/include/Tracking.h:26,
[36.149s]                  from /home/j/colcon_ws/ORB_SLAM3/include/System.h:31,
[36.150s]                  from /home/j/colcon_ws/src/orbslam3_ros2/src/stereo-inertial/stereo-inertial-node.hpp:10,
[36.150s]                  from /home/j/colcon_ws/src/orbslam3_ros2/src/stereo-inertial/stereo-inertial-node.cpp:1:
[36.150s] /home/j/colcon_ws/ORB_SLAM3/Thirdparty/g2o/g2o/types/../core/base_vertex.h: In instantiation of ‘class g2o::BaseVertex<7, g2o::Sim3>’:
[36.150s] /home/j/colcon_ws/ORB_SLAM3/Thirdparty/g2o/g2o/types/types_seven_dof_expmap.h:48:35:   required from here
[36.150s] /home/j/colcon_ws/ORB_SLAM3/Thirdparty/g2o/g2o/types/../core/base_vertex.h:62:72: warning: ‘Eigen::AlignedBit’ is deprecated [-Wdeprecated-declarations]
[36.150s]    62 |     typedef Eigen::Map<Matrix<double, D, D>, Matrix<double,D,D>::Flags & AlignedBit ? Aligned : Unaligned >  HessianBlockType;
[36.150s]       |                                                                  ~~~~~~^~~~~~~~~~~~
[36.150s] In file included from /usr/include/eigen3/Eigen/Core:161,
[36.150s]                  from /usr/include/eigen3/Eigen/LU:11,
[36.150s]                  from /home/j/colcon_ws/ORB_SLAM3/Thirdparty/Sophus/sophus/so2.hpp:12,
[36.150s]                  from /home/j/colcon_ws/ORB_SLAM3/Thirdparty/Sophus/sophus/se2.hpp:7,
[36.150s]                  from /home/j/colcon_ws/ORB_SLAM3/Thirdparty/Sophus/sophus/geometry.hpp:7,
[36.151s]                  from /home/j/colcon_ws/ORB_SLAM3/include/Frame.h:28,
[36.151s]                  from /home/j/colcon_ws/ORB_SLAM3/include/KeyFrame.h:28,
[36.151s]                  from /home/j/colcon_ws/ORB_SLAM3/include/MapPoint.h:23,
[36.151s]                  from /home/j/colcon_ws/ORB_SLAM3/include/FrameDrawer.h:24,
[36.151s]                  from /home/j/colcon_ws/ORB_SLAM3/include/Viewer.h:23,
[36.151s]                  from /home/j/colcon_ws/ORB_SLAM3/include/Tracking.h:26,
[36.151s]                  from /home/j/colcon_ws/ORB_SLAM3/include/System.h:31,
[36.151s]                  from /home/j/colcon_ws/src/orbslam3_ros2/src/stereo-inertial/stereo-inertial-node.hpp:10,
[36.151s]                  from /home/j/colcon_ws/src/orbslam3_ros2/src/stereo-inertial/stereo-inertial-node.cpp:1:
[36.151s] /usr/include/eigen3/Eigen/src/Core/util/Constants.h:167:37: note: declared here
[36.151s]   167 | EIGEN_DEPRECATED const unsigned int AlignedBit = 0x80;
[36.151s]       |                                     ^~~~~~~~~~
[36.152s] In file included from /home/j/colcon_ws/ORB_SLAM3/Thirdparty/g2o/g2o/types/types_six_dof_expmap.h:37,
[36.152s]                  from /home/j/colcon_ws/ORB_SLAM3/include/Converter.h:26,
[36.152s]                  from /home/j/colcon_ws/ORB_SLAM3/include/Frame.h:33,
[36.152s]                  from /home/j/colcon_ws/ORB_SLAM3/include/KeyFrame.h:28,
[36.153s]                  from /home/j/colcon_ws/ORB_SLAM3/include/MapPoint.h:23,
[36.153s]                  from /home/j/colcon_ws/ORB_SLAM3/include/FrameDrawer.h:24,
[36.153s]                  from /home/j/colcon_ws/ORB_SLAM3/include/Viewer.h:23,
[36.153s]                  from /home/j/colcon_ws/ORB_SLAM3/include/Tracking.h:26,
[36.153s]                  from /home/j/colcon_ws/ORB_SLAM3/include/System.h:31,
[36.153s]                  from /home/j/colcon_ws/src/orbslam3_ros2/src/monocular/monocular-slam-node.hpp:9,
[36.153s]                  from /home/j/colcon_ws/src/orbslam3_ros2/src/monocular/monocular-slam-node.cpp:1:
[36.153s] /home/j/colcon_ws/ORB_SLAM3/Thirdparty/g2o/g2o/types/../core/base_vertex.h: In instantiation of ‘class g2o::BaseVertex<7, g2o::Sim3>’:
[36.153s] /home/j/colcon_ws/ORB_SLAM3/Thirdparty/g2o/g2o/types/types_seven_dof_expmap.h:48:35:   required from here
[36.154s] /home/j/colcon_ws/ORB_SLAM3/Thirdparty/g2o/g2o/types/../core/base_vertex.h:62:72: warning: ‘Eigen::AlignedBit’ is deprecated [-Wdeprecated-declarations]
[36.154s]    62 |     typedef Eigen::Map<Matrix<double, D, D>, Matrix<double,D,D>::Flags & AlignedBit ? Aligned : Unaligned >  HessianBlockType;
[36.154s]       |                                                                  ~~~~~~^~~~~~~~~~~~
[36.154s] In file included from /usr/include/eigen3/Eigen/Core:161,
[36.154s]                  from /usr/include/eigen3/Eigen/LU:11,
[36.154s]                  from /home/j/colcon_ws/ORB_SLAM3/Thirdparty/Sophus/sophus/so2.hpp:12,
[36.154s]                  from /home/j/colcon_ws/ORB_SLAM3/Thirdparty/Sophus/sophus/se2.hpp:7,
[36.154s]                  from /home/j/colcon_ws/ORB_SLAM3/Thirdparty/Sophus/sophus/geometry.hpp:7,
[36.154s]                  from /home/j/colcon_ws/ORB_SLAM3/include/Frame.h:28,
[36.154s]                  from /home/j/colcon_ws/ORB_SLAM3/include/KeyFrame.h:28,
[36.154s]                  from /home/j/colcon_ws/ORB_SLAM3/include/MapPoint.h:23,
[36.154s]                  from /home/j/colcon_ws/ORB_SLAM3/include/FrameDrawer.h:24,
[36.155s]                  from /home/j/colcon_ws/ORB_SLAM3/include/Viewer.h:23,
[36.155s]                  from /home/j/colcon_ws/ORB_SLAM3/include/Tracking.h:26,
[36.155s]                  from /home/j/colcon_ws/ORB_SLAM3/include/System.h:31,
[36.155s]                  from /home/j/colcon_ws/src/orbslam3_ros2/src/monocular/monocular-slam-node.hpp:9,
[36.155s]                  from /home/j/colcon_ws/src/orbslam3_ros2/src/monocular/monocular-slam-node.cpp:1:
[36.155s] /usr/include/eigen3/Eigen/src/Core/util/Constants.h:167:37: note: declared here
[36.155s]   167 | EIGEN_DEPRECATED const unsigned int AlignedBit = 0x80;
[36.155s]       |                                     ^~~~~~~~~~
[36.155s] In file included from /home/j/colcon_ws/ORB_SLAM3/Thirdparty/g2o/g2o/types/types_six_dof_expmap.h:37,
[36.155s]                  from /home/j/colcon_ws/ORB_SLAM3/include/Converter.h:26,
[36.155s]                  from /home/j/colcon_ws/ORB_SLAM3/include/Frame.h:33,
[36.155s]                  from /home/j/colcon_ws/ORB_SLAM3/include/KeyFrame.h:28,
[36.156s]                  from /home/j/colcon_ws/ORB_SLAM3/include/MapPoint.h:23,
[36.156s]                  from /home/j/colcon_ws/ORB_SLAM3/include/FrameDrawer.h:24,
[36.156s]                  from /home/j/colcon_ws/ORB_SLAM3/include/Viewer.h:23,
[36.156s]                  from /home/j/colcon_ws/ORB_SLAM3/include/Tracking.h:26,
[36.156s]                  from /home/j/colcon_ws/ORB_SLAM3/include/System.h:31,
[36.156s]                  from /home/j/colcon_ws/src/orbslam3_ros2/src/stereo-inertial/stereo-inertial-node.hpp:10,
[36.156s]                  from /home/j/colcon_ws/src/orbslam3_ros2/src/stereo-inertial/stereo-inertial.cpp:7:
[36.156s] /home/j/colcon_ws/ORB_SLAM3/Thirdparty/g2o/g2o/types/../core/base_vertex.h: In instantiation of ‘class g2o::BaseVertex<7, g2o::Sim3>’:
[36.156s] /home/j/colcon_ws/ORB_SLAM3/Thirdparty/g2o/g2o/types/types_seven_dof_expmap.h:48:35:   required from here
[36.156s] /home/j/colcon_ws/ORB_SLAM3/Thirdparty/g2o/g2o/types/../core/base_vertex.h:62:72: warning: ‘Eigen::AlignedBit’ is deprecated [-Wdeprecated-declarations]
[36.156s]    62 |     typedef Eigen::Map<Matrix<double, D, D>, Matrix<double,D,D>::Flags & AlignedBit ? Aligned : Unaligned >  HessianBlockType;
[36.156s]       |                                                                  ~~~~~~^~~~~~~~~~~~
[36.157s] In file included from /usr/include/eigen3/Eigen/Core:161,
[36.157s]                  from /usr/include/eigen3/Eigen/LU:11,
[36.157s]                  from /home/j/colcon_ws/ORB_SLAM3/Thirdparty/Sophus/sophus/so2.hpp:12,
[36.157s]                  from /home/j/colcon_ws/ORB_SLAM3/Thirdparty/Sophus/sophus/se2.hpp:7,
[36.157s]                  from /home/j/colcon_ws/ORB_SLAM3/Thirdparty/Sophus/sophus/geometry.hpp:7,
[36.157s]                  from /home/j/colcon_ws/ORB_SLAM3/include/Frame.h:28,
[36.157s]                  from /home/j/colcon_ws/ORB_SLAM3/include/KeyFrame.h:28,
[36.157s]                  from /home/j/colcon_ws/ORB_SLAM3/include/MapPoint.h:23,
[36.157s]                  from /home/j/colcon_ws/ORB_SLAM3/include/FrameDrawer.h:24,
[36.157s]                  from /home/j/colcon_ws/ORB_SLAM3/include/Viewer.h:23,
[36.157s]                  from /home/j/colcon_ws/ORB_SLAM3/include/Tracking.h:26,
[36.157s]                  from /home/j/colcon_ws/ORB_SLAM3/include/System.h:31,
[36.158s]                  from /home/j/colcon_ws/src/orbslam3_ros2/src/stereo-inertial/stereo-inertial-node.hpp:10,
[36.158s]                  from /home/j/colcon_ws/src/orbslam3_ros2/src/stereo-inertial/stereo-inertial.cpp:7:
[36.158s] /usr/include/eigen3/Eigen/src/Core/util/Constants.h:167:37: note: declared here
[36.158s]   167 | EIGEN_DEPRECATED const unsigned int AlignedBit = 0x80;
[36.158s]       |                                     ^~~~~~~~~~
[36.177s] In file included from /home/j/colcon_ws/ORB_SLAM3/Thirdparty/g2o/g2o/types/types_six_dof_expmap.h:38,
[36.177s]                  from /home/j/colcon_ws/ORB_SLAM3/include/Converter.h:26,
[36.177s]                  from /home/j/colcon_ws/ORB_SLAM3/include/Frame.h:33,
[36.177s]                  from /home/j/colcon_ws/ORB_SLAM3/include/KeyFrame.h:28,
[36.177s]                  from /home/j/colcon_ws/ORB_SLAM3/include/MapPoint.h:23,
[36.177s]                  from /home/j/colcon_ws/ORB_SLAM3/include/FrameDrawer.h:24,
[36.177s]                  from /home/j/colcon_ws/ORB_SLAM3/include/Viewer.h:23,
[36.177s]                  from /home/j/colcon_ws/ORB_SLAM3/include/Tracking.h:26,
[36.178s]                  from /home/j/colcon_ws/ORB_SLAM3/include/System.h:31,
[36.178s]                  from /home/j/colcon_ws/src/orbslam3_ros2/src/monocular/monocular-slam-node.hpp:9,
[36.178s]                  from /home/j/colcon_ws/src/orbslam3_ros2/src/monocular/mono.cpp:7:
[36.178s] /home/j/colcon_ws/ORB_SLAM3/Thirdparty/g2o/g2o/types/../core/base_binary_edge.h: In instantiation of ‘class g2o::BaseBinaryEdge<7, g2o::Sim3, g2o::VertexSim3Expmap, g2o::VertexSim3Expmap>’:
[36.178s] /home/j/colcon_ws/ORB_SLAM3/Thirdparty/g2o/g2o/types/types_seven_dof_expmap.h:99:27:   required from here
[36.178s] /home/j/colcon_ws/ORB_SLAM3/Thirdparty/g2o/g2o/types/../core/base_binary_edge.h:59:80: warning: ‘Eigen::AlignedBit’ is deprecated [-Wdeprecated-declarations]
[36.178s]    59 |       typedef Eigen::Map<Matrix<double, Di, Dj>, Matrix<double, Di, Dj>::Flags & AlignedBit ? Aligned : Unaligned > HessianBlockType;
[36.178s]       |                                                                          ~~~~~~^~~~~~~~~~~~
[36.178s] In file included from /usr/include/eigen3/Eigen/Core:161,
[36.178s]                  from /usr/include/eigen3/Eigen/LU:11,
[36.178s]                  from /home/j/colcon_ws/ORB_SLAM3/Thirdparty/Sophus/sophus/so2.hpp:12,
[36.178s]                  from /home/j/colcon_ws/ORB_SLAM3/Thirdparty/Sophus/sophus/se2.hpp:7,
[36.179s]                  from /home/j/colcon_ws/ORB_SLAM3/Thirdparty/Sophus/sophus/geometry.hpp:7,
[36.179s]                  from /home/j/colcon_ws/ORB_SLAM3/include/Frame.h:28,
[36.179s]                  from /home/j/colcon_ws/ORB_SLAM3/include/KeyFrame.h:28,
[36.179s]                  from /home/j/colcon_ws/ORB_SLAM3/include/MapPoint.h:23,
[36.179s]                  from /home/j/colcon_ws/ORB_SLAM3/include/FrameDrawer.h:24,
[36.179s]                  from /home/j/colcon_ws/ORB_SLAM3/include/Viewer.h:23,
[36.179s]                  from /home/j/colcon_ws/ORB_SLAM3/include/Tracking.h:26,
[36.179s]                  from /home/j/colcon_ws/ORB_SLAM3/include/System.h:31,
[36.179s]                  from /home/j/colcon_ws/src/orbslam3_ros2/src/monocular/monocular-slam-node.hpp:9,
[36.179s]                  from /home/j/colcon_ws/src/orbslam3_ros2/src/monocular/mono.cpp:7:
[36.179s] /usr/include/eigen3/Eigen/src/Core/util/Constants.h:167:37: note: declared here
[36.179s]   167 | EIGEN_DEPRECATED const unsigned int AlignedBit = 0x80;
[36.180s]       |                                     ^~~~~~~~~~
[36.180s] In file included from /home/j/colcon_ws/ORB_SLAM3/Thirdparty/g2o/g2o/types/types_six_dof_expmap.h:38,
[36.180s]                  from /home/j/colcon_ws/ORB_SLAM3/include/Converter.h:26,
[36.180s]                  from /home/j/colcon_ws/ORB_SLAM3/include/Frame.h:33,
[36.180s]                  from /home/j/colcon_ws/ORB_SLAM3/include/KeyFrame.h:28,
[36.180s]                  from /home/j/colcon_ws/ORB_SLAM3/include/MapPoint.h:23,
[36.180s]                  from /home/j/colcon_ws/ORB_SLAM3/include/FrameDrawer.h:24,
[36.180s]                  from /home/j/colcon_ws/ORB_SLAM3/include/Viewer.h:23,
[36.180s]                  from /home/j/colcon_ws/ORB_SLAM3/include/Tracking.h:26,
[36.180s]                  from /home/j/colcon_ws/ORB_SLAM3/include/System.h:31,
[36.180s]                  from /home/j/colcon_ws/src/orbslam3_ros2/src/monocular/monocular-slam-node.hpp:9,
[36.180s]                  from /home/j/colcon_ws/src/orbslam3_ros2/src/monocular/mono.cpp:7:
[36.181s] /home/j/colcon_ws/ORB_SLAM3/Thirdparty/g2o/g2o/types/../core/base_binary_edge.h:60:80: warning: ‘Eigen::AlignedBit’ is deprecated [-Wdeprecated-declarations]
[36.181s]    60 |       typedef Eigen::Map<Matrix<double, Dj, Di>, Matrix<double, Dj, Di>::Flags & AlignedBit ? Aligned : Unaligned > HessianBlockTransposedType;
[36.181s]       |                                                                          ~~~~~~^~~~~~~~~~~~
[36.181s] In file included from /usr/include/eigen3/Eigen/Core:161,
[36.181s]                  from /usr/include/eigen3/Eigen/LU:11,
[36.181s]                  from /home/j/colcon_ws/ORB_SLAM3/Thirdparty/Sophus/sophus/so2.hpp:12,
[36.181s]                  from /home/j/colcon_ws/ORB_SLAM3/Thirdparty/Sophus/sophus/se2.hpp:7,
[36.181s]                  from /home/j/colcon_ws/ORB_SLAM3/Thirdparty/Sophus/sophus/geometry.hpp:7,
[36.182s]                  from /home/j/colcon_ws/ORB_SLAM3/include/Frame.h:28,
[36.182s]                  from /home/j/colcon_ws/ORB_SLAM3/include/KeyFrame.h:28,
[36.182s]                  from /home/j/colcon_ws/ORB_SLAM3/include/MapPoint.h:23,
[36.182s]                  from /home/j/colcon_ws/ORB_SLAM3/include/FrameDrawer.h:24,
[36.182s]                  from /home/j/colcon_ws/ORB_SLAM3/include/Viewer.h:23,
[36.182s]                  from /home/j/colcon_ws/ORB_SLAM3/include/Tracking.h:26,
[36.182s]                  from /home/j/colcon_ws/ORB_SLAM3/include/System.h:31,
[36.182s]                  from /home/j/colcon_ws/src/orbslam3_ros2/src/monocular/monocular-slam-node.hpp:9,
[36.182s]                  from /home/j/colcon_ws/src/orbslam3_ros2/src/monocular/mono.cpp:7:
[36.182s] /usr/include/eigen3/Eigen/src/Core/util/Constants.h:167:37: note: declared here
[36.182s]   167 | EIGEN_DEPRECATED const unsigned int AlignedBit = 0x80;
[36.183s]       |                                     ^~~~~~~~~~
[36.183s] In file included from /home/j/colcon_ws/ORB_SLAM3/Thirdparty/g2o/g2o/types/types_six_dof_expmap.h:38,
[36.183s]                  from /home/j/colcon_ws/ORB_SLAM3/include/Converter.h:26,
[36.183s]                  from /home/j/colcon_ws/ORB_SLAM3/include/Frame.h:33,
[36.183s]                  from /home/j/colcon_ws/ORB_SLAM3/include/KeyFrame.h:28,
[36.183s]                  from /home/j/colcon_ws/ORB_SLAM3/include/MapPoint.h:23,
[36.184s]                  from /home/j/colcon_ws/ORB_SLAM3/include/FrameDrawer.h:24,
[36.184s]                  from /home/j/colcon_ws/ORB_SLAM3/include/Viewer.h:23,
[36.184s]                  from /home/j/colcon_ws/ORB_SLAM3/include/Tracking.h:26,
[36.184s]                  from /home/j/colcon_ws/ORB_SLAM3/include/System.h:31,
[36.184s]                  from /home/j/colcon_ws/src/orbslam3_ros2/src/stereo/stereo-slam-node.hpp:13,
[36.184s]                  from /home/j/colcon_ws/src/orbslam3_ros2/src/stereo/stereo-slam-node.cpp:1:
[36.184s] /home/j/colcon_ws/ORB_SLAM3/Thirdparty/g2o/g2o/types/../core/base_binary_edge.h: In instantiation of ‘class g2o::BaseBinaryEdge<2, Eigen::Matrix<double, 2, 1>, g2o::VertexSBAPointXYZ, g2o::VertexSE3Expmap>’:
[36.184s] /home/j/colcon_ws/ORB_SLAM3/Thirdparty/g2o/g2o/types/types_six_dof_expmap.h:114:35:   required from here
[36.184s] /home/j/colcon_ws/ORB_SLAM3/Thirdparty/g2o/g2o/types/../core/base_binary_edge.h:59:80: warning: ‘Eigen::AlignedBit’ is deprecated [-Wdeprecated-declarations]
[36.184s]    59 |       typedef Eigen::Map<Matrix<double, Di, Dj>, Matrix<double, Di, Dj>::Flags & AlignedBit ? Aligned : Unaligned > HessianBlockType;
[36.184s]       |                                                                          ~~~~~~^~~~~~~~~~~~
[36.185s] In file included from /usr/include/eigen3/Eigen/Core:161,
[36.185s]                  from /usr/include/eigen3/Eigen/LU:11,
[36.185s]                  from /home/j/colcon_ws/ORB_SLAM3/Thirdparty/Sophus/sophus/so2.hpp:12,
[36.185s]                  from /home/j/colcon_ws/ORB_SLAM3/Thirdparty/Sophus/sophus/se2.hpp:7,
[36.185s]                  from /home/j/colcon_ws/ORB_SLAM3/Thirdparty/Sophus/sophus/geometry.hpp:7,
[36.185s]                  from /home/j/colcon_ws/ORB_SLAM3/include/Frame.h:28,
[36.185s]                  from /home/j/colcon_ws/ORB_SLAM3/include/KeyFrame.h:28,
[36.185s]                  from /home/j/colcon_ws/ORB_SLAM3/include/MapPoint.h:23,
[36.185s]                  from /home/j/colcon_ws/ORB_SLAM3/include/FrameDrawer.h:24,
[36.185s]                  from /home/j/colcon_ws/ORB_SLAM3/include/Viewer.h:23,
[36.185s]                  from /home/j/colcon_ws/ORB_SLAM3/include/Tracking.h:26,
[36.185s]                  from /home/j/colcon_ws/ORB_SLAM3/include/System.h:31,
[36.186s]                  from /home/j/colcon_ws/src/orbslam3_ros2/src/stereo/stereo-slam-node.hpp:13,
[36.186s]                  from /home/j/colcon_ws/src/orbslam3_ros2/src/stereo/stereo-slam-node.cpp:1:
[36.186s] /usr/include/eigen3/Eigen/src/Core/util/Constants.h:167:37: note: declared here
[36.186s]   167 | EIGEN_DEPRECATED const unsigned int AlignedBit = 0x80;
[36.186s]       |                                     ^~~~~~~~~~
[36.186s] In file included from /home/j/colcon_ws/ORB_SLAM3/Thirdparty/g2o/g2o/types/types_six_dof_expmap.h:38,
[36.186s]                  from /home/j/colcon_ws/ORB_SLAM3/include/Converter.h:26,
[36.186s]                  from /home/j/colcon_ws/ORB_SLAM3/include/Frame.h:33,
[36.186s]                  from /home/j/colcon_ws/ORB_SLAM3/include/KeyFrame.h:28,
[36.186s]                  from /home/j/colcon_ws/ORB_SLAM3/include/MapPoint.h:23,
[36.186s]                  from /home/j/colcon_ws/ORB_SLAM3/include/FrameDrawer.h:24,
[36.186s]                  from /home/j/colcon_ws/ORB_SLAM3/include/Viewer.h:23,
[36.187s]                  from /home/j/colcon_ws/ORB_SLAM3/include/Tracking.h:26,
[36.187s]                  from /home/j/colcon_ws/ORB_SLAM3/include/System.h:31,
[36.187s]                  from /home/j/colcon_ws/src/orbslam3_ros2/src/stereo-inertial/stereo-inertial-node.hpp:10,
[36.187s]                  from /home/j/colcon_ws/src/orbslam3_ros2/src/stereo-inertial/stereo-inertial-node.cpp:1:
[36.188s] /home/j/colcon_ws/ORB_SLAM3/Thirdparty/g2o/g2o/types/../core/base_binary_edge.h: In instantiation of ‘class g2o::BaseBinaryEdge<7, g2o::Sim3, g2o::VertexSim3Expmap, g2o::VertexSim3Expmap>’:
[36.188s] /home/j/colcon_ws/ORB_SLAM3/Thirdparty/g2o/g2o/types/types_seven_dof_expmap.h:99:27:   required from here
[36.188s] /home/j/colcon_ws/ORB_SLAM3/Thirdparty/g2o/g2o/types/../core/base_binary_edge.h:59:80: warning: ‘Eigen::AlignedBit’ is deprecated [-Wdeprecated-declarations]
[36.188s]    59 |       typedef Eigen::Map<Matrix<double, Di, Dj>, Matrix<double, Di, Dj>::Flags & AlignedBit ? Aligned : Unaligned > HessianBlockType;
[36.188s]       |                                                                          ~~~~~~^~~~~~~~~~~~
[36.188s] In file included from /usr/include/eigen3/Eigen/Core:161,
[36.188s]                  from /usr/include/eigen3/Eigen/LU:11,
[36.188s]                  from /home/j/colcon_ws/ORB_SLAM3/Thirdparty/Sophus/sophus/so2.hpp:12,
[36.188s]                  from /home/j/colcon_ws/ORB_SLAM3/Thirdparty/Sophus/sophus/se2.hpp:7,
[36.189s]                  from /home/j/colcon_ws/ORB_SLAM3/Thirdparty/Sophus/sophus/geometry.hpp:7,
[36.189s]                  from /home/j/colcon_ws/ORB_SLAM3/include/Frame.h:28,
[36.189s]                  from /home/j/colcon_ws/ORB_SLAM3/include/KeyFrame.h:28,
[36.189s]                  from /home/j/colcon_ws/ORB_SLAM3/include/MapPoint.h:23,
[36.189s]                  from /home/j/colcon_ws/ORB_SLAM3/include/FrameDrawer.h:24,
[36.189s]                  from /home/j/colcon_ws/ORB_SLAM3/include/Viewer.h:23,
[36.189s]                  from /home/j/colcon_ws/ORB_SLAM3/include/Tracking.h:26,
[36.189s]                  from /home/j/colcon_ws/ORB_SLAM3/include/System.h:31,
[36.189s]                  from /home/j/colcon_ws/src/orbslam3_ros2/src/stereo-inertial/stereo-inertial-node.hpp:10,
[36.189s]                  from /home/j/colcon_ws/src/orbslam3_ros2/src/stereo-inertial/stereo-inertial-node.cpp:1:
[36.189s] /usr/include/eigen3/Eigen/src/Core/util/Constants.h:167:37: note: declared here
[36.190s]   167 | EIGEN_DEPRECATED const unsigned int AlignedBit = 0x80;
[36.190s]       |                                     ^~~~~~~~~~
[36.190s] In file included from /home/j/colcon_ws/ORB_SLAM3/Thirdparty/g2o/g2o/types/types_six_dof_expmap.h:38,
[36.190s]                  from /home/j/colcon_ws/ORB_SLAM3/include/Converter.h:26,
[36.190s]                  from /home/j/colcon_ws/ORB_SLAM3/include/Frame.h:33,
[36.190s]                  from /home/j/colcon_ws/ORB_SLAM3/include/KeyFrame.h:28,
[36.190s]                  from /home/j/colcon_ws/ORB_SLAM3/include/MapPoint.h:23,
[36.190s]                  from /home/j/colcon_ws/ORB_SLAM3/include/FrameDrawer.h:24,
[36.190s]                  from /home/j/colcon_ws/ORB_SLAM3/include/Viewer.h:23,
[36.190s]                  from /home/j/colcon_ws/ORB_SLAM3/include/Tracking.h:26,
[36.190s]                  from /home/j/colcon_ws/ORB_SLAM3/include/System.h:31,
[36.190s]                  from /home/j/colcon_ws/src/orbslam3_ros2/src/stereo-inertial/stereo-inertial-node.hpp:10,
[36.191s]                  from /home/j/colcon_ws/src/orbslam3_ros2/src/stereo-inertial/stereo-inertial-node.cpp:1:
[36.191s] /home/j/colcon_ws/ORB_SLAM3/Thirdparty/g2o/g2o/types/../core/base_binary_edge.h:60:80: warning: ‘Eigen::AlignedBit’ is deprecated [-Wdeprecated-declarations]
[36.191s]    60 |       typedef Eigen::Map<Matrix<double, Dj, Di>, Matrix<double, Dj, Di>::Flags & AlignedBit ? Aligned : Unaligned > HessianBlockTransposedType;
[36.191s]       |                                                                          ~~~~~~^~~~~~~~~~~~
[36.191s] In file included from /usr/include/eigen3/Eigen/Core:161,
[36.191s]                  from /usr/include/eigen3/Eigen/LU:11,
[36.191s]                  from /home/j/colcon_ws/ORB_SLAM3/Thirdparty/Sophus/sophus/so2.hpp:12,
[36.191s]                  from /home/j/colcon_ws/ORB_SLAM3/Thirdparty/Sophus/sophus/se2.hpp:7,
[36.191s]                  from /home/j/colcon_ws/ORB_SLAM3/Thirdparty/Sophus/sophus/geometry.hpp:7,
[36.191s]                  from /home/j/colcon_ws/ORB_SLAM3/include/Frame.h:28,
[36.191s]                  from /home/j/colcon_ws/ORB_SLAM3/include/KeyFrame.h:28,
[36.191s]                  from /home/j/colcon_ws/ORB_SLAM3/include/MapPoint.h:23,
[36.192s]                  from /home/j/colcon_ws/ORB_SLAM3/include/FrameDrawer.h:24,
[36.192s]                  from /home/j/colcon_ws/ORB_SLAM3/include/Viewer.h:23,
[36.192s]                  from /home/j/colcon_ws/ORB_SLAM3/include/Tracking.h:26,
[36.192s]                  from /home/j/colcon_ws/ORB_SLAM3/include/System.h:31,
[36.192s]                  from /home/j/colcon_ws/src/orbslam3_ros2/src/stereo-inertial/stereo-inertial-node.hpp:10,
[36.192s]                  from /home/j/colcon_ws/src/orbslam3_ros2/src/stereo-inertial/stereo-inertial-node.cpp:1:
[36.192s] /usr/include/eigen3/Eigen/src/Core/util/Constants.h:167:37: note: declared here
[36.192s]   167 | EIGEN_DEPRECATED const unsigned int AlignedBit = 0x80;
[36.192s]       |                                     ^~~~~~~~~~
[36.192s] In file included from /home/j/colcon_ws/ORB_SLAM3/Thirdparty/g2o/g2o/types/types_six_dof_expmap.h:38,
[36.192s]                  from /home/j/colcon_ws/ORB_SLAM3/include/Converter.h:26,
[36.192s]                  from /home/j/colcon_ws/ORB_SLAM3/include/Frame.h:33,
[36.193s]                  from /home/j/colcon_ws/ORB_SLAM3/include/KeyFrame.h:28,
[36.193s]                  from /home/j/colcon_ws/ORB_SLAM3/include/MapPoint.h:23,
[36.193s]                  from /home/j/colcon_ws/ORB_SLAM3/include/FrameDrawer.h:24,
[36.193s]                  from /home/j/colcon_ws/ORB_SLAM3/include/Viewer.h:23,
[36.193s]                  from /home/j/colcon_ws/ORB_SLAM3/include/Tracking.h:26,
[36.193s]                  from /home/j/colcon_ws/ORB_SLAM3/include/System.h:31,
[36.193s]                  from /home/j/colcon_ws/src/orbslam3_ros2/src/monocular/monocular-slam-node.hpp:9,
[36.193s]                  from /home/j/colcon_ws/src/orbslam3_ros2/src/monocular/monocular-slam-node.cpp:1:
[36.193s] /home/j/colcon_ws/ORB_SLAM3/Thirdparty/g2o/g2o/types/../core/base_binary_edge.h: In instantiation of ‘class g2o::BaseBinaryEdge<7, g2o::Sim3, g2o::VertexSim3Expmap, g2o::VertexSim3Expmap>’:
[36.193s] /home/j/colcon_ws/ORB_SLAM3/Thirdparty/g2o/g2o/types/types_seven_dof_expmap.h:99:27:   required from here
[36.193s] /home/j/colcon_ws/ORB_SLAM3/Thirdparty/g2o/g2o/types/../core/base_binary_edge.h:59:80: warning: ‘Eigen::AlignedBit’ is deprecated [-Wdeprecated-declarations]
[36.193s]    59 |       typedef Eigen::Map<Matrix<double, Di, Dj>, Matrix<double, Di, Dj>::Flags & AlignedBit ? Aligned : Unaligned > HessianBlockType;
[36.194s]       |                                                                          ~~~~~~^~~~~~~~~~~~
[36.194s] In file included from /usr/include/eigen3/Eigen/Core:161,
[36.194s]                  from /usr/include/eigen3/Eigen/LU:11,
[36.194s]                  from /home/j/colcon_ws/ORB_SLAM3/Thirdparty/Sophus/sophus/so2.hpp:12,
[36.194s]                  from /home/j/colcon_ws/ORB_SLAM3/Thirdparty/Sophus/sophus/se2.hpp:7,
[36.194s]                  from /home/j/colcon_ws/ORB_SLAM3/Thirdparty/Sophus/sophus/geometry.hpp:7,
[36.194s]                  from /home/j/colcon_ws/ORB_SLAM3/include/Frame.h:28,
[36.194s]                  from /home/j/colcon_ws/ORB_SLAM3/include/KeyFrame.h:28,
[36.194s]                  from /home/j/colcon_ws/ORB_SLAM3/include/MapPoint.h:23,
[36.194s]                  from /home/j/colcon_ws/ORB_SLAM3/include/FrameDrawer.h:24,
[36.194s]                  from /home/j/colcon_ws/ORB_SLAM3/include/Viewer.h:23,
[36.194s]                  from /home/j/colcon_ws/ORB_SLAM3/include/Tracking.h:26,
[36.195s]                  from /home/j/colcon_ws/ORB_SLAM3/include/System.h:31,
[36.195s]                  from /home/j/colcon_ws/src/orbslam3_ros2/src/monocular/monocular-slam-node.hpp:9,
[36.195s]                  from /home/j/colcon_ws/src/orbslam3_ros2/src/monocular/monocular-slam-node.cpp:1:
[36.195s] /usr/include/eigen3/Eigen/src/Core/util/Constants.h:167:37: note: declared here
[36.195s]   167 | EIGEN_DEPRECATED const unsigned int AlignedBit = 0x80;
[36.195s]       |                                     ^~~~~~~~~~
[36.195s] In file included from /home/j/colcon_ws/ORB_SLAM3/Thirdparty/g2o/g2o/types/types_six_dof_expmap.h:38,
[36.195s]                  from /home/j/colcon_ws/ORB_SLAM3/include/Converter.h:26,
[36.195s]                  from /home/j/colcon_ws/ORB_SLAM3/include/Frame.h:33,
[36.195s]                  from /home/j/colcon_ws/ORB_SLAM3/include/KeyFrame.h:28,
[36.195s]                  from /home/j/colcon_ws/ORB_SLAM3/include/MapPoint.h:23,
[36.195s]                  from /home/j/colcon_ws/ORB_SLAM3/include/FrameDrawer.h:24,
[36.196s]                  from /home/j/colcon_ws/ORB_SLAM3/include/Viewer.h:23,
[36.196s]                  from /home/j/colcon_ws/ORB_SLAM3/include/Tracking.h:26,
[36.196s]                  from /home/j/colcon_ws/ORB_SLAM3/include/System.h:31,
[36.196s]                  from /home/j/colcon_ws/src/orbslam3_ros2/src/monocular/monocular-slam-node.hpp:9,
[36.196s]                  from /home/j/colcon_ws/src/orbslam3_ros2/src/monocular/monocular-slam-node.cpp:1:
[36.196s] /home/j/colcon_ws/ORB_SLAM3/Thirdparty/g2o/g2o/types/../core/base_binary_edge.h:60:80: warning: ‘Eigen::AlignedBit’ is deprecated [-Wdeprecated-declarations]
[36.196s]    60 |       typedef Eigen::Map<Matrix<double, Dj, Di>, Matrix<double, Dj, Di>::Flags & AlignedBit ? Aligned : Unaligned > HessianBlockTransposedType;
[36.196s]       |                                                                          ~~~~~~^~~~~~~~~~~~
[36.196s] In file included from /usr/include/eigen3/Eigen/Core:161,
[36.196s]                  from /usr/include/eigen3/Eigen/LU:11,
[36.196s]                  from /home/j/colcon_ws/ORB_SLAM3/Thirdparty/Sophus/sophus/so2.hpp:12,
[36.196s]                  from /home/j/colcon_ws/ORB_SLAM3/Thirdparty/Sophus/sophus/se2.hpp:7,
[36.197s]                  from /home/j/colcon_ws/ORB_SLAM3/Thirdparty/Sophus/sophus/geometry.hpp:7,
[36.197s]                  from /home/j/colcon_ws/ORB_SLAM3/include/Frame.h:28,
[36.197s]                  from /home/j/colcon_ws/ORB_SLAM3/include/KeyFrame.h:28,
[36.197s]                  from /home/j/colcon_ws/ORB_SLAM3/include/MapPoint.h:23,
[36.197s]                  from /home/j/colcon_ws/ORB_SLAM3/include/FrameDrawer.h:24,
[36.197s]                  from /home/j/colcon_ws/ORB_SLAM3/include/Viewer.h:23,
[36.197s]                  from /home/j/colcon_ws/ORB_SLAM3/include/Tracking.h:26,
[36.197s]                  from /home/j/colcon_ws/ORB_SLAM3/include/System.h:31,
[36.198s]                  from /home/j/colcon_ws/src/orbslam3_ros2/src/monocular/monocular-slam-node.hpp:9,
[36.198s]                  from /home/j/colcon_ws/src/orbslam3_ros2/src/monocular/monocular-slam-node.cpp:1:
[36.198s] /usr/include/eigen3/Eigen/src/Core/util/Constants.h:167:37: note: declared here
[36.198s]   167 | EIGEN_DEPRECATED const unsigned int AlignedBit = 0x80;
[36.198s]       |                                     ^~~~~~~~~~
[36.198s] In file included from /home/j/colcon_ws/ORB_SLAM3/Thirdparty/g2o/g2o/types/types_six_dof_expmap.h:38,
[36.198s]                  from /home/j/colcon_ws/ORB_SLAM3/include/Converter.h:26,
[36.198s]                  from /home/j/colcon_ws/ORB_SLAM3/include/Frame.h:33,
[36.198s]                  from /home/j/colcon_ws/ORB_SLAM3/include/KeyFrame.h:28,
[36.198s]                  from /home/j/colcon_ws/ORB_SLAM3/include/MapPoint.h:23,
[36.198s]                  from /home/j/colcon_ws/ORB_SLAM3/include/FrameDrawer.h:24,
[36.198s]                  from /home/j/colcon_ws/ORB_SLAM3/include/Viewer.h:23,
[36.199s]                  from /home/j/colcon_ws/ORB_SLAM3/include/Tracking.h:26,
[36.199s]                  from /home/j/colcon_ws/ORB_SLAM3/include/System.h:31,
[36.199s]                  from /home/j/colcon_ws/src/orbslam3_ros2/src/stereo-inertial/stereo-inertial-node.hpp:10,
[36.199s]                  from /home/j/colcon_ws/src/orbslam3_ros2/src/stereo-inertial/stereo-inertial.cpp:7:
[36.199s] /home/j/colcon_ws/ORB_SLAM3/Thirdparty/g2o/g2o/types/../core/base_binary_edge.h: In instantiation of ‘class g2o::BaseBinaryEdge<7, g2o::Sim3, g2o::VertexSim3Expmap, g2o::VertexSim3Expmap>’:
[36.199s] /home/j/colcon_ws/ORB_SLAM3/Thirdparty/g2o/g2o/types/types_seven_dof_expmap.h:99:27:   required from here
[36.199s] /home/j/colcon_ws/ORB_SLAM3/Thirdparty/g2o/g2o/types/../core/base_binary_edge.h:59:80: warning: ‘Eigen::AlignedBit’ is deprecated [-Wdeprecated-declarations]
[36.199s]    59 |       typedef Eigen::Map<Matrix<double, Di, Dj>, Matrix<double, Di, Dj>::Flags & AlignedBit ? Aligned : Unaligned > HessianBlockType;
[36.199s]       |                                                                          ~~~~~~^~~~~~~~~~~~
[36.199s] In file included from /usr/include/eigen3/Eigen/Core:161,
[36.199s]                  from /usr/include/eigen3/Eigen/LU:11,
[36.199s]                  from /home/j/colcon_ws/ORB_SLAM3/Thirdparty/Sophus/sophus/so2.hpp:12,
[36.200s]                  from /home/j/colcon_ws/ORB_SLAM3/Thirdparty/Sophus/sophus/se2.hpp:7,
[36.200s]                  from /home/j/colcon_ws/ORB_SLAM3/Thirdparty/Sophus/sophus/geometry.hpp:7,
[36.200s]                  from /home/j/colcon_ws/ORB_SLAM3/include/Frame.h:28,
[36.200s]                  from /home/j/colcon_ws/ORB_SLAM3/include/KeyFrame.h:28,
[36.200s]                  from /home/j/colcon_ws/ORB_SLAM3/include/MapPoint.h:23,
[36.200s]                  from /home/j/colcon_ws/ORB_SLAM3/include/FrameDrawer.h:24,
[36.200s]                  from /home/j/colcon_ws/ORB_SLAM3/include/Viewer.h:23,
[36.200s]                  from /home/j/colcon_ws/ORB_SLAM3/include/Tracking.h:26,
[36.200s]                  from /home/j/colcon_ws/ORB_SLAM3/include/System.h:31,
[36.200s]                  from /home/j/colcon_ws/src/orbslam3_ros2/src/stereo-inertial/stereo-inertial-node.hpp:10,
[36.200s]                  from /home/j/colcon_ws/src/orbslam3_ros2/src/stereo-inertial/stereo-inertial.cpp:7:
[36.200s] /usr/include/eigen3/Eigen/src/Core/util/Constants.h:167:37: note: declared here
[36.201s]   167 | EIGEN_DEPRECATED const unsigned int AlignedBit = 0x80;
[36.201s]       |                                     ^~~~~~~~~~
[36.201s] In file included from /home/j/colcon_ws/ORB_SLAM3/Thirdparty/g2o/g2o/types/types_six_dof_expmap.h:38,
[36.201s]                  from /home/j/colcon_ws/ORB_SLAM3/include/Converter.h:26,
[36.201s]                  from /home/j/colcon_ws/ORB_SLAM3/include/Frame.h:33,
[36.201s]                  from /home/j/colcon_ws/ORB_SLAM3/include/KeyFrame.h:28,
[36.201s]                  from /home/j/colcon_ws/ORB_SLAM3/include/MapPoint.h:23,
[36.201s]                  from /home/j/colcon_ws/ORB_SLAM3/include/FrameDrawer.h:24,
[36.201s]                  from /home/j/colcon_ws/ORB_SLAM3/include/Viewer.h:23,
[36.201s]                  from /home/j/colcon_ws/ORB_SLAM3/include/Tracking.h:26,
[36.201s]                  from /home/j/colcon_ws/ORB_SLAM3/include/System.h:31,
[36.201s]                  from /home/j/colcon_ws/src/orbslam3_ros2/src/stereo-inertial/stereo-inertial-node.hpp:10,
[36.202s]                  from /home/j/colcon_ws/src/orbslam3_ros2/src/stereo-inertial/stereo-inertial.cpp:7:
[36.202s] /home/j/colcon_ws/ORB_SLAM3/Thirdparty/g2o/g2o/types/../core/base_binary_edge.h:60:80: warning: ‘Eigen::AlignedBit’ is deprecated [-Wdeprecated-declarations]
[36.202s]    60 |       typedef Eigen::Map<Matrix<double, Dj, Di>, Matrix<double, Dj, Di>::Flags & AlignedBit ? Aligned : Unaligned > HessianBlockTransposedType;
[36.202s]       |                                                                          ~~~~~~^~~~~~~~~~~~
[36.202s] In file included from /usr/include/eigen3/Eigen/Core:161,
[36.202s]                  from /usr/include/eigen3/Eigen/LU:11,
[36.202s]                  from /home/j/colcon_ws/ORB_SLAM3/Thirdparty/Sophus/sophus/so2.hpp:12,
[36.202s]                  from /home/j/colcon_ws/ORB_SLAM3/Thirdparty/Sophus/sophus/se2.hpp:7,
[36.202s]                  from /home/j/colcon_ws/ORB_SLAM3/Thirdparty/Sophus/sophus/geometry.hpp:7,
[36.202s]                  from /home/j/colcon_ws/ORB_SLAM3/include/Frame.h:28,
[36.202s]                  from /home/j/colcon_ws/ORB_SLAM3/include/KeyFrame.h:28,
[36.203s]                  from /home/j/colcon_ws/ORB_SLAM3/include/MapPoint.h:23,
[36.203s]                  from /home/j/colcon_ws/ORB_SLAM3/include/FrameDrawer.h:24,
[36.203s]                  from /home/j/colcon_ws/ORB_SLAM3/include/Viewer.h:23,
[36.203s]                  from /home/j/colcon_ws/ORB_SLAM3/include/Tracking.h:26,
[36.203s]                  from /home/j/colcon_ws/ORB_SLAM3/include/System.h:31,
[36.203s]                  from /home/j/colcon_ws/src/orbslam3_ros2/src/stereo-inertial/stereo-inertial-node.hpp:10,
[36.203s]                  from /home/j/colcon_ws/src/orbslam3_ros2/src/stereo-inertial/stereo-inertial.cpp:7:
[36.203s] /usr/include/eigen3/Eigen/src/Core/util/Constants.h:167:37: note: declared here
[36.203s]   167 | EIGEN_DEPRECATED const unsigned int AlignedBit = 0x80;
[36.203s]       |                                     ^~~~~~~~~~
[36.203s] In file included from /home/j/colcon_ws/ORB_SLAM3/Thirdparty/g2o/g2o/types/types_six_dof_expmap.h:38,
[36.203s]                  from /home/j/colcon_ws/ORB_SLAM3/include/Converter.h:26,
[36.204s]                  from /home/j/colcon_ws/ORB_SLAM3/include/Frame.h:33,
[36.204s]                  from /home/j/colcon_ws/ORB_SLAM3/include/KeyFrame.h:28,
[36.204s]                  from /home/j/colcon_ws/ORB_SLAM3/include/MapPoint.h:23,
[36.204s]                  from /home/j/colcon_ws/ORB_SLAM3/include/FrameDrawer.h:24,
[36.204s]                  from /home/j/colcon_ws/ORB_SLAM3/include/Viewer.h:23,
[36.204s]                  from /home/j/colcon_ws/ORB_SLAM3/include/Tracking.h:26,
[36.204s]                  from /home/j/colcon_ws/ORB_SLAM3/include/System.h:31,
[36.204s]                  from /home/j/colcon_ws/src/orbslam3_ros2/src/stereo/stereo-slam-node.hpp:13,
[36.204s]                  from /home/j/colcon_ws/src/orbslam3_ros2/src/stereo/stereo-slam-node.cpp:1:
[36.204s] /home/j/colcon_ws/ORB_SLAM3/Thirdparty/g2o/g2o/types/../core/base_binary_edge.h:60:80: warning: ‘Eigen::AlignedBit’ is deprecated [-Wdeprecated-declarations]
[36.204s]    60 |       typedef Eigen::Map<Matrix<double, Dj, Di>, Matrix<double, Dj, Di>::Flags & AlignedBit ? Aligned : Unaligned > HessianBlockTransposedType;
[36.204s]       |                                                                          ~~~~~~^~~~~~~~~~~~
[36.205s] In file included from /usr/include/eigen3/Eigen/Core:161,
[36.205s]                  from /usr/include/eigen3/Eigen/LU:11,
[36.205s]                  from /home/j/colcon_ws/ORB_SLAM3/Thirdparty/Sophus/sophus/so2.hpp:12,
[36.205s]                  from /home/j/colcon_ws/ORB_SLAM3/Thirdparty/Sophus/sophus/se2.hpp:7,
[36.205s]                  from /home/j/colcon_ws/ORB_SLAM3/Thirdparty/Sophus/sophus/geometry.hpp:7,
[36.205s]                  from /home/j/colcon_ws/ORB_SLAM3/include/Frame.h:28,
[36.205s]                  from /home/j/colcon_ws/ORB_SLAM3/include/KeyFrame.h:28,
[36.205s]                  from /home/j/colcon_ws/ORB_SLAM3/include/MapPoint.h:23,
[36.205s]                  from /home/j/colcon_ws/ORB_SLAM3/include/FrameDrawer.h:24,
[36.205s]                  from /home/j/colcon_ws/ORB_SLAM3/include/Viewer.h:23,
[36.205s]                  from /home/j/colcon_ws/ORB_SLAM3/include/Tracking.h:26,
[36.205s]                  from /home/j/colcon_ws/ORB_SLAM3/include/System.h:31,
[36.206s]                  from /home/j/colcon_ws/src/orbslam3_ros2/src/stereo/stereo-slam-node.hpp:13,
[36.206s]                  from /home/j/colcon_ws/src/orbslam3_ros2/src/stereo/stereo-slam-node.cpp:1:
[36.206s] /usr/include/eigen3/Eigen/src/Core/util/Constants.h:167:37: note: declared here
[36.206s]   167 | EIGEN_DEPRECATED const unsigned int AlignedBit = 0x80;
[36.206s]       |                                     ^~~~~~~~~~
[36.214s] In file included from /home/j/colcon_ws/ORB_SLAM3/Thirdparty/g2o/g2o/types/types_six_dof_expmap.h:37,
[36.214s]                  from /home/j/colcon_ws/ORB_SLAM3/include/Converter.h:26,
[36.215s]                  from /home/j/colcon_ws/ORB_SLAM3/include/Frame.h:33,
[36.215s]                  from /home/j/colcon_ws/ORB_SLAM3/include/KeyFrame.h:28,
[36.215s]                  from /home/j/colcon_ws/ORB_SLAM3/include/MapPoint.h:23,
[36.215s]                  from /home/j/colcon_ws/ORB_SLAM3/include/FrameDrawer.h:24,
[36.215s]                  from /home/j/colcon_ws/ORB_SLAM3/include/Viewer.h:23,
[36.215s]                  from /home/j/colcon_ws/ORB_SLAM3/include/Tracking.h:26,
[36.215s]                  from /home/j/colcon_ws/ORB_SLAM3/include/System.h:31,
[36.215s]                  from /home/j/colcon_ws/src/orbslam3_ros2/src/rgbd/rgbd-slam-node.hpp:18,
[36.215s]                  from /home/j/colcon_ws/src/orbslam3_ros2/src/rgbd/rgbd-slam-node.cpp:1:
[36.215s] /home/j/colcon_ws/ORB_SLAM3/Thirdparty/g2o/g2o/types/../core/base_vertex.h: In instantiation of ‘class g2o::BaseVertex<7, g2o::Sim3>’:
[36.215s] /home/j/colcon_ws/ORB_SLAM3/Thirdparty/g2o/g2o/types/types_seven_dof_expmap.h:48:35:   required from here
[36.216s] /home/j/colcon_ws/ORB_SLAM3/Thirdparty/g2o/g2o/types/../core/base_vertex.h:62:72: warning: ‘Eigen::AlignedBit’ is deprecated [-Wdeprecated-declarations]
[36.216s]    62 |     typedef Eigen::Map<Matrix<double, D, D>, Matrix<double,D,D>::Flags & AlignedBit ? Aligned : Unaligned >  HessianBlockType;
[36.216s]       |                                                                  ~~~~~~^~~~~~~~~~~~
[36.216s] In file included from /usr/include/eigen3/Eigen/Core:161,
[36.216s]                  from /usr/include/eigen3/Eigen/LU:11,
[36.216s]                  from /home/j/colcon_ws/ORB_SLAM3/Thirdparty/Sophus/sophus/so2.hpp:12,
[36.216s]                  from /home/j/colcon_ws/ORB_SLAM3/Thirdparty/Sophus/sophus/se2.hpp:7,
[36.216s]                  from /home/j/colcon_ws/ORB_SLAM3/Thirdparty/Sophus/sophus/geometry.hpp:7,
[36.216s]                  from /home/j/colcon_ws/ORB_SLAM3/include/Frame.h:28,
[36.216s]                  from /home/j/colcon_ws/ORB_SLAM3/include/KeyFrame.h:28,
[36.216s]                  from /home/j/colcon_ws/ORB_SLAM3/include/MapPoint.h:23,
[36.216s]                  from /home/j/colcon_ws/ORB_SLAM3/include/FrameDrawer.h:24,
[36.217s]                  from /home/j/colcon_ws/ORB_SLAM3/include/Viewer.h:23,
[36.217s]                  from /home/j/colcon_ws/ORB_SLAM3/include/Tracking.h:26,
[36.217s]                  from /home/j/colcon_ws/ORB_SLAM3/include/System.h:31,
[36.217s]                  from /home/j/colcon_ws/src/orbslam3_ros2/src/rgbd/rgbd-slam-node.hpp:18,
[36.217s]                  from /home/j/colcon_ws/src/orbslam3_ros2/src/rgbd/rgbd-slam-node.cpp:1:
[36.217s] /usr/include/eigen3/Eigen/src/Core/util/Constants.h:167:37: note: declared here
[36.217s]   167 | EIGEN_DEPRECATED const unsigned int AlignedBit = 0x80;
[36.217s]       |                                     ^~~~~~~~~~
[36.226s] In file included from /home/j/colcon_ws/ORB_SLAM3/Thirdparty/g2o/g2o/types/types_six_dof_expmap.h:38,
[36.226s]                  from /home/j/colcon_ws/ORB_SLAM3/include/Converter.h:26,
[36.226s]                  from /home/j/colcon_ws/ORB_SLAM3/include/Frame.h:33,
[36.227s]                  from /home/j/colcon_ws/ORB_SLAM3/include/KeyFrame.h:28,
[36.227s]                  from /home/j/colcon_ws/ORB_SLAM3/include/MapPoint.h:23,
[36.227s]                  from /home/j/colcon_ws/ORB_SLAM3/include/FrameDrawer.h:24,
[36.227s]                  from /home/j/colcon_ws/ORB_SLAM3/include/Viewer.h:23,
[36.227s]                  from /home/j/colcon_ws/ORB_SLAM3/include/Tracking.h:26,
[36.227s]                  from /home/j/colcon_ws/ORB_SLAM3/include/System.h:31,
[36.227s]                  from /home/j/colcon_ws/src/orbslam3_ros2/src/monocular/monocular-slam-node.hpp:9,
[36.227s]                  from /home/j/colcon_ws/src/orbslam3_ros2/src/monocular/mono.cpp:7:
[36.227s] /home/j/colcon_ws/ORB_SLAM3/Thirdparty/g2o/g2o/types/../core/base_binary_edge.h: In instantiation of ‘class g2o::BaseBinaryEdge<2, Eigen::Matrix<double, 2, 1>, g2o::VertexSBAPointXYZ, g2o::VertexSim3Expmap>’:
[36.227s] /home/j/colcon_ws/ORB_SLAM3/Thirdparty/g2o/g2o/types/types_seven_dof_expmap.h:130:36:   required from here
[36.227s] /home/j/colcon_ws/ORB_SLAM3/Thirdparty/g2o/g2o/types/../core/base_binary_edge.h:59:80: warning: ‘Eigen::AlignedBit’ is deprecated [-Wdeprecated-declarations]
[36.227s]    59 |       typedef Eigen::Map<Matrix<double, Di, Dj>, Matrix<double, Di, Dj>::Flags & AlignedBit ? Aligned : Unaligned > HessianBlockType;
[36.228s]       |                                                                          ~~~~~~^~~~~~~~~~~~
[36.228s] In file included from /usr/include/eigen3/Eigen/Core:161,
[36.228s]                  from /usr/include/eigen3/Eigen/LU:11,
[36.228s]                  from /home/j/colcon_ws/ORB_SLAM3/Thirdparty/Sophus/sophus/so2.hpp:12,
[36.228s]                  from /home/j/colcon_ws/ORB_SLAM3/Thirdparty/Sophus/sophus/se2.hpp:7,
[36.228s]                  from /home/j/colcon_ws/ORB_SLAM3/Thirdparty/Sophus/sophus/geometry.hpp:7,
[36.228s]                  from /home/j/colcon_ws/ORB_SLAM3/include/Frame.h:28,
[36.228s]                  from /home/j/colcon_ws/ORB_SLAM3/include/KeyFrame.h:28,
[36.228s]                  from /home/j/colcon_ws/ORB_SLAM3/include/MapPoint.h:23,
[36.228s]                  from /home/j/colcon_ws/ORB_SLAM3/include/FrameDrawer.h:24,
[36.228s]                  from /home/j/colcon_ws/ORB_SLAM3/include/Viewer.h:23,
[36.228s]                  from /home/j/colcon_ws/ORB_SLAM3/include/Tracking.h:26,
[36.229s]                  from /home/j/colcon_ws/ORB_SLAM3/include/System.h:31,
[36.229s]                  from /home/j/colcon_ws/src/orbslam3_ros2/src/monocular/monocular-slam-node.hpp:9,
[36.229s]                  from /home/j/colcon_ws/src/orbslam3_ros2/src/monocular/mono.cpp:7:
[36.229s] /usr/include/eigen3/Eigen/src/Core/util/Constants.h:167:37: note: declared here
[36.229s]   167 | EIGEN_DEPRECATED const unsigned int AlignedBit = 0x80;
[36.229s]       |                                     ^~~~~~~~~~
[36.233s] In file included from /home/j/colcon_ws/ORB_SLAM3/Thirdparty/g2o/g2o/types/types_six_dof_expmap.h:38,
[36.233s]                  from /home/j/colcon_ws/ORB_SLAM3/include/Converter.h:26,
[36.233s]                  from /home/j/colcon_ws/ORB_SLAM3/include/Frame.h:33,
[36.233s]                  from /home/j/colcon_ws/ORB_SLAM3/include/KeyFrame.h:28,
[36.233s]                  from /home/j/colcon_ws/ORB_SLAM3/include/MapPoint.h:23,
[36.233s]                  from /home/j/colcon_ws/ORB_SLAM3/include/FrameDrawer.h:24,
[36.233s]                  from /home/j/colcon_ws/ORB_SLAM3/include/Viewer.h:23,
[36.233s]                  from /home/j/colcon_ws/ORB_SLAM3/include/Tracking.h:26,
[36.233s]                  from /home/j/colcon_ws/ORB_SLAM3/include/System.h:31,
[36.233s]                  from /home/j/colcon_ws/src/orbslam3_ros2/src/stereo-inertial/stereo-inertial-node.hpp:10,
[36.234s]                  from /home/j/colcon_ws/src/orbslam3_ros2/src/stereo-inertial/stereo-inertial-node.cpp:1:
[36.234s] /home/j/colcon_ws/ORB_SLAM3/Thirdparty/g2o/g2o/types/../core/base_binary_edge.h: In instantiation of ‘class g2o::BaseBinaryEdge<2, Eigen::Matrix<double, 2, 1>, g2o::VertexSBAPointXYZ, g2o::VertexSim3Expmap>’:
[36.234s] /home/j/colcon_ws/ORB_SLAM3/Thirdparty/g2o/g2o/types/types_seven_dof_expmap.h:130:36:   required from here
[36.234s] /home/j/colcon_ws/ORB_SLAM3/Thirdparty/g2o/g2o/types/../core/base_binary_edge.h:59:80: warning: ‘Eigen::AlignedBit’ is deprecated [-Wdeprecated-declarations]
[36.234s]    59 |       typedef Eigen::Map<Matrix<double, Di, Dj>, Matrix<double, Di, Dj>::Flags & AlignedBit ? Aligned : Unaligned > HessianBlockType;
[36.234s]       |                                                                          ~~~~~~^~~~~~~~~~~~
[36.234s] In file included from /usr/include/eigen3/Eigen/Core:161,
[36.234s]                  from /usr/include/eigen3/Eigen/LU:11,
[36.234s]                  from /home/j/colcon_ws/ORB_SLAM3/Thirdparty/Sophus/sophus/so2.hpp:12,
[36.234s]                  from /home/j/colcon_ws/ORB_SLAM3/Thirdparty/Sophus/sophus/se2.hpp:7,
[36.234s]                  from /home/j/colcon_ws/ORB_SLAM3/Thirdparty/Sophus/sophus/geometry.hpp:7,
[36.234s]                  from /home/j/colcon_ws/ORB_SLAM3/include/Frame.h:28,
[36.235s]                  from /home/j/colcon_ws/ORB_SLAM3/include/KeyFrame.h:28,
[36.235s]                  from /home/j/colcon_ws/ORB_SLAM3/include/MapPoint.h:23,
[36.235s]                  from /home/j/colcon_ws/ORB_SLAM3/include/FrameDrawer.h:24,
[36.235s]                  from /home/j/colcon_ws/ORB_SLAM3/include/Viewer.h:23,
[36.235s]                  from /home/j/colcon_ws/ORB_SLAM3/include/Tracking.h:26,
[36.235s]                  from /home/j/colcon_ws/ORB_SLAM3/include/System.h:31,
[36.235s]                  from /home/j/colcon_ws/src/orbslam3_ros2/src/stereo-inertial/stereo-inertial-node.hpp:10,
[36.235s]                  from /home/j/colcon_ws/src/orbslam3_ros2/src/stereo-inertial/stereo-inertial-node.cpp:1:
[36.235s] /usr/include/eigen3/Eigen/src/Core/util/Constants.h:167:37: note: declared here
[36.235s]   167 | EIGEN_DEPRECATED const unsigned int AlignedBit = 0x80;
[36.235s]       |                                     ^~~~~~~~~~
[36.236s] In file included from /home/j/colcon_ws/ORB_SLAM3/Thirdparty/g2o/g2o/types/types_six_dof_expmap.h:38,
[36.236s]                  from /home/j/colcon_ws/ORB_SLAM3/include/Converter.h:26,
[36.236s]                  from /home/j/colcon_ws/ORB_SLAM3/include/Frame.h:33,
[36.236s]                  from /home/j/colcon_ws/ORB_SLAM3/include/KeyFrame.h:28,
[36.237s]                  from /home/j/colcon_ws/ORB_SLAM3/include/MapPoint.h:23,
[36.237s]                  from /home/j/colcon_ws/ORB_SLAM3/include/FrameDrawer.h:24,
[36.237s]                  from /home/j/colcon_ws/ORB_SLAM3/include/Viewer.h:23,
[36.237s]                  from /home/j/colcon_ws/ORB_SLAM3/include/Tracking.h:26,
[36.237s]                  from /home/j/colcon_ws/ORB_SLAM3/include/System.h:31,
[36.237s]                  from /home/j/colcon_ws/src/orbslam3_ros2/src/monocular/monocular-slam-node.hpp:9,
[36.237s]                  from /home/j/colcon_ws/src/orbslam3_ros2/src/monocular/monocular-slam-node.cpp:1:
[36.237s] /home/j/colcon_ws/ORB_SLAM3/Thirdparty/g2o/g2o/types/../core/base_binary_edge.h: In instantiation of ‘class g2o::BaseBinaryEdge<2, Eigen::Matrix<double, 2, 1>, g2o::VertexSBAPointXYZ, g2o::VertexSim3Expmap>’:
[36.237s] /home/j/colcon_ws/ORB_SLAM3/Thirdparty/g2o/g2o/types/types_seven_dof_expmap.h:130:36:   required from here
[36.237s] /home/j/colcon_ws/ORB_SLAM3/Thirdparty/g2o/g2o/types/../core/base_binary_edge.h:59:80: warning: ‘Eigen::AlignedBit’ is deprecated [-Wdeprecated-declarations]
[36.237s]    59 |       typedef Eigen::Map<Matrix<double, Di, Dj>, Matrix<double, Di, Dj>::Flags & AlignedBit ? Aligned : Unaligned > HessianBlockType;
[36.238s]       |                                                                          ~~~~~~^~~~~~~~~~~~
[36.238s] In file included from /usr/include/eigen3/Eigen/Core:161,
[36.238s]                  from /usr/include/eigen3/Eigen/LU:11,
[36.238s]                  from /home/j/colcon_ws/ORB_SLAM3/Thirdparty/Sophus/sophus/so2.hpp:12,
[36.238s]                  from /home/j/colcon_ws/ORB_SLAM3/Thirdparty/Sophus/sophus/se2.hpp:7,
[36.238s]                  from /home/j/colcon_ws/ORB_SLAM3/Thirdparty/Sophus/sophus/geometry.hpp:7,
[36.238s]                  from /home/j/colcon_ws/ORB_SLAM3/include/Frame.h:28,
[36.238s]                  from /home/j/colcon_ws/ORB_SLAM3/include/KeyFrame.h:28,
[36.238s]                  from /home/j/colcon_ws/ORB_SLAM3/include/MapPoint.h:23,
[36.238s]                  from /home/j/colcon_ws/ORB_SLAM3/include/FrameDrawer.h:24,
[36.238s]                  from /home/j/colcon_ws/ORB_SLAM3/include/Viewer.h:23,
[36.238s]                  from /home/j/colcon_ws/ORB_SLAM3/include/Tracking.h:26,
[36.239s]                  from /home/j/colcon_ws/ORB_SLAM3/include/System.h:31,
[36.239s]                  from /home/j/colcon_ws/src/orbslam3_ros2/src/monocular/monocular-slam-node.hpp:9,
[36.239s]                  from /home/j/colcon_ws/src/orbslam3_ros2/src/monocular/monocular-slam-node.cpp:1:
[36.239s] /usr/include/eigen3/Eigen/src/Core/util/Constants.h:167:37: note: declared here
[36.239s]   167 | EIGEN_DEPRECATED const unsigned int AlignedBit = 0x80;
[36.239s]       |                                     ^~~~~~~~~~
[36.239s] In file included from /home/j/colcon_ws/ORB_SLAM3/Thirdparty/g2o/g2o/types/types_six_dof_expmap.h:38,
[36.239s]                  from /home/j/colcon_ws/ORB_SLAM3/include/Converter.h:26,
[36.239s]                  from /home/j/colcon_ws/ORB_SLAM3/include/Frame.h:33,
[36.239s]                  from /home/j/colcon_ws/ORB_SLAM3/include/KeyFrame.h:28,
[36.239s]                  from /home/j/colcon_ws/ORB_SLAM3/include/MapPoint.h:23,
[36.239s]                  from /home/j/colcon_ws/ORB_SLAM3/include/FrameDrawer.h:24,
[36.240s]                  from /home/j/colcon_ws/ORB_SLAM3/include/Viewer.h:23,
[36.240s]                  from /home/j/colcon_ws/ORB_SLAM3/include/Tracking.h:26,
[36.240s]                  from /home/j/colcon_ws/ORB_SLAM3/include/System.h:31,
[36.240s]                  from /home/j/colcon_ws/src/orbslam3_ros2/src/stereo-inertial/stereo-inertial-node.hpp:10,
[36.240s]                  from /home/j/colcon_ws/src/orbslam3_ros2/src/stereo-inertial/stereo-inertial.cpp:7:
[36.240s] /home/j/colcon_ws/ORB_SLAM3/Thirdparty/g2o/g2o/types/../core/base_binary_edge.h: In instantiation of ‘class g2o::BaseBinaryEdge<2, Eigen::Matrix<double, 2, 1>, g2o::VertexSBAPointXYZ, g2o::VertexSim3Expmap>’:
[36.240s] /home/j/colcon_ws/ORB_SLAM3/Thirdparty/g2o/g2o/types/types_seven_dof_expmap.h:130:36:   required from here
[36.240s] /home/j/colcon_ws/ORB_SLAM3/Thirdparty/g2o/g2o/types/../core/base_binary_edge.h:59:80: warning: ‘Eigen::AlignedBit’ is deprecated [-Wdeprecated-declarations]
[36.240s]    59 |       typedef Eigen::Map<Matrix<double, Di, Dj>, Matrix<double, Di, Dj>::Flags & AlignedBit ? Aligned : Unaligned > HessianBlockType;
[36.240s]       |                                                                          ~~~~~~^~~~~~~~~~~~
[36.240s] In file included from /usr/include/eigen3/Eigen/Core:161,
[36.241s]                  from /usr/include/eigen3/Eigen/LU:11,
[36.241s]                  from /home/j/colcon_ws/ORB_SLAM3/Thirdparty/Sophus/sophus/so2.hpp:12,
[36.241s]                  from /home/j/colcon_ws/ORB_SLAM3/Thirdparty/Sophus/sophus/se2.hpp:7,
[36.241s]                  from /home/j/colcon_ws/ORB_SLAM3/Thirdparty/Sophus/sophus/geometry.hpp:7,
[36.241s]                  from /home/j/colcon_ws/ORB_SLAM3/include/Frame.h:28,
[36.241s]                  from /home/j/colcon_ws/ORB_SLAM3/include/KeyFrame.h:28,
[36.241s]                  from /home/j/colcon_ws/ORB_SLAM3/include/MapPoint.h:23,
[36.241s]                  from /home/j/colcon_ws/ORB_SLAM3/include/FrameDrawer.h:24,
[36.241s]                  from /home/j/colcon_ws/ORB_SLAM3/include/Viewer.h:23,
[36.241s]                  from /home/j/colcon_ws/ORB_SLAM3/include/Tracking.h:26,
[36.241s]                  from /home/j/colcon_ws/ORB_SLAM3/include/System.h:31,
[36.241s]                  from /home/j/colcon_ws/src/orbslam3_ros2/src/stereo-inertial/stereo-inertial-node.hpp:10,
[36.242s]                  from /home/j/colcon_ws/src/orbslam3_ros2/src/stereo-inertial/stereo-inertial.cpp:7:
[36.242s] /usr/include/eigen3/Eigen/src/Core/util/Constants.h:167:37: note: declared here
[36.242s]   167 | EIGEN_DEPRECATED const unsigned int AlignedBit = 0x80;
[36.242s]       |                                     ^~~~~~~~~~
[36.243s] In file included from /home/j/colcon_ws/ORB_SLAM3/Thirdparty/g2o/g2o/types/types_six_dof_expmap.h:38,
[36.243s]                  from /home/j/colcon_ws/ORB_SLAM3/include/Converter.h:26,
[36.243s]                  from /home/j/colcon_ws/ORB_SLAM3/include/Frame.h:33,
[36.243s]                  from /home/j/colcon_ws/ORB_SLAM3/include/KeyFrame.h:28,
[36.243s]                  from /home/j/colcon_ws/ORB_SLAM3/include/MapPoint.h:23,
[36.243s]                  from /home/j/colcon_ws/ORB_SLAM3/include/FrameDrawer.h:24,
[36.243s]                  from /home/j/colcon_ws/ORB_SLAM3/include/Viewer.h:23,
[36.244s]                  from /home/j/colcon_ws/ORB_SLAM3/include/Tracking.h:26,
[36.244s]                  from /home/j/colcon_ws/ORB_SLAM3/include/System.h:31,
[36.244s]                  from /home/j/colcon_ws/src/orbslam3_ros2/src/monocular/monocular-slam-node.hpp:9,
[36.244s]                  from /home/j/colcon_ws/src/orbslam3_ros2/src/monocular/mono.cpp:7:
[36.244s] /home/j/colcon_ws/ORB_SLAM3/Thirdparty/g2o/g2o/types/../core/base_binary_edge.h:60:80: warning: ‘Eigen::AlignedBit’ is deprecated [-Wdeprecated-declarations]
[36.244s]    60 |       typedef Eigen::Map<Matrix<double, Dj, Di>, Matrix<double, Dj, Di>::Flags & AlignedBit ? Aligned : Unaligned > HessianBlockTransposedType;
[36.244s]       |                                                                          ~~~~~~^~~~~~~~~~~~
[36.244s] In file included from /usr/include/eigen3/Eigen/Core:161,
[36.244s]                  from /usr/include/eigen3/Eigen/LU:11,
[36.244s]                  from /home/j/colcon_ws/ORB_SLAM3/Thirdparty/Sophus/sophus/so2.hpp:12,
[36.244s]                  from /home/j/colcon_ws/ORB_SLAM3/Thirdparty/Sophus/sophus/se2.hpp:7,
[36.244s]                  from /home/j/colcon_ws/ORB_SLAM3/Thirdparty/Sophus/sophus/geometry.hpp:7,
[36.245s]                  from /home/j/colcon_ws/ORB_SLAM3/include/Frame.h:28,
[36.245s]                  from /home/j/colcon_ws/ORB_SLAM3/include/KeyFrame.h:28,
[36.245s]                  from /home/j/colcon_ws/ORB_SLAM3/include/MapPoint.h:23,
[36.245s]                  from /home/j/colcon_ws/ORB_SLAM3/include/FrameDrawer.h:24,
[36.245s]                  from /home/j/colcon_ws/ORB_SLAM3/include/Viewer.h:23,
[36.245s]                  from /home/j/colcon_ws/ORB_SLAM3/include/Tracking.h:26,
[36.245s]                  from /home/j/colcon_ws/ORB_SLAM3/include/System.h:31,
[36.245s]                  from /home/j/colcon_ws/src/orbslam3_ros2/src/monocular/monocular-slam-node.hpp:9,
[36.245s]                  from /home/j/colcon_ws/src/orbslam3_ros2/src/monocular/mono.cpp:7:
[36.245s] /usr/include/eigen3/Eigen/src/Core/util/Constants.h:167:37: note: declared here
[36.245s]   167 | EIGEN_DEPRECATED const unsigned int AlignedBit = 0x80;
[36.245s]       |                                     ^~~~~~~~~~
[36.249s] In file included from /home/j/colcon_ws/ORB_SLAM3/Thirdparty/g2o/g2o/types/types_six_dof_expmap.h:38,
[36.249s]                  from /home/j/colcon_ws/ORB_SLAM3/include/Converter.h:26,
[36.249s]                  from /home/j/colcon_ws/ORB_SLAM3/include/Frame.h:33,
[36.250s]                  from /home/j/colcon_ws/ORB_SLAM3/include/KeyFrame.h:28,
[36.250s]                  from /home/j/colcon_ws/ORB_SLAM3/include/MapPoint.h:23,
[36.250s]                  from /home/j/colcon_ws/ORB_SLAM3/include/FrameDrawer.h:24,
[36.250s]                  from /home/j/colcon_ws/ORB_SLAM3/include/Viewer.h:23,
[36.250s]                  from /home/j/colcon_ws/ORB_SLAM3/include/Tracking.h:26,
[36.250s]                  from /home/j/colcon_ws/ORB_SLAM3/include/System.h:31,
[36.250s]                  from /home/j/colcon_ws/src/orbslam3_ros2/src/stereo-inertial/stereo-inertial-node.hpp:10,
[36.250s]                  from /home/j/colcon_ws/src/orbslam3_ros2/src/stereo-inertial/stereo-inertial-node.cpp:1:
[36.250s] /home/j/colcon_ws/ORB_SLAM3/Thirdparty/g2o/g2o/types/../core/base_binary_edge.h:60:80: warning: ‘Eigen::AlignedBit’ is deprecated [-Wdeprecated-declarations]
[36.251s]    60 |       typedef Eigen::Map<Matrix<double, Dj, Di>, Matrix<double, Dj, Di>::Flags & AlignedBit ? Aligned : Unaligned > HessianBlockTransposedType;
[36.251s]       |                                                                          ~~~~~~^~~~~~~~~~~~
[36.251s] In file included from /usr/include/eigen3/Eigen/Core:161,
[36.251s]                  from /usr/include/eigen3/Eigen/LU:11,
[36.251s]                  from /home/j/colcon_ws/ORB_SLAM3/Thirdparty/Sophus/sophus/so2.hpp:12,
[36.251s]                  from /home/j/colcon_ws/ORB_SLAM3/Thirdparty/Sophus/sophus/se2.hpp:7,
[36.251s]                  from /home/j/colcon_ws/ORB_SLAM3/Thirdparty/Sophus/sophus/geometry.hpp:7,
[36.251s]                  from /home/j/colcon_ws/ORB_SLAM3/include/Frame.h:28,
[36.251s]                  from /home/j/colcon_ws/ORB_SLAM3/include/KeyFrame.h:28,
[36.252s]                  from /home/j/colcon_ws/ORB_SLAM3/include/MapPoint.h:23,
[36.252s]                  from /home/j/colcon_ws/ORB_SLAM3/include/FrameDrawer.h:24,
[36.252s]                  from /home/j/colcon_ws/ORB_SLAM3/include/Viewer.h:23,
[36.252s]                  from /home/j/colcon_ws/ORB_SLAM3/include/Tracking.h:26,
[36.252s]                  from /home/j/colcon_ws/ORB_SLAM3/include/System.h:31,
[36.252s]                  from /home/j/colcon_ws/src/orbslam3_ros2/src/stereo-inertial/stereo-inertial-node.hpp:10,
[36.252s]                  from /home/j/colcon_ws/src/orbslam3_ros2/src/stereo-inertial/stereo-inertial-node.cpp:1:
[36.252s] /usr/include/eigen3/Eigen/src/Core/util/Constants.h:167:37: note: declared here
[36.253s]   167 | EIGEN_DEPRECATED const unsigned int AlignedBit = 0x80;
[36.253s]       |                                     ^~~~~~~~~~
[36.253s] In file included from /home/j/colcon_ws/ORB_SLAM3/Thirdparty/g2o/g2o/types/types_six_dof_expmap.h:38,
[36.253s]                  from /home/j/colcon_ws/ORB_SLAM3/include/Converter.h:26,
[36.253s]                  from /home/j/colcon_ws/ORB_SLAM3/include/Frame.h:33,
[36.253s]                  from /home/j/colcon_ws/ORB_SLAM3/include/KeyFrame.h:28,
[36.253s]                  from /home/j/colcon_ws/ORB_SLAM3/include/MapPoint.h:23,
[36.254s]                  from /home/j/colcon_ws/ORB_SLAM3/include/FrameDrawer.h:24,
[36.254s]                  from /home/j/colcon_ws/ORB_SLAM3/include/Viewer.h:23,
[36.254s]                  from /home/j/colcon_ws/ORB_SLAM3/include/Tracking.h:26,
[36.254s]                  from /home/j/colcon_ws/ORB_SLAM3/include/System.h:31,
[36.254s]                  from /home/j/colcon_ws/src/orbslam3_ros2/src/rgbd/rgbd-slam-node.hpp:18,
[36.254s]                  from /home/j/colcon_ws/src/orbslam3_ros2/src/rgbd/rgbd-slam-node.cpp:1:
[36.254s] /home/j/colcon_ws/ORB_SLAM3/Thirdparty/g2o/g2o/types/../core/base_binary_edge.h: In instantiation of ‘class g2o::BaseBinaryEdge<7, g2o::Sim3, g2o::VertexSim3Expmap, g2o::VertexSim3Expmap>’:
[36.254s] /home/j/colcon_ws/ORB_SLAM3/Thirdparty/g2o/g2o/types/types_seven_dof_expmap.h:99:27:   required from here
[36.254s] /home/j/colcon_ws/ORB_SLAM3/Thirdparty/g2o/g2o/types/../core/base_binary_edge.h:59:80: warning: ‘Eigen::AlignedBit’ is deprecated [-Wdeprecated-declarations]
[36.254s]    59 |       typedef Eigen::Map<Matrix<double, Di, Dj>, Matrix<double, Di, Dj>::Flags & AlignedBit ? Aligned : Unaligned > HessianBlockType;
[36.254s]       |                                                                          ~~~~~~^~~~~~~~~~~~
[36.254s] In file included from /usr/include/eigen3/Eigen/Core:161,
[36.255s]                  from /usr/include/eigen3/Eigen/LU:11,
[36.255s]                  from /home/j/colcon_ws/ORB_SLAM3/Thirdparty/Sophus/sophus/so2.hpp:12,
[36.255s]                  from /home/j/colcon_ws/ORB_SLAM3/Thirdparty/Sophus/sophus/se2.hpp:7,
[36.255s]                  from /home/j/colcon_ws/ORB_SLAM3/Thirdparty/Sophus/sophus/geometry.hpp:7,
[36.255s]                  from /home/j/colcon_ws/ORB_SLAM3/include/Frame.h:28,
[36.255s]                  from /home/j/colcon_ws/ORB_SLAM3/include/KeyFrame.h:28,
[36.255s]                  from /home/j/colcon_ws/ORB_SLAM3/include/MapPoint.h:23,
[36.255s]                  from /home/j/colcon_ws/ORB_SLAM3/include/FrameDrawer.h:24,
[36.255s]                  from /home/j/colcon_ws/ORB_SLAM3/include/Viewer.h:23,
[36.255s]                  from /home/j/colcon_ws/ORB_SLAM3/include/Tracking.h:26,
[36.255s]                  from /home/j/colcon_ws/ORB_SLAM3/include/System.h:31,
[36.255s]                  from /home/j/colcon_ws/src/orbslam3_ros2/src/rgbd/rgbd-slam-node.hpp:18,
[36.256s]                  from /home/j/colcon_ws/src/orbslam3_ros2/src/rgbd/rgbd-slam-node.cpp:1:
[36.256s] /usr/include/eigen3/Eigen/src/Core/util/Constants.h:167:37: note: declared here
[36.256s]   167 | EIGEN_DEPRECATED const unsigned int AlignedBit = 0x80;
[36.256s]       |                                     ^~~~~~~~~~
[36.256s] In file included from /home/j/colcon_ws/ORB_SLAM3/Thirdparty/g2o/g2o/types/types_six_dof_expmap.h:38,
[36.256s]                  from /home/j/colcon_ws/ORB_SLAM3/include/Converter.h:26,
[36.256s]                  from /home/j/colcon_ws/ORB_SLAM3/include/Frame.h:33,
[36.256s]                  from /home/j/colcon_ws/ORB_SLAM3/include/KeyFrame.h:28,
[36.256s]                  from /home/j/colcon_ws/ORB_SLAM3/include/MapPoint.h:23,
[36.256s]                  from /home/j/colcon_ws/ORB_SLAM3/include/FrameDrawer.h:24,
[36.256s]                  from /home/j/colcon_ws/ORB_SLAM3/include/Viewer.h:23,
[36.257s]                  from /home/j/colcon_ws/ORB_SLAM3/include/Tracking.h:26,
[36.257s]                  from /home/j/colcon_ws/ORB_SLAM3/include/System.h:31,
[36.257s]                  from /home/j/colcon_ws/src/orbslam3_ros2/src/rgbd/rgbd-slam-node.hpp:18,
[36.257s]                  from /home/j/colcon_ws/src/orbslam3_ros2/src/rgbd/rgbd-slam-node.cpp:1:
[36.257s] /home/j/colcon_ws/ORB_SLAM3/Thirdparty/g2o/g2o/types/../core/base_binary_edge.h:60:80: warning: ‘Eigen::AlignedBit’ is deprecated [-Wdeprecated-declarations]
[36.257s]    60 |       typedef Eigen::Map<Matrix<double, Dj, Di>, Matrix<double, Dj, Di>::Flags & AlignedBit ? Aligned : Unaligned > HessianBlockTransposedType;
[36.257s]       |                                                                          ~~~~~~^~~~~~~~~~~~
[36.257s] In file included from /usr/include/eigen3/Eigen/Core:161,
[36.257s]                  from /usr/include/eigen3/Eigen/LU:11,
[36.257s]                  from /home/j/colcon_ws/ORB_SLAM3/Thirdparty/Sophus/sophus/so2.hpp:12,
[36.257s]                  from /home/j/colcon_ws/ORB_SLAM3/Thirdparty/Sophus/sophus/se2.hpp:7,
[36.257s]                  from /home/j/colcon_ws/ORB_SLAM3/Thirdparty/Sophus/sophus/geometry.hpp:7,
[36.258s]                  from /home/j/colcon_ws/ORB_SLAM3/include/Frame.h:28,
[36.258s]                  from /home/j/colcon_ws/ORB_SLAM3/include/KeyFrame.h:28,
[36.258s]                  from /home/j/colcon_ws/ORB_SLAM3/include/MapPoint.h:23,
[36.258s]                  from /home/j/colcon_ws/ORB_SLAM3/include/FrameDrawer.h:24,
[36.258s]                  from /home/j/colcon_ws/ORB_SLAM3/include/Viewer.h:23,
[36.258s]                  from /home/j/colcon_ws/ORB_SLAM3/include/Tracking.h:26,
[36.258s]                  from /home/j/colcon_ws/ORB_SLAM3/include/System.h:31,
[36.258s]                  from /home/j/colcon_ws/src/orbslam3_ros2/src/rgbd/rgbd-slam-node.hpp:18,
[36.258s]                  from /home/j/colcon_ws/src/orbslam3_ros2/src/rgbd/rgbd-slam-node.cpp:1:
[36.258s] /usr/include/eigen3/Eigen/src/Core/util/Constants.h:167:37: note: declared here
[36.258s]   167 | EIGEN_DEPRECATED const unsigned int AlignedBit = 0x80;
[36.258s]       |                                     ^~~~~~~~~~
[36.259s] In file included from /home/j/colcon_ws/ORB_SLAM3/Thirdparty/g2o/g2o/types/types_six_dof_expmap.h:38,
[36.259s]                  from /home/j/colcon_ws/ORB_SLAM3/include/Converter.h:26,
[36.259s]                  from /home/j/colcon_ws/ORB_SLAM3/include/Frame.h:33,
[36.259s]                  from /home/j/colcon_ws/ORB_SLAM3/include/KeyFrame.h:28,
[36.259s]                  from /home/j/colcon_ws/ORB_SLAM3/include/MapPoint.h:23,
[36.259s]                  from /home/j/colcon_ws/ORB_SLAM3/include/FrameDrawer.h:24,
[36.259s]                  from /home/j/colcon_ws/ORB_SLAM3/include/Viewer.h:23,
[36.259s]                  from /home/j/colcon_ws/ORB_SLAM3/include/Tracking.h:26,
[36.259s]                  from /home/j/colcon_ws/ORB_SLAM3/include/System.h:31,
[36.259s]                  from /home/j/colcon_ws/src/orbslam3_ros2/src/monocular/monocular-slam-node.hpp:9,
[36.259s]                  from /home/j/colcon_ws/src/orbslam3_ros2/src/monocular/monocular-slam-node.cpp:1:
[36.259s] /home/j/colcon_ws/ORB_SLAM3/Thirdparty/g2o/g2o/types/../core/base_binary_edge.h:60:80: warning: ‘Eigen::AlignedBit’ is deprecated [-Wdeprecated-declarations]
[36.260s]    60 |       typedef Eigen::Map<Matrix<double, Dj, Di>, Matrix<double, Dj, Di>::Flags & AlignedBit ? Aligned : Unaligned > HessianBlockTransposedType;
[36.260s]       |                                                                          ~~~~~~^~~~~~~~~~~~
[36.260s] In file included from /usr/include/eigen3/Eigen/Core:161,
[36.260s]                  from /usr/include/eigen3/Eigen/LU:11,
[36.260s]                  from /home/j/colcon_ws/ORB_SLAM3/Thirdparty/Sophus/sophus/so2.hpp:12,
[36.260s]                  from /home/j/colcon_ws/ORB_SLAM3/Thirdparty/Sophus/sophus/se2.hpp:7,
[36.260s]                  from /home/j/colcon_ws/ORB_SLAM3/Thirdparty/Sophus/sophus/geometry.hpp:7,
[36.260s]                  from /home/j/colcon_ws/ORB_SLAM3/include/Frame.h:28,
[36.260s]                  from /home/j/colcon_ws/ORB_SLAM3/include/KeyFrame.h:28,
[36.260s]                  from /home/j/colcon_ws/ORB_SLAM3/include/MapPoint.h:23,
[36.260s]                  from /home/j/colcon_ws/ORB_SLAM3/include/FrameDrawer.h:24,
[36.260s]                  from /home/j/colcon_ws/ORB_SLAM3/include/Viewer.h:23,
[36.261s]                  from /home/j/colcon_ws/ORB_SLAM3/include/Tracking.h:26,
[36.261s]                  from /home/j/colcon_ws/ORB_SLAM3/include/System.h:31,
[36.261s]                  from /home/j/colcon_ws/src/orbslam3_ros2/src/monocular/monocular-slam-node.hpp:9,
[36.261s]                  from /home/j/colcon_ws/src/orbslam3_ros2/src/monocular/monocular-slam-node.cpp:1:
[36.261s] /usr/include/eigen3/Eigen/src/Core/util/Constants.h:167:37: note: declared here
[36.261s]   167 | EIGEN_DEPRECATED const unsigned int AlignedBit = 0x80;
[36.261s]       |                                     ^~~~~~~~~~
[36.261s] In file included from /home/j/colcon_ws/ORB_SLAM3/Thirdparty/g2o/g2o/types/types_six_dof_expmap.h:38,
[36.261s]                  from /home/j/colcon_ws/ORB_SLAM3/include/Converter.h:26,
[36.261s]                  from /home/j/colcon_ws/ORB_SLAM3/include/Frame.h:33,
[36.261s]                  from /home/j/colcon_ws/ORB_SLAM3/include/KeyFrame.h:28,
[36.262s]                  from /home/j/colcon_ws/ORB_SLAM3/include/MapPoint.h:23,
[36.262s]                  from /home/j/colcon_ws/ORB_SLAM3/include/FrameDrawer.h:24,
[36.262s]                  from /home/j/colcon_ws/ORB_SLAM3/include/Viewer.h:23,
[36.262s]                  from /home/j/colcon_ws/ORB_SLAM3/include/Tracking.h:26,
[36.262s]                  from /home/j/colcon_ws/ORB_SLAM3/include/System.h:31,
[36.262s]                  from /home/j/colcon_ws/src/orbslam3_ros2/src/stereo-inertial/stereo-inertial-node.hpp:10,
[36.262s]                  from /home/j/colcon_ws/src/orbslam3_ros2/src/stereo-inertial/stereo-inertial.cpp:7:
[36.262s] /home/j/colcon_ws/ORB_SLAM3/Thirdparty/g2o/g2o/types/../core/base_binary_edge.h:60:80: warning: ‘Eigen::AlignedBit’ is deprecated [-Wdeprecated-declarations]
[36.262s]    60 |       typedef Eigen::Map<Matrix<double, Dj, Di>, Matrix<double, Dj, Di>::Flags & AlignedBit ? Aligned : Unaligned > HessianBlockTransposedType;
[36.262s]       |                                                                          ~~~~~~^~~~~~~~~~~~
[36.262s] In file included from /usr/include/eigen3/Eigen/Core:161,
[36.262s]                  from /usr/include/eigen3/Eigen/LU:11,
[36.263s]                  from /home/j/colcon_ws/ORB_SLAM3/Thirdparty/Sophus/sophus/so2.hpp:12,
[36.263s]                  from /home/j/colcon_ws/ORB_SLAM3/Thirdparty/Sophus/sophus/se2.hpp:7,
[36.263s]                  from /home/j/colcon_ws/ORB_SLAM3/Thirdparty/Sophus/sophus/geometry.hpp:7,
[36.263s]                  from /home/j/colcon_ws/ORB_SLAM3/include/Frame.h:28,
[36.263s]                  from /home/j/colcon_ws/ORB_SLAM3/include/KeyFrame.h:28,
[36.263s]                  from /home/j/colcon_ws/ORB_SLAM3/include/MapPoint.h:23,
[36.263s]                  from /home/j/colcon_ws/ORB_SLAM3/include/FrameDrawer.h:24,
[36.263s]                  from /home/j/colcon_ws/ORB_SLAM3/include/Viewer.h:23,
[36.263s]                  from /home/j/colcon_ws/ORB_SLAM3/include/Tracking.h:26,
[36.263s]                  from /home/j/colcon_ws/ORB_SLAM3/include/System.h:31,
[36.263s]                  from /home/j/colcon_ws/src/orbslam3_ros2/src/stereo-inertial/stereo-inertial-node.hpp:10,
[36.263s]                  from /home/j/colcon_ws/src/orbslam3_ros2/src/stereo-inertial/stereo-inertial.cpp:7:
[36.264s] /usr/include/eigen3/Eigen/src/Core/util/Constants.h:167:37: note: declared here
[36.264s]   167 | EIGEN_DEPRECATED const unsigned int AlignedBit = 0x80;
[36.264s]       |                                     ^~~~~~~~~~
[36.265s] In file included from /home/j/colcon_ws/ORB_SLAM3/Thirdparty/g2o/g2o/types/types_six_dof_expmap.h:38,
[36.265s]                  from /home/j/colcon_ws/ORB_SLAM3/include/Converter.h:26,
[36.265s]                  from /home/j/colcon_ws/ORB_SLAM3/include/Frame.h:33,
[36.265s]                  from /home/j/colcon_ws/ORB_SLAM3/include/KeyFrame.h:28,
[36.265s]                  from /home/j/colcon_ws/ORB_SLAM3/include/MapPoint.h:23,
[36.265s]                  from /home/j/colcon_ws/ORB_SLAM3/include/FrameDrawer.h:24,
[36.266s]                  from /home/j/colcon_ws/ORB_SLAM3/include/Viewer.h:23,
[36.266s]                  from /home/j/colcon_ws/ORB_SLAM3/include/Tracking.h:26,
[36.266s]                  from /home/j/colcon_ws/ORB_SLAM3/include/System.h:31,
[36.266s]                  from /home/j/colcon_ws/src/orbslam3_ros2/src/stereo/stereo-slam-node.hpp:13,
[36.266s]                  from /home/j/colcon_ws/src/orbslam3_ros2/src/stereo/stereo-slam-node.cpp:1:
[36.266s] /home/j/colcon_ws/ORB_SLAM3/Thirdparty/g2o/g2o/types/../core/base_binary_edge.h: In instantiation of ‘class g2o::BaseBinaryEdge<3, Eigen::Matrix<double, 3, 1>, g2o::VertexSBAPointXYZ, g2o::VertexSE3Expmap>’:
[36.266s] /home/j/colcon_ws/ORB_SLAM3/Thirdparty/g2o/g2o/types/types_six_dof_expmap.h:146:41:   required from here
[36.266s] /home/j/colcon_ws/ORB_SLAM3/Thirdparty/g2o/g2o/types/../core/base_binary_edge.h:59:80: warning: ‘Eigen::AlignedBit’ is deprecated [-Wdeprecated-declarations]
[36.266s]    59 |       typedef Eigen::Map<Matrix<double, Di, Dj>, Matrix<double, Di, Dj>::Flags & AlignedBit ? Aligned : Unaligned > HessianBlockType;
[36.266s]       |                                                                          ~~~~~~^~~~~~~~~~~~
[36.266s] In file included from /usr/include/eigen3/Eigen/Core:161,
[36.266s]                  from /usr/include/eigen3/Eigen/LU:11,
[36.267s]                  from /home/j/colcon_ws/ORB_SLAM3/Thirdparty/Sophus/sophus/so2.hpp:12,
[36.267s]                  from /home/j/colcon_ws/ORB_SLAM3/Thirdparty/Sophus/sophus/se2.hpp:7,
[36.267s]                  from /home/j/colcon_ws/ORB_SLAM3/Thirdparty/Sophus/sophus/geometry.hpp:7,
[36.267s]                  from /home/j/colcon_ws/ORB_SLAM3/include/Frame.h:28,
[36.267s]                  from /home/j/colcon_ws/ORB_SLAM3/include/KeyFrame.h:28,
[36.267s]                  from /home/j/colcon_ws/ORB_SLAM3/include/MapPoint.h:23,
[36.267s]                  from /home/j/colcon_ws/ORB_SLAM3/include/FrameDrawer.h:24,
[36.267s]                  from /home/j/colcon_ws/ORB_SLAM3/include/Viewer.h:23,
[36.267s]                  from /home/j/colcon_ws/ORB_SLAM3/include/Tracking.h:26,
[36.267s]                  from /home/j/colcon_ws/ORB_SLAM3/include/System.h:31,
[36.267s]                  from /home/j/colcon_ws/src/orbslam3_ros2/src/stereo/stereo-slam-node.hpp:13,
[36.268s]                  from /home/j/colcon_ws/src/orbslam3_ros2/src/stereo/stereo-slam-node.cpp:1:
[36.268s] /usr/include/eigen3/Eigen/src/Core/util/Constants.h:167:37: note: declared here
[36.268s]   167 | EIGEN_DEPRECATED const unsigned int AlignedBit = 0x80;
[36.268s]       |                                     ^~~~~~~~~~
[36.268s] In file included from /home/j/colcon_ws/ORB_SLAM3/Thirdparty/g2o/g2o/types/types_six_dof_expmap.h:38,
[36.268s]                  from /home/j/colcon_ws/ORB_SLAM3/include/Converter.h:26,
[36.268s]                  from /home/j/colcon_ws/ORB_SLAM3/include/Frame.h:33,
[36.268s]                  from /home/j/colcon_ws/ORB_SLAM3/include/KeyFrame.h:28,
[36.268s]                  from /home/j/colcon_ws/ORB_SLAM3/include/MapPoint.h:23,
[36.268s]                  from /home/j/colcon_ws/ORB_SLAM3/include/FrameDrawer.h:24,
[36.268s]                  from /home/j/colcon_ws/ORB_SLAM3/include/Viewer.h:23,
[36.268s]                  from /home/j/colcon_ws/ORB_SLAM3/include/Tracking.h:26,
[36.269s]                  from /home/j/colcon_ws/ORB_SLAM3/include/System.h:31,
[36.269s]                  from /home/j/colcon_ws/src/orbslam3_ros2/src/stereo/stereo-slam-node.hpp:13,
[36.269s]                  from /home/j/colcon_ws/src/orbslam3_ros2/src/stereo/stereo-slam-node.cpp:1:
[36.269s] /home/j/colcon_ws/ORB_SLAM3/Thirdparty/g2o/g2o/types/../core/base_binary_edge.h:60:80: warning: ‘Eigen::AlignedBit’ is deprecated [-Wdeprecated-declarations]
[36.269s]    60 |       typedef Eigen::Map<Matrix<double, Dj, Di>, Matrix<double, Dj, Di>::Flags & AlignedBit ? Aligned : Unaligned > HessianBlockTransposedType;
[36.269s]       |                                                                          ~~~~~~^~~~~~~~~~~~
[36.269s] In file included from /usr/include/eigen3/Eigen/Core:161,
[36.269s]                  from /usr/include/eigen3/Eigen/LU:11,
[36.269s]                  from /home/j/colcon_ws/ORB_SLAM3/Thirdparty/Sophus/sophus/so2.hpp:12,
[36.269s]                  from /home/j/colcon_ws/ORB_SLAM3/Thirdparty/Sophus/sophus/se2.hpp:7,
[36.269s]                  from /home/j/colcon_ws/ORB_SLAM3/Thirdparty/Sophus/sophus/geometry.hpp:7,
[36.269s]                  from /home/j/colcon_ws/ORB_SLAM3/include/Frame.h:28,
[36.270s]                  from /home/j/colcon_ws/ORB_SLAM3/include/KeyFrame.h:28,
[36.270s]                  from /home/j/colcon_ws/ORB_SLAM3/include/MapPoint.h:23,
[36.270s]                  from /home/j/colcon_ws/ORB_SLAM3/include/FrameDrawer.h:24,
[36.270s]                  from /home/j/colcon_ws/ORB_SLAM3/include/Viewer.h:23,
[36.270s]                  from /home/j/colcon_ws/ORB_SLAM3/include/Tracking.h:26,
[36.270s]                  from /home/j/colcon_ws/ORB_SLAM3/include/System.h:31,
[36.270s]                  from /home/j/colcon_ws/src/orbslam3_ros2/src/stereo/stereo-slam-node.hpp:13,
[36.270s]                  from /home/j/colcon_ws/src/orbslam3_ros2/src/stereo/stereo-slam-node.cpp:1:
[36.270s] /usr/include/eigen3/Eigen/src/Core/util/Constants.h:167:37: note: declared here
[36.270s]   167 | EIGEN_DEPRECATED const unsigned int AlignedBit = 0x80;
[36.270s]       |                                     ^~~~~~~~~~
[36.301s] In file included from /home/j/colcon_ws/ORB_SLAM3/Thirdparty/g2o/g2o/types/types_six_dof_expmap.h:38,
[36.301s]                  from /home/j/colcon_ws/ORB_SLAM3/include/Converter.h:26,
[36.301s]                  from /home/j/colcon_ws/ORB_SLAM3/include/Frame.h:33,
[36.301s]                  from /home/j/colcon_ws/ORB_SLAM3/include/KeyFrame.h:28,
[36.301s]                  from /home/j/colcon_ws/ORB_SLAM3/include/MapPoint.h:23,
[36.301s]                  from /home/j/colcon_ws/ORB_SLAM3/include/FrameDrawer.h:24,
[36.302s]                  from /home/j/colcon_ws/ORB_SLAM3/include/Viewer.h:23,
[36.302s]                  from /home/j/colcon_ws/ORB_SLAM3/include/Tracking.h:26,
[36.302s]                  from /home/j/colcon_ws/ORB_SLAM3/include/System.h:31,
[36.302s]                  from /home/j/colcon_ws/src/orbslam3_ros2/src/rgbd/rgbd-slam-node.hpp:18,
[36.302s]                  from /home/j/colcon_ws/src/orbslam3_ros2/src/rgbd/rgbd-slam-node.cpp:1:
[36.302s] /home/j/colcon_ws/ORB_SLAM3/Thirdparty/g2o/g2o/types/../core/base_binary_edge.h: In instantiation of ‘class g2o::BaseBinaryEdge<2, Eigen::Matrix<double, 2, 1>, g2o::VertexSBAPointXYZ, g2o::VertexSim3Expmap>’:
[36.302s] /home/j/colcon_ws/ORB_SLAM3/Thirdparty/g2o/g2o/types/types_seven_dof_expmap.h:130:36:   required from here
[36.302s] /home/j/colcon_ws/ORB_SLAM3/Thirdparty/g2o/g2o/types/../core/base_binary_edge.h:59:80: warning: ‘Eigen::AlignedBit’ is deprecated [-Wdeprecated-declarations]
[36.302s]    59 |       typedef Eigen::Map<Matrix<double, Di, Dj>, Matrix<double, Di, Dj>::Flags & AlignedBit ? Aligned : Unaligned > HessianBlockType;
[36.302s]       |                                                                          ~~~~~~^~~~~~~~~~~~
[36.302s] In file included from /usr/include/eigen3/Eigen/Core:161,
[36.303s]                  from /usr/include/eigen3/Eigen/LU:11,
[36.303s]                  from /home/j/colcon_ws/ORB_SLAM3/Thirdparty/Sophus/sophus/so2.hpp:12,
[36.303s]                  from /home/j/colcon_ws/ORB_SLAM3/Thirdparty/Sophus/sophus/se2.hpp:7,
[36.303s]                  from /home/j/colcon_ws/ORB_SLAM3/Thirdparty/Sophus/sophus/geometry.hpp:7,
[36.303s]                  from /home/j/colcon_ws/ORB_SLAM3/include/Frame.h:28,
[36.303s]                  from /home/j/colcon_ws/ORB_SLAM3/include/KeyFrame.h:28,
[36.303s]                  from /home/j/colcon_ws/ORB_SLAM3/include/MapPoint.h:23,
[36.303s]                  from /home/j/colcon_ws/ORB_SLAM3/include/FrameDrawer.h:24,
[36.303s]                  from /home/j/colcon_ws/ORB_SLAM3/include/Viewer.h:23,
[36.303s]                  from /home/j/colcon_ws/ORB_SLAM3/include/Tracking.h:26,
[36.303s]                  from /home/j/colcon_ws/ORB_SLAM3/include/System.h:31,
[36.304s]                  from /home/j/colcon_ws/src/orbslam3_ros2/src/rgbd/rgbd-slam-node.hpp:18,
[36.304s]                  from /home/j/colcon_ws/src/orbslam3_ros2/src/rgbd/rgbd-slam-node.cpp:1:
[36.304s] /usr/include/eigen3/Eigen/src/Core/util/Constants.h:167:37: note: declared here
[36.304s]   167 | EIGEN_DEPRECATED const unsigned int AlignedBit = 0x80;
[36.304s]       |                                     ^~~~~~~~~~
[36.317s] In file included from /home/j/colcon_ws/ORB_SLAM3/Thirdparty/g2o/g2o/types/types_six_dof_expmap.h:38,
[36.317s]                  from /home/j/colcon_ws/ORB_SLAM3/include/Converter.h:26,
[36.317s]                  from /home/j/colcon_ws/ORB_SLAM3/include/Frame.h:33,
[36.317s]                  from /home/j/colcon_ws/ORB_SLAM3/include/KeyFrame.h:28,
[36.317s]                  from /home/j/colcon_ws/ORB_SLAM3/include/MapPoint.h:23,
[36.318s]                  from /home/j/colcon_ws/ORB_SLAM3/include/FrameDrawer.h:24,
[36.318s]                  from /home/j/colcon_ws/ORB_SLAM3/include/Viewer.h:23,
[36.318s]                  from /home/j/colcon_ws/ORB_SLAM3/include/Tracking.h:26,
[36.318s]                  from /home/j/colcon_ws/ORB_SLAM3/include/System.h:31,
[36.318s]                  from /home/j/colcon_ws/src/orbslam3_ros2/src/rgbd/rgbd-slam-node.hpp:18,
[36.318s]                  from /home/j/colcon_ws/src/orbslam3_ros2/src/rgbd/rgbd-slam-node.cpp:1:
[36.318s] /home/j/colcon_ws/ORB_SLAM3/Thirdparty/g2o/g2o/types/../core/base_binary_edge.h:60:80: warning: ‘Eigen::AlignedBit’ is deprecated [-Wdeprecated-declarations]
[36.318s]    60 |       typedef Eigen::Map<Matrix<double, Dj, Di>, Matrix<double, Dj, Di>::Flags & AlignedBit ? Aligned : Unaligned > HessianBlockTransposedType;
[36.318s]       |                                                                          ~~~~~~^~~~~~~~~~~~
[36.318s] In file included from /usr/include/eigen3/Eigen/Core:161,
[36.318s]                  from /usr/include/eigen3/Eigen/LU:11,
[36.319s]                  from /home/j/colcon_ws/ORB_SLAM3/Thirdparty/Sophus/sophus/so2.hpp:12,
[36.319s]                  from /home/j/colcon_ws/ORB_SLAM3/Thirdparty/Sophus/sophus/se2.hpp:7,
[36.319s]                  from /home/j/colcon_ws/ORB_SLAM3/Thirdparty/Sophus/sophus/geometry.hpp:7,
[36.319s]                  from /home/j/colcon_ws/ORB_SLAM3/include/Frame.h:28,
[36.319s]                  from /home/j/colcon_ws/ORB_SLAM3/include/KeyFrame.h:28,
[36.319s]                  from /home/j/colcon_ws/ORB_SLAM3/include/MapPoint.h:23,
[36.319s]                  from /home/j/colcon_ws/ORB_SLAM3/include/FrameDrawer.h:24,
[36.319s]                  from /home/j/colcon_ws/ORB_SLAM3/include/Viewer.h:23,
[36.319s]                  from /home/j/colcon_ws/ORB_SLAM3/include/Tracking.h:26,
[36.319s]                  from /home/j/colcon_ws/ORB_SLAM3/include/System.h:31,
[36.319s]                  from /home/j/colcon_ws/src/orbslam3_ros2/src/rgbd/rgbd-slam-node.hpp:18,
[36.319s]                  from /home/j/colcon_ws/src/orbslam3_ros2/src/rgbd/rgbd-slam-node.cpp:1:
[36.320s] /usr/include/eigen3/Eigen/src/Core/util/Constants.h:167:37: note: declared here
[36.320s]   167 | EIGEN_DEPRECATED const unsigned int AlignedBit = 0x80;
[36.320s]       |                                     ^~~~~~~~~~
[36.328s] In file included from /home/j/colcon_ws/ORB_SLAM3/Thirdparty/g2o/g2o/types/types_six_dof_expmap.h:37,
[36.328s]                  from /home/j/colcon_ws/ORB_SLAM3/include/Converter.h:26,
[36.328s]                  from /home/j/colcon_ws/ORB_SLAM3/include/Frame.h:33,
[36.328s]                  from /home/j/colcon_ws/ORB_SLAM3/include/KeyFrame.h:28,
[36.328s]                  from /home/j/colcon_ws/ORB_SLAM3/include/MapPoint.h:23,
[36.328s]                  from /home/j/colcon_ws/ORB_SLAM3/include/FrameDrawer.h:24,
[36.328s]                  from /home/j/colcon_ws/ORB_SLAM3/include/Viewer.h:23,
[36.328s]                  from /home/j/colcon_ws/ORB_SLAM3/include/Tracking.h:26,
[36.328s]                  from /home/j/colcon_ws/ORB_SLAM3/include/System.h:31,
[36.329s]                  from /home/j/colcon_ws/src/orbslam3_ros2/src/stereo/stereo-slam-node.hpp:13,
[36.329s]                  from /home/j/colcon_ws/src/orbslam3_ros2/src/stereo/stereo.cpp:7:
[36.329s] /home/j/colcon_ws/ORB_SLAM3/Thirdparty/g2o/g2o/types/../core/base_vertex.h: In instantiation of ‘class g2o::BaseVertex<7, g2o::Sim3>’:
[36.329s] /home/j/colcon_ws/ORB_SLAM3/Thirdparty/g2o/g2o/types/types_seven_dof_expmap.h:48:35:   required from here
[36.329s] /home/j/colcon_ws/ORB_SLAM3/Thirdparty/g2o/g2o/types/../core/base_vertex.h:62:72: warning: ‘Eigen::AlignedBit’ is deprecated [-Wdeprecated-declarations]
[36.329s]    62 |     typedef Eigen::Map<Matrix<double, D, D>, Matrix<double,D,D>::Flags & AlignedBit ? Aligned : Unaligned >  HessianBlockType;
[36.329s]       |                                                                  ~~~~~~^~~~~~~~~~~~
[36.329s] In file included from /usr/include/eigen3/Eigen/Core:161,
[36.329s]                  from /usr/include/eigen3/Eigen/LU:11,
[36.329s]                  from /home/j/colcon_ws/ORB_SLAM3/Thirdparty/Sophus/sophus/so2.hpp:12,
[36.329s]                  from /home/j/colcon_ws/ORB_SLAM3/Thirdparty/Sophus/sophus/se2.hpp:7,
[36.329s]                  from /home/j/colcon_ws/ORB_SLAM3/Thirdparty/Sophus/sophus/geometry.hpp:7,
[36.330s]                  from /home/j/colcon_ws/ORB_SLAM3/include/Frame.h:28,
[36.330s]                  from /home/j/colcon_ws/ORB_SLAM3/include/KeyFrame.h:28,
[36.330s]                  from /home/j/colcon_ws/ORB_SLAM3/include/MapPoint.h:23,
[36.330s]                  from /home/j/colcon_ws/ORB_SLAM3/include/FrameDrawer.h:24,
[36.330s]                  from /home/j/colcon_ws/ORB_SLAM3/include/Viewer.h:23,
[36.330s]                  from /home/j/colcon_ws/ORB_SLAM3/include/Tracking.h:26,
[36.330s]                  from /home/j/colcon_ws/ORB_SLAM3/include/System.h:31,
[36.330s]                  from /home/j/colcon_ws/src/orbslam3_ros2/src/stereo/stereo-slam-node.hpp:13,
[36.330s]                  from /home/j/colcon_ws/src/orbslam3_ros2/src/stereo/stereo.cpp:7:
[36.330s] /usr/include/eigen3/Eigen/src/Core/util/Constants.h:167:37: note: declared here
[36.330s]   167 | EIGEN_DEPRECATED const unsigned int AlignedBit = 0x80;
[36.331s]       |                                     ^~~~~~~~~~
[36.332s] In file included from /home/j/colcon_ws/ORB_SLAM3/Thirdparty/g2o/g2o/types/types_six_dof_expmap.h:37,
[36.332s]                  from /home/j/colcon_ws/ORB_SLAM3/include/Converter.h:26,
[36.332s]                  from /home/j/colcon_ws/ORB_SLAM3/include/Frame.h:33,
[36.332s]                  from /home/j/colcon_ws/ORB_SLAM3/include/KeyFrame.h:28,
[36.332s]                  from /home/j/colcon_ws/ORB_SLAM3/include/MapPoint.h:23,
[36.332s]                  from /home/j/colcon_ws/ORB_SLAM3/include/FrameDrawer.h:24,
[36.332s]                  from /home/j/colcon_ws/ORB_SLAM3/include/Viewer.h:23,
[36.333s]                  from /home/j/colcon_ws/ORB_SLAM3/include/Tracking.h:26,
[36.333s]                  from /home/j/colcon_ws/ORB_SLAM3/include/System.h:31,
[36.333s]                  from /home/j/colcon_ws/src/orbslam3_ros2/src/rgbd/rgbd-slam-node.hpp:18,
[36.333s]                  from /home/j/colcon_ws/src/orbslam3_ros2/src/rgbd/rgbd.cpp:7:
[36.333s] /home/j/colcon_ws/ORB_SLAM3/Thirdparty/g2o/g2o/types/../core/base_vertex.h: In instantiation of ‘class g2o::BaseVertex<7, g2o::Sim3>’:
[36.333s] /home/j/colcon_ws/ORB_SLAM3/Thirdparty/g2o/g2o/types/types_seven_dof_expmap.h:48:35:   required from here
[36.333s] /home/j/colcon_ws/ORB_SLAM3/Thirdparty/g2o/g2o/types/../core/base_vertex.h:62:72: warning: ‘Eigen::AlignedBit’ is deprecated [-Wdeprecated-declarations]
[36.333s]    62 |     typedef Eigen::Map<Matrix<double, D, D>, Matrix<double,D,D>::Flags & AlignedBit ? Aligned : Unaligned >  HessianBlockType;
[36.333s]       |                                                                  ~~~~~~^~~~~~~~~~~~
[36.333s] In file included from /usr/include/eigen3/Eigen/Core:161,
[36.333s]                  from /usr/include/eigen3/Eigen/LU:11,
[36.333s]                  from /home/j/colcon_ws/ORB_SLAM3/Thirdparty/Sophus/sophus/so2.hpp:12,
[36.334s]                  from /home/j/colcon_ws/ORB_SLAM3/Thirdparty/Sophus/sophus/se2.hpp:7,
[36.334s]                  from /home/j/colcon_ws/ORB_SLAM3/Thirdparty/Sophus/sophus/geometry.hpp:7,
[36.334s]                  from /home/j/colcon_ws/ORB_SLAM3/include/Frame.h:28,
[36.334s]                  from /home/j/colcon_ws/ORB_SLAM3/include/KeyFrame.h:28,
[36.334s]                  from /home/j/colcon_ws/ORB_SLAM3/include/MapPoint.h:23,
[36.334s]                  from /home/j/colcon_ws/ORB_SLAM3/include/FrameDrawer.h:24,
[36.334s]                  from /home/j/colcon_ws/ORB_SLAM3/include/Viewer.h:23,
[36.334s]                  from /home/j/colcon_ws/ORB_SLAM3/include/Tracking.h:26,
[36.334s]                  from /home/j/colcon_ws/ORB_SLAM3/include/System.h:31,
[36.334s]                  from /home/j/colcon_ws/src/orbslam3_ros2/src/rgbd/rgbd-slam-node.hpp:18,
[36.334s]                  from /home/j/colcon_ws/src/orbslam3_ros2/src/rgbd/rgbd.cpp:7:
[36.335s] /usr/include/eigen3/Eigen/src/Core/util/Constants.h:167:37: note: declared here
[36.335s]   167 | EIGEN_DEPRECATED const unsigned int AlignedBit = 0x80;
[36.335s]       |                                     ^~~~~~~~~~
[36.363s] In file included from /home/j/colcon_ws/ORB_SLAM3/Thirdparty/g2o/g2o/types/types_six_dof_expmap.h:38,
[36.363s]                  from /home/j/colcon_ws/ORB_SLAM3/include/Converter.h:26,
[36.363s]                  from /home/j/colcon_ws/ORB_SLAM3/include/Frame.h:33,
[36.363s]                  from /home/j/colcon_ws/ORB_SLAM3/include/KeyFrame.h:28,
[36.363s]                  from /home/j/colcon_ws/ORB_SLAM3/include/MapPoint.h:23,
[36.363s]                  from /home/j/colcon_ws/ORB_SLAM3/include/FrameDrawer.h:24,
[36.364s]                  from /home/j/colcon_ws/ORB_SLAM3/include/Viewer.h:23,
[36.364s]                  from /home/j/colcon_ws/ORB_SLAM3/include/Tracking.h:26,
[36.364s]                  from /home/j/colcon_ws/ORB_SLAM3/include/System.h:31,
[36.364s]                  from /home/j/colcon_ws/src/orbslam3_ros2/src/stereo/stereo-slam-node.hpp:13,
[36.364s]                  from /home/j/colcon_ws/src/orbslam3_ros2/src/stereo/stereo.cpp:7:
[36.364s] /home/j/colcon_ws/ORB_SLAM3/Thirdparty/g2o/g2o/types/../core/base_binary_edge.h: In instantiation of ‘class g2o::BaseBinaryEdge<7, g2o::Sim3, g2o::VertexSim3Expmap, g2o::VertexSim3Expmap>’:
[36.364s] /home/j/colcon_ws/ORB_SLAM3/Thirdparty/g2o/g2o/types/types_seven_dof_expmap.h:99:27:   required from here
[36.364s] /home/j/colcon_ws/ORB_SLAM3/Thirdparty/g2o/g2o/types/../core/base_binary_edge.h:59:80: warning: ‘Eigen::AlignedBit’ is deprecated [-Wdeprecated-declarations]
[36.364s]    59 |       typedef Eigen::Map<Matrix<double, Di, Dj>, Matrix<double, Di, Dj>::Flags & AlignedBit ? Aligned : Unaligned > HessianBlockType;
[36.364s]       |                                                                          ~~~~~~^~~~~~~~~~~~
[36.364s] In file included from /usr/include/eigen3/Eigen/Core:161,
[36.364s]                  from /usr/include/eigen3/Eigen/LU:11,
[36.365s]                  from /home/j/colcon_ws/ORB_SLAM3/Thirdparty/Sophus/sophus/so2.hpp:12,
[36.365s]                  from /home/j/colcon_ws/ORB_SLAM3/Thirdparty/Sophus/sophus/se2.hpp:7,
[36.365s]                  from /home/j/colcon_ws/ORB_SLAM3/Thirdparty/Sophus/sophus/geometry.hpp:7,
[36.365s]                  from /home/j/colcon_ws/ORB_SLAM3/include/Frame.h:28,
[36.365s]                  from /home/j/colcon_ws/ORB_SLAM3/include/KeyFrame.h:28,
[36.365s]                  from /home/j/colcon_ws/ORB_SLAM3/include/MapPoint.h:23,
[36.365s]                  from /home/j/colcon_ws/ORB_SLAM3/include/FrameDrawer.h:24,
[36.365s]                  from /home/j/colcon_ws/ORB_SLAM3/include/Viewer.h:23,
[36.365s]                  from /home/j/colcon_ws/ORB_SLAM3/include/Tracking.h:26,
[36.365s]                  from /home/j/colcon_ws/ORB_SLAM3/include/System.h:31,
[36.365s]                  from /home/j/colcon_ws/src/orbslam3_ros2/src/stereo/stereo-slam-node.hpp:13,
[36.366s]                  from /home/j/colcon_ws/src/orbslam3_ros2/src/stereo/stereo.cpp:7:
[36.366s] /usr/include/eigen3/Eigen/src/Core/util/Constants.h:167:37: note: declared here
[36.366s]   167 | EIGEN_DEPRECATED const unsigned int AlignedBit = 0x80;
[36.366s]       |                                     ^~~~~~~~~~
[36.366s] In file included from /home/j/colcon_ws/ORB_SLAM3/Thirdparty/g2o/g2o/types/types_six_dof_expmap.h:38,
[36.366s]                  from /home/j/colcon_ws/ORB_SLAM3/include/Converter.h:26,
[36.366s]                  from /home/j/colcon_ws/ORB_SLAM3/include/Frame.h:33,
[36.366s]                  from /home/j/colcon_ws/ORB_SLAM3/include/KeyFrame.h:28,
[36.366s]                  from /home/j/colcon_ws/ORB_SLAM3/include/MapPoint.h:23,
[36.366s]                  from /home/j/colcon_ws/ORB_SLAM3/include/FrameDrawer.h:24,
[36.366s]                  from /home/j/colcon_ws/ORB_SLAM3/include/Viewer.h:23,
[36.366s]                  from /home/j/colcon_ws/ORB_SLAM3/include/Tracking.h:26,
[36.367s]                  from /home/j/colcon_ws/ORB_SLAM3/include/System.h:31,
[36.367s]                  from /home/j/colcon_ws/src/orbslam3_ros2/src/stereo/stereo-slam-node.hpp:13,
[36.367s]                  from /home/j/colcon_ws/src/orbslam3_ros2/src/stereo/stereo.cpp:7:
[36.367s] /home/j/colcon_ws/ORB_SLAM3/Thirdparty/g2o/g2o/types/../core/base_binary_edge.h:60:80: warning: ‘Eigen::AlignedBit’ is deprecated [-Wdeprecated-declarations]
[36.367s]    60 |       typedef Eigen::Map<Matrix<double, Dj, Di>, Matrix<double, Dj, Di>::Flags & AlignedBit ? Aligned : Unaligned > HessianBlockTransposedType;
[36.367s]       |                                                                          ~~~~~~^~~~~~~~~~~~
[36.367s] In file included from /usr/include/eigen3/Eigen/Core:161,
[36.367s]                  from /usr/include/eigen3/Eigen/LU:11,
[36.367s]                  from /home/j/colcon_ws/ORB_SLAM3/Thirdparty/Sophus/sophus/so2.hpp:12,
[36.367s]                  from /home/j/colcon_ws/ORB_SLAM3/Thirdparty/Sophus/sophus/se2.hpp:7,
[36.367s]                  from /home/j/colcon_ws/ORB_SLAM3/Thirdparty/Sophus/sophus/geometry.hpp:7,
[36.367s]                  from /home/j/colcon_ws/ORB_SLAM3/include/Frame.h:28,
[36.368s]                  from /home/j/colcon_ws/ORB_SLAM3/include/KeyFrame.h:28,
[36.368s]                  from /home/j/colcon_ws/ORB_SLAM3/include/MapPoint.h:23,
[36.368s]                  from /home/j/colcon_ws/ORB_SLAM3/include/FrameDrawer.h:24,
[36.368s]                  from /home/j/colcon_ws/ORB_SLAM3/include/Viewer.h:23,
[36.368s]                  from /home/j/colcon_ws/ORB_SLAM3/include/Tracking.h:26,
[36.368s]                  from /home/j/colcon_ws/ORB_SLAM3/include/System.h:31,
[36.368s]                  from /home/j/colcon_ws/src/orbslam3_ros2/src/stereo/stereo-slam-node.hpp:13,
[36.368s]                  from /home/j/colcon_ws/src/orbslam3_ros2/src/stereo/stereo.cpp:7:
[36.368s] /usr/include/eigen3/Eigen/src/Core/util/Constants.h:167:37: note: declared here
[36.369s]   167 | EIGEN_DEPRECATED const unsigned int AlignedBit = 0x80;
[36.369s]       |                                     ^~~~~~~~~~
[36.369s] In file included from /home/j/colcon_ws/ORB_SLAM3/Thirdparty/g2o/g2o/types/types_six_dof_expmap.h:38,
[36.369s]                  from /home/j/colcon_ws/ORB_SLAM3/include/Converter.h:26,
[36.369s]                  from /home/j/colcon_ws/ORB_SLAM3/include/Frame.h:33,
[36.369s]                  from /home/j/colcon_ws/ORB_SLAM3/include/KeyFrame.h:28,
[36.369s]                  from /home/j/colcon_ws/ORB_SLAM3/include/MapPoint.h:23,
[36.370s]                  from /home/j/colcon_ws/ORB_SLAM3/include/FrameDrawer.h:24,
[36.370s]                  from /home/j/colcon_ws/ORB_SLAM3/include/Viewer.h:23,
[36.370s]                  from /home/j/colcon_ws/ORB_SLAM3/include/Tracking.h:26,
[36.370s]                  from /home/j/colcon_ws/ORB_SLAM3/include/System.h:31,
[36.370s]                  from /home/j/colcon_ws/src/orbslam3_ros2/src/rgbd/rgbd-slam-node.hpp:18,
[36.370s]                  from /home/j/colcon_ws/src/orbslam3_ros2/src/rgbd/rgbd.cpp:7:
[36.370s] /home/j/colcon_ws/ORB_SLAM3/Thirdparty/g2o/g2o/types/../core/base_binary_edge.h: In instantiation of ‘class g2o::BaseBinaryEdge<7, g2o::Sim3, g2o::VertexSim3Expmap, g2o::VertexSim3Expmap>’:
[36.370s] /home/j/colcon_ws/ORB_SLAM3/Thirdparty/g2o/g2o/types/types_seven_dof_expmap.h:99:27:   required from here
[36.370s] /home/j/colcon_ws/ORB_SLAM3/Thirdparty/g2o/g2o/types/../core/base_binary_edge.h:59:80: warning: ‘Eigen::AlignedBit’ is deprecated [-Wdeprecated-declarations]
[36.370s]    59 |       typedef Eigen::Map<Matrix<double, Di, Dj>, Matrix<double, Di, Dj>::Flags & AlignedBit ? Aligned : Unaligned > HessianBlockType;
[36.370s]       |                                                                          ~~~~~~^~~~~~~~~~~~
[36.371s] In file included from /usr/include/eigen3/Eigen/Core:161,
[36.371s]                  from /usr/include/eigen3/Eigen/LU:11,
[36.371s]                  from /home/j/colcon_ws/ORB_SLAM3/Thirdparty/Sophus/sophus/so2.hpp:12,
[36.371s]                  from /home/j/colcon_ws/ORB_SLAM3/Thirdparty/Sophus/sophus/se2.hpp:7,
[36.371s]                  from /home/j/colcon_ws/ORB_SLAM3/Thirdparty/Sophus/sophus/geometry.hpp:7,
[36.371s]                  from /home/j/colcon_ws/ORB_SLAM3/include/Frame.h:28,
[36.371s]                  from /home/j/colcon_ws/ORB_SLAM3/include/KeyFrame.h:28,
[36.371s]                  from /home/j/colcon_ws/ORB_SLAM3/include/MapPoint.h:23,
[36.371s]                  from /home/j/colcon_ws/ORB_SLAM3/include/FrameDrawer.h:24,
[36.371s]                  from /home/j/colcon_ws/ORB_SLAM3/include/Viewer.h:23,
[36.371s]                  from /home/j/colcon_ws/ORB_SLAM3/include/Tracking.h:26,
[36.372s]                  from /home/j/colcon_ws/ORB_SLAM3/include/System.h:31,
[36.372s]                  from /home/j/colcon_ws/src/orbslam3_ros2/src/rgbd/rgbd-slam-node.hpp:18,
[36.372s]                  from /home/j/colcon_ws/src/orbslam3_ros2/src/rgbd/rgbd.cpp:7:
[36.372s] /usr/include/eigen3/Eigen/src/Core/util/Constants.h:167:37: note: declared here
[36.372s]   167 | EIGEN_DEPRECATED const unsigned int AlignedBit = 0x80;
[36.372s]       |                                     ^~~~~~~~~~
[36.372s] In file included from /home/j/colcon_ws/ORB_SLAM3/Thirdparty/g2o/g2o/types/types_six_dof_expmap.h:38,
[36.372s]                  from /home/j/colcon_ws/ORB_SLAM3/include/Converter.h:26,
[36.372s]                  from /home/j/colcon_ws/ORB_SLAM3/include/Frame.h:33,
[36.372s]                  from /home/j/colcon_ws/ORB_SLAM3/include/KeyFrame.h:28,
[36.372s]                  from /home/j/colcon_ws/ORB_SLAM3/include/MapPoint.h:23,
[36.372s]                  from /home/j/colcon_ws/ORB_SLAM3/include/FrameDrawer.h:24,
[36.373s]                  from /home/j/colcon_ws/ORB_SLAM3/include/Viewer.h:23,
[36.373s]                  from /home/j/colcon_ws/ORB_SLAM3/include/Tracking.h:26,
[36.373s]                  from /home/j/colcon_ws/ORB_SLAM3/include/System.h:31,
[36.373s]                  from /home/j/colcon_ws/src/orbslam3_ros2/src/rgbd/rgbd-slam-node.hpp:18,
[36.373s]                  from /home/j/colcon_ws/src/orbslam3_ros2/src/rgbd/rgbd.cpp:7:
[36.373s] /home/j/colcon_ws/ORB_SLAM3/Thirdparty/g2o/g2o/types/../core/base_binary_edge.h:60:80: warning: ‘Eigen::AlignedBit’ is deprecated [-Wdeprecated-declarations]
[36.373s]    60 |       typedef Eigen::Map<Matrix<double, Dj, Di>, Matrix<double, Dj, Di>::Flags & AlignedBit ? Aligned : Unaligned > HessianBlockTransposedType;
[36.373s]       |                                                                          ~~~~~~^~~~~~~~~~~~
[36.373s] In file included from /usr/include/eigen3/Eigen/Core:161,
[36.373s]                  from /usr/include/eigen3/Eigen/LU:11,
[36.373s]                  from /home/j/colcon_ws/ORB_SLAM3/Thirdparty/Sophus/sophus/so2.hpp:12,
[36.373s]                  from /home/j/colcon_ws/ORB_SLAM3/Thirdparty/Sophus/sophus/se2.hpp:7,
[36.374s]                  from /home/j/colcon_ws/ORB_SLAM3/Thirdparty/Sophus/sophus/geometry.hpp:7,
[36.374s]                  from /home/j/colcon_ws/ORB_SLAM3/include/Frame.h:28,
[36.374s]                  from /home/j/colcon_ws/ORB_SLAM3/include/KeyFrame.h:28,
[36.374s]                  from /home/j/colcon_ws/ORB_SLAM3/include/MapPoint.h:23,
[36.374s]                  from /home/j/colcon_ws/ORB_SLAM3/include/FrameDrawer.h:24,
[36.374s]                  from /home/j/colcon_ws/ORB_SLAM3/include/Viewer.h:23,
[36.374s]                  from /home/j/colcon_ws/ORB_SLAM3/include/Tracking.h:26,
[36.374s]                  from /home/j/colcon_ws/ORB_SLAM3/include/System.h:31,
[36.374s]                  from /home/j/colcon_ws/src/orbslam3_ros2/src/rgbd/rgbd-slam-node.hpp:18,
[36.374s]                  from /home/j/colcon_ws/src/orbslam3_ros2/src/rgbd/rgbd.cpp:7:
[36.374s] /usr/include/eigen3/Eigen/src/Core/util/Constants.h:167:37: note: declared here
[36.375s]   167 | EIGEN_DEPRECATED const unsigned int AlignedBit = 0x80;
[36.375s]       |                                     ^~~~~~~~~~
[36.411s] In file included from /home/j/colcon_ws/ORB_SLAM3/Thirdparty/g2o/g2o/types/types_six_dof_expmap.h:38,
[36.411s]                  from /home/j/colcon_ws/ORB_SLAM3/include/Converter.h:26,
[36.411s]                  from /home/j/colcon_ws/ORB_SLAM3/include/Frame.h:33,
[36.411s]                  from /home/j/colcon_ws/ORB_SLAM3/include/KeyFrame.h:28,
[36.411s]                  from /home/j/colcon_ws/ORB_SLAM3/include/MapPoint.h:23,
[36.411s]                  from /home/j/colcon_ws/ORB_SLAM3/include/FrameDrawer.h:24,
[36.411s]                  from /home/j/colcon_ws/ORB_SLAM3/include/Viewer.h:23,
[36.411s]                  from /home/j/colcon_ws/ORB_SLAM3/include/Tracking.h:26,
[36.411s]                  from /home/j/colcon_ws/ORB_SLAM3/include/System.h:31,
[36.411s]                  from /home/j/colcon_ws/src/orbslam3_ros2/src/stereo/stereo-slam-node.hpp:13,
[36.412s]                  from /home/j/colcon_ws/src/orbslam3_ros2/src/stereo/stereo.cpp:7:
[36.412s] /home/j/colcon_ws/ORB_SLAM3/Thirdparty/g2o/g2o/types/../core/base_binary_edge.h: In instantiation of ‘class g2o::BaseBinaryEdge<2, Eigen::Matrix<double, 2, 1>, g2o::VertexSBAPointXYZ, g2o::VertexSim3Expmap>’:
[36.412s] /home/j/colcon_ws/ORB_SLAM3/Thirdparty/g2o/g2o/types/types_seven_dof_expmap.h:130:36:   required from here
[36.412s] /home/j/colcon_ws/ORB_SLAM3/Thirdparty/g2o/g2o/types/../core/base_binary_edge.h:59:80: warning: ‘Eigen::AlignedBit’ is deprecated [-Wdeprecated-declarations]
[36.412s]    59 |       typedef Eigen::Map<Matrix<double, Di, Dj>, Matrix<double, Di, Dj>::Flags & AlignedBit ? Aligned : Unaligned > HessianBlockType;
[36.412s]       |                                                                          ~~~~~~^~~~~~~~~~~~
[36.412s] In file included from /usr/include/eigen3/Eigen/Core:161,
[36.412s]                  from /usr/include/eigen3/Eigen/LU:11,
[36.412s]                  from /home/j/colcon_ws/ORB_SLAM3/Thirdparty/Sophus/sophus/so2.hpp:12,
[36.412s]                  from /home/j/colcon_ws/ORB_SLAM3/Thirdparty/Sophus/sophus/se2.hpp:7,
[36.412s]                  from /home/j/colcon_ws/ORB_SLAM3/Thirdparty/Sophus/sophus/geometry.hpp:7,
[36.412s]                  from /home/j/colcon_ws/ORB_SLAM3/include/Frame.h:28,
[36.413s]                  from /home/j/colcon_ws/ORB_SLAM3/include/KeyFrame.h:28,
[36.413s]                  from /home/j/colcon_ws/ORB_SLAM3/include/MapPoint.h:23,
[36.413s]                  from /home/j/colcon_ws/ORB_SLAM3/include/FrameDrawer.h:24,
[36.413s]                  from /home/j/colcon_ws/ORB_SLAM3/include/Viewer.h:23,
[36.413s]                  from /home/j/colcon_ws/ORB_SLAM3/include/Tracking.h:26,
[36.413s]                  from /home/j/colcon_ws/ORB_SLAM3/include/System.h:31,
[36.413s]                  from /home/j/colcon_ws/src/orbslam3_ros2/src/stereo/stereo-slam-node.hpp:13,
[36.413s]                  from /home/j/colcon_ws/src/orbslam3_ros2/src/stereo/stereo.cpp:7:
[36.413s] /usr/include/eigen3/Eigen/src/Core/util/Constants.h:167:37: note: declared here
[36.413s]   167 | EIGEN_DEPRECATED const unsigned int AlignedBit = 0x80;
[36.413s]       |                                     ^~~~~~~~~~
[36.425s] In file included from /home/j/colcon_ws/ORB_SLAM3/Thirdparty/g2o/g2o/types/types_six_dof_expmap.h:38,
[36.425s]                  from /home/j/colcon_ws/ORB_SLAM3/include/Converter.h:26,
[36.425s]                  from /home/j/colcon_ws/ORB_SLAM3/include/Frame.h:33,
[36.425s]                  from /home/j/colcon_ws/ORB_SLAM3/include/KeyFrame.h:28,
[36.425s]                  from /home/j/colcon_ws/ORB_SLAM3/include/MapPoint.h:23,
[36.425s]                  from /home/j/colcon_ws/ORB_SLAM3/include/FrameDrawer.h:24,
[36.425s]                  from /home/j/colcon_ws/ORB_SLAM3/include/Viewer.h:23,
[36.426s]                  from /home/j/colcon_ws/ORB_SLAM3/include/Tracking.h:26,
[36.426s]                  from /home/j/colcon_ws/ORB_SLAM3/include/System.h:31,
[36.426s]                  from /home/j/colcon_ws/src/orbslam3_ros2/src/rgbd/rgbd-slam-node.hpp:18,
[36.426s]                  from /home/j/colcon_ws/src/orbslam3_ros2/src/rgbd/rgbd.cpp:7:
[36.426s] /home/j/colcon_ws/ORB_SLAM3/Thirdparty/g2o/g2o/types/../core/base_binary_edge.h: In instantiation of ‘class g2o::BaseBinaryEdge<2, Eigen::Matrix<double, 2, 1>, g2o::VertexSBAPointXYZ, g2o::VertexSim3Expmap>’:
[36.426s] /home/j/colcon_ws/ORB_SLAM3/Thirdparty/g2o/g2o/types/types_seven_dof_expmap.h:130:36:   required from here
[36.426s] /home/j/colcon_ws/ORB_SLAM3/Thirdparty/g2o/g2o/types/../core/base_binary_edge.h:59:80: warning: ‘Eigen::AlignedBit’ is deprecated [-Wdeprecated-declarations]
[36.426s]    59 |       typedef Eigen::Map<Matrix<double, Di, Dj>, Matrix<double, Di, Dj>::Flags & AlignedBit ? Aligned : Unaligned > HessianBlockType;
[36.427s]       |                                                                          ~~~~~~^~~~~~~~~~~~
[36.427s] In file included from /usr/include/eigen3/Eigen/Core:161,
[36.427s]                  from /usr/include/eigen3/Eigen/LU:11,
[36.427s]                  from /home/j/colcon_ws/ORB_SLAM3/Thirdparty/Sophus/sophus/so2.hpp:12,
[36.427s]                  from /home/j/colcon_ws/ORB_SLAM3/Thirdparty/Sophus/sophus/se2.hpp:7,
[36.427s]                  from /home/j/colcon_ws/ORB_SLAM3/Thirdparty/Sophus/sophus/geometry.hpp:7,
[36.427s]                  from /home/j/colcon_ws/ORB_SLAM3/include/Frame.h:28,
[36.427s]                  from /home/j/colcon_ws/ORB_SLAM3/include/KeyFrame.h:28,
[36.427s]                  from /home/j/colcon_ws/ORB_SLAM3/include/MapPoint.h:23,
[36.427s]                  from /home/j/colcon_ws/ORB_SLAM3/include/FrameDrawer.h:24,
[36.427s]                  from /home/j/colcon_ws/ORB_SLAM3/include/Viewer.h:23,
[36.427s]                  from /home/j/colcon_ws/ORB_SLAM3/include/Tracking.h:26,
[36.428s]                  from /home/j/colcon_ws/ORB_SLAM3/include/System.h:31,
[36.428s]                  from /home/j/colcon_ws/src/orbslam3_ros2/src/rgbd/rgbd-slam-node.hpp:18,
[36.428s]                  from /home/j/colcon_ws/src/orbslam3_ros2/src/rgbd/rgbd.cpp:7:
[36.428s] /usr/include/eigen3/Eigen/src/Core/util/Constants.h:167:37: note: declared here
[36.428s]   167 | EIGEN_DEPRECATED const unsigned int AlignedBit = 0x80;
[36.428s]       |                                     ^~~~~~~~~~
[36.428s] In file included from /home/j/colcon_ws/ORB_SLAM3/Thirdparty/g2o/g2o/types/types_six_dof_expmap.h:38,
[36.428s]                  from /home/j/colcon_ws/ORB_SLAM3/include/Converter.h:26,
[36.428s]                  from /home/j/colcon_ws/ORB_SLAM3/include/Frame.h:33,
[36.428s]                  from /home/j/colcon_ws/ORB_SLAM3/include/KeyFrame.h:28,
[36.428s]                  from /home/j/colcon_ws/ORB_SLAM3/include/MapPoint.h:23,
[36.428s]                  from /home/j/colcon_ws/ORB_SLAM3/include/FrameDrawer.h:24,
[36.429s]                  from /home/j/colcon_ws/ORB_SLAM3/include/Viewer.h:23,
[36.429s]                  from /home/j/colcon_ws/ORB_SLAM3/include/Tracking.h:26,
[36.429s]                  from /home/j/colcon_ws/ORB_SLAM3/include/System.h:31,
[36.429s]                  from /home/j/colcon_ws/src/orbslam3_ros2/src/stereo/stereo-slam-node.hpp:13,
[36.429s]                  from /home/j/colcon_ws/src/orbslam3_ros2/src/stereo/stereo.cpp:7:
[36.429s] /home/j/colcon_ws/ORB_SLAM3/Thirdparty/g2o/g2o/types/../core/base_binary_edge.h:60:80: warning: ‘Eigen::AlignedBit’ is deprecated [-Wdeprecated-declarations]
[36.429s]    60 |       typedef Eigen::Map<Matrix<double, Dj, Di>, Matrix<double, Dj, Di>::Flags & AlignedBit ? Aligned : Unaligned > HessianBlockTransposedType;
[36.429s]       |                                                                          ~~~~~~^~~~~~~~~~~~
[36.429s] In file included from /usr/include/eigen3/Eigen/Core:161,
[36.429s]                  from /usr/include/eigen3/Eigen/LU:11,
[36.429s]                  from /home/j/colcon_ws/ORB_SLAM3/Thirdparty/Sophus/sophus/so2.hpp:12,
[36.429s]                  from /home/j/colcon_ws/ORB_SLAM3/Thirdparty/Sophus/sophus/se2.hpp:7,
[36.430s]                  from /home/j/colcon_ws/ORB_SLAM3/Thirdparty/Sophus/sophus/geometry.hpp:7,
[36.430s]                  from /home/j/colcon_ws/ORB_SLAM3/include/Frame.h:28,
[36.430s]                  from /home/j/colcon_ws/ORB_SLAM3/include/KeyFrame.h:28,
[36.430s]                  from /home/j/colcon_ws/ORB_SLAM3/include/MapPoint.h:23,
[36.430s]                  from /home/j/colcon_ws/ORB_SLAM3/include/FrameDrawer.h:24,
[36.430s]                  from /home/j/colcon_ws/ORB_SLAM3/include/Viewer.h:23,
[36.430s]                  from /home/j/colcon_ws/ORB_SLAM3/include/Tracking.h:26,
[36.430s]                  from /home/j/colcon_ws/ORB_SLAM3/include/System.h:31,
[36.430s]                  from /home/j/colcon_ws/src/orbslam3_ros2/src/stereo/stereo-slam-node.hpp:13,
[36.430s]                  from /home/j/colcon_ws/src/orbslam3_ros2/src/stereo/stereo.cpp:7:
[36.430s] /usr/include/eigen3/Eigen/src/Core/util/Constants.h:167:37: note: declared here
[36.430s]   167 | EIGEN_DEPRECATED const unsigned int AlignedBit = 0x80;
[36.431s]       |                                     ^~~~~~~~~~
[36.443s] In file included from /home/j/colcon_ws/ORB_SLAM3/Thirdparty/g2o/g2o/types/types_six_dof_expmap.h:38,
[36.443s]                  from /home/j/colcon_ws/ORB_SLAM3/include/Converter.h:26,
[36.443s]                  from /home/j/colcon_ws/ORB_SLAM3/include/Frame.h:33,
[36.443s]                  from /home/j/colcon_ws/ORB_SLAM3/include/KeyFrame.h:28,
[36.443s]                  from /home/j/colcon_ws/ORB_SLAM3/include/MapPoint.h:23,
[36.443s]                  from /home/j/colcon_ws/ORB_SLAM3/include/FrameDrawer.h:24,
[36.443s]                  from /home/j/colcon_ws/ORB_SLAM3/include/Viewer.h:23,
[36.443s]                  from /home/j/colcon_ws/ORB_SLAM3/include/Tracking.h:26,
[36.444s]                  from /home/j/colcon_ws/ORB_SLAM3/include/System.h:31,
[36.444s]                  from /home/j/colcon_ws/src/orbslam3_ros2/src/rgbd/rgbd-slam-node.hpp:18,
[36.444s]                  from /home/j/colcon_ws/src/orbslam3_ros2/src/rgbd/rgbd.cpp:7:
[36.444s] /home/j/colcon_ws/ORB_SLAM3/Thirdparty/g2o/g2o/types/../core/base_binary_edge.h:60:80: warning: ‘Eigen::AlignedBit’ is deprecated [-Wdeprecated-declarations]
[36.444s]    60 |       typedef Eigen::Map<Matrix<double, Dj, Di>, Matrix<double, Dj, Di>::Flags & AlignedBit ? Aligned : Unaligned > HessianBlockTransposedType;
[36.444s]       |                                                                          ~~~~~~^~~~~~~~~~~~
[36.444s] In file included from /usr/include/eigen3/Eigen/Core:161,
[36.444s]                  from /usr/include/eigen3/Eigen/LU:11,
[36.444s]                  from /home/j/colcon_ws/ORB_SLAM3/Thirdparty/Sophus/sophus/so2.hpp:12,
[36.444s]                  from /home/j/colcon_ws/ORB_SLAM3/Thirdparty/Sophus/sophus/se2.hpp:7,
[36.444s]                  from /home/j/colcon_ws/ORB_SLAM3/Thirdparty/Sophus/sophus/geometry.hpp:7,
[36.444s]                  from /home/j/colcon_ws/ORB_SLAM3/include/Frame.h:28,
[36.445s]                  from /home/j/colcon_ws/ORB_SLAM3/include/KeyFrame.h:28,
[36.445s]                  from /home/j/colcon_ws/ORB_SLAM3/include/MapPoint.h:23,
[36.445s]                  from /home/j/colcon_ws/ORB_SLAM3/include/FrameDrawer.h:24,
[36.445s]                  from /home/j/colcon_ws/ORB_SLAM3/include/Viewer.h:23,
[36.445s]                  from /home/j/colcon_ws/ORB_SLAM3/include/Tracking.h:26,
[36.445s]                  from /home/j/colcon_ws/ORB_SLAM3/include/System.h:31,
[36.445s]                  from /home/j/colcon_ws/src/orbslam3_ros2/src/rgbd/rgbd-slam-node.hpp:18,
[36.445s]                  from /home/j/colcon_ws/src/orbslam3_ros2/src/rgbd/rgbd.cpp:7:
[36.445s] /usr/include/eigen3/Eigen/src/Core/util/Constants.h:167:37: note: declared here
[36.445s]   167 | EIGEN_DEPRECATED const unsigned int AlignedBit = 0x80;
[36.445s]       |                                     ^~~~~~~~~~
[36.511s] In file included from /home/j/colcon_ws/ORB_SLAM3/Thirdparty/g2o/g2o/types/types_six_dof_expmap.h:37,
[36.511s]                  from /home/j/colcon_ws/ORB_SLAM3/include/Converter.h:26,
[36.511s]                  from /home/j/colcon_ws/ORB_SLAM3/include/Frame.h:33,
[36.511s]                  from /home/j/colcon_ws/ORB_SLAM3/include/KeyFrame.h:28,
[36.511s]                  from /home/j/colcon_ws/ORB_SLAM3/include/MapPoint.h:23,
[36.511s]                  from /home/j/colcon_ws/ORB_SLAM3/include/FrameDrawer.h:24,
[36.511s]                  from /home/j/colcon_ws/ORB_SLAM3/include/Viewer.h:23,
[36.511s]                  from /home/j/colcon_ws/ORB_SLAM3/include/Tracking.h:26,
[36.511s]                  from /home/j/colcon_ws/ORB_SLAM3/include/System.h:31,
[36.511s]                  from /home/j/colcon_ws/src/orbslam3_ros2/src/stereo/stereo-slam-node.hpp:13,
[36.512s]                  from /home/j/colcon_ws/src/orbslam3_ros2/src/stereo/stereo-slam-node.cpp:1:
[36.512s] /home/j/colcon_ws/ORB_SLAM3/Thirdparty/g2o/g2o/types/../core/base_vertex.h: In instantiation of ‘class g2o::BaseVertex<7, g2o::Sim3>’:
[36.512s] /home/j/colcon_ws/ORB_SLAM3/Thirdparty/g2o/g2o/types/types_seven_dof_expmap.h:48:35:   required from here
[36.512s] /home/j/colcon_ws/ORB_SLAM3/Thirdparty/g2o/g2o/types/../core/base_vertex.h:62:72: warning: ‘Eigen::AlignedBit’ is deprecated [-Wdeprecated-declarations]
[36.512s]    62 |     typedef Eigen::Map<Matrix<double, D, D>, Matrix<double,D,D>::Flags & AlignedBit ? Aligned : Unaligned >  HessianBlockType;
[36.512s]       |                                                                  ~~~~~~^~~~~~~~~~~~
[36.512s] In file included from /usr/include/eigen3/Eigen/Core:161,
[36.512s]                  from /usr/include/eigen3/Eigen/LU:11,
[36.512s]                  from /home/j/colcon_ws/ORB_SLAM3/Thirdparty/Sophus/sophus/so2.hpp:12,
[36.512s]                  from /home/j/colcon_ws/ORB_SLAM3/Thirdparty/Sophus/sophus/se2.hpp:7,
[36.512s]                  from /home/j/colcon_ws/ORB_SLAM3/Thirdparty/Sophus/sophus/geometry.hpp:7,
[36.512s]                  from /home/j/colcon_ws/ORB_SLAM3/include/Frame.h:28,
[36.513s]                  from /home/j/colcon_ws/ORB_SLAM3/include/KeyFrame.h:28,
[36.513s]                  from /home/j/colcon_ws/ORB_SLAM3/include/MapPoint.h:23,
[36.513s]                  from /home/j/colcon_ws/ORB_SLAM3/include/FrameDrawer.h:24,
[36.513s]                  from /home/j/colcon_ws/ORB_SLAM3/include/Viewer.h:23,
[36.513s]                  from /home/j/colcon_ws/ORB_SLAM3/include/Tracking.h:26,
[36.513s]                  from /home/j/colcon_ws/ORB_SLAM3/include/System.h:31,
[36.513s]                  from /home/j/colcon_ws/src/orbslam3_ros2/src/stereo/stereo-slam-node.hpp:13,
[36.513s]                  from /home/j/colcon_ws/src/orbslam3_ros2/src/stereo/stereo-slam-node.cpp:1:
[36.513s] /usr/include/eigen3/Eigen/src/Core/util/Constants.h:167:37: note: declared here
[36.513s]   167 | EIGEN_DEPRECATED const unsigned int AlignedBit = 0x80;
[36.513s]       |                                     ^~~~~~~~~~
[36.545s] In file included from /home/j/colcon_ws/ORB_SLAM3/Thirdparty/g2o/g2o/types/types_six_dof_expmap.h:38,
[36.546s]                  from /home/j/colcon_ws/ORB_SLAM3/include/Converter.h:26,
[36.547s]                  from /home/j/colcon_ws/ORB_SLAM3/include/Frame.h:33,
[36.547s]                  from /home/j/colcon_ws/ORB_SLAM3/include/KeyFrame.h:28,
[36.547s]                  from /home/j/colcon_ws/ORB_SLAM3/include/MapPoint.h:23,
[36.547s]                  from /home/j/colcon_ws/ORB_SLAM3/include/FrameDrawer.h:24,
[36.547s]                  from /home/j/colcon_ws/ORB_SLAM3/include/Viewer.h:23,
[36.547s]                  from /home/j/colcon_ws/ORB_SLAM3/include/Tracking.h:26,
[36.547s]                  from /home/j/colcon_ws/ORB_SLAM3/include/System.h:31,
[36.547s]                  from /home/j/colcon_ws/src/orbslam3_ros2/src/stereo/stereo-slam-node.hpp:13,
[36.547s]                  from /home/j/colcon_ws/src/orbslam3_ros2/src/stereo/stereo-slam-node.cpp:1:
[36.547s] /home/j/colcon_ws/ORB_SLAM3/Thirdparty/g2o/g2o/types/../core/base_binary_edge.h: In instantiation of ‘class g2o::BaseBinaryEdge<7, g2o::Sim3, g2o::VertexSim3Expmap, g2o::VertexSim3Expmap>’:
[36.547s] /home/j/colcon_ws/ORB_SLAM3/Thirdparty/g2o/g2o/types/types_seven_dof_expmap.h:99:27:   required from here
[36.548s] /home/j/colcon_ws/ORB_SLAM3/Thirdparty/g2o/g2o/types/../core/base_binary_edge.h:59:80: warning: ‘Eigen::AlignedBit’ is deprecated [-Wdeprecated-declarations]
[36.548s]    59 |       typedef Eigen::Map<Matrix<double, Di, Dj>, Matrix<double, Di, Dj>::Flags & AlignedBit ? Aligned : Unaligned > HessianBlockType;
[36.548s]       |                                                                          ~~~~~~^~~~~~~~~~~~
[36.548s] In file included from /usr/include/eigen3/Eigen/Core:161,
[36.548s]                  from /usr/include/eigen3/Eigen/LU:11,
[36.548s]                  from /home/j/colcon_ws/ORB_SLAM3/Thirdparty/Sophus/sophus/so2.hpp:12,
[36.548s]                  from /home/j/colcon_ws/ORB_SLAM3/Thirdparty/Sophus/sophus/se2.hpp:7,
[36.548s]                  from /home/j/colcon_ws/ORB_SLAM3/Thirdparty/Sophus/sophus/geometry.hpp:7,
[36.548s]                  from /home/j/colcon_ws/ORB_SLAM3/include/Frame.h:28,
[36.548s]                  from /home/j/colcon_ws/ORB_SLAM3/include/KeyFrame.h:28,
[36.548s]                  from /home/j/colcon_ws/ORB_SLAM3/include/MapPoint.h:23,
[36.548s]                  from /home/j/colcon_ws/ORB_SLAM3/include/FrameDrawer.h:24,
[36.549s]                  from /home/j/colcon_ws/ORB_SLAM3/include/Viewer.h:23,
[36.549s]                  from /home/j/colcon_ws/ORB_SLAM3/include/Tracking.h:26,
[36.549s]                  from /home/j/colcon_ws/ORB_SLAM3/include/System.h:31,
[36.549s]                  from /home/j/colcon_ws/src/orbslam3_ros2/src/stereo/stereo-slam-node.hpp:13,
[36.549s]                  from /home/j/colcon_ws/src/orbslam3_ros2/src/stereo/stereo-slam-node.cpp:1:
[36.549s] /usr/include/eigen3/Eigen/src/Core/util/Constants.h:167:37: note: declared here
[36.549s]   167 | EIGEN_DEPRECATED const unsigned int AlignedBit = 0x80;
[36.549s]       |                                     ^~~~~~~~~~
[36.549s] In file included from /home/j/colcon_ws/ORB_SLAM3/Thirdparty/g2o/g2o/types/types_six_dof_expmap.h:38,
[36.549s]                  from /home/j/colcon_ws/ORB_SLAM3/include/Converter.h:26,
[36.549s]                  from /home/j/colcon_ws/ORB_SLAM3/include/Frame.h:33,
[36.549s]                  from /home/j/colcon_ws/ORB_SLAM3/include/KeyFrame.h:28,
[36.550s]                  from /home/j/colcon_ws/ORB_SLAM3/include/MapPoint.h:23,
[36.550s]                  from /home/j/colcon_ws/ORB_SLAM3/include/FrameDrawer.h:24,
[36.550s]                  from /home/j/colcon_ws/ORB_SLAM3/include/Viewer.h:23,
[36.550s]                  from /home/j/colcon_ws/ORB_SLAM3/include/Tracking.h:26,
[36.550s]                  from /home/j/colcon_ws/ORB_SLAM3/include/System.h:31,
[36.550s]                  from /home/j/colcon_ws/src/orbslam3_ros2/src/stereo/stereo-slam-node.hpp:13,
[36.550s]                  from /home/j/colcon_ws/src/orbslam3_ros2/src/stereo/stereo-slam-node.cpp:1:
[36.550s] /home/j/colcon_ws/ORB_SLAM3/Thirdparty/g2o/g2o/types/../core/base_binary_edge.h:60:80: warning: ‘Eigen::AlignedBit’ is deprecated [-Wdeprecated-declarations]
[36.550s]    60 |       typedef Eigen::Map<Matrix<double, Dj, Di>, Matrix<double, Dj, Di>::Flags & AlignedBit ? Aligned : Unaligned > HessianBlockTransposedType;
[36.550s]       |                                                                          ~~~~~~^~~~~~~~~~~~
[36.550s] In file included from /usr/include/eigen3/Eigen/Core:161,
[36.551s]                  from /usr/include/eigen3/Eigen/LU:11,
[36.551s]                  from /home/j/colcon_ws/ORB_SLAM3/Thirdparty/Sophus/sophus/so2.hpp:12,
[36.551s]                  from /home/j/colcon_ws/ORB_SLAM3/Thirdparty/Sophus/sophus/se2.hpp:7,
[36.551s]                  from /home/j/colcon_ws/ORB_SLAM3/Thirdparty/Sophus/sophus/geometry.hpp:7,
[36.551s]                  from /home/j/colcon_ws/ORB_SLAM3/include/Frame.h:28,
[36.551s]                  from /home/j/colcon_ws/ORB_SLAM3/include/KeyFrame.h:28,
[36.551s]                  from /home/j/colcon_ws/ORB_SLAM3/include/MapPoint.h:23,
[36.551s]                  from /home/j/colcon_ws/ORB_SLAM3/include/FrameDrawer.h:24,
[36.551s]                  from /home/j/colcon_ws/ORB_SLAM3/include/Viewer.h:23,
[36.551s]                  from /home/j/colcon_ws/ORB_SLAM3/include/Tracking.h:26,
[36.551s]                  from /home/j/colcon_ws/ORB_SLAM3/include/System.h:31,
[36.551s]                  from /home/j/colcon_ws/src/orbslam3_ros2/src/stereo/stereo-slam-node.hpp:13,
[36.552s]                  from /home/j/colcon_ws/src/orbslam3_ros2/src/stereo/stereo-slam-node.cpp:1:
[36.552s] /usr/include/eigen3/Eigen/src/Core/util/Constants.h:167:37: note: declared here
[36.552s]   167 | EIGEN_DEPRECATED const unsigned int AlignedBit = 0x80;
[36.552s]       |                                     ^~~~~~~~~~
[36.594s] In file included from /home/j/colcon_ws/ORB_SLAM3/Thirdparty/g2o/g2o/types/types_six_dof_expmap.h:38,
[36.594s]                  from /home/j/colcon_ws/ORB_SLAM3/include/Converter.h:26,
[36.594s]                  from /home/j/colcon_ws/ORB_SLAM3/include/Frame.h:33,
[36.594s]                  from /home/j/colcon_ws/ORB_SLAM3/include/KeyFrame.h:28,
[36.595s]                  from /home/j/colcon_ws/ORB_SLAM3/include/MapPoint.h:23,
[36.595s]                  from /home/j/colcon_ws/ORB_SLAM3/include/FrameDrawer.h:24,
[36.595s]                  from /home/j/colcon_ws/ORB_SLAM3/include/Viewer.h:23,
[36.595s]                  from /home/j/colcon_ws/ORB_SLAM3/include/Tracking.h:26,
[36.595s]                  from /home/j/colcon_ws/ORB_SLAM3/include/System.h:31,
[36.595s]                  from /home/j/colcon_ws/src/orbslam3_ros2/src/stereo/stereo-slam-node.hpp:13,
[36.595s]                  from /home/j/colcon_ws/src/orbslam3_ros2/src/stereo/stereo-slam-node.cpp:1:
[36.595s] /home/j/colcon_ws/ORB_SLAM3/Thirdparty/g2o/g2o/types/../core/base_binary_edge.h: In instantiation of ‘class g2o::BaseBinaryEdge<2, Eigen::Matrix<double, 2, 1>, g2o::VertexSBAPointXYZ, g2o::VertexSim3Expmap>’:
[36.595s] /home/j/colcon_ws/ORB_SLAM3/Thirdparty/g2o/g2o/types/types_seven_dof_expmap.h:130:36:   required from here
[36.595s] /home/j/colcon_ws/ORB_SLAM3/Thirdparty/g2o/g2o/types/../core/base_binary_edge.h:59:80: warning: ‘Eigen::AlignedBit’ is deprecated [-Wdeprecated-declarations]
[36.595s]    59 |       typedef Eigen::Map<Matrix<double, Di, Dj>, Matrix<double, Di, Dj>::Flags & AlignedBit ? Aligned : Unaligned > HessianBlockType;
[36.595s]       |                                                                          ~~~~~~^~~~~~~~~~~~
[36.596s] In file included from /usr/include/eigen3/Eigen/Core:161,
[36.596s]                  from /usr/include/eigen3/Eigen/LU:11,
[36.596s]                  from /home/j/colcon_ws/ORB_SLAM3/Thirdparty/Sophus/sophus/so2.hpp:12,
[36.596s]                  from /home/j/colcon_ws/ORB_SLAM3/Thirdparty/Sophus/sophus/se2.hpp:7,
[36.596s]                  from /home/j/colcon_ws/ORB_SLAM3/Thirdparty/Sophus/sophus/geometry.hpp:7,
[36.596s]                  from /home/j/colcon_ws/ORB_SLAM3/include/Frame.h:28,
[36.596s]                  from /home/j/colcon_ws/ORB_SLAM3/include/KeyFrame.h:28,
[36.596s]                  from /home/j/colcon_ws/ORB_SLAM3/include/MapPoint.h:23,
[36.596s]                  from /home/j/colcon_ws/ORB_SLAM3/include/FrameDrawer.h:24,
[36.596s]                  from /home/j/colcon_ws/ORB_SLAM3/include/Viewer.h:23,
[36.596s]                  from /home/j/colcon_ws/ORB_SLAM3/include/Tracking.h:26,
[36.597s]                  from /home/j/colcon_ws/ORB_SLAM3/include/System.h:31,
[36.597s]                  from /home/j/colcon_ws/src/orbslam3_ros2/src/stereo/stereo-slam-node.hpp:13,
[36.597s]                  from /home/j/colcon_ws/src/orbslam3_ros2/src/stereo/stereo-slam-node.cpp:1:
[36.597s] /usr/include/eigen3/Eigen/src/Core/util/Constants.h:167:37: note: declared here
[36.597s]   167 | EIGEN_DEPRECATED const unsigned int AlignedBit = 0x80;
[36.597s]       |                                     ^~~~~~~~~~
[36.610s] In file included from /home/j/colcon_ws/ORB_SLAM3/Thirdparty/g2o/g2o/types/types_six_dof_expmap.h:38,
[36.611s]                  from /home/j/colcon_ws/ORB_SLAM3/include/Converter.h:26,
[36.611s]                  from /home/j/colcon_ws/ORB_SLAM3/include/Frame.h:33,
[36.611s]                  from /home/j/colcon_ws/ORB_SLAM3/include/KeyFrame.h:28,
[36.611s]                  from /home/j/colcon_ws/ORB_SLAM3/include/MapPoint.h:23,
[36.611s]                  from /home/j/colcon_ws/ORB_SLAM3/include/FrameDrawer.h:24,
[36.611s]                  from /home/j/colcon_ws/ORB_SLAM3/include/Viewer.h:23,
[36.611s]                  from /home/j/colcon_ws/ORB_SLAM3/include/Tracking.h:26,
[36.611s]                  from /home/j/colcon_ws/ORB_SLAM3/include/System.h:31,
[36.611s]                  from /home/j/colcon_ws/src/orbslam3_ros2/src/stereo/stereo-slam-node.hpp:13,
[36.611s]                  from /home/j/colcon_ws/src/orbslam3_ros2/src/stereo/stereo-slam-node.cpp:1:
[36.611s] /home/j/colcon_ws/ORB_SLAM3/Thirdparty/g2o/g2o/types/../core/base_binary_edge.h:60:80: warning: ‘Eigen::AlignedBit’ is deprecated [-Wdeprecated-declarations]
[36.611s]    60 |       typedef Eigen::Map<Matrix<double, Dj, Di>, Matrix<double, Dj, Di>::Flags & AlignedBit ? Aligned : Unaligned > HessianBlockTransposedType;
[36.612s]       |                                                                          ~~~~~~^~~~~~~~~~~~
[36.612s] In file included from /usr/include/eigen3/Eigen/Core:161,
[36.612s]                  from /usr/include/eigen3/Eigen/LU:11,
[36.612s]                  from /home/j/colcon_ws/ORB_SLAM3/Thirdparty/Sophus/sophus/so2.hpp:12,
[36.612s]                  from /home/j/colcon_ws/ORB_SLAM3/Thirdparty/Sophus/sophus/se2.hpp:7,
[36.612s]                  from /home/j/colcon_ws/ORB_SLAM3/Thirdparty/Sophus/sophus/geometry.hpp:7,
[36.612s]                  from /home/j/colcon_ws/ORB_SLAM3/include/Frame.h:28,
[36.612s]                  from /home/j/colcon_ws/ORB_SLAM3/include/KeyFrame.h:28,
[36.612s]                  from /home/j/colcon_ws/ORB_SLAM3/include/MapPoint.h:23,
[36.612s]                  from /home/j/colcon_ws/ORB_SLAM3/include/FrameDrawer.h:24,
[36.612s]                  from /home/j/colcon_ws/ORB_SLAM3/include/Viewer.h:23,
[36.612s]                  from /home/j/colcon_ws/ORB_SLAM3/include/Tracking.h:26,
[36.613s]                  from /home/j/colcon_ws/ORB_SLAM3/include/System.h:31,
[36.613s]                  from /home/j/colcon_ws/src/orbslam3_ros2/src/stereo/stereo-slam-node.hpp:13,
[36.613s]                  from /home/j/colcon_ws/src/orbslam3_ros2/src/stereo/stereo-slam-node.cpp:1:
[36.613s] /usr/include/eigen3/Eigen/src/Core/util/Constants.h:167:37: note: declared here
[36.613s]   167 | EIGEN_DEPRECATED const unsigned int AlignedBit = 0x80;
[36.613s]       |                                     ^~~~~~~~~~
[37.416s] In file included from /home/j/colcon_ws/ORB_SLAM3/include/Atlas.h:26,
[37.416s]                  from /home/j/colcon_ws/ORB_SLAM3/include/FrameDrawer.h:25,
[37.416s]                  from /home/j/colcon_ws/ORB_SLAM3/include/Viewer.h:23,
[37.417s]                  from /home/j/colcon_ws/ORB_SLAM3/include/Tracking.h:26,
[37.417s]                  from /home/j/colcon_ws/ORB_SLAM3/include/System.h:31,
[37.417s]                  from /home/j/colcon_ws/src/orbslam3_ros2/src/stereo-inertial/stereo-inertial-node.hpp:10,
[37.417s]                  from /home/j/colcon_ws/src/orbslam3_ros2/src/stereo-inertial/stereo-inertial.cpp:7:
[37.417s] /home/j/colcon_ws/ORB_SLAM3/include/CameraModels/Pinhole.h: In member function ‘virtual bool ORB_SLAM3::Pinhole::matchAndtriangulate(const cv::KeyPoint&, const cv::KeyPoint&, ORB_SLAM3::GeometricCamera*, Sophus::SE3f&, Sophus::SE3f&, float, float, Eigen::Vector3f&)’:
[37.417s] /home/j/colcon_ws/ORB_SLAM3/include/CameraModels/Pinhole.h:83:54: warning: unused parameter ‘kp1’ [-Wunused-parameter]
[37.417s]    83 |         bool matchAndtriangulate(const cv::KeyPoint& kp1, const cv::KeyPoint& kp2, GeometricCamera* pOther,
[37.417s]       |                                  ~~~~~~~~~~~~~~~~~~~~^~~
[37.417s] /home/j/colcon_ws/ORB_SLAM3/include/CameraModels/Pinhole.h:83:79: warning: unused parameter ‘kp2’ [-Wunused-parameter]
[37.418s]    83 |         bool matchAndtriangulate(const cv::KeyPoint& kp1, const cv::KeyPoint& kp2, GeometricCamera* pOther,
[37.418s]       |                                                           ~~~~~~~~~~~~~~~~~~~~^~~
[37.418s] /home/j/colcon_ws/ORB_SLAM3/include/CameraModels/Pinhole.h:83:101: warning: unused parameter ‘pOther’ [-Wunused-parameter]
[37.418s]    83 |         bool matchAndtriangulate(const cv::KeyPoint& kp1, const cv::KeyPoint& kp2, GeometricCamera* pOther,
[37.418s]       |                                                                                    ~~~~~~~~~~~~~~~~~^~~~~~
[37.418s] /home/j/colcon_ws/ORB_SLAM3/include/CameraModels/Pinhole.h:84:48: warning: unused parameter ‘Tcw1’ [-Wunused-parameter]
[37.418s]    84 |                                  Sophus::SE3f& Tcw1, Sophus::SE3f& Tcw2,
[37.418s]       |                                  ~~~~~~~~~~~~~~^~~~
[37.418s] /home/j/colcon_ws/ORB_SLAM3/include/CameraModels/Pinhole.h:84:68: warning: unused parameter ‘Tcw2’ [-Wunused-parameter]
[37.418s]    84 |                                  Sophus::SE3f& Tcw1, Sophus::SE3f& Tcw2,
[37.418s]       |                                                      ~~~~~~~~~~~~~~^~~~
[37.419s] /home/j/colcon_ws/ORB_SLAM3/include/CameraModels/Pinhole.h:85:46: warning: unused parameter ‘sigmaLevel1’ [-Wunused-parameter]
[37.419s]    85 |                                  const float sigmaLevel1, const float sigmaLevel2,
[37.419s]       |                                  ~~~~~~~~~~~~^~~~~~~~~~~
[37.419s] /home/j/colcon_ws/ORB_SLAM3/include/CameraModels/Pinhole.h:85:71: warning: unused parameter ‘sigmaLevel2’ [-Wunused-parameter]
[37.419s]    85 |                                  const float sigmaLevel1, const float sigmaLevel2,
[37.419s]       |                                                           ~~~~~~~~~~~~^~~~~~~~~~~
[37.419s] /home/j/colcon_ws/ORB_SLAM3/include/CameraModels/Pinhole.h:86:51: warning: unused parameter ‘x3Dtriangulated’ [-Wunused-parameter]
[37.419s]    86 |                                  Eigen::Vector3f& x3Dtriangulated) { return false;}
[37.419s]       |                                  ~~~~~~~~~~~~~~~~~^~~~~~~~~~~~~~~
[37.419s] In file included from /home/j/colcon_ws/ORB_SLAM3/include/Atlas.h:26,
[37.419s]                  from /home/j/colcon_ws/ORB_SLAM3/include/FrameDrawer.h:25,
[37.419s]                  from /home/j/colcon_ws/ORB_SLAM3/include/Viewer.h:23,
[37.420s]                  from /home/j/colcon_ws/ORB_SLAM3/include/Tracking.h:26,
[37.420s]                  from /home/j/colcon_ws/ORB_SLAM3/include/System.h:31,
[37.420s]                  from /home/j/colcon_ws/src/orbslam3_ros2/src/monocular/monocular-slam-node.hpp:9,
[37.420s]                  from /home/j/colcon_ws/src/orbslam3_ros2/src/monocular/monocular-slam-node.cpp:1:
[37.420s] /home/j/colcon_ws/ORB_SLAM3/include/CameraModels/Pinhole.h: In member function ‘virtual bool ORB_SLAM3::Pinhole::matchAndtriangulate(const cv::KeyPoint&, const cv::KeyPoint&, ORB_SLAM3::GeometricCamera*, Sophus::SE3f&, Sophus::SE3f&, float, float, Eigen::Vector3f&)’:
[37.420s] /home/j/colcon_ws/ORB_SLAM3/include/CameraModels/Pinhole.h:83:54: warning: unused parameter ‘kp1’ [-Wunused-parameter]
[37.420s]    83 |         bool matchAndtriangulate(const cv::KeyPoint& kp1, const cv::KeyPoint& kp2, GeometricCamera* pOther,
[37.420s]       |                                  ~~~~~~~~~~~~~~~~~~~~^~~
[37.420s] /home/j/colcon_ws/ORB_SLAM3/include/CameraModels/Pinhole.h:83:79: warning: unused parameter ‘kp2’ [-Wunused-parameter]
[37.420s]    83 |         bool matchAndtriangulate(const cv::KeyPoint& kp1, const cv::KeyPoint& kp2, GeometricCamera* pOther,
[37.420s]       |                                                           ~~~~~~~~~~~~~~~~~~~~^~~
[37.421s] /home/j/colcon_ws/ORB_SLAM3/include/CameraModels/Pinhole.h:83:101: warning: unused parameter ‘pOther’ [-Wunused-parameter]
[37.421s]    83 |         bool matchAndtriangulate(const cv::KeyPoint& kp1, const cv::KeyPoint& kp2, GeometricCamera* pOther,
[37.421s]       |                                                                                    ~~~~~~~~~~~~~~~~~^~~~~~
[37.421s] /home/j/colcon_ws/ORB_SLAM3/include/CameraModels/Pinhole.h:84:48: warning: unused parameter ‘Tcw1’ [-Wunused-parameter]
[37.421s]    84 |                                  Sophus::SE3f& Tcw1, Sophus::SE3f& Tcw2,
[37.421s]       |                                  ~~~~~~~~~~~~~~^~~~
[37.421s] /home/j/colcon_ws/ORB_SLAM3/include/CameraModels/Pinhole.h:84:68: warning: unused parameter ‘Tcw2’ [-Wunused-parameter]
[37.421s]    84 |                                  Sophus::SE3f& Tcw1, Sophus::SE3f& Tcw2,
[37.421s]       |                                                      ~~~~~~~~~~~~~~^~~~
[37.421s] /home/j/colcon_ws/ORB_SLAM3/include/CameraModels/Pinhole.h:85:46: warning: unused parameter ‘sigmaLevel1’ [-Wunused-parameter]
[37.421s]    85 |                                  const float sigmaLevel1, const float sigmaLevel2,
[37.421s]       |                                  ~~~~~~~~~~~~^~~~~~~~~~~
[37.421s] /home/j/colcon_ws/ORB_SLAM3/include/CameraModels/Pinhole.h:85:71: warning: unused parameter ‘sigmaLevel2’ [-Wunused-parameter]
[37.422s]    85 |                                  const float sigmaLevel1, const float sigmaLevel2,
[37.422s]       |                                                           ~~~~~~~~~~~~^~~~~~~~~~~
[37.422s] /home/j/colcon_ws/ORB_SLAM3/include/CameraModels/Pinhole.h:86:51: warning: unused parameter ‘x3Dtriangulated’ [-Wunused-parameter]
[37.422s]    86 |                                  Eigen::Vector3f& x3Dtriangulated) { return false;}
[37.422s]       |                                  ~~~~~~~~~~~~~~~~~^~~~~~~~~~~~~~~
[37.422s] In file included from /home/j/colcon_ws/ORB_SLAM3/include/Atlas.h:26,
[37.422s]                  from /home/j/colcon_ws/ORB_SLAM3/include/FrameDrawer.h:25,
[37.422s]                  from /home/j/colcon_ws/ORB_SLAM3/include/Viewer.h:23,
[37.422s]                  from /home/j/colcon_ws/ORB_SLAM3/include/Tracking.h:26,
[37.422s]                  from /home/j/colcon_ws/ORB_SLAM3/include/System.h:31,
[37.422s]                  from /home/j/colcon_ws/src/orbslam3_ros2/src/stereo-inertial/stereo-inertial-node.hpp:10,
[37.422s]                  from /home/j/colcon_ws/src/orbslam3_ros2/src/stereo-inertial/stereo-inertial-node.cpp:1:
[37.422s] /home/j/colcon_ws/ORB_SLAM3/include/CameraModels/Pinhole.h: In member function ‘virtual bool ORB_SLAM3::Pinhole::matchAndtriangulate(const cv::KeyPoint&, const cv::KeyPoint&, ORB_SLAM3::GeometricCamera*, Sophus::SE3f&, Sophus::SE3f&, float, float, Eigen::Vector3f&)’:
[37.423s] /home/j/colcon_ws/ORB_SLAM3/include/CameraModels/Pinhole.h:83:54: warning: unused parameter ‘kp1’ [-Wunused-parameter]
[37.423s]    83 |         bool matchAndtriangulate(const cv::KeyPoint& kp1, const cv::KeyPoint& kp2, GeometricCamera* pOther,
[37.423s]       |                                  ~~~~~~~~~~~~~~~~~~~~^~~
[37.423s] /home/j/colcon_ws/ORB_SLAM3/include/CameraModels/Pinhole.h:83:79: warning: unused parameter ‘kp2’ [-Wunused-parameter]
[37.423s]    83 |         bool matchAndtriangulate(const cv::KeyPoint& kp1, const cv::KeyPoint& kp2, GeometricCamera* pOther,
[37.423s]       |                                                           ~~~~~~~~~~~~~~~~~~~~^~~
[37.423s] /home/j/colcon_ws/ORB_SLAM3/include/CameraModels/Pinhole.h:83:101: warning: unused parameter ‘pOther’ [-Wunused-parameter]
[37.423s]    83 |         bool matchAndtriangulate(const cv::KeyPoint& kp1, const cv::KeyPoint& kp2, GeometricCamera* pOther,
[37.423s]       |                                                                                    ~~~~~~~~~~~~~~~~~^~~~~~
[37.423s] /home/j/colcon_ws/ORB_SLAM3/include/CameraModels/Pinhole.h:84:48: warning: unused parameter ‘Tcw1’ [-Wunused-parameter]
[37.423s]    84 |                                  Sophus::SE3f& Tcw1, Sophus::SE3f& Tcw2,
[37.423s]       |                                  ~~~~~~~~~~~~~~^~~~
[37.423s] /home/j/colcon_ws/ORB_SLAM3/include/CameraModels/Pinhole.h:84:68: warning: unused parameter ‘Tcw2’ [-Wunused-parameter]
[37.424s]    84 |                                  Sophus::SE3f& Tcw1, Sophus::SE3f& Tcw2,
[37.424s]       |                                                      ~~~~~~~~~~~~~~^~~~
[37.424s] /home/j/colcon_ws/ORB_SLAM3/include/CameraModels/Pinhole.h:85:46: warning: unused parameter ‘sigmaLevel1’ [-Wunused-parameter]
[37.424s]    85 |                                  const float sigmaLevel1, const float sigmaLevel2,
[37.424s]       |                                  ~~~~~~~~~~~~^~~~~~~~~~~
[37.424s] /home/j/colcon_ws/ORB_SLAM3/include/CameraModels/Pinhole.h:85:71: warning: unused parameter ‘sigmaLevel2’ [-Wunused-parameter]
[37.424s]    85 |                                  const float sigmaLevel1, const float sigmaLevel2,
[37.424s]       |                                                           ~~~~~~~~~~~~^~~~~~~~~~~
[37.424s] /home/j/colcon_ws/ORB_SLAM3/include/CameraModels/Pinhole.h:86:51: warning: unused parameter ‘x3Dtriangulated’ [-Wunused-parameter]
[37.424s]    86 |                                  Eigen::Vector3f& x3Dtriangulated) { return false;}
[37.424s]       |                                  ~~~~~~~~~~~~~~~~~^~~~~~~~~~~~~~~
[37.424s] In file included from /home/j/colcon_ws/ORB_SLAM3/include/Atlas.h:27,
[37.424s]                  from /home/j/colcon_ws/ORB_SLAM3/include/FrameDrawer.h:25,
[37.425s]                  from /home/j/colcon_ws/ORB_SLAM3/include/Viewer.h:23,
[37.425s]                  from /home/j/colcon_ws/ORB_SLAM3/include/Tracking.h:26,
[37.425s]                  from /home/j/colcon_ws/ORB_SLAM3/include/System.h:31,
[37.425s]                  from /home/j/colcon_ws/src/orbslam3_ros2/src/stereo-inertial/stereo-inertial-node.hpp:10,
[37.425s]                  from /home/j/colcon_ws/src/orbslam3_ros2/src/stereo-inertial/stereo-inertial.cpp:7:
[37.425s] /home/j/colcon_ws/ORB_SLAM3/include/CameraModels/KannalaBrandt8.h: In constructor ‘ORB_SLAM3::KannalaBrandt8::KannalaBrandt8(std::vector<float>)’:
[37.425s] /home/j/colcon_ws/ORB_SLAM3/include/CameraModels/KannalaBrandt8.h:102:21: warning: ‘ORB_SLAM3::KannalaBrandt8::precision’ will be initialized after [-Wreorder]
[37.425s]   102 |         const float precision;
[37.425s]       |                     ^~~~~~~~~
[37.425s] /home/j/colcon_ws/ORB_SLAM3/include/CameraModels/KannalaBrandt8.h:88:26: warning:   ‘std::vector<int> ORB_SLAM3::KannalaBrandt8::mvLappingArea’ [-Wreorder]
[37.425s]    88 |         std::vector<int> mvLappingArea;
[37.425s]       |                          ^~~~~~~~~~~~~
[37.425s] In file included from /home/j/colcon_ws/ORB_SLAM3/include/Atlas.h:27,
[37.426s]                  from /home/j/colcon_ws/ORB_SLAM3/include/FrameDrawer.h:25,
[37.426s]                  from /home/j/colcon_ws/ORB_SLAM3/include/Viewer.h:23,
[37.426s]                  from /home/j/colcon_ws/ORB_SLAM3/include/Tracking.h:26,
[37.426s]                  from /home/j/colcon_ws/ORB_SLAM3/include/System.h:31,
[37.426s]                  from /home/j/colcon_ws/src/orbslam3_ros2/src/stereo-inertial/stereo-inertial-node.hpp:10,
[37.426s]                  from /home/j/colcon_ws/src/orbslam3_ros2/src/stereo-inertial/stereo-inertial.cpp:7:
[37.426s] /home/j/colcon_ws/ORB_SLAM3/include/CameraModels/KannalaBrandt8.h:47:9: warning:   when initialized here [-Wreorder]
[37.426s]    47 |         KannalaBrandt8(const std::vector<float> _vParameters) : GeometricCamera(_vParameters), precision(1e-6), mvLappingArea(2,0) ,tvr(nullptr) {
[37.426s]       |         ^~~~~~~~~~~~~~
[37.426s] In file included from /home/j/colcon_ws/ORB_SLAM3/include/Atlas.h:27,
[37.426s]                  from /home/j/colcon_ws/ORB_SLAM3/include/FrameDrawer.h:25,
[37.426s]                  from /home/j/colcon_ws/ORB_SLAM3/include/Viewer.h:23,
[37.427s]                  from /home/j/colcon_ws/ORB_SLAM3/include/Tracking.h:26,
[37.427s]                  from /home/j/colcon_ws/ORB_SLAM3/include/System.h:31,
[37.427s]                  from /home/j/colcon_ws/src/orbslam3_ros2/src/stereo-inertial/stereo-inertial-node.hpp:10,
[37.427s]                  from /home/j/colcon_ws/src/orbslam3_ros2/src/stereo-inertial/stereo-inertial.cpp:7:
[37.427s] /home/j/colcon_ws/ORB_SLAM3/include/CameraModels/KannalaBrandt8.h: In constructor ‘ORB_SLAM3::KannalaBrandt8::KannalaBrandt8(std::vector<float>, float)’:
[37.427s] /home/j/colcon_ws/ORB_SLAM3/include/CameraModels/KannalaBrandt8.h:102:21: warning: ‘ORB_SLAM3::KannalaBrandt8::precision’ will be initialized after [-Wreorder]
[37.427s]   102 |         const float precision;
[37.427s]       |                     ^~~~~~~~~
[37.427s] /home/j/colcon_ws/ORB_SLAM3/include/CameraModels/KannalaBrandt8.h:88:26: warning:   ‘std::vector<int> ORB_SLAM3::KannalaBrandt8::mvLappingArea’ [-Wreorder]
[37.427s]    88 |         std::vector<int> mvLappingArea;
[37.427s]       |                          ^~~~~~~~~~~~~
[37.427s] /home/j/colcon_ws/ORB_SLAM3/include/CameraModels/KannalaBrandt8.h:53:9: warning:   when initialized here [-Wreorder]
[37.428s]    53 |         KannalaBrandt8(const std::vector<float> _vParameters, const float _precision) : GeometricCamera(_vParameters),
[37.428s]       |         ^~~~~~~~~~~~~~
[37.428s] In file included from /home/j/colcon_ws/ORB_SLAM3/include/Atlas.h:27,
[37.428s]                  from /home/j/colcon_ws/ORB_SLAM3/include/FrameDrawer.h:25,
[37.428s]                  from /home/j/colcon_ws/ORB_SLAM3/include/Viewer.h:23,
[37.428s]                  from /home/j/colcon_ws/ORB_SLAM3/include/Tracking.h:26,
[37.428s]                  from /home/j/colcon_ws/ORB_SLAM3/include/System.h:31,
[37.428s]                  from /home/j/colcon_ws/src/orbslam3_ros2/src/monocular/monocular-slam-node.hpp:9,
[37.428s]                  from /home/j/colcon_ws/src/orbslam3_ros2/src/monocular/monocular-slam-node.cpp:1:
[37.428s] /home/j/colcon_ws/ORB_SLAM3/include/CameraModels/KannalaBrandt8.h: In constructor ‘ORB_SLAM3::KannalaBrandt8::KannalaBrandt8(std::vector<float>)’:
[37.428s] /home/j/colcon_ws/ORB_SLAM3/include/CameraModels/KannalaBrandt8.h:102:21: warning: ‘ORB_SLAM3::KannalaBrandt8::precision’ will be initialized after [-Wreorder]
[37.428s]   102 |         const float precision;
[37.429s]       |                     ^~~~~~~~~
[37.429s] /home/j/colcon_ws/ORB_SLAM3/include/CameraModels/KannalaBrandt8.h:88:26: warning:   ‘std::vector<int> ORB_SLAM3::KannalaBrandt8::mvLappingArea’ [-Wreorder]
[37.429s]    88 |         std::vector<int> mvLappingArea;
[37.429s]       |                          ^~~~~~~~~~~~~
[37.429s] In file included from /home/j/colcon_ws/ORB_SLAM3/include/Atlas.h:27,
[37.429s]                  from /home/j/colcon_ws/ORB_SLAM3/include/FrameDrawer.h:25,
[37.429s]                  from /home/j/colcon_ws/ORB_SLAM3/include/Viewer.h:23,
[37.429s]                  from /home/j/colcon_ws/ORB_SLAM3/include/Tracking.h:26,
[37.429s]                  from /home/j/colcon_ws/ORB_SLAM3/include/System.h:31,
[37.429s]                  from /home/j/colcon_ws/src/orbslam3_ros2/src/monocular/monocular-slam-node.hpp:9,
[37.429s]                  from /home/j/colcon_ws/src/orbslam3_ros2/src/monocular/monocular-slam-node.cpp:1:
[37.429s] /home/j/colcon_ws/ORB_SLAM3/include/CameraModels/KannalaBrandt8.h:47:9: warning:   when initialized here [-Wreorder]
[37.429s]    47 |         KannalaBrandt8(const std::vector<float> _vParameters) : GeometricCamera(_vParameters), precision(1e-6), mvLappingArea(2,0) ,tvr(nullptr) {
[37.430s]       |         ^~~~~~~~~~~~~~
[37.430s] /home/j/colcon_ws/ORB_SLAM3/include/CameraModels/KannalaBrandt8.h: In constructor ‘ORB_SLAM3::KannalaBrandt8::KannalaBrandt8(ORB_SLAM3::KannalaBrandt8*)’:
[37.430s] /home/j/colcon_ws/ORB_SLAM3/include/CameraModels/KannalaBrandt8.h:102:21: warning: ‘ORB_SLAM3::KannalaBrandt8::precision’ will be initialized after [-Wreorder]
[37.430s]   102 |         const float precision;
[37.430s]       |                     ^~~~~~~~~
[37.430s] /home/j/colcon_ws/ORB_SLAM3/include/CameraModels/KannalaBrandt8.h:88:26: warning:   ‘std::vector<int> ORB_SLAM3::KannalaBrandt8::mvLappingArea’ [-Wreorder]
[37.430s]    88 |         std::vector<int> mvLappingArea;
[37.430s]       |                          ^~~~~~~~~~~~~
[37.430s] /home/j/colcon_ws/ORB_SLAM3/include/CameraModels/KannalaBrandt8.h:59:9: warning:   when initialized here [-Wreorder]
[37.430s]    59 |         KannalaBrandt8(KannalaBrandt8* pKannala) : GeometricCamera(pKannala->mvParameters), precision(pKannala->precision), mvLappingArea(2,0) ,tvr(nullptr) {
[37.430s]       |         ^~~~~~~~~~~~~~
[37.430s] In file included from /home/j/colcon_ws/ORB_SLAM3/include/Atlas.h:27,
[37.430s]                  from /home/j/colcon_ws/ORB_SLAM3/include/FrameDrawer.h:25,
[37.431s]                  from /home/j/colcon_ws/ORB_SLAM3/include/Viewer.h:23,
[37.431s]                  from /home/j/colcon_ws/ORB_SLAM3/include/Tracking.h:26,
[37.431s]                  from /home/j/colcon_ws/ORB_SLAM3/include/System.h:31,
[37.431s]                  from /home/j/colcon_ws/src/orbslam3_ros2/src/stereo-inertial/stereo-inertial-node.hpp:10,
[37.431s]                  from /home/j/colcon_ws/src/orbslam3_ros2/src/stereo-inertial/stereo-inertial-node.cpp:1:
[37.431s] /home/j/colcon_ws/ORB_SLAM3/include/CameraModels/KannalaBrandt8.h: In constructor ‘ORB_SLAM3::KannalaBrandt8::KannalaBrandt8(std::vector<float>)’:
[37.431s] /home/j/colcon_ws/ORB_SLAM3/include/CameraModels/KannalaBrandt8.h:102:21: warning: ‘ORB_SLAM3::KannalaBrandt8::precision’ will be initialized after [-Wreorder]
[37.431s]   102 |         const float precision;
[37.431s]       |                     ^~~~~~~~~
[37.431s] /home/j/colcon_ws/ORB_SLAM3/include/CameraModels/KannalaBrandt8.h:88:26: warning:   ‘std::vector<int> ORB_SLAM3::KannalaBrandt8::mvLappingArea’ [-Wreorder]
[37.431s]    88 |         std::vector<int> mvLappingArea;
[37.431s]       |                          ^~~~~~~~~~~~~
[37.432s] In file included from /home/j/colcon_ws/ORB_SLAM3/include/Atlas.h:27,
[37.432s]                  from /home/j/colcon_ws/ORB_SLAM3/include/FrameDrawer.h:25,
[37.432s]                  from /home/j/colcon_ws/ORB_SLAM3/include/Viewer.h:23,
[37.432s]                  from /home/j/colcon_ws/ORB_SLAM3/include/Tracking.h:26,
[37.432s]                  from /home/j/colcon_ws/ORB_SLAM3/include/System.h:31,
[37.432s]                  from /home/j/colcon_ws/src/orbslam3_ros2/src/monocular/monocular-slam-node.hpp:9,
[37.432s]                  from /home/j/colcon_ws/src/orbslam3_ros2/src/monocular/monocular-slam-node.cpp:1:
[37.432s] /home/j/colcon_ws/ORB_SLAM3/include/CameraModels/KannalaBrandt8.h: In constructor ‘ORB_SLAM3::KannalaBrandt8::KannalaBrandt8(std::vector<float>, float)’:
[37.432s] /home/j/colcon_ws/ORB_SLAM3/include/CameraModels/KannalaBrandt8.h:102:21: warning: ‘ORB_SLAM3::KannalaBrandt8::precision’ will be initialized after [-Wreorder]
[37.432s]   102 |         const float precision;
[37.432s]       |                     ^~~~~~~~~
[37.432s] In file included from /home/j/colcon_ws/ORB_SLAM3/include/Atlas.h:27,
[37.432s]                  from /home/j/colcon_ws/ORB_SLAM3/include/FrameDrawer.h:25,
[37.433s]                  from /home/j/colcon_ws/ORB_SLAM3/include/Viewer.h:23,
[37.433s]                  from /home/j/colcon_ws/ORB_SLAM3/include/Tracking.h:26,
[37.433s]                  from /home/j/colcon_ws/ORB_SLAM3/include/System.h:31,
[37.433s]                  from /home/j/colcon_ws/src/orbslam3_ros2/src/stereo-inertial/stereo-inertial-node.hpp:10,
[37.433s]                  from /home/j/colcon_ws/src/orbslam3_ros2/src/stereo-inertial/stereo-inertial-node.cpp:1:
[37.433s] /home/j/colcon_ws/ORB_SLAM3/include/CameraModels/KannalaBrandt8.h:47:9: warning:   when initialized here [-Wreorder]
[37.433s]    47 |         KannalaBrandt8(const std::vector<float> _vParameters) : GeometricCamera(_vParameters), precision(1e-6), mvLappingArea(2,0) ,tvr(nullptr) {
[37.433s]       |         ^~~~~~~~~~~~~~
[37.433s] /home/j/colcon_ws/ORB_SLAM3/include/CameraModels/KannalaBrandt8.h:88:26: warning:   ‘std::vector<int> ORB_SLAM3::KannalaBrandt8::mvLappingArea’ [-Wreorder]
[37.433s]    88 |         std::vector<int> mvLappingArea;
[37.433s]       |                          ^~~~~~~~~~~~~
[37.433s] /home/j/colcon_ws/ORB_SLAM3/include/CameraModels/KannalaBrandt8.h:53:9: warning:   when initialized here [-Wreorder]
[37.433s]    53 |         KannalaBrandt8(const std::vector<float> _vParameters, const float _precision) : GeometricCamera(_vParameters),
[37.434s]       |         ^~~~~~~~~~~~~~
[37.434s] /home/j/colcon_ws/ORB_SLAM3/include/CameraModels/KannalaBrandt8.h: In constructor ‘ORB_SLAM3::KannalaBrandt8::KannalaBrandt8(ORB_SLAM3::KannalaBrandt8*)’:
[37.434s] /home/j/colcon_ws/ORB_SLAM3/include/CameraModels/KannalaBrandt8.h:102:21: warning: ‘ORB_SLAM3::KannalaBrandt8::precision’ will be initialized after [-Wreorder]
[37.434s]   102 |         const float precision;
[37.434s]       |                     ^~~~~~~~~
[37.434s] /home/j/colcon_ws/ORB_SLAM3/include/CameraModels/KannalaBrandt8.h:88:26: warning:   ‘std::vector<int> ORB_SLAM3::KannalaBrandt8::mvLappingArea’ [-Wreorder]
[37.434s]    88 |         std::vector<int> mvLappingArea;
[37.434s]       |                          ^~~~~~~~~~~~~
[37.434s] /home/j/colcon_ws/ORB_SLAM3/include/CameraModels/KannalaBrandt8.h:59:9: warning:   when initialized here [-Wreorder]
[37.434s]    59 |         KannalaBrandt8(KannalaBrandt8* pKannala) : GeometricCamera(pKannala->mvParameters), precision(pKannala->precision), mvLappingArea(2,0) ,tvr(nullptr) {
[37.434s]       |         ^~~~~~~~~~~~~~
[37.434s] In file included from /home/j/colcon_ws/ORB_SLAM3/include/Atlas.h:27,
[37.435s]                  from /home/j/colcon_ws/ORB_SLAM3/include/FrameDrawer.h:25,
[37.435s]                  from /home/j/colcon_ws/ORB_SLAM3/include/Viewer.h:23,
[37.435s]                  from /home/j/colcon_ws/ORB_SLAM3/include/Tracking.h:26,
[37.435s]                  from /home/j/colcon_ws/ORB_SLAM3/include/System.h:31,
[37.435s]                  from /home/j/colcon_ws/src/orbslam3_ros2/src/stereo-inertial/stereo-inertial-node.hpp:10,
[37.435s]                  from /home/j/colcon_ws/src/orbslam3_ros2/src/stereo-inertial/stereo-inertial-node.cpp:1:
[37.435s] /home/j/colcon_ws/ORB_SLAM3/include/CameraModels/KannalaBrandt8.h: In constructor ‘ORB_SLAM3::KannalaBrandt8::KannalaBrandt8(std::vector<float>, float)’:
[37.435s] /home/j/colcon_ws/ORB_SLAM3/include/CameraModels/KannalaBrandt8.h:102:21: warning: ‘ORB_SLAM3::KannalaBrandt8::precision’ will be initialized after [-Wreorder]
[37.436s]   102 |         const float precision;
[37.436s]       |                     ^~~~~~~~~
[37.436s] /home/j/colcon_ws/ORB_SLAM3/include/CameraModels/KannalaBrandt8.h:88:26: warning:   ‘std::vector<int> ORB_SLAM3::KannalaBrandt8::mvLappingArea’ [-Wreorder]
[37.436s]    88 |         std::vector<int> mvLappingArea;
[37.436s]       |                          ^~~~~~~~~~~~~
[37.436s] /home/j/colcon_ws/ORB_SLAM3/include/CameraModels/KannalaBrandt8.h:53:9: warning:   when initialized here [-Wreorder]
[37.436s]    53 |         KannalaBrandt8(const std::vector<float> _vParameters, const float _precision) : GeometricCamera(_vParameters),
[37.436s]       |         ^~~~~~~~~~~~~~
[37.437s] /home/j/colcon_ws/ORB_SLAM3/include/CameraModels/KannalaBrandt8.h: In constructor ‘ORB_SLAM3::KannalaBrandt8::KannalaBrandt8(ORB_SLAM3::KannalaBrandt8*)’:
[37.437s] /home/j/colcon_ws/ORB_SLAM3/include/CameraModels/KannalaBrandt8.h:102:21: warning: ‘ORB_SLAM3::KannalaBrandt8::precision’ will be initialized after [-Wreorder]
[37.437s]   102 |         const float precision;
[37.437s]       |                     ^~~~~~~~~
[37.437s] /home/j/colcon_ws/ORB_SLAM3/include/CameraModels/KannalaBrandt8.h:88:26: warning:   ‘std::vector<int> ORB_SLAM3::KannalaBrandt8::mvLappingArea’ [-Wreorder]
[37.438s]    88 |         std::vector<int> mvLappingArea;
[37.438s]       |                          ^~~~~~~~~~~~~
[37.438s] /home/j/colcon_ws/ORB_SLAM3/include/CameraModels/KannalaBrandt8.h:59:9: warning:   when initialized here [-Wreorder]
[37.438s]    59 |         KannalaBrandt8(KannalaBrandt8* pKannala) : GeometricCamera(pKannala->mvParameters), precision(pKannala->precision), mvLappingArea(2,0) ,tvr(nullptr) {
[37.438s]       |         ^~~~~~~~~~~~~~
[37.438s] In file included from /home/j/colcon_ws/ORB_SLAM3/include/Atlas.h:26,
[37.438s]                  from /home/j/colcon_ws/ORB_SLAM3/include/FrameDrawer.h:25,
[37.438s]                  from /home/j/colcon_ws/ORB_SLAM3/include/Viewer.h:23,
[37.438s]                  from /home/j/colcon_ws/ORB_SLAM3/include/Tracking.h:26,
[37.438s]                  from /home/j/colcon_ws/ORB_SLAM3/include/System.h:31,
[37.438s]                  from /home/j/colcon_ws/src/orbslam3_ros2/src/monocular/monocular-slam-node.hpp:9,
[37.438s]                  from /home/j/colcon_ws/src/orbslam3_ros2/src/monocular/mono.cpp:7:
[37.438s] /home/j/colcon_ws/ORB_SLAM3/include/CameraModels/Pinhole.h: In member function ‘virtual bool ORB_SLAM3::Pinhole::matchAndtriangulate(const cv::KeyPoint&, const cv::KeyPoint&, ORB_SLAM3::GeometricCamera*, Sophus::SE3f&, Sophus::SE3f&, float, float, Eigen::Vector3f&)’:
[37.439s] /home/j/colcon_ws/ORB_SLAM3/include/CameraModels/Pinhole.h:83:54: warning: unused parameter ‘kp1’ [-Wunused-parameter]
[37.439s]    83 |         bool matchAndtriangulate(const cv::KeyPoint& kp1, const cv::KeyPoint& kp2, GeometricCamera* pOther,
[37.439s]       |                                  ~~~~~~~~~~~~~~~~~~~~^~~
[37.439s] /home/j/colcon_ws/ORB_SLAM3/include/CameraModels/Pinhole.h:83:79: warning: unused parameter ‘kp2’ [-Wunused-parameter]
[37.439s]    83 |         bool matchAndtriangulate(const cv::KeyPoint& kp1, const cv::KeyPoint& kp2, GeometricCamera* pOther,
[37.439s]       |                                                           ~~~~~~~~~~~~~~~~~~~~^~~
[37.439s] /home/j/colcon_ws/ORB_SLAM3/include/CameraModels/Pinhole.h:83:101: warning: unused parameter ‘pOther’ [-Wunused-parameter]
[37.439s]    83 |         bool matchAndtriangulate(const cv::KeyPoint& kp1, const cv::KeyPoint& kp2, GeometricCamera* pOther,
[37.439s]       |                                                                                    ~~~~~~~~~~~~~~~~~^~~~~~
[37.439s] /home/j/colcon_ws/ORB_SLAM3/include/CameraModels/Pinhole.h:84:48: warning: unused parameter ‘Tcw1’ [-Wunused-parameter]
[37.439s]    84 |                                  Sophus::SE3f& Tcw1, Sophus::SE3f& Tcw2,
[37.439s]       |                                  ~~~~~~~~~~~~~~^~~~
[37.439s] /home/j/colcon_ws/ORB_SLAM3/include/CameraModels/Pinhole.h:84:68: warning: unused parameter ‘Tcw2’ [-Wunused-parameter]
[37.440s]    84 |                                  Sophus::SE3f& Tcw1, Sophus::SE3f& Tcw2,
[37.440s]       |                                                      ~~~~~~~~~~~~~~^~~~
[37.440s] /home/j/colcon_ws/ORB_SLAM3/include/CameraModels/Pinhole.h:85:46: warning: unused parameter ‘sigmaLevel1’ [-Wunused-parameter]
[37.440s]    85 |                                  const float sigmaLevel1, const float sigmaLevel2,
[37.440s]       |                                  ~~~~~~~~~~~~^~~~~~~~~~~
[37.440s] /home/j/colcon_ws/ORB_SLAM3/include/CameraModels/Pinhole.h:85:71: warning: unused parameter ‘sigmaLevel2’ [-Wunused-parameter]
[37.440s]    85 |                                  const float sigmaLevel1, const float sigmaLevel2,
[37.440s]       |                                                           ~~~~~~~~~~~~^~~~~~~~~~~
[37.440s] /home/j/colcon_ws/ORB_SLAM3/include/CameraModels/Pinhole.h:86:51: warning: unused parameter ‘x3Dtriangulated’ [-Wunused-parameter]
[37.440s]    86 |                                  Eigen::Vector3f& x3Dtriangulated) { return false;}
[37.440s]       |                                  ~~~~~~~~~~~~~~~~~^~~~~~~~~~~~~~~
[37.440s] In file included from /home/j/colcon_ws/ORB_SLAM3/include/Atlas.h:27,
[37.440s]                  from /home/j/colcon_ws/ORB_SLAM3/include/FrameDrawer.h:25,
[37.441s]                  from /home/j/colcon_ws/ORB_SLAM3/include/Viewer.h:23,
[37.441s]                  from /home/j/colcon_ws/ORB_SLAM3/include/Tracking.h:26,
[37.441s]                  from /home/j/colcon_ws/ORB_SLAM3/include/System.h:31,
[37.441s]                  from /home/j/colcon_ws/src/orbslam3_ros2/src/monocular/monocular-slam-node.hpp:9,
[37.441s]                  from /home/j/colcon_ws/src/orbslam3_ros2/src/monocular/mono.cpp:7:
[37.441s] /home/j/colcon_ws/ORB_SLAM3/include/CameraModels/KannalaBrandt8.h: In constructor ‘ORB_SLAM3::KannalaBrandt8::KannalaBrandt8(std::vector<float>)’:
[37.441s] /home/j/colcon_ws/ORB_SLAM3/include/CameraModels/KannalaBrandt8.h:102:21: warning: ‘ORB_SLAM3::KannalaBrandt8::precision’ will be initialized after [-Wreorder]
[37.441s]   102 |         const float precision;
[37.441s]       |                     ^~~~~~~~~
[37.441s] /home/j/colcon_ws/ORB_SLAM3/include/CameraModels/KannalaBrandt8.h:88:26: warning:   ‘std::vector<int> ORB_SLAM3::KannalaBrandt8::mvLappingArea’ [-Wreorder]
[37.441s]    88 |         std::vector<int> mvLappingArea;
[37.441s]       |                          ^~~~~~~~~~~~~
[37.441s] In file included from /home/j/colcon_ws/ORB_SLAM3/include/Atlas.h:27,
[37.442s]                  from /home/j/colcon_ws/ORB_SLAM3/include/FrameDrawer.h:25,
[37.442s]                  from /home/j/colcon_ws/ORB_SLAM3/include/Viewer.h:23,
[37.442s]                  from /home/j/colcon_ws/ORB_SLAM3/include/Tracking.h:26,
[37.442s]                  from /home/j/colcon_ws/ORB_SLAM3/include/System.h:31,
[37.442s]                  from /home/j/colcon_ws/src/orbslam3_ros2/src/monocular/monocular-slam-node.hpp:9,
[37.442s]                  from /home/j/colcon_ws/src/orbslam3_ros2/src/monocular/mono.cpp:7:
[37.442s] /home/j/colcon_ws/ORB_SLAM3/include/CameraModels/KannalaBrandt8.h:47:9: warning:   when initialized here [-Wreorder]
[37.442s]    47 |         KannalaBrandt8(const std::vector<float> _vParameters) : GeometricCamera(_vParameters), precision(1e-6), mvLappingArea(2,0) ,tvr(nullptr) {
[37.442s]       |         ^~~~~~~~~~~~~~
[37.442s] In file included from /home/j/colcon_ws/ORB_SLAM3/include/Atlas.h:27,
[37.442s]                  from /home/j/colcon_ws/ORB_SLAM3/include/FrameDrawer.h:25,
[37.442s]                  from /home/j/colcon_ws/ORB_SLAM3/include/Viewer.h:23,
[37.442s]                  from /home/j/colcon_ws/ORB_SLAM3/include/Tracking.h:26,
[37.443s]                  from /home/j/colcon_ws/ORB_SLAM3/include/System.h:31,
[37.443s]                  from /home/j/colcon_ws/src/orbslam3_ros2/src/monocular/monocular-slam-node.hpp:9,
[37.443s]                  from /home/j/colcon_ws/src/orbslam3_ros2/src/monocular/mono.cpp:7:
[37.443s] /home/j/colcon_ws/ORB_SLAM3/include/CameraModels/KannalaBrandt8.h: In constructor ‘ORB_SLAM3::KannalaBrandt8::KannalaBrandt8(std::vector<float>, float)’:
[37.443s] /home/j/colcon_ws/ORB_SLAM3/include/CameraModels/KannalaBrandt8.h:102:21: warning: ‘ORB_SLAM3::KannalaBrandt8::precision’ will be initialized after [-Wreorder]
[37.443s]   102 |         const float precision;
[37.443s]       |                     ^~~~~~~~~
[37.443s] /home/j/colcon_ws/ORB_SLAM3/include/CameraModels/KannalaBrandt8.h:88:26: warning:   ‘std::vector<int> ORB_SLAM3::KannalaBrandt8::mvLappingArea’ [-Wreorder]
[37.443s]    88 |         std::vector<int> mvLappingArea;
[37.443s]       |                          ^~~~~~~~~~~~~
[37.443s] /home/j/colcon_ws/ORB_SLAM3/include/CameraModels/KannalaBrandt8.h:53:9: warning:   when initialized here [-Wreorder]
[37.444s]    53 |         KannalaBrandt8(const std::vector<float> _vParameters, const float _precision) : GeometricCamera(_vParameters),
[37.444s]       |         ^~~~~~~~~~~~~~
[37.444s] /home/j/colcon_ws/ORB_SLAM3/include/CameraModels/KannalaBrandt8.h: In constructor ‘ORB_SLAM3::KannalaBrandt8::KannalaBrandt8(ORB_SLAM3::KannalaBrandt8*)’:
[37.444s] /home/j/colcon_ws/ORB_SLAM3/include/CameraModels/KannalaBrandt8.h:102:21: warning: ‘ORB_SLAM3::KannalaBrandt8::precision’ will be initialized after [-Wreorder]
[37.444s]   102 |         const float precision;
[37.444s]       |                     ^~~~~~~~~
[37.444s] /home/j/colcon_ws/ORB_SLAM3/include/CameraModels/KannalaBrandt8.h:88:26: warning:   ‘std::vector<int> ORB_SLAM3::KannalaBrandt8::mvLappingArea’ [-Wreorder]
[37.444s]    88 |         std::vector<int> mvLappingArea;
[37.444s]       |                          ^~~~~~~~~~~~~
[37.444s] /home/j/colcon_ws/ORB_SLAM3/include/CameraModels/KannalaBrandt8.h:59:9: warning:   when initialized here [-Wreorder]
[37.444s]    59 |         KannalaBrandt8(KannalaBrandt8* pKannala) : GeometricCamera(pKannala->mvParameters), precision(pKannala->precision), mvLappingArea(2,0) ,tvr(nullptr) {
[37.444s]       |         ^~~~~~~~~~~~~~
[37.538s] In file included from /home/j/colcon_ws/ORB_SLAM3/include/Atlas.h:26,
[37.538s]                  from /home/j/colcon_ws/ORB_SLAM3/include/FrameDrawer.h:25,
[37.538s]                  from /home/j/colcon_ws/ORB_SLAM3/include/Viewer.h:23,
[37.538s]                  from /home/j/colcon_ws/ORB_SLAM3/include/Tracking.h:26,
[37.538s]                  from /home/j/colcon_ws/ORB_SLAM3/include/System.h:31,
[37.538s]                  from /home/j/colcon_ws/src/orbslam3_ros2/src/rgbd/rgbd-slam-node.hpp:18,
[37.538s]                  from /home/j/colcon_ws/src/orbslam3_ros2/src/rgbd/rgbd-slam-node.cpp:1:
[37.538s] /home/j/colcon_ws/ORB_SLAM3/include/CameraModels/Pinhole.h: In member function ‘virtual bool ORB_SLAM3::Pinhole::matchAndtriangulate(const cv::KeyPoint&, const cv::KeyPoint&, ORB_SLAM3::GeometricCamera*, Sophus::SE3f&, Sophus::SE3f&, float, float, Eigen::Vector3f&)’:
[37.538s] /home/j/colcon_ws/ORB_SLAM3/include/CameraModels/Pinhole.h:83:54: warning: unused parameter ‘kp1’ [-Wunused-parameter]
[37.539s]    83 |         bool matchAndtriangulate(const cv::KeyPoint& kp1, const cv::KeyPoint& kp2, GeometricCamera* pOther,
[37.539s]       |                                  ~~~~~~~~~~~~~~~~~~~~^~~
[37.539s] /home/j/colcon_ws/ORB_SLAM3/include/CameraModels/Pinhole.h:83:79: warning: unused parameter ‘kp2’ [-Wunused-parameter]
[37.539s]    83 |         bool matchAndtriangulate(const cv::KeyPoint& kp1, const cv::KeyPoint& kp2, GeometricCamera* pOther,
[37.540s]       |                                                           ~~~~~~~~~~~~~~~~~~~~^~~
[37.540s] /home/j/colcon_ws/ORB_SLAM3/include/CameraModels/Pinhole.h:83:101: warning: unused parameter ‘pOther’ [-Wunused-parameter]
[37.540s]    83 |         bool matchAndtriangulate(const cv::KeyPoint& kp1, const cv::KeyPoint& kp2, GeometricCamera* pOther,
[37.540s]       |                                                                                    ~~~~~~~~~~~~~~~~~^~~~~~
[37.540s] /home/j/colcon_ws/ORB_SLAM3/include/CameraModels/Pinhole.h:84:48: warning: unused parameter ‘Tcw1’ [-Wunused-parameter]
[37.540s]    84 |                                  Sophus::SE3f& Tcw1, Sophus::SE3f& Tcw2,
[37.540s]       |                                  ~~~~~~~~~~~~~~^~~~
[37.540s] /home/j/colcon_ws/ORB_SLAM3/include/CameraModels/Pinhole.h:84:68: warning: unused parameter ‘Tcw2’ [-Wunused-parameter]
[37.540s]    84 |                                  Sophus::SE3f& Tcw1, Sophus::SE3f& Tcw2,
[37.540s]       |                                                      ~~~~~~~~~~~~~~^~~~
[37.540s] /home/j/colcon_ws/ORB_SLAM3/include/CameraModels/Pinhole.h:85:46: warning: unused parameter ‘sigmaLevel1’ [-Wunused-parameter]
[37.541s]    85 |                                  const float sigmaLevel1, const float sigmaLevel2,
[37.541s]       |                                  ~~~~~~~~~~~~^~~~~~~~~~~
[37.541s] /home/j/colcon_ws/ORB_SLAM3/include/CameraModels/Pinhole.h:85:71: warning: unused parameter ‘sigmaLevel2’ [-Wunused-parameter]
[37.541s]    85 |                                  const float sigmaLevel1, const float sigmaLevel2,
[37.541s]       |                                                           ~~~~~~~~~~~~^~~~~~~~~~~
[37.541s] /home/j/colcon_ws/ORB_SLAM3/include/CameraModels/Pinhole.h:86:51: warning: unused parameter ‘x3Dtriangulated’ [-Wunused-parameter]
[37.541s]    86 |                                  Eigen::Vector3f& x3Dtriangulated) { return false;}
[37.541s]       |                                  ~~~~~~~~~~~~~~~~~^~~~~~~~~~~~~~~
[37.541s] In file included from /home/j/colcon_ws/ORB_SLAM3/include/Atlas.h:27,
[37.541s]                  from /home/j/colcon_ws/ORB_SLAM3/include/FrameDrawer.h:25,
[37.541s]                  from /home/j/colcon_ws/ORB_SLAM3/include/Viewer.h:23,
[37.542s]                  from /home/j/colcon_ws/ORB_SLAM3/include/Tracking.h:26,
[37.542s]                  from /home/j/colcon_ws/ORB_SLAM3/include/System.h:31,
[37.542s]                  from /home/j/colcon_ws/src/orbslam3_ros2/src/rgbd/rgbd-slam-node.hpp:18,
[37.542s]                  from /home/j/colcon_ws/src/orbslam3_ros2/src/rgbd/rgbd-slam-node.cpp:1:
[37.542s] /home/j/colcon_ws/ORB_SLAM3/include/CameraModels/KannalaBrandt8.h: In constructor ‘ORB_SLAM3::KannalaBrandt8::KannalaBrandt8(std::vector<float>)’:
[37.542s] /home/j/colcon_ws/ORB_SLAM3/include/CameraModels/KannalaBrandt8.h:102:21: warning: ‘ORB_SLAM3::KannalaBrandt8::precision’ will be initialized after [-Wreorder]
[37.542s]   102 |         const float precision;
[37.542s]       |                     ^~~~~~~~~
[37.542s] /home/j/colcon_ws/ORB_SLAM3/include/CameraModels/KannalaBrandt8.h:88:26: warning:   ‘std::vector<int> ORB_SLAM3::KannalaBrandt8::mvLappingArea’ [-Wreorder]
[37.542s]    88 |         std::vector<int> mvLappingArea;
[37.542s]       |                          ^~~~~~~~~~~~~
[37.543s] In file included from /home/j/colcon_ws/ORB_SLAM3/include/Atlas.h:27,
[37.543s]                  from /home/j/colcon_ws/ORB_SLAM3/include/FrameDrawer.h:25,
[37.543s]                  from /home/j/colcon_ws/ORB_SLAM3/include/Viewer.h:23,
[37.543s]                  from /home/j/colcon_ws/ORB_SLAM3/include/Tracking.h:26,
[37.543s]                  from /home/j/colcon_ws/ORB_SLAM3/include/System.h:31,
[37.543s]                  from /home/j/colcon_ws/src/orbslam3_ros2/src/rgbd/rgbd-slam-node.hpp:18,
[37.543s]                  from /home/j/colcon_ws/src/orbslam3_ros2/src/rgbd/rgbd-slam-node.cpp:1:
[37.543s] /home/j/colcon_ws/ORB_SLAM3/include/CameraModels/KannalaBrandt8.h:47:9: warning:   when initialized here [-Wreorder]
[37.543s]    47 |         KannalaBrandt8(const std::vector<float> _vParameters) : GeometricCamera(_vParameters), precision(1e-6), mvLappingArea(2,0) ,tvr(nullptr) {
[37.543s]       |         ^~~~~~~~~~~~~~
[37.543s] In file included from /home/j/colcon_ws/ORB_SLAM3/include/Atlas.h:27,
[37.543s]                  from /home/j/colcon_ws/ORB_SLAM3/include/FrameDrawer.h:25,
[37.544s]                  from /home/j/colcon_ws/ORB_SLAM3/include/Viewer.h:23,
[37.544s]                  from /home/j/colcon_ws/ORB_SLAM3/include/Tracking.h:26,
[37.544s]                  from /home/j/colcon_ws/ORB_SLAM3/include/System.h:31,
[37.544s]                  from /home/j/colcon_ws/src/orbslam3_ros2/src/rgbd/rgbd-slam-node.hpp:18,
[37.544s]                  from /home/j/colcon_ws/src/orbslam3_ros2/src/rgbd/rgbd-slam-node.cpp:1:
[37.544s] /home/j/colcon_ws/ORB_SLAM3/include/CameraModels/KannalaBrandt8.h: In constructor ‘ORB_SLAM3::KannalaBrandt8::KannalaBrandt8(std::vector<float>, float)’:
[37.544s] /home/j/colcon_ws/ORB_SLAM3/include/CameraModels/KannalaBrandt8.h:102:21: warning: ‘ORB_SLAM3::KannalaBrandt8::precision’ will be initialized after [-Wreorder]
[37.544s]   102 |         const float precision;
[37.544s]       |                     ^~~~~~~~~
[37.544s] /home/j/colcon_ws/ORB_SLAM3/include/CameraModels/KannalaBrandt8.h:88:26: warning:   ‘std::vector<int> ORB_SLAM3::KannalaBrandt8::mvLappingArea’ [-Wreorder]
[37.544s]    88 |         std::vector<int> mvLappingArea;
[37.545s]       |                          ^~~~~~~~~~~~~
[37.545s] /home/j/colcon_ws/ORB_SLAM3/include/CameraModels/KannalaBrandt8.h:53:9: warning:   when initialized here [-Wreorder]
[37.545s]    53 |         KannalaBrandt8(const std::vector<float> _vParameters, const float _precision) : GeometricCamera(_vParameters),
[37.545s]       |         ^~~~~~~~~~~~~~
[37.545s] /home/j/colcon_ws/ORB_SLAM3/include/CameraModels/KannalaBrandt8.h: In constructor ‘ORB_SLAM3::KannalaBrandt8::KannalaBrandt8(ORB_SLAM3::KannalaBrandt8*)’:
[37.545s] /home/j/colcon_ws/ORB_SLAM3/include/CameraModels/KannalaBrandt8.h:102:21: warning: ‘ORB_SLAM3::KannalaBrandt8::precision’ will be initialized after [-Wreorder]
[37.545s]   102 |         const float precision;
[37.545s]       |                     ^~~~~~~~~
[37.545s] /home/j/colcon_ws/ORB_SLAM3/include/CameraModels/KannalaBrandt8.h:88:26: warning:   ‘std::vector<int> ORB_SLAM3::KannalaBrandt8::mvLappingArea’ [-Wreorder]
[37.545s]    88 |         std::vector<int> mvLappingArea;
[37.545s]       |                          ^~~~~~~~~~~~~
[37.546s] /home/j/colcon_ws/ORB_SLAM3/include/CameraModels/KannalaBrandt8.h:59:9: warning:   when initialized here [-Wreorder]
[37.546s]    59 |         KannalaBrandt8(KannalaBrandt8* pKannala) : GeometricCamera(pKannala->mvParameters), precision(pKannala->precision), mvLappingArea(2,0) ,tvr(nullptr) {
[37.546s]       |         ^~~~~~~~~~~~~~
[37.618s] In file included from /home/j/colcon_ws/ORB_SLAM3/include/Atlas.h:26,
[37.618s]                  from /home/j/colcon_ws/ORB_SLAM3/include/FrameDrawer.h:25,
[37.619s]                  from /home/j/colcon_ws/ORB_SLAM3/include/Viewer.h:23,
[37.619s]                  from /home/j/colcon_ws/ORB_SLAM3/include/Tracking.h:26,
[37.619s]                  from /home/j/colcon_ws/ORB_SLAM3/include/System.h:31,
[37.619s]                  from /home/j/colcon_ws/src/orbslam3_ros2/src/stereo/stereo-slam-node.hpp:13,
[37.619s]                  from /home/j/colcon_ws/src/orbslam3_ros2/src/stereo/stereo.cpp:7:
[37.620s] /home/j/colcon_ws/ORB_SLAM3/include/CameraModels/Pinhole.h: In member function ‘virtual bool ORB_SLAM3::Pinhole::matchAndtriangulate(const cv::KeyPoint&, const cv::KeyPoint&, ORB_SLAM3::GeometricCamera*, Sophus::SE3f&, Sophus::SE3f&, float, float, Eigen::Vector3f&)’:
[37.620s] /home/j/colcon_ws/ORB_SLAM3/include/CameraModels/Pinhole.h:83:54: warning: unused parameter ‘kp1’ [-Wunused-parameter]
[37.620s]    83 |         bool matchAndtriangulate(const cv::KeyPoint& kp1, const cv::KeyPoint& kp2, GeometricCamera* pOther,
[37.620s]       |                                  ~~~~~~~~~~~~~~~~~~~~^~~
[37.620s] /home/j/colcon_ws/ORB_SLAM3/include/CameraModels/Pinhole.h:83:79: warning: unused parameter ‘kp2’ [-Wunused-parameter]
[37.620s]    83 |         bool matchAndtriangulate(const cv::KeyPoint& kp1, const cv::KeyPoint& kp2, GeometricCamera* pOther,
[37.620s]       |                                                           ~~~~~~~~~~~~~~~~~~~~^~~
[37.620s] /home/j/colcon_ws/ORB_SLAM3/include/CameraModels/Pinhole.h:83:101: warning: unused parameter ‘pOther’ [-Wunused-parameter]
[37.621s]    83 |         bool matchAndtriangulate(const cv::KeyPoint& kp1, const cv::KeyPoint& kp2, GeometricCamera* pOther,
[37.621s]       |                                                                                    ~~~~~~~~~~~~~~~~~^~~~~~
[37.621s] /home/j/colcon_ws/ORB_SLAM3/include/CameraModels/Pinhole.h:84:48: warning: unused parameter ‘Tcw1’ [-Wunused-parameter]
[37.621s]    84 |                                  Sophus::SE3f& Tcw1, Sophus::SE3f& Tcw2,
[37.621s]       |                                  ~~~~~~~~~~~~~~^~~~
[37.621s] /home/j/colcon_ws/ORB_SLAM3/include/CameraModels/Pinhole.h:84:68: warning: unused parameter ‘Tcw2’ [-Wunused-parameter]
[37.621s]    84 |                                  Sophus::SE3f& Tcw1, Sophus::SE3f& Tcw2,
[37.621s]       |                                                      ~~~~~~~~~~~~~~^~~~
[37.621s] /home/j/colcon_ws/ORB_SLAM3/include/CameraModels/Pinhole.h:85:46: warning: unused parameter ‘sigmaLevel1’ [-Wunused-parameter]
[37.621s]    85 |                                  const float sigmaLevel1, const float sigmaLevel2,
[37.621s]       |                                  ~~~~~~~~~~~~^~~~~~~~~~~
[37.621s] /home/j/colcon_ws/ORB_SLAM3/include/CameraModels/Pinhole.h:85:71: warning: unused parameter ‘sigmaLevel2’ [-Wunused-parameter]
[37.621s]    85 |                                  const float sigmaLevel1, const float sigmaLevel2,
[37.622s]       |                                                           ~~~~~~~~~~~~^~~~~~~~~~~
[37.622s] /home/j/colcon_ws/ORB_SLAM3/include/CameraModels/Pinhole.h:86:51: warning: unused parameter ‘x3Dtriangulated’ [-Wunused-parameter]
[37.622s]    86 |                                  Eigen::Vector3f& x3Dtriangulated) { return false;}
[37.622s]       |                                  ~~~~~~~~~~~~~~~~~^~~~~~~~~~~~~~~
[37.622s] In file included from /home/j/colcon_ws/ORB_SLAM3/include/Atlas.h:27,
[37.622s]                  from /home/j/colcon_ws/ORB_SLAM3/include/FrameDrawer.h:25,
[37.622s]                  from /home/j/colcon_ws/ORB_SLAM3/include/Viewer.h:23,
[37.622s]                  from /home/j/colcon_ws/ORB_SLAM3/include/Tracking.h:26,
[37.622s]                  from /home/j/colcon_ws/ORB_SLAM3/include/System.h:31,
[37.622s]                  from /home/j/colcon_ws/src/orbslam3_ros2/src/stereo/stereo-slam-node.hpp:13,
[37.622s]                  from /home/j/colcon_ws/src/orbslam3_ros2/src/stereo/stereo.cpp:7:
[37.622s] /home/j/colcon_ws/ORB_SLAM3/include/CameraModels/KannalaBrandt8.h: In constructor ‘ORB_SLAM3::KannalaBrandt8::KannalaBrandt8(std::vector<float>)’:
[37.623s] /home/j/colcon_ws/ORB_SLAM3/include/CameraModels/KannalaBrandt8.h:102:21: warning: ‘ORB_SLAM3::KannalaBrandt8::precision’ will be initialized after [-Wreorder]
[37.623s]   102 |         const float precision;
[37.623s]       |                     ^~~~~~~~~
[37.623s] /home/j/colcon_ws/ORB_SLAM3/include/CameraModels/KannalaBrandt8.h:88:26: warning:   ‘std::vector<int> ORB_SLAM3::KannalaBrandt8::mvLappingArea’ [-Wreorder]
[37.623s]    88 |         std::vector<int> mvLappingArea;
[37.623s]       |                          ^~~~~~~~~~~~~
[37.623s] In file included from /home/j/colcon_ws/ORB_SLAM3/include/Atlas.h:27,
[37.623s]                  from /home/j/colcon_ws/ORB_SLAM3/include/FrameDrawer.h:25,
[37.623s]                  from /home/j/colcon_ws/ORB_SLAM3/include/Viewer.h:23,
[37.623s]                  from /home/j/colcon_ws/ORB_SLAM3/include/Tracking.h:26,
[37.623s]                  from /home/j/colcon_ws/ORB_SLAM3/include/System.h:31,
[37.623s]                  from /home/j/colcon_ws/src/orbslam3_ros2/src/stereo/stereo-slam-node.hpp:13,
[37.623s]                  from /home/j/colcon_ws/src/orbslam3_ros2/src/stereo/stereo.cpp:7:
[37.624s] /home/j/colcon_ws/ORB_SLAM3/include/CameraModels/KannalaBrandt8.h:47:9: warning:   when initialized here [-Wreorder]
[37.624s]    47 |         KannalaBrandt8(const std::vector<float> _vParameters) : GeometricCamera(_vParameters), precision(1e-6), mvLappingArea(2,0) ,tvr(nullptr) {
[37.624s]       |         ^~~~~~~~~~~~~~
[37.624s] In file included from /home/j/colcon_ws/ORB_SLAM3/include/Atlas.h:27,
[37.624s]                  from /home/j/colcon_ws/ORB_SLAM3/include/FrameDrawer.h:25,
[37.624s]                  from /home/j/colcon_ws/ORB_SLAM3/include/Viewer.h:23,
[37.624s]                  from /home/j/colcon_ws/ORB_SLAM3/include/Tracking.h:26,
[37.624s]                  from /home/j/colcon_ws/ORB_SLAM3/include/System.h:31,
[37.624s]                  from /home/j/colcon_ws/src/orbslam3_ros2/src/stereo/stereo-slam-node.hpp:13,
[37.624s]                  from /home/j/colcon_ws/src/orbslam3_ros2/src/stereo/stereo.cpp:7:
[37.624s] /home/j/colcon_ws/ORB_SLAM3/include/CameraModels/KannalaBrandt8.h: In constructor ‘ORB_SLAM3::KannalaBrandt8::KannalaBrandt8(std::vector<float>, float)’:
[37.625s] /home/j/colcon_ws/ORB_SLAM3/include/CameraModels/KannalaBrandt8.h:102:21: warning: ‘ORB_SLAM3::KannalaBrandt8::precision’ will be initialized after [-Wreorder]
[37.625s]   102 |         const float precision;
[37.625s]       |                     ^~~~~~~~~
[37.625s] /home/j/colcon_ws/ORB_SLAM3/include/CameraModels/KannalaBrandt8.h:88:26: warning:   ‘std::vector<int> ORB_SLAM3::KannalaBrandt8::mvLappingArea’ [-Wreorder]
[37.625s]    88 |         std::vector<int> mvLappingArea;
[37.625s]       |                          ^~~~~~~~~~~~~
[37.625s] /home/j/colcon_ws/ORB_SLAM3/include/CameraModels/KannalaBrandt8.h:53:9: warning:   when initialized here [-Wreorder]
[37.625s]    53 |         KannalaBrandt8(const std::vector<float> _vParameters, const float _precision) : GeometricCamera(_vParameters),
[37.625s]       |         ^~~~~~~~~~~~~~
[37.625s] /home/j/colcon_ws/ORB_SLAM3/include/CameraModels/KannalaBrandt8.h: In constructor ‘ORB_SLAM3::KannalaBrandt8::KannalaBrandt8(ORB_SLAM3::KannalaBrandt8*)’:
[37.625s] /home/j/colcon_ws/ORB_SLAM3/include/CameraModels/KannalaBrandt8.h:102:21: warning: ‘ORB_SLAM3::KannalaBrandt8::precision’ will be initialized after [-Wreorder]
[37.625s]   102 |         const float precision;
[37.626s]       |                     ^~~~~~~~~
[37.626s] /home/j/colcon_ws/ORB_SLAM3/include/CameraModels/KannalaBrandt8.h:88:26: warning:   ‘std::vector<int> ORB_SLAM3::KannalaBrandt8::mvLappingArea’ [-Wreorder]
[37.626s]    88 |         std::vector<int> mvLappingArea;
[37.626s]       |                          ^~~~~~~~~~~~~
[37.626s] /home/j/colcon_ws/ORB_SLAM3/include/CameraModels/KannalaBrandt8.h:59:9: warning:   when initialized here [-Wreorder]
[37.626s]    59 |         KannalaBrandt8(KannalaBrandt8* pKannala) : GeometricCamera(pKannala->mvParameters), precision(pKannala->precision), mvLappingArea(2,0) ,tvr(nullptr) {
[37.626s]       |         ^~~~~~~~~~~~~~
[37.680s] In file included from /home/j/colcon_ws/ORB_SLAM3/include/Atlas.h:26,
[37.680s]                  from /home/j/colcon_ws/ORB_SLAM3/include/FrameDrawer.h:25,
[37.680s]                  from /home/j/colcon_ws/ORB_SLAM3/include/Viewer.h:23,
[37.680s]                  from /home/j/colcon_ws/ORB_SLAM3/include/Tracking.h:26,
[37.680s]                  from /home/j/colcon_ws/ORB_SLAM3/include/System.h:31,
[37.680s]                  from /home/j/colcon_ws/src/orbslam3_ros2/src/rgbd/rgbd-slam-node.hpp:18,
[37.680s]                  from /home/j/colcon_ws/src/orbslam3_ros2/src/rgbd/rgbd.cpp:7:
[37.680s] /home/j/colcon_ws/ORB_SLAM3/include/CameraModels/Pinhole.h: In member function ‘virtual bool ORB_SLAM3::Pinhole::matchAndtriangulate(const cv::KeyPoint&, const cv::KeyPoint&, ORB_SLAM3::GeometricCamera*, Sophus::SE3f&, Sophus::SE3f&, float, float, Eigen::Vector3f&)’:
[37.680s] /home/j/colcon_ws/ORB_SLAM3/include/CameraModels/Pinhole.h:83:54: warning: unused parameter ‘kp1’ [-Wunused-parameter]
[37.681s]    83 |         bool matchAndtriangulate(const cv::KeyPoint& kp1, const cv::KeyPoint& kp2, GeometricCamera* pOther,
[37.681s]       |                                  ~~~~~~~~~~~~~~~~~~~~^~~
[37.681s] /home/j/colcon_ws/ORB_SLAM3/include/CameraModels/Pinhole.h:83:79: warning: unused parameter ‘kp2’ [-Wunused-parameter]
[37.681s]    83 |         bool matchAndtriangulate(const cv::KeyPoint& kp1, const cv::KeyPoint& kp2, GeometricCamera* pOther,
[37.681s]       |                                                           ~~~~~~~~~~~~~~~~~~~~^~~
[37.681s] /home/j/colcon_ws/ORB_SLAM3/include/CameraModels/Pinhole.h:83:101: warning: unused parameter ‘pOther’ [-Wunused-parameter]
[37.681s]    83 |         bool matchAndtriangulate(const cv::KeyPoint& kp1, const cv::KeyPoint& kp2, GeometricCamera* pOther,
[37.681s]       |                                                                                    ~~~~~~~~~~~~~~~~~^~~~~~
[37.682s] /home/j/colcon_ws/ORB_SLAM3/include/CameraModels/Pinhole.h:84:48: warning: unused parameter ‘Tcw1’ [-Wunused-parameter]
[37.682s]    84 |                                  Sophus::SE3f& Tcw1, Sophus::SE3f& Tcw2,
[37.682s]       |                                  ~~~~~~~~~~~~~~^~~~
[37.682s] /home/j/colcon_ws/ORB_SLAM3/include/CameraModels/Pinhole.h:84:68: warning: unused parameter ‘Tcw2’ [-Wunused-parameter]
[37.682s]    84 |                                  Sophus::SE3f& Tcw1, Sophus::SE3f& Tcw2,
[37.682s]       |                                                      ~~~~~~~~~~~~~~^~~~
[37.682s] /home/j/colcon_ws/ORB_SLAM3/include/CameraModels/Pinhole.h:85:46: warning: unused parameter ‘sigmaLevel1’ [-Wunused-parameter]
[37.682s]    85 |                                  const float sigmaLevel1, const float sigmaLevel2,
[37.682s]       |                                  ~~~~~~~~~~~~^~~~~~~~~~~
[37.682s] /home/j/colcon_ws/ORB_SLAM3/include/CameraModels/Pinhole.h:85:71: warning: unused parameter ‘sigmaLevel2’ [-Wunused-parameter]
[37.682s]    85 |                                  const float sigmaLevel1, const float sigmaLevel2,
[37.682s]       |                                                           ~~~~~~~~~~~~^~~~~~~~~~~
[37.683s] /home/j/colcon_ws/ORB_SLAM3/include/CameraModels/Pinhole.h:86:51: warning: unused parameter ‘x3Dtriangulated’ [-Wunused-parameter]
[37.683s]    86 |                                  Eigen::Vector3f& x3Dtriangulated) { return false;}
[37.683s]       |                                  ~~~~~~~~~~~~~~~~~^~~~~~~~~~~~~~~
[37.683s] In file included from /home/j/colcon_ws/ORB_SLAM3/include/Atlas.h:27,
[37.683s]                  from /home/j/colcon_ws/ORB_SLAM3/include/FrameDrawer.h:25,
[37.683s]                  from /home/j/colcon_ws/ORB_SLAM3/include/Viewer.h:23,
[37.683s]                  from /home/j/colcon_ws/ORB_SLAM3/include/Tracking.h:26,
[37.683s]                  from /home/j/colcon_ws/ORB_SLAM3/include/System.h:31,
[37.683s]                  from /home/j/colcon_ws/src/orbslam3_ros2/src/rgbd/rgbd-slam-node.hpp:18,
[37.683s]                  from /home/j/colcon_ws/src/orbslam3_ros2/src/rgbd/rgbd.cpp:7:
[37.683s] /home/j/colcon_ws/ORB_SLAM3/include/CameraModels/KannalaBrandt8.h: In constructor ‘ORB_SLAM3::KannalaBrandt8::KannalaBrandt8(std::vector<float>)’:
[37.684s] /home/j/colcon_ws/ORB_SLAM3/include/CameraModels/KannalaBrandt8.h:102:21: warning: ‘ORB_SLAM3::KannalaBrandt8::precision’ will be initialized after [-Wreorder]
[37.684s]   102 |         const float precision;
[37.684s]       |                     ^~~~~~~~~
[37.684s] /home/j/colcon_ws/ORB_SLAM3/include/CameraModels/KannalaBrandt8.h:88:26: warning:   ‘std::vector<int> ORB_SLAM3::KannalaBrandt8::mvLappingArea’ [-Wreorder]
[37.684s]    88 |         std::vector<int> mvLappingArea;
[37.684s]       |                          ^~~~~~~~~~~~~
[37.684s] In file included from /home/j/colcon_ws/ORB_SLAM3/include/Atlas.h:27,
[37.684s]                  from /home/j/colcon_ws/ORB_SLAM3/include/FrameDrawer.h:25,
[37.684s]                  from /home/j/colcon_ws/ORB_SLAM3/include/Viewer.h:23,
[37.684s]                  from /home/j/colcon_ws/ORB_SLAM3/include/Tracking.h:26,
[37.684s]                  from /home/j/colcon_ws/ORB_SLAM3/include/System.h:31,
[37.684s]                  from /home/j/colcon_ws/src/orbslam3_ros2/src/rgbd/rgbd-slam-node.hpp:18,
[37.685s]                  from /home/j/colcon_ws/src/orbslam3_ros2/src/rgbd/rgbd.cpp:7:
[37.685s] /home/j/colcon_ws/ORB_SLAM3/include/CameraModels/KannalaBrandt8.h:47:9: warning:   when initialized here [-Wreorder]
[37.685s]    47 |         KannalaBrandt8(const std::vector<float> _vParameters) : GeometricCamera(_vParameters), precision(1e-6), mvLappingArea(2,0) ,tvr(nullptr) {
[37.685s]       |         ^~~~~~~~~~~~~~
[37.685s] In file included from /home/j/colcon_ws/ORB_SLAM3/include/Atlas.h:27,
[37.685s]                  from /home/j/colcon_ws/ORB_SLAM3/include/FrameDrawer.h:25,
[37.685s]                  from /home/j/colcon_ws/ORB_SLAM3/include/Viewer.h:23,
[37.685s]                  from /home/j/colcon_ws/ORB_SLAM3/include/Tracking.h:26,
[37.685s]                  from /home/j/colcon_ws/ORB_SLAM3/include/System.h:31,
[37.686s]                  from /home/j/colcon_ws/src/orbslam3_ros2/src/rgbd/rgbd-slam-node.hpp:18,
[37.686s]                  from /home/j/colcon_ws/src/orbslam3_ros2/src/rgbd/rgbd.cpp:7:
[37.686s] /home/j/colcon_ws/ORB_SLAM3/include/CameraModels/KannalaBrandt8.h: In constructor ‘ORB_SLAM3::KannalaBrandt8::KannalaBrandt8(std::vector<float>, float)’:
[37.686s] /home/j/colcon_ws/ORB_SLAM3/include/CameraModels/KannalaBrandt8.h:102:21: warning: ‘ORB_SLAM3::KannalaBrandt8::precision’ will be initialized after [-Wreorder]
[37.686s]   102 |         const float precision;
[37.686s]       |                     ^~~~~~~~~
[37.686s] /home/j/colcon_ws/ORB_SLAM3/include/CameraModels/KannalaBrandt8.h:88:26: warning:   ‘std::vector<int> ORB_SLAM3::KannalaBrandt8::mvLappingArea’ [-Wreorder]
[37.686s]    88 |         std::vector<int> mvLappingArea;
[37.686s]       |                          ^~~~~~~~~~~~~
[37.686s] /home/j/colcon_ws/ORB_SLAM3/include/CameraModels/KannalaBrandt8.h:53:9: warning:   when initialized here [-Wreorder]
[37.686s]    53 |         KannalaBrandt8(const std::vector<float> _vParameters, const float _precision) : GeometricCamera(_vParameters),
[37.687s]       |         ^~~~~~~~~~~~~~
[37.687s] /home/j/colcon_ws/ORB_SLAM3/include/CameraModels/KannalaBrandt8.h: In constructor ‘ORB_SLAM3::KannalaBrandt8::KannalaBrandt8(ORB_SLAM3::KannalaBrandt8*)’:
[37.687s] /home/j/colcon_ws/ORB_SLAM3/include/CameraModels/KannalaBrandt8.h:102:21: warning: ‘ORB_SLAM3::KannalaBrandt8::precision’ will be initialized after [-Wreorder]
[37.687s]   102 |         const float precision;
[37.687s]       |                     ^~~~~~~~~
[37.687s] /home/j/colcon_ws/ORB_SLAM3/include/CameraModels/KannalaBrandt8.h:88:26: warning:   ‘std::vector<int> ORB_SLAM3::KannalaBrandt8::mvLappingArea’ [-Wreorder]
[37.687s]    88 |         std::vector<int> mvLappingArea;
[37.687s]       |                          ^~~~~~~~~~~~~
[37.687s] /home/j/colcon_ws/ORB_SLAM3/include/CameraModels/KannalaBrandt8.h:59:9: warning:   when initialized here [-Wreorder]
[37.687s]    59 |         KannalaBrandt8(KannalaBrandt8* pKannala) : GeometricCamera(pKannala->mvParameters), precision(pKannala->precision), mvLappingArea(2,0) ,tvr(nullptr) {
[37.687s]       |         ^~~~~~~~~~~~~~
[37.688s] /home/j/colcon_ws/src/orbslam3_ros2/src/stereo-inertial/stereo-inertial.cpp: In function ‘int main(int, char**)’:
[37.688s] /home/j/colcon_ws/src/orbslam3_ros2/src/stereo-inertial/stereo-inertial.cpp:22:19: warning: ISO C++ forbids converting a string constant to ‘char*’ [-Wwrite-strings]
[37.688s]    22 |         argv[4] = "false";
[37.688s]       |                   ^~~~~~~
[37.827s] In file included from /home/j/colcon_ws/ORB_SLAM3/include/Atlas.h:26,
[37.827s]                  from /home/j/colcon_ws/ORB_SLAM3/include/FrameDrawer.h:25,
[37.827s]                  from /home/j/colcon_ws/ORB_SLAM3/include/Viewer.h:23,
[37.827s]                  from /home/j/colcon_ws/ORB_SLAM3/include/Tracking.h:26,
[37.827s]                  from /home/j/colcon_ws/ORB_SLAM3/include/System.h:31,
[37.828s]                  from /home/j/colcon_ws/src/orbslam3_ros2/src/stereo/stereo-slam-node.hpp:13,
[37.828s]                  from /home/j/colcon_ws/src/orbslam3_ros2/src/stereo/stereo-slam-node.cpp:1:
[37.828s] /home/j/colcon_ws/ORB_SLAM3/include/CameraModels/Pinhole.h: In member function ‘virtual bool ORB_SLAM3::Pinhole::matchAndtriangulate(const cv::KeyPoint&, const cv::KeyPoint&, ORB_SLAM3::GeometricCamera*, Sophus::SE3f&, Sophus::SE3f&, float, float, Eigen::Vector3f&)’:
[37.828s] /home/j/colcon_ws/ORB_SLAM3/include/CameraModels/Pinhole.h:83:54: warning: unused parameter ‘kp1’ [-Wunused-parameter]
[37.828s]    83 |         bool matchAndtriangulate(const cv::KeyPoint& kp1, const cv::KeyPoint& kp2, GeometricCamera* pOther,
[37.828s]       |                                  ~~~~~~~~~~~~~~~~~~~~^~~
[37.829s] /home/j/colcon_ws/ORB_SLAM3/include/CameraModels/Pinhole.h:83:79: warning: unused parameter ‘kp2’ [-Wunused-parameter]
[37.829s]    83 |         bool matchAndtriangulate(const cv::KeyPoint& kp1, const cv::KeyPoint& kp2, GeometricCamera* pOther,
[37.829s]       |                                                           ~~~~~~~~~~~~~~~~~~~~^~~
[37.829s] /home/j/colcon_ws/ORB_SLAM3/include/CameraModels/Pinhole.h:83:101: warning: unused parameter ‘pOther’ [-Wunused-parameter]
[37.829s]    83 |         bool matchAndtriangulate(const cv::KeyPoint& kp1, const cv::KeyPoint& kp2, GeometricCamera* pOther,
[37.829s]       |                                                                                    ~~~~~~~~~~~~~~~~~^~~~~~
[37.829s] /home/j/colcon_ws/ORB_SLAM3/include/CameraModels/Pinhole.h:84:48: warning: unused parameter ‘Tcw1’ [-Wunused-parameter]
[37.829s]    84 |                                  Sophus::SE3f& Tcw1, Sophus::SE3f& Tcw2,
[37.829s]       |                                  ~~~~~~~~~~~~~~^~~~
[37.829s] /home/j/colcon_ws/ORB_SLAM3/include/CameraModels/Pinhole.h:84:68: warning: unused parameter ‘Tcw2’ [-Wunused-parameter]
[37.829s]    84 |                                  Sophus::SE3f& Tcw1, Sophus::SE3f& Tcw2,
[37.829s]       |                                                      ~~~~~~~~~~~~~~^~~~
[37.830s] /home/j/colcon_ws/ORB_SLAM3/include/CameraModels/Pinhole.h:85:46: warning: unused parameter ‘sigmaLevel1’ [-Wunused-parameter]
[37.830s]    85 |                                  const float sigmaLevel1, const float sigmaLevel2,
[37.830s]       |                                  ~~~~~~~~~~~~^~~~~~~~~~~
[37.830s] /home/j/colcon_ws/ORB_SLAM3/include/CameraModels/Pinhole.h:85:71: warning: unused parameter ‘sigmaLevel2’ [-Wunused-parameter]
[37.830s]    85 |                                  const float sigmaLevel1, const float sigmaLevel2,
[37.830s]       |                                                           ~~~~~~~~~~~~^~~~~~~~~~~
[37.830s] /home/j/colcon_ws/ORB_SLAM3/include/CameraModels/Pinhole.h:86:51: warning: unused parameter ‘x3Dtriangulated’ [-Wunused-parameter]
[37.830s]    86 |                                  Eigen::Vector3f& x3Dtriangulated) { return false;}
[37.830s]       |                                  ~~~~~~~~~~~~~~~~~^~~~~~~~~~~~~~~
[37.830s] In file included from /home/j/colcon_ws/ORB_SLAM3/include/Atlas.h:27,
[37.830s]                  from /home/j/colcon_ws/ORB_SLAM3/include/FrameDrawer.h:25,
[37.831s]                  from /home/j/colcon_ws/ORB_SLAM3/include/Viewer.h:23,
[37.831s]                  from /home/j/colcon_ws/ORB_SLAM3/include/Tracking.h:26,
[37.831s]                  from /home/j/colcon_ws/ORB_SLAM3/include/System.h:31,
[37.831s]                  from /home/j/colcon_ws/src/orbslam3_ros2/src/stereo/stereo-slam-node.hpp:13,
[37.831s]                  from /home/j/colcon_ws/src/orbslam3_ros2/src/stereo/stereo-slam-node.cpp:1:
[37.831s] /home/j/colcon_ws/ORB_SLAM3/include/CameraModels/KannalaBrandt8.h: In constructor ‘ORB_SLAM3::KannalaBrandt8::KannalaBrandt8(std::vector<float>)’:
[37.831s] /home/j/colcon_ws/ORB_SLAM3/include/CameraModels/KannalaBrandt8.h:102:21: warning: ‘ORB_SLAM3::KannalaBrandt8::precision’ will be initialized after [-Wreorder]
[37.831s]   102 |         const float precision;
[37.831s]       |                     ^~~~~~~~~
[37.831s] /home/j/colcon_ws/ORB_SLAM3/include/CameraModels/KannalaBrandt8.h:88:26: warning:   ‘std::vector<int> ORB_SLAM3::KannalaBrandt8::mvLappingArea’ [-Wreorder]
[37.831s]    88 |         std::vector<int> mvLappingArea;
[37.831s]       |                          ^~~~~~~~~~~~~
[37.832s] In file included from /home/j/colcon_ws/ORB_SLAM3/include/Atlas.h:27,
[37.832s]                  from /home/j/colcon_ws/ORB_SLAM3/include/FrameDrawer.h:25,
[37.832s]                  from /home/j/colcon_ws/ORB_SLAM3/include/Viewer.h:23,
[37.832s]                  from /home/j/colcon_ws/ORB_SLAM3/include/Tracking.h:26,
[37.832s]                  from /home/j/colcon_ws/ORB_SLAM3/include/System.h:31,
[37.832s]                  from /home/j/colcon_ws/src/orbslam3_ros2/src/stereo/stereo-slam-node.hpp:13,
[37.832s]                  from /home/j/colcon_ws/src/orbslam3_ros2/src/stereo/stereo-slam-node.cpp:1:
[37.832s] /home/j/colcon_ws/ORB_SLAM3/include/CameraModels/KannalaBrandt8.h:47:9: warning:   when initialized here [-Wreorder]
[37.832s]    47 |         KannalaBrandt8(const std::vector<float> _vParameters) : GeometricCamera(_vParameters), precision(1e-6), mvLappingArea(2,0) ,tvr(nullptr) {
[37.832s]       |         ^~~~~~~~~~~~~~
[37.832s] In file included from /home/j/colcon_ws/ORB_SLAM3/include/Atlas.h:27,
[37.832s]                  from /home/j/colcon_ws/ORB_SLAM3/include/FrameDrawer.h:25,
[37.833s]                  from /home/j/colcon_ws/ORB_SLAM3/include/Viewer.h:23,
[37.833s]                  from /home/j/colcon_ws/ORB_SLAM3/include/Tracking.h:26,
[37.833s]                  from /home/j/colcon_ws/ORB_SLAM3/include/System.h:31,
[37.833s]                  from /home/j/colcon_ws/src/orbslam3_ros2/src/stereo/stereo-slam-node.hpp:13,
[37.833s]                  from /home/j/colcon_ws/src/orbslam3_ros2/src/stereo/stereo-slam-node.cpp:1:
[37.833s] /home/j/colcon_ws/ORB_SLAM3/include/CameraModels/KannalaBrandt8.h: In constructor ‘ORB_SLAM3::KannalaBrandt8::KannalaBrandt8(std::vector<float>, float)’:
[37.833s] /home/j/colcon_ws/ORB_SLAM3/include/CameraModels/KannalaBrandt8.h:102:21: warning: ‘ORB_SLAM3::KannalaBrandt8::precision’ will be initialized after [-Wreorder]
[37.833s]   102 |         const float precision;
[37.833s]       |                     ^~~~~~~~~
[37.833s] /home/j/colcon_ws/ORB_SLAM3/include/CameraModels/KannalaBrandt8.h:88:26: warning:   ‘std::vector<int> ORB_SLAM3::KannalaBrandt8::mvLappingArea’ [-Wreorder]
[37.833s]    88 |         std::vector<int> mvLappingArea;
[37.833s]       |                          ^~~~~~~~~~~~~
[37.834s] /home/j/colcon_ws/ORB_SLAM3/include/CameraModels/KannalaBrandt8.h:53:9: warning:   when initialized here [-Wreorder]
[37.834s]    53 |         KannalaBrandt8(const std::vector<float> _vParameters, const float _precision) : GeometricCamera(_vParameters),
[37.834s]       |         ^~~~~~~~~~~~~~
[37.834s] /home/j/colcon_ws/ORB_SLAM3/include/CameraModels/KannalaBrandt8.h: In constructor ‘ORB_SLAM3::KannalaBrandt8::KannalaBrandt8(ORB_SLAM3::KannalaBrandt8*)’:
[37.834s] /home/j/colcon_ws/ORB_SLAM3/include/CameraModels/KannalaBrandt8.h:102:21: warning: ‘ORB_SLAM3::KannalaBrandt8::precision’ will be initialized after [-Wreorder]
[37.834s]   102 |         const float precision;
[37.834s]       |                     ^~~~~~~~~
[37.834s] /home/j/colcon_ws/ORB_SLAM3/include/CameraModels/KannalaBrandt8.h:88:26: warning:   ‘std::vector<int> ORB_SLAM3::KannalaBrandt8::mvLappingArea’ [-Wreorder]
[37.834s]    88 |         std::vector<int> mvLappingArea;
[37.834s]       |                          ^~~~~~~~~~~~~
[37.834s] /home/j/colcon_ws/ORB_SLAM3/include/CameraModels/KannalaBrandt8.h:59:9: warning:   when initialized here [-Wreorder]
[37.835s]    59 |         KannalaBrandt8(KannalaBrandt8* pKannala) : GeometricCamera(pKannala->mvParameters), precision(pKannala->precision), mvLappingArea(2,0) ,tvr(nullptr) {
[37.835s]       |         ^~~~~~~~~~~~~~
